head,relation,tail,head_name,tail_name,relation_name
25241,9,25238,mir-125a,f8 3'utr,BINDS_TO
25322,9,25323,mir-512,hulc,BINDS_TO
23046,9,23576,mir-26a,prkcd mrna,BINDS_TO
21634,9,21142,lrp1,app,BINDS_TO
23990,9,23991,hsa-mir-758-5p,bdkrb2 mrna,BINDS_TO
23103,9,25266,neat1,mir-195a,BINDS_TO
21399,9,22223,nrf2,antioxidant response elements,BINDS_TO
25244,9,25245,mirna-155,tp53inp1,BINDS_TO
25198,9,25199,mir-22-3p,oc1,BINDS_TO
22661,9,23809,mir-155,bdnf transcripts,BINDS_TO
24860,9,22860,c2orf48,mir-195,BINDS_TO
24118,9,20910,mir-30b,pai-1 mrna,BINDS_TO
23256,9,22829,mir-1283,atf4,BINDS_TO
24006,9,24007,mirna-34a,3` utr of notch receptors mrna,BINDS_TO
25302,9,25303,mir-124-3p,myh9,BINDS_TO
25240,9,25238,mir-351,f8 3'utr,BINDS_TO
25487,9,25488,mir-212-3p,sec14l2,BINDS_TO
22318,9,22319,mef2,mir-424/503 promoter,BINDS_TO
22661,9,24350,mir-155,pad4 mrna 3'-utr,BINDS_TO
24904,9,24905,hsa-mir-195-5p,cyclin d1 3'-utr,BINDS_TO
23237,9,24802,gata-1,abo +5.8-kb site,BINDS_TO
25017,9,25018,linc00987,let-7b-5p,BINDS_TO
21172,9,23578,c-myc,e-box,BINDS_TO
24706,9,24707,hsa-circ-0007766,mir-1233-3p,BINDS_TO
21399,9,23479,nrf2,rxrα,BINDS_TO
21523,9,22427,mir-21,pten mrna,BINDS_TO
22522,9,22523,mirna,3'-utr of target mrna,BINDS_TO
25411,9,21261,mir-144,klf2,BINDS_TO
22290,9,22292,mir-133a,vkorc1 3'utr,BINDS_TO
22441,9,22442,mir-181a-5p,3′untranslated region of f11,BINDS_TO
20977,9,20978,egr-1,egr-1/sp1 motif of tissue factor gene promoter,BINDS_TO
23104,9,22138,let-7e,edn1,BINDS_TO
23619,9,22138,mir-19a,edn1,BINDS_TO
25313,9,24814,lncrna rp11-86h7.1,mir-9-5p,BINDS_TO
24859,9,22860,snhg1,mir-195,BINDS_TO
25639,9,25640,mir-196b-5p,cdkn1b,BINDS_TO
22598,9,22599,mir-520g,tf 3' utr,BINDS_TO
24814,9,24294,mir-9-5p,trpm7,BINDS_TO
23845,9,23846,microrna-532-5p,bach1 3' utr,BINDS_TO
25487,9,25489,mir-212-3p,slc6a1,BINDS_TO
22364,9,24516,malat1,mir-15 family,BINDS_TO
23668,9,23669,circsry,mir-138,BINDS_TO
25505,9,25504,hsa-let-7e-5p,snhg12,BINDS_TO
24532,9,24533,mir-451a,il6r,BINDS_TO
25154,9,25155,mir-101-3p,stc1,BINDS_TO
22536,9,22138,let-7b,edn1,BINDS_TO
25672,9,21914,circrnas,mirnas,BINDS_TO
23786,9,20871,fvr2 haplotype,factor v leiden mutation,BINDS_TO
24940,9,24814,linc01116,mir-9-5p,BINDS_TO
23354,9,20977,ggc repeats in bmpr2 5'utr,egr-1,BINDS_TO
24247,16,21834,mir-19b,dnmt3a,REGULATES
23782,16,23783,tinman,dsur expression,REGULATES
23848,16,23851,bach1,angiopoietin-1 promoter,REGULATES
22411,16,21834,mir-23b,dnmt3a,REGULATES
22864,16,23313,mir-30,largest upregulated gene co-expression module,REGULATES
23315,16,23316,mrps12,largest downregulated gene co-expression module,REGULATES
22434,16,22125,hoxa9,gata2,REGULATES
21540,16,21541,il6 promoter polymorphisms,il6 expression,REGULATES
23586,16,23587,slug,hent1,REGULATES
24547,16,21834,mir-129,dnmt3a,REGULATES
23312,16,23313,e2f4,largest upregulated gene co-expression module,REGULATES
25659,16,24818,ctb89h12.4,mir-106b-5p,REGULATES
23026,16,24833,mutant idh1,pdpn promoter methylation,REGULATES
21615,16,21866,anril,cdkn2a,REGULATES
23204,16,23206,rs6593210,egfr transcription,REGULATES
23547,16,23548,hifα,α1b-adrenergic receptor,REGULATES
22922,16,22125,cebpa,gata2,REGULATES
23072,16,23073,casr gene,microrna-claudin-14 operon,REGULATES
25496,16,23624,hsa-let-7i-5p,prkca,REGULATES
22411,16,22900,mir-23b,hif1a,REGULATES
21615,16,21867,anril,cdkn2b,REGULATES
23314,16,23313,mir-135,largest upregulated gene co-expression module,REGULATES
25659,16,25658,ctb89h12.4,mir-137,REGULATES
24247,16,22900,mir-19b,hif1a,REGULATES
22923,16,22125,ets1,gata2,REGULATES
25497,16,23624,hsa-mir-320a,prkca,REGULATES
23317,16,23316,mir-23,largest downregulated gene co-expression module,REGULATES
21030,17,21031,a3 haplotype,truncated mrna,UPREGULATES
22899,17,21876,hnf4a,f12,UPREGULATES
22312,17,24640,mir-9,fgf12,UPREGULATES
24790,17,24791,rs6008712,ttc38,UPREGULATES
24778,17,24779,pkd1 knockdown,tmem16a expression,UPREGULATES
23884,17,23885,xbp1s,er chaperone expression,UPREGULATES
23426,17,23427,gucy1a3 variant rs7692387,gucy1a3 expression,UPREGULATES
21074,17,21075,hd2/hd2 genotype,pai-1 gene,UPREGULATES
22312,17,22137,mir-9,atg7,UPREGULATES
21399,17,23476,nrf2,ugt,UPREGULATES
23424,17,23425,nos3 variant rs3918226,nos3 expression,UPREGULATES
23244,17,22868,eml4-alk gene rearrangement,nanog,UPREGULATES
21599,17,21600,pai-1 gene 4g/4g alleles,pai-1 gene expression,UPREGULATES
20981,17,25342,jak2 v617f mutation,thrombo-inflammatory genes,UPREGULATES
21399,17,24237,nrf2,antioxidative genes,UPREGULATES
21399,17,23480,nrf2,pgc1-β,UPREGULATES
21633,17,21634,rs1466535,lrp1,UPREGULATES
22850,17,21262,mir-143,klf4,UPREGULATES
22312,17,24641,mir-9,mmp7,UPREGULATES
22008,17,21075,pai-1 4g/4g genotype,pai-1 gene,UPREGULATES
21191,17,22899,dna,hnf4a,UPREGULATES
21399,17,23470,nrf2,ygcs,UPREGULATES
21399,17,23474,nrf2,srxn,UPREGULATES
21399,17,23479,nrf2,rxrα,UPREGULATES
21476,17,21477,c4bpb/c4bpa locus snp,c4bpa mrna expression,UPREGULATES
24961,17,21172,truncated apc,c-myc,UPREGULATES
24690,17,24691,n,runt-related transcription factor 2,UPREGULATES
21399,17,23472,nrf2,gr,UPREGULATES
23383,17,23500,srf,mir-199a-5p/214-3p cluster,UPREGULATES
22913,17,22914,fii c20068t gene variant,fii gene expression level,UPREGULATES
22444,17,22445,foxo3a,atrophy related genes,UPREGULATES
24890,17,24891,sod3 deficiency,hyal2 expression,UPREGULATES
21399,17,23477,nrf2,g6pdh,UPREGULATES
23847,17,23848,microrna-532-5p silencing,bach1,UPREGULATES
21399,17,23473,nrf2,txnrd1,UPREGULATES
25365,17,25366,mi risk allele at chromosome 1p21.3,slc44a3 expression,UPREGULATES
21399,17,23471,nrf2,prdx1,UPREGULATES
25060,17,25061,foxo3,pro-autophagic genes,UPREGULATES
21399,17,23475,nrf2,gst,UPREGULATES
25214,17,25215,pkd1 knockout,p2y2 expression,UPREGULATES
22661,17,24348,mir-155,pad4 mrna,UPREGULATES
22312,17,24643,mir-9,mmp11,UPREGULATES
21169,17,21170,translocations involving igh region,oncogenes,UPREGULATES
22091,17,22092,absence of pak1,tfpi mrna,UPREGULATES
25492,17,25493,congenital deletion of nedd4-2,muc5b expression,UPREGULATES
23241,17,23243,pimz genotype,elane expression,UPREGULATES
21399,17,23478,nrf2,malic enzyme,UPREGULATES
24780,17,24779,pkd2 knockdown,tmem16a expression,UPREGULATES
23639,17,23640,hop tum-l mutation,yorkie (yki) target genes,UPREGULATES
22899,17,21087,hnf4a,pros1,UPREGULATES
25800,17,24505,ames dwarf mutation,bcl2 expression,UPREGULATES
22033,17,23725,gdf5,aggrecan gene expression,UPREGULATES
22489,17,22490,selp rs6136-t allele,selp,UPREGULATES
23458,17,23459,rs3814159 g allele,entpd1 gene transcription,UPREGULATES
22899,17,21679,hnf4a,serpinc1,UPREGULATES
22486,17,22487,rs2227744g>a polymorphism,f2r expression,UPREGULATES
21171,17,21172,c-myc translocation to igh locus,c-myc,UPREGULATES
21090,17,21091,pai-1 gene promoter deletion variant,pai-1 transcription,UPREGULATES
24104,17,23382,usf1,mir-483-3p,UPREGULATES
20870,17,23947,hifs,angiogenesis-related genes,UPREGULATES
24732,11,24733,mir-30c-5p,f8 gene expression,DOWNREGULATES
23382,11,24103,mir-483-3p,ctnnb1,DOWNREGULATES
23127,11,21865,mir-148a,ldlr,DOWNREGULATES
21457,11,23142,vkorc1 polymorphism,vkorc1 transcription,DOWNREGULATES
21928,11,23126,mir-30c,lpgat1,DOWNREGULATES
24405,11,21360,mgmt promoter methylation,mgmt expression,DOWNREGULATES
22243,11,22246,mir-200a,st3gal3 mrna,DOWNREGULATES
22941,11,22942,klkb1 sirna,klkb1 mrna,DOWNREGULATES
23382,11,24105,mir-483-3p,bbc3,DOWNREGULATES
23256,11,22829,mir-1283,atf4,DOWNREGULATES
22852,11,24733,mir-1246,f8 gene expression,DOWNREGULATES
21928,11,23125,mir-30c,mttp,DOWNREGULATES
22168,11,22170,rpl11 deficiency,tal1,DOWNREGULATES
21722,11,21723,rs45454293 t allele,tnfsf4 expression,DOWNREGULATES
24792,11,24793,rs471568,gsta2,DOWNREGULATES
22021,11,23119,mir-223,srb1,DOWNREGULATES
23771,11,23772,vkorc1 -1639g>a variant,vkorc1 gene transcription,DOWNREGULATES
23241,11,23242,pimz genotype,serpina1 expression,DOWNREGULATES
21902,11,21910,hsa-mir-1279,st5,DOWNREGULATES
25240,11,25239,mir-351,f8 gene,DOWNREGULATES
22091,11,21783,absence of pak1,tf mrna,DOWNREGULATES
24356,11,24357,pear1 rs12041331 g/a substitution,pear1 expression,DOWNREGULATES
23352,11,23353,bmpr2 5'utr mutations,bmpr2 transcription,DOWNREGULATES
21902,11,21908,hsa-mir-1279,nod1,DOWNREGULATES
22409,11,22410,cug exp rna,mir-23a,DOWNREGULATES
22431,11,22430,rs1361600 genotype,tf mrna expression,DOWNREGULATES
24361,11,24106,mir-542-3p,ilk,DOWNREGULATES
24877,11,25239,mir-208a,f8 gene,DOWNREGULATES
24734,11,24733,mir-374b-5p,f8 gene expression,DOWNREGULATES
24139,11,24140,mir-96,vamp8,DOWNREGULATES
22168,11,22171,rpl11 deficiency,hoxb4a,DOWNREGULATES
21902,11,21911,hsa-mir-1279,traf3ip2,DOWNREGULATES
25639,11,25640,mir-196b-5p,cdkn1b,DOWNREGULATES
25800,11,25801,ames dwarf mutation,casp3 expression,DOWNREGULATES
21666,11,24620,mir-34a,dgkζ,DOWNREGULATES
22224,11,22225,thbd c.−151g>t variant,thbd gene expression,DOWNREGULATES
22943,11,22944,fx sirna,fx mrna,DOWNREGULATES
24788,11,24789,rs7279319,pwp2,DOWNREGULATES
24432,11,24433,6a allele,mmp-3 gene expression,DOWNREGULATES
23104,11,23776,let-7e,lnc-mki67ip-3,DOWNREGULATES
25411,11,21261,mir-144,klf2,DOWNREGULATES
22409,11,22411,cug exp rna,mir-23b,DOWNREGULATES
20985,11,20986,h2 haplotype,gpx-3 transcriptional activity,DOWNREGULATES
21809,11,21810,nfe2l2 polymorphisms,nfe2l2 promoter activity,DOWNREGULATES
23372,11,23374,lncrna loc100129973,mir-4767,DOWNREGULATES
25241,11,25239,mir-125a,f8 gene,DOWNREGULATES
25263,11,25239,mir-186-5p,f8 gene,DOWNREGULATES
24437,11,24438,fhl1 mutation,fhl1 mrna level,DOWNREGULATES
21902,11,21906,hsa-mir-1279,copz2,DOWNREGULATES
25302,11,21440,mir-124-3p,proc,DOWNREGULATES
22168,11,22169,rpl11 deficiency,cmyb,DOWNREGULATES
25498,11,21440,mir-506-3p,proc,DOWNREGULATES
23382,11,23383,mir-483-3p,srf,DOWNREGULATES
21594,11,23071,micrornas,claudin-14 gene,DOWNREGULATES
24814,11,24294,mir-9-5p,trpm7,DOWNREGULATES
21730,11,21731,vkorc1 -1639g>a snp,vkorc1 gene transcription and protein expression,DOWNREGULATES
23120,11,23124,mir-27b,ndst1,DOWNREGULATES
21666,11,22899,mir-34a,hnf4a,DOWNREGULATES
23103,11,23104,neat1,let-7e,DOWNREGULATES
24948,11,22676,m2/anxa5 haplotype,anxa5,DOWNREGULATES
21902,11,21907,hsa-mir-1279,krt9,DOWNREGULATES
22021,11,23117,mir-223,hmgs1,DOWNREGULATES
23963,11,25239,mir-19b-3p,f8 gene,DOWNREGULATES
22290,11,22291,mir-133a,vkorc1 mrna expression,DOWNREGULATES
22243,11,22247,mir-200a,st3gal4 mrna,DOWNREGULATES
25154,11,25155,mir-101-3p,stc1,DOWNREGULATES
22465,11,22899,mir-24,hnf4a,DOWNREGULATES
21332,11,21333,apoh promoter -643c allele,apoh promoter activity,DOWNREGULATES
22021,11,23118,mir-223,sc4mol,DOWNREGULATES
24813,11,21949,claudin-12 knockout,claudin-14 expression,DOWNREGULATES
23958,11,23959,smarcb1,ccnd1,DOWNREGULATES
25574,11,24949,lethal-7f,cyp19a1,DOWNREGULATES
21902,11,21909,hsa-mir-1279,pcdha6,DOWNREGULATES
23304,11,23305,tet2 rs3733609 c/t genotype,tet2 transcription,DOWNREGULATES
24373,11,24374,mir-514a-5p,chrdl1 expression,DOWNREGULATES
21902,11,21905,hsa-mir-1279,ctrc,DOWNREGULATES
22465,11,23628,mir-24,chi3l1,DOWNREGULATES
23849,11,23848,microrna-532-5p mimic,bach1,DOWNREGULATES
21902,11,21904,hsa-mir-1279,cntn6,DOWNREGULATES
23022,11,24372,pad4 deficiency,m2 marker genes expression,DOWNREGULATES
23155,7,22891,gata,vwf transcription,ACTIVATES
20995,7,21504,bmp-2,runx2,ACTIVATES
20977,7,20979,egr-1,tissue factor gene expression under hypoxia,ACTIVATES
25138,7,25139,dux4,dux4/pax7 gene signature,ACTIVATES
23156,7,22891,h1,vwf transcription,ACTIVATES
22829,7,23886,atf4,chop expression,ACTIVATES
23157,7,22891,nfat5,vwf transcription,ACTIVATES
23438,7,23437,tbx3,san gene programme,ACTIVATES
24299,7,24300,usp8 mutation,pomc gene transcription,ACTIVATES
21399,7,22593,nrf2,are-bearing genes,ACTIVATES
22975,7,23437,isl1,san gene programme,ACTIVATES
23435,7,23437,shox2,san gene programme,ACTIVATES
23183,7,23184,retroviral vector,proto-oncogene,ACTIVATES
25049,14,21420,mir-148,atg16l1,INHIBITS
24894,14,24895,mir-141-3p,serpinc1 mrna expression,INHIBITS
23961,14,24267,mir-15a-5p,srgn expression,INHIBITS
24885,14,23383,mir-330-5p,srf,INHIBITS
24014,14,24015,hrcr,mir-223 activity,INHIBITS
21434,14,21435,pbf,nis expression,INHIBITS
22860,14,23232,mir-195,gabarapl1,INHIBITS
22625,14,22661,xist,mir-155,INHIBITS
24141,14,24140,mir-98,vamp8,INHIBITS
22661,14,21057,mir-155,agtr1,INHIBITS
22312,14,21771,mir-9,mmp-13 expression,INHIBITS
22295,14,24138,mir-150,c-myb,INHIBITS
24625,14,22893,krüppel-like factor-11,tf transcription,INHIBITS
23961,14,24266,mir-15a-5p,fyn expression,INHIBITS
20928,14,24596,epo,induction of ncrnas associated with p53-dependent apoptosis,INHIBITS
25041,14,22661,snhg5,mir-155,INHIBITS
23549,14,23550,mir-1271,ddit3 expression,INHIBITS
21926,14,21927,mir-421,serpine1,INHIBITS
24755,14,22900,hsa-mir-199a-5p,hif1a,INHIBITS
23158,14,22891,oct-1,vwf transcription,INHIBITS
24804,14,24805,klf15,mmp13,INHIBITS
25348,14,25350,hcmv-mirnas,tumour suppressors,INHIBITS
22522,14,23607,mirna,target gene,INHIBITS
22020,14,23628,mir-342-3p,chi3l1,INHIBITS
23551,14,23552,ddit3,esr1 transcription,INHIBITS
22850,14,22450,mir-143,k-ras,INHIBITS
23104,14,23775,let-7e,iκbβ,INHIBITS
23747,14,21469,idh mutation,podoplanin expression,INHIBITS
21928,14,21927,mir-30c,serpine1,INHIBITS
25348,14,25349,hcmv-mirnas,cellular genes,INHIBITS
25249,14,25250,circ-pde8a,function of mirna-338,INHIBITS
25583,14,23853,mir-27,nrf2 expression,INHIBITS
22465,14,23209,mir-24,scn5a,INHIBITS
25023,14,23418,mir-27a,foxo1,INHIBITS
24492,14,23418,mir-200c,foxo1,INHIBITS
24139,14,24140,mir-96,vamp8,INHIBITS
21834,14,21836,dnmt3a,gata3 expression,INHIBITS
24556,14,22450,let-7,k-ras,INHIBITS
24557,14,22450,mir-18a,k-ras,INHIBITS
22921,14,22125,gata1,gata2,INHIBITS
24661,14,24278,mir-122,et-1 expression,INHIBITS
24661,14,23486,mir-122,sirt1 expression,INHIBITS
24628,14,22455,klf11 overexpression,tnf-α-induced tf expression,INHIBITS
23961,14,24270,mir-15a-5p,prkcq expression,INHIBITS
24012,14,24013,circhipk3,mir-124 activity,INHIBITS
24785,14,24895,mir-200c-3p,serpinc1 mrna expression,INHIBITS
25226,14,21523,lncrna meg3,mir-21,INHIBITS
24421,14,21522,lncrna nifk-as1,mir-146a,INHIBITS
25021,14,25022,mir-10b,hoxd10,INHIBITS
21240,14,22918,dna methylation,tumor suppressor genes,INHIBITS
24010,14,24011,cirs-7,mir-7 activity,INHIBITS
23961,14,24268,mir-15a-5p,fcer1g expression,INHIBITS
24152,14,21263,sirna targeting vwf,vwf expression,INHIBITS
24370,14,24895,mir-200a-3p,serpinc1 mrna expression,INHIBITS
23961,14,24269,mir-15a-5p,mylk expression,INHIBITS
21284,12,35874,sry gene,sry protein,ENCODES
21347,12,36753,piga,catalytic subunit crucial to gpi biosynthesis,ENCODES
21931,12,29423,e19a2 bcr-abl1 transcript,p230 protein,ENCODES
22950,12,30329,eng,endoglin,ENCODES
23729,12,31701,acvrl1,alk1,ENCODES
24050,12,28437,madh4,smad4,ENCODES
25352,12,38971,pepd,prolidase,ENCODES
25671,12,39902,circ-fbxw7,fbxw7-185aa,ENCODES
26163,22,26165,notch3,delta4,BINDS_TO
32092,22,33115,immunoglobulin,complement component 1,BINDS_TO
31260,22,26061,nlrp3,hif-1α,BINDS_TO
29732,22,29733,tlr-3,viral double-stranded rna,BINDS_TO
34354,22,35283,pd-1 receptor,pdl-1,BINDS_TO
31741,22,27471,andexanet alfa,heparin-antithrombin complex,BINDS_TO
27967,22,26064,ramucirumab,vegfr-2,BINDS_TO
36618,22,36619,lrrfip1/gcf2,grip1,BINDS_TO
26012,22,32691,bnp,natriuretic peptide receptors,BINDS_TO
27693,22,29714,ctla-4,cd86,BINDS_TO
27736,22,33885,podoplanin,clec-2 receptor,BINDS_TO
35679,22,38587,parkin,vcp/p97,BINDS_TO
26368,22,26256,hit antibodies,pf4,BINDS_TO
37492,22,31260,nek7,nlrp3,BINDS_TO
31634,22,37355,gp120,cxr4,BINDS_TO
26343,22,30329,αiibβ3 integrin,endoglin,BINDS_TO
26635,22,25894,fxiii,fibronectin,BINDS_TO
39430,22,26256,autoimmune hit antibodies,pf4,BINDS_TO
26060,22,26061,pvhl,hif-1α,BINDS_TO
26648,22,37749,integrin αiibβ3,gpib/v/ix-vwf-collagen complex,BINDS_TO
26545,22,25892,αiibβ3,vwf,BINDS_TO
39705,22,39706,dendroaspis natriuretic peptide,anp-a and anp-c receptors,BINDS_TO
25975,22,25976,hrgp,tsp-1,BINDS_TO
25875,22,30752,activated protein c,apolipoprotein e receptor 2,BINDS_TO
26252,22,26253,anti-pf4/heparin antibodies,pf4/heparin complex,BINDS_TO
29066,22,29067,tpa:pai-1 complex,low-density lipoprotein receptors,BINDS_TO
28406,22,27478,fada,ve-cadherin,BINDS_TO
29645,22,29646,pidilizumab,pd-1,BINDS_TO
28564,22,28565,anti-dna autoantibodies,nr2 subunits of the nmda receptor,BINDS_TO
36574,22,36575,pf4/heparin/igg immune complexes,platelet fcgiia receptors,BINDS_TO
27663,22,34714,rb,e2f transcription factors,BINDS_TO
29816,22,29818,rkip,nik,BINDS_TO
25987,22,25887,apc,protein s,BINDS_TO
33732,22,33733,brca2,rad51,BINDS_TO
37323,22,26264,sars-cov2 spike protein,ace2,BINDS_TO
25898,22,25832,antithrombin,thrombin,BINDS_TO
26246,22,28119,hit antibody,heparin-platelet factor 4 complex,BINDS_TO
27385,22,27384,dpm3,dpm1,BINDS_TO
37441,22,37442,band 3 protein,specific antibodies,BINDS_TO
30385,22,35490,igm antibodies,myelin protein,BINDS_TO
28700,22,29473,pdzk1,sr-b1,BINDS_TO
31298,22,31301,vwfpp,mature vwf,BINDS_TO
38142,22,38143,aβ2gpi/β2gpi complexes,lrp8,BINDS_TO
32960,22,36689,mucins,leukocyte and platelet selectins,BINDS_TO
26825,22,35704,c3b,cr4,BINDS_TO
32680,22,35069,syntaxin-3,snap23,BINDS_TO
28169,22,28170,hcmv pp65 tegument protein,nkp30,BINDS_TO
32317,22,26827,b2gpi,c3,BINDS_TO
36404,22,36405,p-120-rasgap,rap1a,BINDS_TO
37675,22,26075,glycosylated mucins,selectins,BINDS_TO
36787,22,37287,sars-cov-2 spike protein,angiotensin-converting enzyme 2 receptor,BINDS_TO
26974,22,26080,cd44v4,e-selectin,BINDS_TO
39207,22,39206,intravenous immunoglobulin-derived igg,platelet fcγ receptor,BINDS_TO
33286,22,27216,reelin,apoer2,BINDS_TO
31855,22,38007,pd-l2,rgmb,BINDS_TO
25898,22,25879,antithrombin,factor xi,BINDS_TO
29865,22,29864,ultra-large vwf,platelet glycoprotein ib-ix-v complex,BINDS_TO
29301,22,31927,romiplostim,cmpl receptor,BINDS_TO
25831,22,33359,hirudin,thrombin abe i,BINDS_TO
36618,22,29476,lrrfip1/gcf2,p300,BINDS_TO
26240,22,25892,gpib,vwf,BINDS_TO
28254,22,26391,platelet receptors,coagulation factors,BINDS_TO
25898,22,27623,antithrombin,nn1731,BINDS_TO
26979,22,30535,protein disulfide isomerase,toll-like receptor 9,BINDS_TO
27793,22,26343,pdi,αiibβ3 integrin,BINDS_TO
32960,22,26076,mucins,l-selectin,BINDS_TO
33967,22,33969,rgd peptides,αvβ6-integrin,BINDS_TO
26790,22,31118,hepcidin,fpn1,BINDS_TO
25887,22,25919,protein s,factor x,BINDS_TO
25834,22,36374,angiotensin ii,at1r,BINDS_TO
32439,22,25858,fxiii-a2b2,fibrinogen,BINDS_TO
27830,22,25881,gpib-ix-v,von willebrand factor,BINDS_TO
25879,22,25920,factor xi,factor v,BINDS_TO
38522,22,27807,adrecizumab,adrenomedullin,BINDS_TO
37872,22,26264,spike glycoprotein,ace2,BINDS_TO
37888,22,37889,antibodies elicited against viral proteins,self-antigens,BINDS_TO
29427,22,29429,she2,myo4,BINDS_TO
26093,22,25922,thrombomodulin,protein c,BINDS_TO
27915,22,26155,cd47,vegfr2,BINDS_TO
25892,22,26648,vwf,integrin αiibβ3,BINDS_TO
26529,22,32539,ivig,fcγriia receptors,BINDS_TO
25880,22,27880,factor xii,urokinase plasminogen activator receptor,BINDS_TO
31383,22,36787,cd209,sars-cov-2 spike protein,BINDS_TO
26455,22,34956,desmopressin,vasopressin receptors,BINDS_TO
32287,22,25862,lac,β2-gpi,BINDS_TO
26816,22,26817,c1q,fc domains of antibodies,BINDS_TO
29726,22,29727,anti-pla2r antibodies,pla2r,BINDS_TO
29034,22,26905,alt-836,tf-fviia complex,BINDS_TO
31947,22,25880,pltp,factor xii,BINDS_TO
32545,22,32544,klhl3,claudin-8,BINDS_TO
33556,22,26106,stub1,tf,BINDS_TO
31273,22,31274,bmp-9,alk-1,BINDS_TO
27581,22,29546,astf,β1 integrins,BINDS_TO
30532,22,30531,nr3c4/hsp90 complex,cse,BINDS_TO
26002,22,28348,heparin cofactor ii,thrombin exosite i,BINDS_TO
25911,22,31430,erα,transcriptional repressors,BINDS_TO
25879,22,26149,factor xi,factor va,BINDS_TO
36787,22,26867,sars-cov-2 spike protein,integrin αvβ3,BINDS_TO
26264,22,36787,ace2,sars-cov-2 spike protein,BINDS_TO
25839,22,37208,antiphospholipid antibodies,β2 glycoprotein-1,BINDS_TO
34966,22,30329,bmp9,endoglin,BINDS_TO
34960,22,28769,pegfilgrastim,g-csf receptor,BINDS_TO
29816,22,29819,rkip,ikkα/β,BINDS_TO
25831,22,25832,hirudin,thrombin,BINDS_TO
33494,22,33495,soluble complement receptor type 1,complement components c3b and c4b,BINDS_TO
26802,22,25832,par1,thrombin,BINDS_TO
25969,22,25965,p-selectin,cd44,BINDS_TO
27926,22,26816,gc1qr,c1q,BINDS_TO
25900,22,25901,viral hemagglutinin,cell-surface receptor,BINDS_TO
30488,22,27736,clec-2,podoplanin,BINDS_TO
27779,22,38637,sr-bi,dock4,BINDS_TO
35762,22,31854,atezolizumab,pd-l1,BINDS_TO
30266,22,30267,praja1,β2sp and smad3,BINDS_TO
31074,22,31073,ago proteins,risc,BINDS_TO
25830,22,25913,tissue factor,activated factor vii,BINDS_TO
36964,22,36710,sars-cov-2 spike glycoprotein,ace2 receptor,BINDS_TO
29759,22,25892,integrin β3,vwf,BINDS_TO
26957,22,25965,tlr2,cd44,BINDS_TO
35532,22,26149,skeletal muscle myosin,factor va,BINDS_TO
25858,22,26241,fibrinogen,gpiib/iiia,BINDS_TO
27225,22,36380,renin,m6p/igfii receptor,BINDS_TO
38498,22,38499,s. aureus clfa,fibronectin and fibrinogen,BINDS_TO
25960,22,26039,icam-1,β2-integrins,BINDS_TO
31069,22,31068,dgcr8,drosha,BINDS_TO
25830,22,38401,tissue factor,clotting factor viia,BINDS_TO
27597,22,27598,vimentin,detyrosinated microtubules,BINDS_TO
33278,22,26155,vegfd,vegfr2,BINDS_TO
32437,22,27259,her3,her2,BINDS_TO
27660,22,27659,mdm2,tp53,BINDS_TO
25832,22,26318,thrombin,gpibα,BINDS_TO
25887,22,26911,protein s,tfpi,BINDS_TO
27130,22,25852,gal-1,tpa,BINDS_TO
25892,22,33371,vwf,glycoprotein ibα,BINDS_TO
27773,22,27774,fas ligand,fas,BINDS_TO
30122,22,31308,keap1,cul3,BINDS_TO
36702,22,36703,somatostatin analogs,somatostatin receptors,BINDS_TO
26238,22,36541,autoantibodies,bp180 and bp230,BINDS_TO
36406,22,36405,krit1,rap1a,BINDS_TO
32702,22,26456,siglec-5,psgl-1,BINDS_TO
37674,22,36710,rbd of sars-cov-2 s protein,ace2 receptor,BINDS_TO
25887,22,26308,protein s,factor ixa,BINDS_TO
27967,22,26155,ramucirumab,vegfr2,BINDS_TO
26657,22,27019,upar,cleaved high molecular weight kininogen,BINDS_TO
26347,22,25875,sepcr,activated protein c,BINDS_TO
34022,22,32220,h-kininogen,plasma prekallikrein,BINDS_TO
26796,22,28526,cnp,npra,BINDS_TO
37003,22,37001,herc2,ncoa4,BINDS_TO
26867,22,30762,integrin αvβ3,erp57,BINDS_TO
26639,22,26464,sdf-1,cxcr4,BINDS_TO
38535,22,38536,mers-cov s protein,dpp4 receptor,BINDS_TO
35778,22,35779,chpd-1,chpd-l1,BINDS_TO
26106,22,33431,tf,integrin α4β1,BINDS_TO
27474,22,32799,4ebp1,raptor,BINDS_TO
37028,22,26430,osocimab,factor xia,BINDS_TO
27149,22,35592,src,gp ibα cytoplasmic tail,BINDS_TO
27162,22,33371,mac-1,glycoprotein ibα,BINDS_TO
25875,22,34372,activated protein c,endothelial pc receptor,BINDS_TO
26736,22,28437,smad2/3,smad4,BINDS_TO
31564,22,37706,shp2,ros1,BINDS_TO
25892,22,26240,vwf,gpib,BINDS_TO
27278,22,26696,factor xiiia,aβ,BINDS_TO
35333,22,35334,rab11-fip2,myo5b,BINDS_TO
39169,22,26147,cish,epor,BINDS_TO
36834,22,37273,spike protein,angiotensin-converting enzyme-2,BINDS_TO
30712,22,27736,clec2,podoplanin,BINDS_TO
36743,22,36742,exfoliatin toxin b,desmoglein 1,BINDS_TO
37019,22,26264,sars-cov-2 s protein,ace2,BINDS_TO
29222,22,25894,integrin β1,fibronectin,BINDS_TO
34149,22,26064,rlye,vegfr-2,BINDS_TO
39809,22,39810,arrestin,phosphorylated gpcr,BINDS_TO
25969,22,30487,p-selectin,p-selectin ligand 1,BINDS_TO
26224,22,26947,igg antibodies,pf4-heparin complexes,BINDS_TO
28109,22,32799,p70s6k,raptor,BINDS_TO
36787,22,37106,sars-cov-2 spike protein,angiotensin-converting enzyme 2 (ace2) receptor,BINDS_TO
37040,22,26264,rbd domain of sars-cov-2 spike protein,ace2,BINDS_TO
38661,22,26283,gsk-3,p53,BINDS_TO
31491,22,25887,c4bp,protein s,BINDS_TO
32889,22,32890,maternal anti-ro/ssa and anti-la/ssb autoantibodies,l-type calcium channels on fetal cardiomyocytes,BINDS_TO
27936,22,25892,glycoprotein ib,vwf,BINDS_TO
38531,22,26264,sars-cov-2 spike glycoprotein s1 subunit,ace2,BINDS_TO
30974,22,35314,cdk,cyclin,BINDS_TO
37001,22,30160,ncoa4,ferritin,BINDS_TO
26867,22,25894,integrin αvβ3,fibronectin,BINDS_TO
37035,22,34408,sars-cov-2 spike (s) protein,ace-2,BINDS_TO
30631,22,31243,abatacept,cd80/86,BINDS_TO
33319,22,33320,α-msh,melanocortin-4 receptor,BINDS_TO
25960,22,25962,icam-1,cd43,BINDS_TO
26661,22,29346,annexin a2,s100a10,BINDS_TO
33277,22,26155,vegfc,vegfr2,BINDS_TO
33967,22,33968,rgd peptides,α5β1-integrin,BINDS_TO
36308,22,25832,art-123,thrombin,BINDS_TO
35199,22,35200,f50067,human cxcr4,BINDS_TO
26383,22,26384,tefibazumab,clumping factor a,BINDS_TO
28973,22,26825,fh,c3b,BINDS_TO
38661,22,29695,gsk-3,c-jun,BINDS_TO
32188,22,33724,fshr,gα s,BINDS_TO
27841,22,26214,tyro3,gas6,BINDS_TO
26463,22,29265,ang-1,tie2 receptor,BINDS_TO
36787,22,37045,sars-cov-2 spike protein,ace-2 receptor,BINDS_TO
31327,22,37140,nmmhc iia,atg9a,BINDS_TO
29293,22,25832,thbd,thrombin,BINDS_TO
31155,22,25858,activated gp iib/iiia,fibrinogen,BINDS_TO
29105,22,25887,tfpiα,protein s,BINDS_TO
26046,22,26045,apt,pc,BINDS_TO
26076,22,26456,l-selectin,psgl-1,BINDS_TO
31297,22,31296,e86a-sepcr,cidrα1.1 domain of pfemp1,BINDS_TO
36787,22,37229,sars-cov-2 spike protein,cd147,BINDS_TO
36964,22,26264,sars-cov-2 spike glycoprotein,ace2,BINDS_TO
31351,22,31350,trc105,cd105,BINDS_TO
26410,22,26409,pa d683 mutant,antxr2,BINDS_TO
27206,22,30935,ang ii,at1 receptors,BINDS_TO
25882,22,25853,tissue plasminogen activator,plasminogen,BINDS_TO
26195,22,27936,fviia,glycoprotein ib,BINDS_TO
38146,22,26264,sars-cov-2 spike protein s1 domain,ace2,BINDS_TO
28676,22,26090,ck2,cftr,BINDS_TO
35565,22,35566,pf-06647263,efna4,BINDS_TO
38631,22,27179,il-6/il-6r complex,gp130,BINDS_TO
27436,22,29656,lman1,fv and fviii,BINDS_TO
31815,22,39866,annexin a1,formyl peptide receptors,BINDS_TO
28490,22,28493,cell surface grp78,cripto,BINDS_TO
27820,22,27821,figitumumab,igf-ir,BINDS_TO
26494,22,26495,pstpip1,pyrin,BINDS_TO
35679,22,38589,parkin,hadha,BINDS_TO
25875,22,26150,activated protein c,factor viiia,BINDS_TO
26224,22,39924,igg antibodies,heparin-platelet factor-4 protein complex,BINDS_TO
26012,22,28526,bnp,npra,BINDS_TO
27736,22,30488,podoplanin,clec-2,BINDS_TO
31689,22,26073,myosin,factor xa,BINDS_TO
27841,22,25887,tyro3,protein s,BINDS_TO
25935,22,26904,pai-1,fxia,BINDS_TO
36558,22,36560,kir 2dl2,hla-c1_a,BINDS_TO
28986,22,29057,saa,apoa-i,BINDS_TO
28258,22,31700,matrix gla protein,bone morphogenetic protein,BINDS_TO
29097,22,29098,grb2,sos,BINDS_TO
26911,22,28996,tfpi,tf/factor viia complex,BINDS_TO
33408,22,33410,cd28,b7-2,BINDS_TO
29947,22,25878,activated factor viii,factor ix,BINDS_TO
32188,22,26507,fshr,caveolin-1,BINDS_TO
33429,22,33431,arf6,integrin α4β1,BINDS_TO
33887,22,33847,scfv gpiib/iiia,activated gpiib/iiia,BINDS_TO
40034,22,40035,viral envelope glycoprotein,cell surface receptor,BINDS_TO
25866,22,26456,soluble p-selectin,psgl-1,BINDS_TO
25832,22,27578,thrombin,par3,BINDS_TO
26037,22,36943,plasmin,plg-rs,BINDS_TO
27831,22,27830,gpvi,gpib-ix-v,BINDS_TO
26931,22,34438,hmgb1,tlr2 and tlr4,BINDS_TO
26238,22,26275,autoantibodies,platelet-surface antigen glycoprotein iib/iiia,BINDS_TO
27915,22,34847,cd47,sirpα,BINDS_TO
39107,22,39108,cmtm3,blnk,BINDS_TO
38661,22,27413,gsk-3,stat3,BINDS_TO
27098,22,27100,cryab,myofibrils,BINDS_TO
27206,22,38218,ang ii,at2r,BINDS_TO
28642,22,35141,apelin,apj,BINDS_TO
26407,22,26408,pa,antxr1,BINDS_TO
25879,22,27812,factor xi,high-molecular-weight kininogen,BINDS_TO
36032,22,36033,ecirp,tlr4-md2 receptor complex,BINDS_TO
27274,22,27275,seln,ryanodine receptors,BINDS_TO
34060,22,34061,brd4,acetylated p65,BINDS_TO
26279,22,26277,bad,bcl-2,BINDS_TO
34058,22,27530,obinutuzumab,cd20,BINDS_TO
26931,22,29363,hmgb1,tlr9,BINDS_TO
27793,22,27427,pdi,αmβ2 integrin,BINDS_TO
25887,22,26149,protein s,factor va,BINDS_TO
27578,22,33359,par3,thrombin abe i,BINDS_TO
29499,22,29500,ihh,patched-1,BINDS_TO
29140,22,29142,mab km33,c1 domain of fviii,BINDS_TO
27662,22,27660,arf,mdm2,BINDS_TO
25858,22,26457,fibrinogen,factor xiii,BINDS_TO
39333,22,25894,β3,fibronectin,BINDS_TO
30212,22,30213,anti β2gp1 abs,β2gp1,BINDS_TO
26277,22,26282,bcl-2,bid,BINDS_TO
26800,22,25832,fibrinogen γ′ chain,thrombin,BINDS_TO
25839,22,36751,antiphospholipid antibodies,receptors on endothelial cells,BINDS_TO
26931,22,26467,hmgb1,tlr-4,BINDS_TO
26023,22,26024,cd103,e-cadherin,BINDS_TO
40070,22,40071,β2gpi domain i,antiphospholipid antibodies (apl) igg,BINDS_TO
38800,22,26701,activated ripk1,fadd,BINDS_TO
35694,22,28814,angiotensin 1-5,mas receptor,BINDS_TO
25829,22,26015,beta-2-glycoprotein i,hbsag,BINDS_TO
26046,22,25987,apt,apc,BINDS_TO
34309,22,31854,durvalumab,pd-l1,BINDS_TO
27636,22,27637,carfilzomib,β5 subunit of 20s proteasome,BINDS_TO
37726,22,37727,monoclonal antibodies targeting il-5r,il-5r,BINDS_TO
30941,22,30942,medi-575,pdgfrα,BINDS_TO
29816,22,28113,rkip,mek,BINDS_TO
32265,22,26206,necitumumab,egfr,BINDS_TO
25852,22,31427,tpa,nmda-type-glutamate receptor,BINDS_TO
26682,22,26037,antiplasmin,plasmin,BINDS_TO
35818,22,35819,sarpogrelate,serotonin receptor,BINDS_TO
26012,22,28523,bnp,nprb,BINDS_TO
37019,22,38459,sars-cov-2 s protein,nachr,BINDS_TO
26670,22,35628,hif-2α,arnt,BINDS_TO
31280,22,26570,anti-kdr antibody,kdr,BINDS_TO
25911,22,26270,erα,akt,BINDS_TO
28207,22,26796,npr-c,cnp,BINDS_TO
27939,22,27052,fxiiia,α2-antiplasmin,BINDS_TO
29359,22,27979,apolipoprotein ciii,toll-like receptor 2,BINDS_TO
28409,22,31461,aip1,rip1,BINDS_TO
36834,22,26264,spike protein,ace2,BINDS_TO
34534,22,34536,fibrin γ 377–395 epitope,cd11b i-domain,BINDS_TO
27348,22,32044,aflibercept,pgf,BINDS_TO
37034,22,34408,s protein,ace-2,BINDS_TO
26507,22,26145,caveolin-1,enos,BINDS_TO
28409,22,31464,aip1,traf2,BINDS_TO
38131,22,26277,mrpl41,bcl-2,BINDS_TO
31085,22,25881,fibrinogen receptor,von willebrand factor,BINDS_TO
25853,22,26829,plasminogen,c5,BINDS_TO
25963,22,32823,sicam-1,lfa-1,BINDS_TO
26543,22,26544,99m tc-rbitistatin,αiibβ3 receptor,BINDS_TO
32042,22,32043,pegaptanib,vegf-165,BINDS_TO
35955,22,28292,enkephalins,opioid receptors,BINDS_TO
25881,22,27936,von willebrand factor,glycoprotein ib,BINDS_TO
30002,22,25841,apls,β2-glycoprotein i,BINDS_TO
32823,22,25960,lfa-1,icam-1,BINDS_TO
26931,22,31347,hmgb1,tlr-2,BINDS_TO
27494,22,25832,direct thrombin inhibitors,thrombin,BINDS_TO
39014,22,32680,intracellular cd59,syntaxin-3,BINDS_TO
26176,22,26177,scfv/lmw-scupa,pecam-1,BINDS_TO
37532,22,37533,vedolizumab,α4β7 integrin,BINDS_TO
35795,22,30821,sialylated antibodies,dc-sign,BINDS_TO
38215,22,38216,anti-ctla4 antibody,ctla-4 receptor,BINDS_TO
36000,22,36001,uncoiled vwf,platelet receptor,BINDS_TO
39897,22,39898,pcsk-9 inhibitors,pcsk-9,BINDS_TO
26931,22,26464,hmgb1,cxcr4,BINDS_TO
25887,22,25875,protein s,activated protein c,BINDS_TO
26825,22,26361,c3b,cr1,BINDS_TO
32437,22,35088,her3,p85,BINDS_TO
39420,22,32539,pf4 antibodies complexes,fcγriia receptors,BINDS_TO
31970,22,29178,fl-tcf7,β-catenin,BINDS_TO
25875,22,25887,activated protein c,protein s,BINDS_TO
27685,22,25935,vitronectin,pai-1,BINDS_TO
25911,22,26507,erα,caveolin-1,BINDS_TO
33589,22,29530,cyclin b,cdk1,BINDS_TO
36781,22,25894,l19 antibody fragment,fibronectin,BINDS_TO
33929,22,37941,nkg2d,ulbp1-6,BINDS_TO
26012,22,28522,bnp,gc-a/npra,BINDS_TO
32747,22,32748,rvv-x smaller subunit,factor x (fx) gla domain,BINDS_TO
28277,22,28278,cd40,traf proteins,BINDS_TO
26224,22,26253,igg antibodies,pf4/heparin complex,BINDS_TO
37757,22,26264,sars-cov-2 rbd,ace2,BINDS_TO
37590,22,37591,etrolizumab,β7 subunit,BINDS_TO
28250,22,28251,aggrus,c-type lectin-like receptor-2,BINDS_TO
25984,22,25985,cyclin a,cdk2,BINDS_TO
29019,22,29290,ddx41,sting,BINDS_TO
27649,22,30925,stxbp5,syntaxin 4,BINDS_TO
30222,22,30223,stim1,orai1,BINDS_TO
25877,22,33363,factor viii,thrombin abe ii,BINDS_TO
32862,22,32165,blinatumomab,cd3,BINDS_TO
34647,22,34649,def,fxia active site,BINDS_TO
26696,22,26004,aβ,fxii,BINDS_TO
25887,22,35647,protein s,mertk receptor,BINDS_TO
25967,22,25968,thrombospondin,cd36,BINDS_TO
32698,22,25995,disulfide hmgb1,tlr4,BINDS_TO
39006,22,36710,receptor binding domain,ace2 receptor,BINDS_TO
25922,22,26859,protein c,endothelial protein c receptor,BINDS_TO
25839,22,26070,antiphospholipid antibodies,beta-2 glycoprotein i,BINDS_TO
39947,22,39948,agkisacucetin β chain,gpibα receptor,BINDS_TO
29105,22,38924,tfpiα,laminin-5,BINDS_TO
26317,22,25892,fviii,vwf,BINDS_TO
32087,22,29646,pembrolizumab,pd-1,BINDS_TO
27693,22,29438,ctla-4,b71,BINDS_TO
30511,22,26948,bavituximab,ps,BINDS_TO
27793,22,25881,pdi,von willebrand factor,BINDS_TO
26106,22,25876,tf,factor vii,BINDS_TO
30194,22,25853,staphylokinase,plasminogen,BINDS_TO
26245,22,30314,heparin-pf4 complex,hit igg antibodies,BINDS_TO
27579,22,25969,tf-mps,p-selectin,BINDS_TO
26569,22,26884,protein z,zpi,BINDS_TO
26931,22,30434,hmgb1,tlr-9,BINDS_TO
26266,22,28814,angiotensin-,mas receptor,BINDS_TO
37757,22,37045,sars-cov-2 rbd,ace-2 receptor,BINDS_TO
39499,22,39500,antibodies against spike proteins,platelet surface antigens,BINDS_TO
30049,22,26506,dc8 pfemp1,epcr,BINDS_TO
36556,22,36557,kir 2ds2,hla-c2,BINDS_TO
26106,22,26195,tf,fviia,BINDS_TO
26264,22,25834,ace2,angiotensin ii,BINDS_TO
26657,22,27199,upar,upa,BINDS_TO
25998,22,26562,mmps,"extracellular matrix structural proteins, cell adhesion molecules, growth factors, cytokines, and chemokines",BINDS_TO
32266,22,35628,ahr,arnt,BINDS_TO
28642,22,34407,apelin,apj receptor,BINDS_TO
26317,22,26298,fviii,calreticulin,BINDS_TO
29034,22,25830,alt-836,tissue factor,BINDS_TO
26225,22,34231,activated fxiii,plasminogen activator inhibitor-2,BINDS_TO
26044,22,25852,acl,tpa,BINDS_TO
26648,22,25858,integrin αiibβ3,fibrinogen,BINDS_TO
25877,22,26308,factor viii,factor ixa,BINDS_TO
27855,22,36545,ige,fcεri receptors on mast cells,BINDS_TO
26480,22,26318,vwf a1 domain,gpibα,BINDS_TO
34722,22,28119,igg antibodies against heparin-platelet factor 4,heparin-platelet factor 4 complex,BINDS_TO
31158,22,26798,integrin β2,icam,BINDS_TO
33277,22,29344,vegfc,vegfr3,BINDS_TO
30245,22,26020,p2-6,β2gpi,BINDS_TO
36787,22,37115,sars-cov-2 spike protein,angiotensin-converting enzyme 2,BINDS_TO
31855,22,29646,pd-l2,pd-1,BINDS_TO
26763,22,25853,anti-plasminogen antibodies,plasminogen,BINDS_TO
32677,22,32679,slp4-a,syntaxin-2,BINDS_TO
29069,22,29070,lucatumumab,cd40 receptor,BINDS_TO
28409,22,26345,aip1,jak2,BINDS_TO
27206,22,31253,ang ii,angiotensin ii type 1 receptor,BINDS_TO
29759,22,25894,integrin β3,fibronectin,BINDS_TO
33262,22,25858,integrin gpiib-iiia,fibrinogen,BINDS_TO
29794,22,25995,s100a9,tlr4,BINDS_TO
25875,22,25935,activated protein c,pai-1,BINDS_TO
34580,22,26082,β1 integrin,vcam1,BINDS_TO
29105,22,26132,tfpiα,activated factor v,BINDS_TO
39633,22,33745,gal-9,tim-3,BINDS_TO
36979,22,26431,monoclonal antibody 3f7,factor xiia,BINDS_TO
26252,22,26255,anti-pf4/heparin antibodies,pf4/lmwh complex,BINDS_TO
34087,22,25832,sculptin,thrombin,BINDS_TO
26240,22,27162,gpib,mac-1,BINDS_TO
25880,22,27926,factor xii,gc1qr,BINDS_TO
26016,22,34527,crp,fcγ receptors,BINDS_TO
25969,22,31052,p-selectin,p-selectin glycoprotein ligand 1,BINDS_TO
32072,22,31461,traf2/5,rip1,BINDS_TO
34397,22,34398,ang-,mas,BINDS_TO
26020,22,32831,β2gpi,glycoprotein ib-ix-v,BINDS_TO
26214,22,34617,gas6,tam receptor family,BINDS_TO
34167,22,26829,cfhr1,c5,BINDS_TO
35692,22,28814,angiotensin 1-7,mas receptor,BINDS_TO
31383,22,39174,cd209,sars-cov-2 spike receptor-binding domain,BINDS_TO
27199,22,26657,upa,upar,BINDS_TO
25894,22,30158,fibronectin,histone h3,BINDS_TO
36929,22,25832,dtip,thrombin,BINDS_TO
26030,22,27416,bevacizumab,vegfr,BINDS_TO
32960,22,25969,mucins,p-selectin,BINDS_TO
34224,22,34225,epratuzumab,cd22,BINDS_TO
29105,22,25988,tfpiα,fva,BINDS_TO
33362,22,26403,par3g d54,prothrombin,BINDS_TO
34954,22,27852,α-globin chains,hsp70,BINDS_TO
37452,22,25878,emicizumab,factor ix,BINDS_TO
25960,22,26182,icam-1,cytoskeleton,BINDS_TO
38142,22,26661,aβ2gpi/β2gpi complexes,annexin a2,BINDS_TO
34678,22,34679,vwf domaina1,platelet gp ibα receptors,BINDS_TO
29911,22,29912,mbl-hcv1,hcv e2 glycoprotein,BINDS_TO
25887,22,28111,protein s,c4b-binding protein,BINDS_TO
36396,22,36398,lrpprc,slirp,BINDS_TO
37035,22,37106,sars-cov-2 spike (s) protein,angiotensin-converting enzyme 2 (ace2) receptor,BINDS_TO
36370,22,36374,ang-ii,at1r,BINDS_TO
32143,22,32144,pf4-heparin-antibody complexes,fc-receptors,BINDS_TO
25911,22,26145,erα,enos,BINDS_TO
37125,22,33689,angiotensin iv,at1 receptor,BINDS_TO
30002,22,30752,apls,apolipoprotein e receptor 2,BINDS_TO
36143,22,28573,isatuximab,cd38,BINDS_TO
37019,22,37115,sars-cov-2 s protein,angiotensin-converting enzyme 2,BINDS_TO
38634,22,28036,gas6 protein,tam receptors,BINDS_TO
27892,22,33816,tf/fviia complex,protease activated receptor 2,BINDS_TO
25887,22,25830,protein s,tissue factor,BINDS_TO
31843,22,26256,rto,pf4,BINDS_TO
28122,22,28120,thioredoxin-like domain,vkor,BINDS_TO
25892,22,33462,vwf,gpib-ix-v complex,BINDS_TO
26529,22,29847,ivig,fc receptors,BINDS_TO
30408,22,30409,alemtuzumab,cd52 antigen,BINDS_TO
25832,22,27302,thrombin,pars,BINDS_TO
26314,22,26229,ixolaris,fxa,BINDS_TO
26457,22,27052,factor xiii,α2-antiplasmin,BINDS_TO
26277,22,26280,bcl-2,bax,BINDS_TO
29612,22,29611,rgd peptide,integrin alpha-v beta-3,BINDS_TO
27215,22,25858,glycoprotein iib/iiia,fibrinogen,BINDS_TO
26163,22,26166,notch3,jagged1,BINDS_TO
27225,22,36379,renin,rnbp,BINDS_TO
26317,22,39131,fviii,lman1/mcfd2 complex,BINDS_TO
27130,22,27131,gal-1,gal-3bp,BINDS_TO
35040,22,26245,igg antibody,heparin-pf4 complex,BINDS_TO
26852,22,25911,progesterone receptor,erα,BINDS_TO
34802,22,34803,autologous igg,neoantigens on band 3 protein,BINDS_TO
28409,22,29653,aip1,p47phox,BINDS_TO
30003,22,30004,wb-6,cl-β2gpi complex,BINDS_TO
29825,22,26200,haptoglobin,hemoglobin,BINDS_TO
37452,22,26308,emicizumab,factor ixa,BINDS_TO
26492,22,26177,anti-pecam scfv/upa-t,pecam-1,BINDS_TO
37990,22,37991,streptococcal surface polypeptides,human polymeric immunoglobulin receptors,BINDS_TO
26000,22,28338,antibodies,pf4-heparin complex,BINDS_TO
26741,22,28118,ghrelin,ghs-r1a,BINDS_TO
28989,22,28472,grk6,p2y12,BINDS_TO
25839,22,28397,antiphospholipid antibodies,procoagulant and anticoagulant/fibrinolytic serine proteases,BINDS_TO
34788,22,35560,benralizumab,il-5 receptor,BINDS_TO
39826,22,39827,gα13,β3-integrin tail,BINDS_TO
26506,22,26507,epcr,caveolin-1,BINDS_TO
29427,22,29428,she2,she3,BINDS_TO
37350,22,37352,mpn400,human iga,BINDS_TO
31854,22,29646,pd-l1,pd-1,BINDS_TO
25841,22,25832,β2-glycoprotein i,thrombin,BINDS_TO
25858,22,25995,fibrinogen,tlr4,BINDS_TO
25832,22,26331,thrombin,par4,BINDS_TO
35333,22,35335,rab11-fip2,rab11a,BINDS_TO
32478,22,37782,platelet-activating antibodies,platelet factor-4/heparin complexes,BINDS_TO
33934,22,33935,cd94-nkg2a,hla-e,BINDS_TO
34354,22,35284,pd-1 receptor,pdl-2,BINDS_TO
30196,22,29593,rgd,gpiib/iiia receptor,BINDS_TO
25875,22,27162,activated protein c,mac-1,BINDS_TO
35154,22,25879,hmwk,factor xi,BINDS_TO
27967,22,35119,ramucirumab,vegf receptor-2,BINDS_TO
25832,22,27106,thrombin,par-3,BINDS_TO
36306,22,36307,usp9x,ptges,BINDS_TO
26657,22,27685,upar,vitronectin,BINDS_TO
31626,22,27937,iaip,histones,BINDS_TO
37894,22,37895,anti-pth receptor autoantibodies,pth receptors,BINDS_TO
36834,22,36814,spike protein,ace2 receptors,BINDS_TO
29421,22,32837,cxcr3,g α i protein,BINDS_TO
38129,22,38130,dap3,trail receptors,BINDS_TO
25881,22,26240,von willebrand factor,gpib,BINDS_TO
26456,22,25969,psgl-1,p-selectin,BINDS_TO
25832,22,38210,thrombin,par1-4,BINDS_TO
38500,22,38499,s. aureus fnbpa/b,fibronectin and fibrinogen,BINDS_TO
26041,22,26042,cl154c peptide,cl15 antibody,BINDS_TO
33920,22,37416,bnip3,lc3,BINDS_TO
39578,22,25830,anti-tf monoclonal antibody,tissue factor,BINDS_TO
30617,22,26331,can12 antibody,par4,BINDS_TO
25987,22,27578,apc,par3,BINDS_TO
34533,22,34534,5b8 antibody,fibrin γ 377–395 epitope,BINDS_TO
32092,22,30220,immunoglobulin,fc receptor,BINDS_TO
27706,22,25918,anti-platelet antibodies,platelet membrane,BINDS_TO
27188,22,35361,platelet p-selectin,neutrophil psgl1 receptor,BINDS_TO
39081,22,25832,lepirudin,thrombin,BINDS_TO
33943,22,33944,medi8968,il-1r1,BINDS_TO
27699,22,27702,l1,epha7,BINDS_TO
26830,22,31722,c5b,c8,BINDS_TO
25887,22,27493,protein s,coagulation factor xa,BINDS_TO
27779,22,28700,sr-bi,pdzk1,BINDS_TO
26231,22,26230,fixa,fviiia,BINDS_TO
27699,22,27700,l1,epha3,BINDS_TO
28186,22,31494,c3 activation,c3b fragment,BINDS_TO
27048,22,25965,tsg-6,cd44,BINDS_TO
26457,22,37856,factor xiii,fibrin polymers,BINDS_TO
37393,22,37394,a-knob,a hole,BINDS_TO
37630,22,37631,desmoplakin,intermediate filament proteins,BINDS_TO
31192,22,31193,staphylococcal protein a,fc region of immunoglobulin g,BINDS_TO
26897,22,26896,opg,rankl,BINDS_TO
26093,22,26825,thrombomodulin,c3b,BINDS_TO
32494,22,25858,s. aureus surface proteins,fibrinogen,BINDS_TO
33097,22,26081,cd11a-cd18,icam1,BINDS_TO
32316,22,32317,anti-b2gpi,b2gpi,BINDS_TO
26529,22,27555,ivig,fcγriia,BINDS_TO
27009,22,25830,heparanase,tissue factor,BINDS_TO
29545,22,26299,tsp-2,integrins,BINDS_TO
26013,22,28526,anp,npra,BINDS_TO
26173,22,37861,cell-free hemoglobin,vwf-a2 domain,BINDS_TO
36214,22,36213,αiibβiii integrin,von willenbrand factor,BINDS_TO
27259,22,32596,her2,other her receptors,BINDS_TO
39109,22,39108,cmtm7,blnk,BINDS_TO
33553,22,25951,neutrophil cathepsin g,rage,BINDS_TO
30476,22,30477,cl-k1,masp-1/3,BINDS_TO
36787,22,34408,sars-cov-2 spike protein,ace-2,BINDS_TO
26061,22,26062,hif-1α,hif-β,BINDS_TO
35159,22,35160,antibody fc region,fcγriia receptor,BINDS_TO
27044,22,27530,rituximab,cd20,BINDS_TO
27225,22,36381,renin,r/pr,BINDS_TO
26016,22,32241,crp,activated complement,BINDS_TO
25892,22,29864,vwf,platelet glycoprotein ib-ix-v complex,BINDS_TO
28616,22,27980,tenascin-c,toll-like receptor 4,BINDS_TO
30633,22,30634,fibrin-specific pet probes,fibrin fragment dd,BINDS_TO
26013,22,28522,anp,gc-a/npra,BINDS_TO
39563,22,26264,sars-cov-2 s spike,ace2,BINDS_TO
26823,22,26824,c4b,c2b,BINDS_TO
28305,22,37832,vwf:ag,gp1b-ix-v receptor,BINDS_TO
38822,22,38823,anti-a antibody,a antigen,BINDS_TO
26506,22,25876,epcr,factor vii,BINDS_TO
30718,22,25841,adi-rich igg,β2-glycoprotein i,BINDS_TO
26457,22,34434,factor xiii,complement c3,BINDS_TO
25864,22,25892,gpib/v/ix,vwf,BINDS_TO
26556,22,26557,bro1,doa4,BINDS_TO
36913,22,26696,crenezumab,aβ,BINDS_TO
26911,22,26915,tfpi,gpi-anchored protein,BINDS_TO
25892,22,26318,vwf,gpibα,BINDS_TO
35254,22,25858,lunathrombase,fibrinogen,BINDS_TO
26896,22,26963,rankl,rank receptor,BINDS_TO
39546,22,39547,α2-adrenergic receptor,gz protein,BINDS_TO
27296,22,26106,fvii,tf,BINDS_TO
34201,22,29298,c-anca,pr3,BINDS_TO
25832,22,27325,thrombin,platelet receptor gpib-ix-v,BINDS_TO
34854,22,25881,gpiibiiia,von willebrand factor,BINDS_TO
28207,22,26013,npr-c,anp,BINDS_TO
26796,22,28207,cnp,npr-c,BINDS_TO
33878,22,33877,ccn2,lrp6,BINDS_TO
30159,22,38382,recombinant thrombomodulin,mac-1 receptor,BINDS_TO
27830,22,25892,gpib-ix-v,vwf,BINDS_TO
37205,22,37984,netrin-1,cd146,BINDS_TO
25858,22,27042,fibrinogen,tissue-type plasminogen activator,BINDS_TO
29209,22,36982,natalizumab,α4 integrin subunit,BINDS_TO
29616,22,29617,alternatively spliced tf,integrin α6β1 and αvβ3,BINDS_TO
26241,22,25892,gpiib/iiia,vwf,BINDS_TO
28367,22,26676,hif2α,sp1,BINDS_TO
26093,22,26946,thrombomodulin,pci,BINDS_TO
32099,22,32098,fc portion of igg,fcrn,BINDS_TO
36787,22,25995,sars-cov-2 spike protein,tlr4,BINDS_TO
29545,22,27915,tsp-2,cd47,BINDS_TO
26318,22,25881,gpibα,von willebrand factor,BINDS_TO
37677,22,37678,ae1 n-terminus,phosphofructokinase,BINDS_TO
27793,22,25858,pdi,fibrinogen,BINDS_TO
26076,22,30438,l-selectin,p-selectin glycoprotein ligand-1,BINDS_TO
32097,22,32098,fc domain of igg,fcrn,BINDS_TO
39132,22,25871,activated fviii,coagulation factor ix,BINDS_TO
34174,22,34174,fibrin monomer,fibrin monomer,BINDS_TO
26796,22,28524,cnp,nprc,BINDS_TO
25839,22,28025,antiphospholipid antibodies,beta-2-glycoprotein-1,BINDS_TO
32251,22,25988,fxa i16l,fva,BINDS_TO
26224,22,26245,igg antibodies,heparin-pf4 complex,BINDS_TO
25834,22,37668,angiotensin ii,angiotensin type 1 receptor,BINDS_TO
25828,22,25829,anticardiolipin antibodies,beta-2-glycoprotein i,BINDS_TO
27257,22,27230,vorinostat,hdac,BINDS_TO
25892,22,25870,vwf,coagulation factor viii,BINDS_TO
25892,22,28254,vwf,platelet receptors,BINDS_TO
34966,22,31701,bmp9,alk1,BINDS_TO
39159,22,26264,rbd,ace2,BINDS_TO
35302,22,27042,ixonnexin,tissue-type plasminogen activator,BINDS_TO
37045,22,37670,ace-2 receptor,spike protein of covid-19,BINDS_TO
28295,22,34735,bmp6,bmp receptors,BINDS_TO
31199,22,37677,deoxyhemoglobin,ae1 n-terminus,BINDS_TO
25935,22,26073,pai-1,factor xa,BINDS_TO
29711,22,25894,gp iib/iiia,fibronectin,BINDS_TO
25987,22,26802,apc,par1,BINDS_TO
26896,22,27330,rankl,rank,BINDS_TO
39803,22,27461,urokinase-type plasminogen activator receptor,urokinase-type plasminogen activator,BINDS_TO
38172,22,27660,mdm4,mdm2,BINDS_TO
26238,22,37362,autoantibodies,collagen xvii,BINDS_TO
25881,22,25877,von willebrand factor,factor viii,BINDS_TO
33321,22,33320,agrp,melanocortin-4 receptor,BINDS_TO
30352,22,25876,tissue factor activation,factor vii,BINDS_TO
25911,22,26640,erα,hsp90,BINDS_TO
35045,22,35046,tcoa-ngr,cd13,BINDS_TO
31868,22,31869,peptide s2,human serum albumin,BINDS_TO
26368,22,26245,hit antibodies,heparin-pf4 complex,BINDS_TO
26535,22,26537,anti-nmdar antibodies,nmda receptor nr2a subunit,BINDS_TO
38661,22,30364,gsk-3,c/ebpalpha,BINDS_TO
29590,22,29591,cd30 cytoplasmic domain,traf family,BINDS_TO
33721,22,25832,rhtm,thrombin,BINDS_TO
25911,22,26735,erα,c-src,BINDS_TO
32436,22,32437,seribantumab,her3,BINDS_TO
27279,22,28035,ngr-htnf,aminopeptidase n,BINDS_TO
31072,22,31071,trbp,dicer,BINDS_TO
26648,22,25967,integrin αiibβ3,thrombospondin,BINDS_TO
25839,22,27027,antiphospholipid antibodies,β2 glycoprotein i,BINDS_TO
25892,22,26654,vwf,f viii,BINDS_TO
27793,22,25879,pdi,factor xi,BINDS_TO
34064,22,25968,mrp-14,cd36,BINDS_TO
26345,22,28283,jak2,cytokine receptors,BINDS_TO
32911,22,25858,transferrin,fibrinogen,BINDS_TO
32822,22,26509,trap-6,par-1,BINDS_TO
25935,22,27978,pai-1,plasminogen activators,BINDS_TO
37664,22,26264,spike protein s,ace2,BINDS_TO
35532,22,25881,skeletal muscle myosin,von willebrand factor,BINDS_TO
26911,22,31109,tfpi,protein s shbg-like domain,BINDS_TO
39737,22,25920,β2gpi-antibody complexes,factor v,BINDS_TO
36964,22,37045,sars-cov-2 spike glycoprotein,ace-2 receptor,BINDS_TO
26163,22,26164,notch3,delta1,BINDS_TO
26421,22,35820,fsap,vegf165,BINDS_TO
32103,22,32105,igg antiplatelet autoantibodies,platelet glycoprotein iib/iiia or gpib/ix,BINDS_TO
27162,22,26318,mac-1,gpibα,BINDS_TO
27904,22,28905,hsp,toll-like receptors,BINDS_TO
36465,22,33551,mac-1 i-domain,platelet glycoprotein ibα,BINDS_TO
26224,22,26197,igg antibodies,pf4/heparin complexes,BINDS_TO
35254,22,26229,lunathrombase,fxa,BINDS_TO
25858,22,33359,fibrinogen,thrombin abe i,BINDS_TO
39305,22,37008,ontamalimab,madcam-1,BINDS_TO
26343,22,25858,αiibβ3 integrin,fibrinogen,BINDS_TO
38813,22,38814,sars-cov-2 spike surface glycoprotein,angiotensin converting enzyme 2,BINDS_TO
26395,22,26396,ultra-large von willebrand multimers,platelet surface receptors,BINDS_TO
25935,22,25852,pai-1,tpa,BINDS_TO
27206,22,33689,ang ii,at1 receptor,BINDS_TO
26149,22,31689,factor va,myosin,BINDS_TO
29816,22,29817,rkip,tak1,BINDS_TO
26317,22,39129,fviii,calnexin,BINDS_TO
31260,22,34797,nlrp3,mavs,BINDS_TO
30973,22,30781,d-type cyclins,cdk4/6,BINDS_TO
27161,22,27162,hka,mac-1,BINDS_TO
30421,22,26648,psg1,integrin αiibβ3,BINDS_TO
25832,22,25858,thrombin,fibrinogen,BINDS_TO
26463,22,29227,ang-1,tie-2 receptor,BINDS_TO
39009,22,27555,pf4/heparin antibody,fcγriia,BINDS_TO
32074,22,32075,polyubiquitinated rip1,nemo,BINDS_TO
26106,22,26549,tf,α3β1 integrin,BINDS_TO
33302,22,30463,rac,nadph oxidase complex,BINDS_TO
39784,22,39785,tspan12,norrin,BINDS_TO
31762,22,31761,neuropilin-2,vegf 165,BINDS_TO
39173,22,39174,cd209l,sars-cov-2 spike receptor-binding domain,BINDS_TO
25858,22,33574,fibrinogen,platelet αiibβ3 integrin,BINDS_TO
34822,22,25853,sk,plasminogen,BINDS_TO
27831,22,30902,gpvi,fcrγ chain,BINDS_TO
26628,22,25960,cd11b,icam-1,BINDS_TO
26224,22,28338,igg antibodies,pf4-heparin complex,BINDS_TO
25892,22,26319,vwf,other adhesion receptors,BINDS_TO
25853,22,26827,plasminogen,c3,BINDS_TO
25887,22,25922,protein s,protein c,BINDS_TO
33119,22,34814,stabilin-2,vwf-fviii complex,BINDS_TO
37114,22,26264,spike (s) protein,ace2,BINDS_TO
31312,22,26317,asgpr,fviii,BINDS_TO
34083,22,26343,bitistatin,αiibβ3 integrin,BINDS_TO
28409,22,31460,aip1,ask1,BINDS_TO
28930,22,34260,pcsk9,lrp5,BINDS_TO
32669,22,34797,rig-i,mavs,BINDS_TO
38820,22,38821,anti-d antibody,d antigen,BINDS_TO
26904,22,25918,fxia,platelet membrane,BINDS_TO
27261,22,26865,apl antibodies,β2 gpi,BINDS_TO
30575,22,26155,mechanosome,vegfr2,BINDS_TO
26106,22,26911,tf,tfpi,BINDS_TO
28974,22,26825,mcp,c3b,BINDS_TO
34496,22,34498,lmwls,sodium-bound form of thrombin,BINDS_TO
27793,22,34581,pdi,gp1β,BINDS_TO
26214,22,27841,gas6,tyro3,BINDS_TO
35056,22,25994,thrombin-derived c-terminal peptides,cd14,BINDS_TO
35660,22,26240,oxidized form of vwf disulfide plug,gpib,BINDS_TO
25887,22,26377,protein s,coagulation factor va,BINDS_TO
32677,22,32678,slp4-a,stxbp1,BINDS_TO
37933,22,38017,s1 subunit,ace2 peptidase domain,BINDS_TO
29646,22,31854,pd-1,pd-l1,BINDS_TO
32022,22,32023,p-selectin cytoplasmic tail,talin1,BINDS_TO
25834,22,33689,angiotensin ii,at1 receptor,BINDS_TO
37697,22,25995,fn-eda,tlr4,BINDS_TO
26837,22,26825,factor h,c3b,BINDS_TO
25839,22,36750,antiphospholipid antibodies,beta 2 glycoprotein i receptors on platelets,BINDS_TO
39333,22,27685,β3,vitronectin,BINDS_TO
29659,22,25858,integrin α iib β 3,fibrinogen,BINDS_TO
29870,22,29871,phosphorylated ve-cadherin,β-arrestin2,BINDS_TO
35040,22,28568,igg antibody,fcγiia receptor,BINDS_TO
29797,22,25894,microbial surface components recognizing adhesive matrix molecules,fibronectin,BINDS_TO
25830,22,26236,tissue factor,factor viia,BINDS_TO
31642,22,27736,clec-2 on platelets,podoplanin,BINDS_TO
31569,22,31570,tfpiα c-terminal region,acidic region of fva b-domain,BINDS_TO
29759,22,25858,integrin β3,fibrinogen,BINDS_TO
28930,22,30837,pcsk9,egf-a domain of ldlr,BINDS_TO
29239,22,25951,s100a8/a9,rage,BINDS_TO
25843,22,25853,streptokinase,plasminogen,BINDS_TO
26743,22,27216,fxi,apoer2,BINDS_TO
33462,22,33463,gpib-ix-v complex,vwf multimers,BINDS_TO
38622,22,31260,free txnip,nlrp3,BINDS_TO
33845,22,33846,tand-scfv sca-1+gpiib/iiia,sca-1,BINDS_TO
32862,22,32168,blinatumomab,cd19,BINDS_TO
35679,22,38592,parkin,14-3-3,BINDS_TO
29202,22,29659,jam-a,integrin α iib β 3,BINDS_TO
30108,22,28437,phosphorylated smad2/3,smad4,BINDS_TO
26368,22,26197,hit antibodies,pf4/heparin complexes,BINDS_TO
26181,22,25841,anti-phospholipid antibodies,β2-glycoprotein i,BINDS_TO
26000,22,36387,antibodies,heparin-pf4 complexes,BINDS_TO
32958,22,33610,elotuzumab,slamf7,BINDS_TO
27806,22,26064,vegf-d,vegfr-2,BINDS_TO
27735,22,30488,podoplanin-fc,clec-2,BINDS_TO
28930,22,25968,pcsk9,cd36,BINDS_TO
27290,22,26206,tgf-alpha,egfr,BINDS_TO
32911,22,25832,transferrin,thrombin,BINDS_TO
29299,22,34855,ll37,fpr2/alx,BINDS_TO
37350,22,37353,mpn400,human igm,BINDS_TO
30575,22,27478,mechanosome,ve-cadherin,BINDS_TO
25960,22,25961,icam-1,beta2-integrins,BINDS_TO
36582,22,31414,hfe protein,hepcidin-25,BINDS_TO
36035,22,27413,nfat,stat3,BINDS_TO
27382,22,26206,cetuximab,egfr,BINDS_TO
34279,22,34225,inotuzumab ozogamicin,cd22,BINDS_TO
28919,22,27259,pertuzumab,her2,BINDS_TO
37949,22,26264,s1 domain,ace2,BINDS_TO
40105,22,40106,pf4/heparin immune complexes,fcγriia receptor on platelets,BINDS_TO
27649,22,30924,stxbp5,syntaxin-11/snap23 heterodimers,BINDS_TO
34658,22,25832,gp1b,thrombin,BINDS_TO
25887,22,26073,protein s,factor xa,BINDS_TO
30009,22,29549,anti-aqp4 antibody,aqp4,BINDS_TO
26252,22,27555,anti-pf4/heparin antibodies,fcγriia,BINDS_TO
26130,22,26036,rfviia,antithrombin iii,BINDS_TO
26456,22,39667,psgl-1,p-selectin on platelets,BINDS_TO
30002,22,37256,apls,β2gpi receptors,BINDS_TO
26368,22,36827,hit antibodies,pf4-vwf complexes,BINDS_TO
26246,22,26245,hit antibody,heparin-pf4 complex,BINDS_TO
27812,22,28608,high-molecular-weight kininogen,fusobacterium necrophorum surface proteins,BINDS_TO
35679,22,38591,parkin,pdia,BINDS_TO
27475,22,34517,hif1α,hifβ,BINDS_TO
25841,22,28351,β2-glycoprotein i,apoer2',BINDS_TO
29105,22,26149,tfpiα,factor va,BINDS_TO
26825,22,30820,c3b,cr2,BINDS_TO
26241,22,25858,gpiib/iiia,fibrinogen,BINDS_TO
31760,22,31761,neuropilin-1,vegf 165,BINDS_TO
33408,22,33409,cd28,b7-1,BINDS_TO
30693,22,30691,smad6,tgf-β receptor type i,BINDS_TO
27098,22,27099,cryab,desmin,BINDS_TO
26816,22,33175,c1q,igm or igg immune complexes,BINDS_TO
33061,22,26020,humoab against domain 1,β2gpi,BINDS_TO
32498,22,32502,ar,replication complexes,BINDS_TO
28550,22,28551,pig thrombomodulin,human thrombin,BINDS_TO
31673,22,26827,cd11b/cd18,c3,BINDS_TO
26931,22,25995,hmgb1,tlr4,BINDS_TO
26229,22,26149,fxa,factor va,BINDS_TO
39269,22,39270,influenza a ha protein,sialylated receptors,BINDS_TO
29325,22,29326,hpv16 e7,retinoblastoma protein,BINDS_TO
27706,22,27707,anti-platelet antibodies,platelet glycoproteins iib/iiia and ib/ix,BINDS_TO
33139,22,26545,plt/upa-t,αiibβ3,BINDS_TO
38195,22,26264,sars-cov-2 spike proteins,ace2,BINDS_TO
31158,22,25858,integrin β2,fibrinogen,BINDS_TO
25892,22,28233,vwf,glycoprotein iib/iiia receptors,BINDS_TO
28879,22,36090,sp-d,sirp-alpha,BINDS_TO
27006,22,26093,ecp,thrombomodulin,BINDS_TO
30139,22,30140,hv3 triskaidecapeptide,thrombin exosite 1,BINDS_TO
32379,22,34354,nivolumab,pd-1 receptor,BINDS_TO
26589,22,25922,epcr isoform,protein c,BINDS_TO
35131,22,27736,cd9,podoplanin,BINDS_TO
26607,22,26608,talin,β3 integrin cytoplasmic domain,BINDS_TO
26931,22,28061,hmgb1,trem-1,BINDS_TO
30082,22,25969,ptx3,p-selectin,BINDS_TO
25830,22,25876,tissue factor,factor vii,BINDS_TO
30126,22,29439,belatacept,cd80,BINDS_TO
35100,22,26957,δ30 hmgb1,tlr2,BINDS_TO
25887,22,28037,protein s,mertk,BINDS_TO
29105,22,26229,tfpiα,fxa,BINDS_TO
25888,22,25875,protein s-c4b-binding protein complex,activated protein c,BINDS_TO
32934,22,26227,exactin,fx,BINDS_TO
26360,22,26361,anti-cr1/tpa conjugate,cr1,BINDS_TO
38931,22,26859,apc-g197a,endothelial protein c receptor,BINDS_TO
26816,22,36445,c1q,c1qr,BINDS_TO
26020,22,27216,β2gpi,apoer2,BINDS_TO
29968,22,27052,activated factor xiii,α2-antiplasmin,BINDS_TO
29301,22,29629,romiplostim,tpo receptor,BINDS_TO
28349,22,25892,ch-9.14-t10,vwf,BINDS_TO
35398,22,38662,caplacizumab,a1 domain of von willebrand factor,BINDS_TO
36694,22,27736,hspa9,podoplanin,BINDS_TO
37116,22,37666,nucleocapsid (n) protein,trim25,BINDS_TO
38973,22,38974,platelet cd62p,leukocyte psgl-1,BINDS_TO
25892,22,26317,vwf,fviii,BINDS_TO
38661,22,27679,gsk-3,creb,BINDS_TO
26443,22,26444,chl1,npn1,BINDS_TO
32041,22,25969,inclacumab,p-selectin,BINDS_TO
34530,22,34531,anti-domain 5 antibodies,fluid-phase β2 glycoprotein i,BINDS_TO
27941,22,26330,tgs,tafi,BINDS_TO
26457,22,26330,factor xiii,tafi,BINDS_TO
25839,22,34760,antiphospholipid antibodies,plasma cell proteins,BINDS_TO
29239,22,25995,s100a8/a9,tlr4,BINDS_TO
26368,22,29189,hit antibodies,fcγ receptor iia,BINDS_TO
36775,22,36776,anti-glyrα1 antibodies,glyrα1,BINDS_TO
27791,22,27792,anti-grp78 autoantibodies,grp78,BINDS_TO
35154,22,27018,hmwk,prekallikrein,BINDS_TO
28700,22,27779,pdzk1,sr-bi,BINDS_TO
31327,22,35508,nmmhc iia,f-actin,BINDS_TO
31905,22,25892,adam28,vwf,BINDS_TO
25887,22,28036,protein s,tam receptors,BINDS_TO
27793,22,27936,pdi,glycoprotein ib,BINDS_TO
36787,22,26264,sars-cov-2 spike protein,ace2,BINDS_TO
32896,22,25830,rfvii,tissue factor,BINDS_TO
31413,22,31412,sorla,calcineurin a β,BINDS_TO
25935,22,27685,pai-1,vitronectin,BINDS_TO
26044,22,26045,acl,pc,BINDS_TO
34337,22,39217,escrt-0,ubiquitinated proteins,BINDS_TO
25920,22,26911,factor v,tfpi,BINDS_TO
34898,22,38874,runx1,core-binding factor,BINDS_TO
29428,22,29427,she3,she2,BINDS_TO
29964,22,29965,echicetin,platelet glycoprotein ib,BINDS_TO
30953,22,30954,aviscumine,cd75s,BINDS_TO
28095,22,26214,saxl,gas6,BINDS_TO
27793,22,34577,pdi,β-integrins,BINDS_TO
26266,22,38113,angiotensin-,masr,BINDS_TO
34397,22,28814,ang-,mas receptor,BINDS_TO
34397,22,38218,ang-,at2r,BINDS_TO
27304,22,26931,scfv/tm,hmgb1,BINDS_TO
27279,22,27280,ngr-htnf,aminopeptidase n/cd13,BINDS_TO
37041,22,37042,anti-pp1pk antibody,placental pk and p antigens,BINDS_TO
25983,22,27085,endothelin-1,etr-a,BINDS_TO
37251,22,32431,orf3a,hmox1,BINDS_TO
30684,22,25832,γa/γ’ fibrinogen,thrombin,BINDS_TO
38849,22,29105,fv-short,tfpiα,BINDS_TO
25830,22,28241,tissue factor,coagulation factor x,BINDS_TO
31085,22,25858,fibrinogen receptor,fibrinogen,BINDS_TO
26403,22,25988,prothrombin,fva,BINDS_TO
25834,22,30735,angiotensin ii,angiotensin receptor 1,BINDS_TO
25878,22,29592,factor ix,collagen iv,BINDS_TO
25960,22,40019,icam-1,beta2-integrin,BINDS_TO
27906,22,25877,d’-d3 domains,factor viii,BINDS_TO
32911,22,25898,transferrin,antithrombin,BINDS_TO
25858,22,27415,fibrinogen,integrin alpha iib beta 3,BINDS_TO
39098,22,29604,tafasitamab fc region,fcγriiia,BINDS_TO
26379,22,35206,insulin,igf-1 receptors,BINDS_TO
26318,22,25892,gpibα,vwf,BINDS_TO
28955,22,37984,galectin-1,cd146,BINDS_TO
25846,22,26253,immunoglobulins,pf4/heparin complex,BINDS_TO
27906,22,27907,d’-d3 domains,p-selectin lumenal domain,BINDS_TO
38661,22,25996,gsk-3,nf-κb,BINDS_TO
29266,22,29267,ga,mhc class ii molecules,BINDS_TO
29178,22,33809,β-catenin,tcfs,BINDS_TO
38837,22,26264,sars-cov-2 s1 subunit,ace2,BINDS_TO
26224,22,31214,igg antibodies,pigeon antigen,BINDS_TO
25875,22,26594,activated protein c,endothelial cell protein c receptor,BINDS_TO
26214,22,28094,gas6,axl,BINDS_TO
39585,22,25876,cd142,factor vii,BINDS_TO
27216,22,26020,apoer2,β2gpi,BINDS_TO
26047,22,25875,cl15,activated protein c,BINDS_TO
34075,22,34206,anti-platelet autoantibodies,platelet surface glycoproteins,BINDS_TO
25852,22,28444,tpa,nmda-r1,BINDS_TO
32791,22,26318,14-3-3ζ,gpibα,BINDS_TO
26073,22,34229,factor xa,cofactor fva,BINDS_TO
33404,22,30122,p62,keap1,BINDS_TO
29105,22,25920,tfpiα,factor v,BINDS_TO
33721,22,26931,rhtm,hmgb1,BINDS_TO
34081,22,29847,anti-hpf4 antibody,fc receptors,BINDS_TO
26044,22,25987,acl,apc,BINDS_TO
25898,22,26236,antithrombin,factor viia,BINDS_TO
25876,22,25830,factor vii,tissue factor,BINDS_TO
25892,22,25877,vwf,factor viii,BINDS_TO
34910,22,34911,ro7112689,c5b6 complex,BINDS_TO
26931,22,26957,hmgb1,tlr2,BINDS_TO
33203,22,33204,pasireotide,somatostatin receptor subtypes,BINDS_TO
26236,22,26594,factor viia,endothelial cell protein c receptor,BINDS_TO
30718,22,30719,adi-rich igg,domain i of β2-glycoprotein i,BINDS_TO
26556,22,28738,bro1,snf7,BINDS_TO
36693,22,27736,galectin-8,podoplanin,BINDS_TO
27793,22,28378,pdi,cathepsin g,BINDS_TO
34743,22,25858,hpa-1,fibrinogen,BINDS_TO
29274,22,28977,pvl,c5a receptor,BINDS_TO
27454,22,27455,aerolysin,thy-1,BINDS_TO
26884,22,26569,zpi,protein z,BINDS_TO
26020,22,32832,β2gpi,annexin v and ii,BINDS_TO
27982,22,27980,high mobility group box 1 protein,toll-like receptor 4,BINDS_TO
33278,22,29344,vegfd,vegfr3,BINDS_TO
30983,22,39482,acth,mc2 receptor,BINDS_TO
39173,22,26264,cd209l,ace2,BINDS_TO
31416,22,25830,aryl hydrocarbon receptor,tissue factor,BINDS_TO
36938,22,27937,tspan8,histones,BINDS_TO
37035,22,26264,sars-cov-2 spike (s) protein,ace2,BINDS_TO
38131,22,38134,mrpl41,mrpl65,BINDS_TO
25875,22,26859,activated protein c,endothelial protein c receptor,BINDS_TO
31195,22,28909,sdre,complement factor h,BINDS_TO
34417,22,30223,tspan18,orai1,BINDS_TO
37813,22,37814,anti-pm/scl antibodies,nucleolar protein complex,BINDS_TO
27941,22,26405,tgs,pai-2,BINDS_TO
37662,22,33371,pdi family enzymes,glycoprotein ibα,BINDS_TO
26414,22,29061,jak2 v617f,tpor,BINDS_TO
38661,22,30112,gsk-3,myc,BINDS_TO
37466,22,34797,mda5,mavs,BINDS_TO
25830,22,26684,tissue factor,factor vii/viia,BINDS_TO
27793,22,34582,pdi,collagen vi,BINDS_TO
28930,22,33616,pcsk9,ldl receptor,BINDS_TO
32399,22,34855,anxa1,fpr2/alx,BINDS_TO
25830,22,27163,tissue factor,coagulation factor viia,BINDS_TO
26238,22,28796,autoantibodies,desmosomal structural proteins,BINDS_TO
35679,22,38588,parkin,lamp1,BINDS_TO
26414,22,29062,jak2 v617f,g-csfr,BINDS_TO
26035,22,26020,apl,β2gpi,BINDS_TO
26743,22,26004,fxi,fxii,BINDS_TO
37406,22,27416,lppc/rbdv complex,vegfr,BINDS_TO
39431,22,26264,spike s protein,ace2,BINDS_TO
26521,22,26522,αc-domain,central region of fibrinogen molecule,BINDS_TO
26246,22,28338,hit antibody,pf4-heparin complex,BINDS_TO
26216,22,26214,cnto300,gas6,BINDS_TO
26264,22,36964,ace2,sars-cov-2 spike glycoprotein,BINDS_TO
26224,22,28119,igg antibodies,heparin-platelet factor 4 complex,BINDS_TO
25875,22,34403,activated protein c,tie2,BINDS_TO
34743,22,25881,hpa-1,von willebrand factor,BINDS_TO
25881,22,36728,von willebrand factor,platelet glycoprotein 1b,BINDS_TO
28902,22,27215,apcitide/p280,glycoprotein iib/iiia,BINDS_TO
26238,22,28797,autoantibodies,hemidesmosomal proteins,BINDS_TO
27188,22,33550,platelet p-selectin,neutrophil psgl-1,BINDS_TO
28490,22,28491,cell surface grp78,activated α2-macroglobulin,BINDS_TO
26931,22,25951,hmgb1,rage,BINDS_TO
39661,22,39662,vwf-a1 domain,platelet receptor gpibα,BINDS_TO
38070,22,38071,mg1113,tfpi kunitz-2 domain,BINDS_TO
37651,22,37652,jmjd6,u2af65,BINDS_TO
26246,22,28568,hit antibody,fcγiia receptor,BINDS_TO
25857,22,25858,gp iib/iiia receptor,fibrinogen,BINDS_TO
26650,22,28623,ancas,proteinase 3,BINDS_TO
26545,22,25858,αiibβ3,fibrinogen,BINDS_TO
25892,22,27830,vwf,gpib-ix-v,BINDS_TO
35045,22,28836,tcoa-ngr,αvβ3 integrin,BINDS_TO
39218,22,39219,escrt-i and escrt-ii,specific cargoes,BINDS_TO
26981,22,35358,cd55,cd97,BINDS_TO
26330,22,25853,tafi,plasminogen,BINDS_TO
30479,22,28930,evolocumab,pcsk9,BINDS_TO
26481,22,26317,vwf monomer d' domain,fviii,BINDS_TO
27974,22,27980,extracellular histones,toll-like receptor 4,BINDS_TO
25877,22,25892,factor viii,vwf,BINDS_TO
35796,22,29847,antibody isotypes and subclasses,fc receptors,BINDS_TO
33268,22,32168,inebilizumab,cd19,BINDS_TO
26381,22,26382,calmodulin,p2y1,BINDS_TO
33361,22,26403,par3g e48,prothrombin,BINDS_TO
26224,22,31197,igg antibodies,fcɣiia receptor,BINDS_TO
26911,22,31358,tfpi,xa,BINDS_TO
34749,22,30942,olaratumab,pdgfrα,BINDS_TO
33196,22,33195,ontuxizumab,endosialin,BINDS_TO
30381,22,25847,α2-macroglobulin,proteases,BINDS_TO
38564,22,25935,nb93,pai-1,BINDS_TO
31999,22,25858,batroxobin,fibrinogen,BINDS_TO
26867,22,27793,integrin αvβ3,pdi,BINDS_TO
31335,22,31338,vp35,pias1,BINDS_TO
31296,22,26506,cidrα1.1 domain of pfemp1,epcr,BINDS_TO
26131,22,26132,activated factor x,activated factor v,BINDS_TO
26264,22,37872,ace2,spike glycoprotein,BINDS_TO
31311,22,26317,cd206,fviii,BINDS_TO
30141,22,30140,hcii 1-75,thrombin exosite 1,BINDS_TO
26796,22,28659,cnp,npr-b,BINDS_TO
37710,22,28568,ultra-large immune complexes,fcγiia receptor,BINDS_TO
31194,22,26816,cna,c1q,BINDS_TO
26000,22,29593,antibodies,gpiib/iiia receptor,BINDS_TO
38750,22,37546,anti-libs antibody,activated glycoprotein iib/iiia,BINDS_TO
36881,22,36955,sars-cov-2 proteins,hemoglobin 1-beta chain,BINDS_TO
26867,22,30761,integrin αvβ3,erp5,BINDS_TO
28985,22,36800,sclerostin,lrp5/6,BINDS_TO
26816,22,25892,c1q,vwf,BINDS_TO
30159,22,27974,recombinant thrombomodulin,extracellular histones,BINDS_TO
26252,22,26197,anti-pf4/heparin antibodies,pf4/heparin complexes,BINDS_TO
31293,22,31294,keratin 5,keratin 14,BINDS_TO
26229,22,25988,fxa,fva,BINDS_TO
25830,22,38642,tissue factor,factor vii (fvii) and fviia,BINDS_TO
26073,22,31689,factor xa,myosin,BINDS_TO
32911,22,33154,transferrin,transferrin receptor 1,BINDS_TO
33364,22,33363,fibrinogen γ′,thrombin abe ii,BINDS_TO
31646,22,25969,efb,p-selectin,BINDS_TO
36396,22,36397,lrpprc,pgc-1 alpha,BINDS_TO
26825,22,26826,c3b,factor b,BINDS_TO
34141,22,34142,g3bp,"lectins, extracellular matrix proteins, and integrins",BINDS_TO
28788,22,28789,neutrophil antigen 2a,membrane-bound proteinase 3,BINDS_TO
29711,22,25858,gp iib/iiia,fibrinogen,BINDS_TO
25987,22,26548,apc,par2,BINDS_TO
34373,22,26884,pz,zpi,BINDS_TO
38439,22,38440,monoclonal antibody,protein and non-protein targets,BINDS_TO
28338,22,27555,pf4-heparin complex,fcγriia,BINDS_TO
26657,22,27151,upar,epidermal growth factor receptor,BINDS_TO
38508,22,38509,mhv spike protein,ceacam-1a receptor,BINDS_TO
27185,22,26391,tissue factors,coagulation factors,BINDS_TO
25858,22,29593,fibrinogen,gpiib/iiia receptor,BINDS_TO
25898,22,27836,antithrombin,heparan sulfate proteoglycans,BINDS_TO
25875,22,27977,activated protein c,protease-activated receptor-1,BINDS_TO
27736,22,38711,podoplanin,erm proteins,BINDS_TO
25892,22,35590,vwf,gp ibα,BINDS_TO
26892,22,25830,recombinant factor viia,tissue factor,BINDS_TO
27936,22,25881,glycoprotein ib,von willebrand factor,BINDS_TO
26480,22,31539,vwf a1 domain,platelet gpibα receptor,BINDS_TO
26241,22,25881,gpiib/iiia,von willebrand factor,BINDS_TO
25892,22,29973,vwf,platelet gp ib-ix-v complex,BINDS_TO
25898,22,25880,antithrombin,factor xii,BINDS_TO
31634,22,26442,gp120,cd4,BINDS_TO
36787,22,33137,sars-cov-2 spike protein,tlr,BINDS_TO
25987,22,26299,apc,integrins,BINDS_TO
25858,22,26299,fibrinogen,integrins,BINDS_TO
38959,22,38960,tchh,keratin intermediate filaments,BINDS_TO
26414,22,26147,jak2 v617f,epor,BINDS_TO
32958,22,32959,elotuzumab,slamf7 receptor,BINDS_TO
26648,22,25894,integrin αiibβ3,fibronectin,BINDS_TO
39309,22,39228,anti-pf4/polyanion immune complexes,platelet fcγriia receptors,BINDS_TO
35689,22,25879,ab023,factor xi,BINDS_TO
30127,22,30128,igg1,bp180,BINDS_TO
33128,22,34016,fxa inhibitors,fxa active site,BINDS_TO
38137,22,38138,mrpl5,mt-ssu,BINDS_TO
26264,22,37035,ace2,sars-cov-2 spike (s) protein,BINDS_TO
26957,22,26931,tlr2,hmgb1,BINDS_TO
27304,22,26177,scfv/tm,pecam-1,BINDS_TO
36834,22,37174,spike protein,tmprss2 receptor,BINDS_TO
34809,22,28511,common gamma chain (γc) receptor,jak1,BINDS_TO
25887,22,31571,protein s,k3 domain of tfpiα,BINDS_TO
36785,22,26197,anti-pf4/h antibodies,pf4/heparin complexes,BINDS_TO
26332,22,30809,at,syndecan-4,BINDS_TO
36787,22,38749,sars-cov-2 spike protein,masp2,BINDS_TO
37529,22,25832,rhstm,thrombin,BINDS_TO
26639,22,32996,sdf-1,cxcr-4,BINDS_TO
30329,22,30332,endoglin,α5β1 integrin,BINDS_TO
29646,22,31855,pd-1,pd-l2,BINDS_TO
29034,22,26106,alt-836,tf,BINDS_TO
26487,22,33280,et-1,eta receptor,BINDS_TO
26154,22,25832,bivalirudin,thrombin,BINDS_TO
37402,22,26765,pacs1,furin,BINDS_TO
29924,22,26045,spc-54,pc,BINDS_TO
25911,22,26269,erα,pi3k,BINDS_TO
30439,22,25960,integrin lfa-1,icam-1,BINDS_TO
39861,22,27555,anca igg,fcγriia,BINDS_TO
25875,22,26149,activated protein c,factor va,BINDS_TO
39390,22,38631,sgp130,il-6/il-6r complex,BINDS_TO
36731,22,36710,coronavirus spike protein,ace2 receptor,BINDS_TO
26487,22,38740,et-1,et a r and et b2 r,BINDS_TO
26020,22,26467,β2gpi,tlr-4,BINDS_TO
29803,22,29804,light chain protein,tamm-horsfall protein,BINDS_TO
26020,22,30752,β2gpi,apolipoprotein e receptor 2,BINDS_TO
28082,22,27937,neutrophil elastase,histones,BINDS_TO
29105,22,30809,tfpiα,syndecan-4,BINDS_TO
26368,22,27555,hit antibodies,fcγriia,BINDS_TO
27926,22,30734,gc1qr,high molecular weight kininogen,BINDS_TO
37811,22,27162,cleaved hk,mac-1,BINDS_TO
27436,22,27435,lman1,mcfd2,BINDS_TO
26289,22,39710,disintegrins,glycoprotein iib/iiia (gpiib/iiia) receptor,BINDS_TO
30126,22,29714,belatacept,cd86,BINDS_TO
27435,22,29656,mcfd2,fv and fviii,BINDS_TO
36389,22,26464,all-thiol hmgb1,cxcr4,BINDS_TO
26247,22,26248,hit antibody fc portion,platelet fc receptor,BINDS_TO
26238,22,28280,autoantibodies,type vii collagen,BINDS_TO
29633,22,29634,rasa1,phosphorylated receptor tyrosine kinases,BINDS_TO
25976,22,27915,tsp-1,cd47,BINDS_TO
26660,22,38211,anti-β2gpi antibodies,β2gpi domain 1,BINDS_TO
30565,22,26698,nek2,pp1,BINDS_TO
26106,22,27296,tf,fvii,BINDS_TO
37065,22,37066,ig-p-selectin fusion protein,monocyte psgl-1,BINDS_TO
26790,22,26791,hepcidin,ferroportin,BINDS_TO
27831,22,30711,gpvi,laminins,BINDS_TO
29896,22,27215,antiplatelet antibodies,glycoprotein iib/iiia,BINDS_TO
34167,22,26825,cfhr1,c3b,BINDS_TO
37035,22,37681,sars-cov-2 spike (s) protein,human ace2,BINDS_TO
26648,22,30761,integrin αiibβ3,erp5,BINDS_TO
37035,22,36710,sars-cov-2 spike (s) protein,ace2 receptor,BINDS_TO
37452,22,25919,emicizumab,factor x,BINDS_TO
37108,22,38228,s protein of sars-cov-2,ace2 protein,BINDS_TO
26238,22,28798,autoantibodies,epidermal/tissue transglutaminases,BINDS_TO
26379,22,28683,insulin,igf-1 receptor,BINDS_TO
27259,22,33735,her2,her4,BINDS_TO
28989,22,27302,grk6,pars,BINDS_TO
30734,22,30739,high molecular weight kininogen,"upar, gc1qr, and cytokeratin 1",BINDS_TO
25832,22,26093,thrombin,thrombomodulin,BINDS_TO
25880,22,30739,factor xii,"upar, gc1qr, and cytokeratin 1",BINDS_TO
29981,22,29982,claudin-16,claudin-19,BINDS_TO
35394,22,35394,c1-inhibitor homodimer,c1-inhibitor homodimer,BINDS_TO
28710,22,29602,basiliximab,il-2rα chain,BINDS_TO
25969,22,30390,p-selectin,3cb,BINDS_TO
27693,22,29439,ctla-4,cd80,BINDS_TO
26214,22,28036,gas6,tam receptors,BINDS_TO
36787,22,26200,sars-cov-2 spike protein,hemoglobin,BINDS_TO
26689,22,27836,sflt-1,heparan sulfate proteoglycans,BINDS_TO
30692,22,28437,phosphorylated r-smad,smad4,BINDS_TO
31316,22,25832,γa/γ′ fibrinogen,thrombin,BINDS_TO
30901,22,30902,gpvi receptor,fcrγ chain,BINDS_TO
35456,22,35457,fmp,activated platelet integrin gpiib-iiia,BINDS_TO
26928,22,33380,ctni,actin,BINDS_TO
37075,22,37229,sars-cov-2 s-protein,cd147,BINDS_TO
31183,22,31184,bevacizumab fc region,platelet fcgammariia,BINDS_TO
38142,22,25995,aβ2gpi/β2gpi complexes,tlr4,BINDS_TO
37253,22,37254,normal igg2,fcγriia 131h isoform,BINDS_TO
26830,22,26831,c5b,c6,BINDS_TO
31252,22,31253,at1r-abs,angiotensin ii type 1 receptor,BINDS_TO
31461,22,28409,rip1,aip1,BINDS_TO
33043,22,32498,erβ1,ar,BINDS_TO
30329,22,38049,endoglin,tgf-β receptor complex,BINDS_TO
30594,22,28338,anti-pf4/heparin antibody,pf4-heparin complex,BINDS_TO
27692,22,27693,ipilimumab,ctla-4,BINDS_TO
33732,22,33734,brca2,dmc1,BINDS_TO
33551,22,33552,platelet glycoprotein ibα,neutrophil mac-1,BINDS_TO
25858,22,26571,fibrinogen,gpiib/iiia complex,BINDS_TO
26318,22,33363,gpibα,thrombin abe ii,BINDS_TO
26238,22,26947,autoantibodies,pf4-heparin complexes,BINDS_TO
25831,22,33378,hirudin,alpha thrombin,BINDS_TO
26443,22,27702,chl1,epha7,BINDS_TO
34910,22,26829,ro7112689,c5,BINDS_TO
26181,22,30156,anti-phospholipid antibodies,β2-glycoprotein 1,BINDS_TO
31519,22,25892,gp1bα,vwf,BINDS_TO
26751,22,26753,human protein s,mer rtk,BINDS_TO
27206,22,36374,ang ii,at1r,BINDS_TO
25879,22,28608,factor xi,fusobacterium necrophorum surface proteins,BINDS_TO
37922,22,39450,auto-reactive igm,candidate autoantigens,BINDS_TO
25960,22,25858,icam-1,fibrinogen,BINDS_TO
39968,22,37115,s1 subunit of sars-cov-2 spike glycoprotein,angiotensin-converting enzyme 2,BINDS_TO
37590,22,37592,etrolizumab,αεβ7 integrin heterodimers,BINDS_TO
25839,22,25841,antiphospholipid antibodies,β2-glycoprotein i,BINDS_TO
37872,22,36710,spike glycoprotein,ace2 receptor,BINDS_TO
35532,22,26073,skeletal muscle myosin,factor xa,BINDS_TO
26849,22,26206,panitumumab,egfr,BINDS_TO
33887,22,26241,scfv gpiib/iiia,gpiib/iiia,BINDS_TO
30158,22,25918,histone h3,platelet membrane,BINDS_TO
37708,22,37706,nell2,ros1,BINDS_TO
26789,22,26080,decamers,e-selectin,BINDS_TO
26195,22,25830,fviia,tissue factor,BINDS_TO
29545,22,25968,tsp-2,cd36,BINDS_TO
36993,22,35046,ttf-ngr,cd13,BINDS_TO
26911,22,26073,tfpi,factor xa,BINDS_TO
33777,22,33778,anthrax immune globulin,protective antigen,BINDS_TO
38815,22,26264,spike (s) glycoprotein,ace2,BINDS_TO
31911,22,28437,eif2ak4,smad4,BINDS_TO
26214,22,33541,gas6,mer,BINDS_TO
37395,22,37396,b-knob,b hole,BINDS_TO
29612,22,31845,rgd peptide,integrin receptors,BINDS_TO
27982,22,27983,high mobility group box 1 protein,receptor for advanced glycation end-products,BINDS_TO
34226,22,34227,crgd peptide,gpiib/iiia receptors on activated platelets,BINDS_TO
27736,22,36185,podoplanin,c-type lectin-like receptor 2,BINDS_TO
33144,22,33145,edp,ebp,BINDS_TO
38835,22,36710,sars-cov-2 s1 protein,ace2 receptor,BINDS_TO
27581,22,27827,astf,αvβ3-integrin,BINDS_TO
31604,22,31605,platelet glycoprotein ib α,von willebrand factor a1 domain,BINDS_TO
26238,22,37363,autoantibodies,bp230,BINDS_TO
26648,22,33465,integrin αiibβ3,vwf complexes,BINDS_TO
25969,22,37475,p-selectin,p-selectin ligand,BINDS_TO
37114,22,37115,spike (s) protein,angiotensin-converting enzyme 2,BINDS_TO
29048,22,31358,cetp,xa,BINDS_TO
25834,22,39510,angiotensin ii,atr1 receptor,BINDS_TO
28733,22,26298,pc-a267t,calreticulin,BINDS_TO
37257,22,30752,dimerized β2gpi,apolipoprotein e receptor 2,BINDS_TO
38194,22,25953,andecaliximab,mmp-9,BINDS_TO
35155,22,35156,pcp2,gαo,BINDS_TO
38870,22,38871,spic,nipsnap4,BINDS_TO
27578,22,33360,par3,pro-abe i on prothrombin,BINDS_TO
27974,22,27979,extracellular histones,toll-like receptor 2,BINDS_TO
35545,22,35546,asg-5me,slc44a4,BINDS_TO
31085,22,25894,fibrinogen receptor,fibronectin,BINDS_TO
29695,22,26749,c-jun,p50,BINDS_TO
35203,22,35204,choline-binding protein a,polymeric immunoglobulin receptor,BINDS_TO
30965,22,31246,cd163,haptoglobin-hemoglobin complexes,BINDS_TO
25877,22,25881,factor viii,von willebrand factor,BINDS_TO
38568,22,38569,sars-cov-2 spike (s) glycoprotein,angiotensin converting enzyme-2,BINDS_TO
31741,22,33128,andexanet alfa,fxa inhibitors,BINDS_TO
27699,22,27701,l1,epha4,BINDS_TO
27806,22,27805,vegf-d,vegfr-3,BINDS_TO
26650,22,29298,ancas,pr3,BINDS_TO
26825,22,35703,c3b,cr3,BINDS_TO
32740,22,32741,platelet clec-2,macrophage podoplanin,BINDS_TO
36060,22,36061,donor-specific antibodies,human leukocyte antigens,BINDS_TO
37119,22,30488,pdpn,clec-2,BINDS_TO
30737,22,28814,angiotensin-(1-7) (ang-(1-7)),mas receptor,BINDS_TO
32934,22,26195,exactin,fviia,BINDS_TO
29050,22,27330,traf6,rank,BINDS_TO
35221,22,35222,vwf d'd3 domain,fviii c1 domain,BINDS_TO
30723,22,30724,pfxiii a subunit,pfxiii b subunit,BINDS_TO
30776,22,32544,claudin-4,claudin-8,BINDS_TO
28298,22,28300,mmachc,mmadhc,BINDS_TO
25832,22,27422,thrombin,par receptors,BINDS_TO
37965,22,34622,shh,ptch,BINDS_TO
30929,22,27808,claudin carboxy-terminal pdz binding domain,zo-1,BINDS_TO
26012,22,28207,bnp,npr-c,BINDS_TO
25852,22,25934,tpa,insoluble fibrin,BINDS_TO
31065,22,31066,melanocortin peptides,melanocortin receptors,BINDS_TO
34335,22,34336,rgdfk peptide,gpⅱb/ⅲa complex,BINDS_TO
26706,22,26707,cytochrome c,apaf-1,BINDS_TO
38318,22,38319,cr(nme)eka peptide,fibrin-fibronectin complexes,BINDS_TO
31333,22,31334,vp24,karyopherin α proteins,BINDS_TO
26648,22,27685,integrin αiibβ3,vitronectin,BINDS_TO
26236,22,25830,factor viia,tissue factor,BINDS_TO
39889,22,25858,plasma fxiii,fibrinogen,BINDS_TO
31808,22,25976,tax2,tsp-1,BINDS_TO
27191,22,25953,ngal,mmp-9,BINDS_TO
37034,22,26264,s protein,ace2,BINDS_TO
39949,22,39948,agkisacucetin α chain,gpibα receptor,BINDS_TO
33929,22,28706,nkg2d,mica,BINDS_TO
27793,22,28836,pdi,αvβ3 integrin,BINDS_TO
27736,22,36696,podoplanin,cd44s,BINDS_TO
31159,22,26506,pfemp1,epcr,BINDS_TO
28022,22,26473,dng,albumin,BINDS_TO
26012,22,28524,bnp,nprc,BINDS_TO
25976,22,25968,tsp-1,cd36,BINDS_TO
26879,22,28277,cd154,cd40,BINDS_TO
25935,22,39945,pai-1,low-density lipoprotein receptor-related protein 1,BINDS_TO
26911,22,26106,tfpi,tf,BINDS_TO
33859,22,25969,rsol.cd39-psgl-1,p-selectin,BINDS_TO
37865,22,29593,acutect,gpiib/iiia receptor,BINDS_TO
26661,22,25841,annexin a2,β2-glycoprotein i,BINDS_TO
26797,22,34527,immune complexes,fcγ receptors,BINDS_TO
35254,22,25832,lunathrombase,thrombin,BINDS_TO
26093,22,25832,thrombomodulin,thrombin,BINDS_TO
30229,22,25952,galectin-3,vcam-1,BINDS_TO
25830,22,26479,tissue factor,coagulation factor vii,BINDS_TO
37933,22,39436,s1 subunit,receptor,BINDS_TO
26911,22,26236,tfpi,factor viia,BINDS_TO
26292,22,26293,convulxin,platelet gpvi receptor,BINDS_TO
37986,22,29646,pd-l1 inhibitor,pd-1,BINDS_TO
26557,22,28740,doa4,vps20,BINDS_TO
32911,22,33155,transferrin,transferrin receptor 2,BINDS_TO
28207,22,26012,npr-c,bnp,BINDS_TO
26979,22,28838,protein disulfide isomerase,αvβ3,BINDS_TO
26994,22,28662,variegin,thrombin active site and exosite-i,BINDS_TO
37116,22,37117,nucleocapsid (n) protein,membrane (m) protein,BINDS_TO
26217,22,26218,lg1 domain,gas6 receptors,BINDS_TO
38069,22,26264,s-protein,ace2,BINDS_TO
29105,22,25967,tfpiα,thrombospondin,BINDS_TO
26000,22,28119,antibodies,heparin-platelet factor 4 complex,BINDS_TO
37034,22,39037,s protein,nrp1,BINDS_TO
29548,22,29549,nmo-igg,aqp4,BINDS_TO
29116,22,29117,exposed t-antigen,endogenous igm,BINDS_TO
25969,22,30438,p-selectin,p-selectin glycoprotein ligand-1,BINDS_TO
26381,22,26270,calmodulin,akt,BINDS_TO
26813,22,25878,a3 domain,factor ix,BINDS_TO
36834,22,36710,spike protein,ace2 receptor,BINDS_TO
36016,22,25832,fibrinogen γ',thrombin,BINDS_TO
28369,22,30781,cyclin d1,cdk4/6,BINDS_TO
26379,22,30458,insulin,insulin receptor,BINDS_TO
34375,22,29847,antiplatelet factor 4/heparin antibodies,fc receptors,BINDS_TO
29372,22,25858,clfa,fibrinogen,BINDS_TO
26000,22,39501,antibodies,pf4-polyanion complexes,BINDS_TO
29646,22,39182,pd-1,pd-l1/pd-l2,BINDS_TO
36618,22,29178,lrrfip1/gcf2,β-catenin,BINDS_TO
26277,22,36036,bcl-2,bim,BINDS_TO
26648,22,27793,integrin αiibβ3,pdi,BINDS_TO
25898,22,25878,antithrombin,factor ix,BINDS_TO
25911,22,37200,erα,striatin,BINDS_TO
29539,22,29540,anti-pf4/heparin igg antibodies,platelet fcγiia receptor,BINDS_TO
28338,22,30129,pf4-heparin complex,igg,BINDS_TO
26173,22,26342,cell-free hemoglobin,adamts13,BINDS_TO
26206,22,39543,egfr,ku70/ku80,BINDS_TO
29711,22,25892,gp iib/iiia,vwf,BINDS_TO
26825,22,25969,c3b,p-selectin,BINDS_TO
39512,22,39513,pf4 autoantibody,fcrγiia receptor,BINDS_TO
38661,22,36035,gsk-3,nfat,BINDS_TO
26080,22,26456,e-selectin,psgl-1,BINDS_TO
35679,22,38590,parkin,fremt3,BINDS_TO
25832,22,26802,thrombin,par1,BINDS_TO
26106,22,26479,tf,coagulation factor vii,BINDS_TO
26816,22,38773,c1q,gc1qr/p33,BINDS_TO
29686,22,26911,peptide,tfpi,BINDS_TO
28931,22,28930,amg 145,pcsk9,BINDS_TO
28733,22,28734,pc-a267t,grp-94,BINDS_TO
34373,22,26229,pz,fxa,BINDS_TO
26535,22,26536,anti-nmdar antibodies,nmda receptor nr2b subunit,BINDS_TO
25987,22,26506,apc,epcr,BINDS_TO
37492,22,37493,nek7,lrr domain of nlrp3,BINDS_TO
36787,22,39037,sars-cov-2 spike protein,nrp1,BINDS_TO
34496,22,29830,lmwls,exosite 2 of thrombin,BINDS_TO
27215,22,25881,glycoprotein iib/iiia,von willebrand factor,BINDS_TO
26506,22,26045,epcr,pc,BINDS_TO
28236,22,28614,autotaxin,integrin ανβ3,BINDS_TO
37927,22,25996,glucocorticoid-glucocorticoid receptor complex,nf-κb,BINDS_TO
25875,22,26858,activated protein c,plasminogen-activator inhibitor 1,BINDS_TO
28836,22,25894,αvβ3 integrin,fibronectin,BINDS_TO
26106,22,25913,tf,activated factor vii,BINDS_TO
27635,22,31123,hla,adam10,BINDS_TO
26661,22,25853,annexin a2,plasminogen,BINDS_TO
26487,22,32933,et-1,et receptors,BINDS_TO
34848,22,29249,vn96,heat shock proteins,BINDS_TO
25887,22,29105,protein s,tfpiα,BINDS_TO
38499,22,26241,fibronectin and fibrinogen,gpiib/iiia,BINDS_TO
28061,22,26467,trem-1,tlr-4,BINDS_TO
32903,22,32904,dfp tripeptide motif,coagulation factor xi apple 2 domain,BINDS_TO
26020,22,25881,β2gpi,von willebrand factor,BINDS_TO
37632,22,28425,galcanezumab,cgrp,BINDS_TO
25839,22,30156,antiphospholipid antibodies,β2-glycoprotein 1,BINDS_TO
34481,22,34482,lrrc32,latent tgf-β,BINDS_TO
25898,22,25919,antithrombin,factor x,BINDS_TO
25892,22,38914,vwf,exposed collagen,BINDS_TO
29816,22,29050,rkip,traf6,BINDS_TO
28092,22,28093,anti-hla antibodies,hla antigens,BINDS_TO
32073,22,31461,ciap1 and ciap2,rip1,BINDS_TO
26368,22,28586,hit antibodies,fc receptors on monocytes,BINDS_TO
36834,22,37045,spike protein,ace-2 receptor,BINDS_TO
36834,22,38539,spike protein,hdpp4 receptor,BINDS_TO
36657,22,36658,elmo1,rhog,BINDS_TO
38674,22,34059,cobrotoxin,ikk,BINDS_TO
37035,22,38814,sars-cov-2 spike (s) protein,angiotensin converting enzyme 2,BINDS_TO
26100,22,25858,gp iib-iiia,fibrinogen,BINDS_TO
25983,22,27086,endothelin-1,etr-b,BINDS_TO
26802,22,33359,par1,thrombin abe i,BINDS_TO
37677,22,37679,ae1 n-terminus,aldolase,BINDS_TO
28783,22,25830,hi-con1,tissue factor,BINDS_TO
35402,22,35403,j591,psma,BINDS_TO
27831,22,35234,gpvi,fcrγ,BINDS_TO
36953,22,31350,pnps,cd105,BINDS_TO
29432,22,29433,khd1,eif4g1,BINDS_TO
29673,22,29674,anti-human protein s antibody,platelet phosphofructokinase,BINDS_TO
38674,22,26749,cobrotoxin,p50,BINDS_TO
26299,22,26861,integrins,rgd motif,BINDS_TO
31911,22,31912,eif2ak4,tgf-beta receptor 1,BINDS_TO
37108,22,26264,s protein of sars-cov-2,ace2,BINDS_TO
25988,22,29801,fva,peptide representing ps residues 37-50,BINDS_TO
37677,22,37680,ae1 n-terminus,glyceraldehyde 3-phosphate dehydrogenase,BINDS_TO
28358,22,28359,k8,f508del-cftr,BINDS_TO
27581,22,26867,astf,integrin αvβ3,BINDS_TO
25952,22,36838,vcam-1,integrin α9β1,BINDS_TO
39616,22,39617,spike-glycoprotein of sars-cov-2,tlr4 receptors,BINDS_TO
35593,22,30289,fyn,pkcζ,BINDS_TO
39071,22,25881,gpib-v-ix,von willebrand factor,BINDS_TO
29428,22,29429,she3,myo4,BINDS_TO
26823,22,33177,c4b,c2a,BINDS_TO
39349,22,26264,s1,ace2,BINDS_TO
29168,22,26743,14e11,fxi,BINDS_TO
30159,22,27937,recombinant thrombomodulin,histones,BINDS_TO
37008,22,37533,madcam-1,α4β7 integrin,BINDS_TO
25935,22,27199,pai-1,upa,BINDS_TO
26113,22,29227,ang-2,tie-2 receptor,BINDS_TO
25858,22,26648,fibrinogen,integrin αiibβ3,BINDS_TO
37750,22,37751,neutrophil surface antigen,upregulated adhesion markers on inflamed cells,BINDS_TO
29696,22,29697,gα12,α-snap,BINDS_TO
25917,22,25918,igg autoantibodies,platelet membrane,BINDS_TO
26206,22,39544,egfr,dna-pkcs,BINDS_TO
27572,22,36674,ne,gsdmd,BINDS_TO
26347,22,26236,sepcr,factor viia,BINDS_TO
25832,26,28498,thrombin,par-4,INTERACTS_WITH
28129,26,26155,dab2ip,vegfr2,INTERACTS_WITH
37037,26,27179,il-6r,gp130,INTERACTS_WITH
29643,26,29644,rasal2,ect2,INTERACTS_WITH
36881,26,27926,sars-cov-2 proteins,gc1qr,INTERACTS_WITH
26649,26,29097,plcγ2,grb2,INTERACTS_WITH
28129,26,29642,dab2ip,tnfr1,INTERACTS_WITH
26671,26,26672,hnf-4,hif,INTERACTS_WITH
26195,26,25830,fviia,tissue factor,INTERACTS_WITH
26073,26,26149,factor xa,factor va,INTERACTS_WITH
36509,26,30229,galectin-3 bp,galectin-3,INTERACTS_WITH
32230,26,25903,prolactin receptor,protein kinase c,INTERACTS_WITH
27736,26,36185,podoplanin,c-type lectin-like receptor 2,INTERACTS_WITH
29653,26,28413,p47phox,nox2,INTERACTS_WITH
26483,26,28619,dalteparin,sflt1,INTERACTS_WITH
25887,26,27096,protein s,fva/fviiia/fxa,INTERACTS_WITH
26113,26,26114,ang-2,tie-2,INTERACTS_WITH
29653,26,37277,p47phox,nox1,INTERACTS_WITH
33018,26,33019,anti-citrullinated protein antibody,hla-drb1 shared epitope,INTERACTS_WITH
26463,26,26114,ang-1,tie-2,INTERACTS_WITH
34720,26,34721,icp4,tbp,INTERACTS_WITH
25832,26,26509,thrombin,par-1,INTERACTS_WITH
29981,26,29982,claudin-16,claudin-19,INTERACTS_WITH
35265,26,35266,ns2 protein,crm1,INTERACTS_WITH
31461,26,34368,rip1,rip3 and mlkl,INTERACTS_WITH
38915,26,38916,collagen-bound vwf,platelet gpib-ix-v complex,INTERACTS_WITH
26649,26,39110,plcγ2,vav,INTERACTS_WITH
25858,26,38917,fibrinogen,platelet gpiib/iiia,INTERACTS_WITH
26241,26,28838,gpiib/iiia,αvβ3,INTERACTS_WITH
37251,26,36538,orf3a,traf3,INTERACTS_WITH
30329,26,38050,endoglin,gipc,INTERACTS_WITH
36066,26,33030,14-3-3t,beclin-1,INTERACTS_WITH
26106,20,27296,tf,fvii,ACTIVATES
25852,20,27817,tpa,nmda receptors,ACTIVATES
28294,20,25832,fxa-fva complex,thrombin,ACTIVATES
35829,20,26009,sc35,e2f1,ACTIVATES
37251,20,27981,orf3a,nlrp3 inflammasome,ACTIVATES
32448,20,27981,ll-37,nlrp3 inflammasome,ACTIVATES
26818,20,26819,c1r,c1s,ACTIVATES
35828,20,26009,srpk2,e2f1,ACTIVATES
26414,20,26205,jak2 v617f,stat5,ACTIVATES
26073,20,26548,factor xa,par2,ACTIVATES
28490,20,28492,cell surface grp78,pak-2,ACTIVATES
35375,20,35377,jak-2 v617f,tpo-receptor,ACTIVATES
29283,20,25919,tf/viia complex,factor x,ACTIVATES
26757,20,29060,met,stat,ACTIVATES
26272,20,25935,rtpa,pai-1,ACTIVATES
28367,20,28368,hif2α,rgfα,ACTIVATES
31634,20,28329,gp120,erk1/2 phosphorylation,ACTIVATES
35976,20,25880,eosinophil granular proteins,factor xii,ACTIVATES
31795,20,25982,matrix metalloproteinase-13,par-2,ACTIVATES
31521,20,36035,btk,nfat,ACTIVATES
39585,20,25876,cd142,factor vii,ACTIVATES
37894,20,37895,anti-pth receptor autoantibodies,pth receptors,ACTIVATES
37462,20,29460,tgf-β1-tβri-tβrii complex,smad2,ACTIVATES
25882,20,26037,tissue plasminogen activator,plasmin,ACTIVATES
26106,20,25878,tf,factor ix,ACTIVATES
27555,20,31460,fcγriia,ask1,ACTIVATES
33621,20,26819,kallikreins,c1s,ACTIVATES
30488,20,30489,clec-2,spleen tyrosine kinase,ACTIVATES
30519,20,30520,cre recombinase,idtr expression,ACTIVATES
25832,20,25879,thrombin,factor xi,ACTIVATES
32793,20,26757,sam synthetase,met,ACTIVATES
29336,20,25922,thrombin/thrombomodulin complex,protein c,ACTIVATES
35692,20,34398,angiotensin 1-7,mas,ACTIVATES
26646,20,25996,p38 mapk,nf-κb,ACTIVATES
34062,20,27238,cathepsin s,protease-activated receptor 2,ACTIVATES
28698,20,36987,myd88,hck,ACTIVATES
25834,20,37025,angiotensin ii,atr1,ACTIVATES
27982,20,27981,high mobility group box 1 protein,nlrp3 inflammasome,ACTIVATES
26061,20,29039,hif-1α,hk,ACTIVATES
28815,20,28816,pf4/heparin/igg complex,intrinsic tissue factor,ACTIVATES
27199,20,25953,upa,mmp-9,ACTIVATES
26820,20,26821,activated c1s,c4,ACTIVATES
25969,20,25996,p-selectin,nf-κb,ACTIVATES
37650,20,25933,prdm6,caspase-3,ACTIVATES
25832,20,26457,thrombin,factor xiii,ACTIVATES
26037,20,34593,plasmin,metalloprotease proteins,ACTIVATES
28475,20,25919,tf-viia complex,factor x,ACTIVATES
26430,20,31601,factor xia,tafi (thrombin-activatable fibrinolysis inhibitor),ACTIVATES
28527,20,30856,corin,pro-anp,ACTIVATES
28986,20,27981,saa,nlrp3 inflammasome,ACTIVATES
26980,20,25878,rfviia-tissue factor complex,factor ix,ACTIVATES
26206,20,26759,egfr,ras,ACTIVATES
29282,20,25853,desmoteplase,plasminogen,ACTIVATES
27042,20,26037,tissue-type plasminogen activator,plasmin,ACTIVATES
31126,20,25982,tf-fvii complex,par-2,ACTIVATES
25847,20,27324,proteases,protease-activated receptors,ACTIVATES
25832,20,25919,thrombin,factor x,ACTIVATES
25969,20,27722,p-selectin,naf-1 phosphorylation,ACTIVATES
27981,20,26497,nlrp3 inflammasome,caspase-1,ACTIVATES
26756,20,35236,syk,plcγ,ACTIVATES
26930,20,26903,kallikrein,fxiia,ACTIVATES
25875,20,34402,activated protein c,protease activated receptor 3,ACTIVATES
26931,20,25996,hmgb1,nf-κb,ACTIVATES
33689,20,25902,at1 receptor,phospholipase c,ACTIVATES
31131,20,27107,arhgef10,rhoa,ACTIVATES
25854,20,25853,mtpa,plasminogen,ACTIVATES
25875,20,27977,activated protein c,protease-activated receptor-1,ACTIVATES
27685,20,28838,vitronectin,αvβ3,ACTIVATES
31701,20,28258,alk1,matrix gla protein,ACTIVATES
26497,20,32343,caspase-1,gasdermin d,ACTIVATES
27130,20,25852,gal-1,tpa,ACTIVATES
26004,20,27018,fxii,prekallikrein,ACTIVATES
26816,20,27727,c1q,nf-κb nuclear translocation,ACTIVATES
26494,20,26495,pstpip1,pyrin,ACTIVATES
28325,20,31679,rtks,pld1,ACTIVATES
26905,20,25919,tf-fviia complex,factor x,ACTIVATES
33622,20,26827,elastases,c3,ACTIVATES
26073,20,26912,factor xa,prothrombin to thrombin,ACTIVATES
29301,20,29629,romiplostim,tpo receptor,ACTIVATES
25832,20,27278,thrombin,factor xiiia,ACTIVATES
27378,20,27379,epor-r129c,sapk/jnk,ACTIVATES
30405,20,29363,histones h3 and h4,tlr9,ACTIVATES
27489,20,32292,p2y12 receptor,gαi proteins,ACTIVATES
26905,20,26228,tf-fviia complex,fix,ACTIVATES
35316,20,26743,α-fxiia,fxi,ACTIVATES
33790,20,27405,enterokinase,trypsin,ACTIVATES
26016,20,26821,crp,c4,ACTIVATES
34342,20,25853,sk-pg* complex,plasminogen,ACTIVATES
35714,20,35716,anti‐β2‐gpi antibodies,nf‐κb,ACTIVATES
36411,20,36964,cathepsin l,sars-cov-2 spike glycoprotein,ACTIVATES
28472,20,28471,p2y12,rap1,ACTIVATES
27432,20,27433,erk2 map kinase,vg1rbp,ACTIVATES
26270,20,35414,akt,jnk1/2,ACTIVATES
29916,20,29914,p72syk kinase,band 3,ACTIVATES
36787,20,26759,sars-cov-2 spike protein,ras,ACTIVATES
28039,20,27644,vav1,rac1,ACTIVATES
26110,20,25878,tf-factor viia complex,factor ix,ACTIVATES
26904,20,26004,fxia,fxii,ACTIVATES
38494,20,38495,sirt3,mnsod2,ACTIVATES
33760,20,28623,cathepsin c,proteinase 3,ACTIVATES
36380,20,27225,m6p/igfii receptor,renin,ACTIVATES
31389,20,25832,mac,thrombin,ACTIVATES
25933,20,36402,caspase-3,rho-associated kinase,ACTIVATES
25920,20,26403,factor v,prothrombin,ACTIVATES
25832,20,27103,thrombin,cpu,ACTIVATES
35864,20,26806,rip2 kinase,mapk,ACTIVATES
28472,20,26206,p2y12,egfr,ACTIVATES
33619,20,26827,trypsins,c3,ACTIVATES
26200,20,25983,hemoglobin,endothelin-1,ACTIVATES
27237,20,26299,tf:fviia complex,integrins,ACTIVATES
26903,20,26743,fxiia,fxi,ACTIVATES
25830,20,26236,tissue factor,factor viia,ACTIVATES
39306,20,26033,procoagulant venoms,clotting factors,ACTIVATES
35692,20,28814,angiotensin 1-7,mas receptor,ACTIVATES
25852,20,30300,tpa,mplg,ACTIVATES
32084,20,32085,agonistic autoantibodies,angiotensin ii type 1 (at1) receptor,ACTIVATES
25843,20,26037,streptokinase,plasmin,ACTIVATES
31416,20,25830,aryl hydrocarbon receptor,tissue factor,ACTIVATES
38202,20,35728,orf8,nlrp3 inflammasomes,ACTIVATES
28149,20,31544,trap,erk5,ACTIVATES
32560,20,32561,hcv glycoprotein e2,cd81 in b cells,ACTIVATES
35923,20,26403,von willebrand factor binding protein,prothrombin,ACTIVATES
32323,20,26205,lyn,stat5,ACTIVATES
27922,20,25995,hsp60,tlr4,ACTIVATES
25987,20,28015,apc,protease-activated receptor 1,ACTIVATES
26903,20,25879,fxiia,factor xi,ACTIVATES
37452,20,25919,emicizumab,factor x,ACTIVATES
29224,20,29225,mglur5,nmdar,ACTIVATES
26430,20,25919,factor xia,factor x,ACTIVATES
28138,20,25995,vt+/pm- igg,tlr4,ACTIVATES
25969,20,32024,p-selectin,platelet integrins,ACTIVATES
30026,20,26827,chymase,c3,ACTIVATES
30690,20,30691,tgf-β receptor type ii,tgf-β receptor type i,ACTIVATES
30296,20,28206,urodilantin,npr-a,ACTIVATES
26037,20,33625,plasmin,collagenases,ACTIVATES
30734,20,26829,high molecular weight kininogen,c5,ACTIVATES
27199,20,25853,upa,plasminogen,ACTIVATES
30942,20,30934,pdgfrα,phosphoinositide 3-kinase,ACTIVATES
25832,20,39698,thrombin,cofactor viii,ACTIVATES
34091,20,26270,pdk-1,akt,ACTIVATES
27974,20,28905,extracellular histones,toll-like receptors,ACTIVATES
26214,20,26343,gas6,αiibβ3 integrin,ACTIVATES
26214,20,28074,gas6,c-mer,ACTIVATES
27804,20,28932,sox18,prox1,ACTIVATES
25875,20,26802,activated protein c,par1,ACTIVATES
28039,20,28040,vav1,cdc42,ACTIVATES
26401,20,25919,tf-factor vii complex,factor x,ACTIVATES
26407,20,26614,pa,mtor,ACTIVATES
29290,20,29017,sting,irf3,ACTIVATES
26421,20,27296,fsap,fvii,ACTIVATES
26757,20,25996,met,nf-κb,ACTIVATES
25832,20,33139,thrombin,plt/upa-t,ACTIVATES
32686,20,27644,phosphorylated fak,rac1,ACTIVATES
34924,20,27141,hmgb1/rage,erk1/2,ACTIVATES
26696,20,38807,aβ,ionotropic glutamate receptors,ACTIVATES
26429,20,27186,mmp-13,endostatin,ACTIVATES
37152,20,25880,masp-1,factor xii,ACTIVATES
27489,20,26269,p2y12 receptor,pi3k,ACTIVATES
37769,20,37770,masp-3,pro-factor d,ACTIVATES
30781,20,33748,cdk4/6,rb protein,ACTIVATES
25831,20,26036,hirudin,antithrombin iii,ACTIVATES
27493,20,27107,coagulation factor xa,rhoa,ACTIVATES
26931,20,32824,hmgb1,neutrophil tlrs,ACTIVATES
27572,20,26467,ne,tlr-4,ACTIVATES
26759,20,29255,ras,raf,ACTIVATES
29057,20,27779,apoa-i,sr-bi,ACTIVATES
25844,20,37225,urokinase,txa-bound plasminogen,ACTIVATES
26930,20,26004,kallikrein,fxii,ACTIVATES
30544,20,30275,vegf ligands,vegf-r2,ACTIVATES
30726,20,30727,conatumumab,death receptor 5,ACTIVATES
26037,20,25998,plasmin,mmps,ACTIVATES
27555,20,26649,fcγriia,plcγ2,ACTIVATES
26214,20,26269,gas6,pi3k,ACTIVATES
35946,20,29060,jak enzymes,stat,ACTIVATES
28082,20,26467,neutrophil elastase,tlr-4,ACTIVATES
25830,20,26391,tissue factor,coagulation factors,ACTIVATES
31233,20,25920,russell's viper venom serine protease isoenzymes,factor v,ACTIVATES
26607,20,26343,talin,αiibβ3 integrin,ACTIVATES
26037,20,26802,plasmin,par1,ACTIVATES
26278,20,26282,caspase-8,bid,ACTIVATES
26064,20,26709,vegfr-2,caspase-9,ACTIVATES
31521,20,25996,btk,nf-κb,ACTIVATES
31460,20,26810,ask1,jnk,ACTIVATES
39296,20,26269,ras family members,pi3k,ACTIVATES
26972,20,26206,mmp-2,egfr,ACTIVATES
28996,20,25919,tf/factor viia complex,factor x,ACTIVATES
27675,20,25876,prothrombinase,factor vii,ACTIVATES
32116,20,32117,β-tryptase,protease activated receptor type 2,ACTIVATES
26099,20,36202,platelet agonists,lmwptp,ACTIVATES
26696,20,25880,aβ,factor xii,ACTIVATES
36698,20,26509,thrombin-activated pc/epcr/tm complex,par-1,ACTIVATES
27981,20,26284,nlrp3 inflammasome,caspases,ACTIVATES
31371,20,25919,extrinsic tenase,factor x,ACTIVATES
25887,20,25922,protein s,protein c,ACTIVATES
28475,20,25878,tf-viia complex,factor ix,ACTIVATES
25983,20,26145,endothelin-1,enos,ACTIVATES
25832,20,26003,thrombin,thrombin-activatable fibrinolysis inhibitor,ACTIVATES
26646,20,35773,p38 mapk,hif-2α expression,ACTIVATES
27042,20,25853,tissue-type plasminogen activator,plasminogen,ACTIVATES
31797,20,26829,tryptase,c5,ACTIVATES
37152,20,26403,masp-1,prothrombin,ACTIVATES
26113,20,27772,ang-2,rho-kinase,ACTIVATES
27095,20,25922,thrombin bound to thrombomodulin,protein c,ACTIVATES
34358,20,25911,ppt,erα,ACTIVATES
25968,20,31544,cd36,erk5,ACTIVATES
29076,20,29077,ck1δ/ε,per1,ACTIVATES
26016,20,26827,crp,c3,ACTIVATES
34899,20,34900,myb,klf1,ACTIVATES
26931,20,26957,hmgb1,tlr2,ACTIVATES
36266,20,25853,thrombolytics,plasminogen,ACTIVATES
25875,20,29505,activated protein c,protease activated receptor-1,ACTIVATES
33896,20,27108,gef-h1 release,rock,ACTIVATES
38036,20,34407,ela,apj receptor,ACTIVATES
25987,20,26509,apc,par-1,ACTIVATES
25832,20,26635,thrombin,fxiii,ACTIVATES
31797,20,26821,tryptase,c4,ACTIVATES
26430,20,25877,factor xia,factor viii,ACTIVATES
25832,20,26829,thrombin,c5,ACTIVATES
25913,20,25878,activated factor vii,factor ix,ACTIVATES
28039,20,28041,vav1,rho a,ACTIVATES
35316,20,35317,α-fxiia,pk,ACTIVATES
38329,20,26145,p2y2,enos,ACTIVATES
26765,20,26012,furin,bnp,ACTIVATES
27018,20,26004,prekallikrein,fxii,ACTIVATES
30643,20,37325,raf kinases,mek1 and mek2,ACTIVATES
26129,20,25902,p2y1 receptor,phospholipase c,ACTIVATES
26004,20,33517,fxii,akt2,ACTIVATES
29050,20,31460,traf6,ask1,ACTIVATES
35045,20,26403,tcoa-ngr,prothrombin,ACTIVATES
35375,20,35376,jak-2 v617f,epo-receptor,ACTIVATES
26931,20,25995,hmgb1,tlr4,ACTIVATES
26269,20,33302,pi3k,rac,ACTIVATES
32777,20,32785,apoc-iii,pkc β,ACTIVATES
30180,20,25995,mpl,tlr4,ACTIVATES
35864,20,25996,rip2 kinase,nf-κb,ACTIVATES
29732,20,28699,tlr-3,trif,ACTIVATES
34924,20,26646,hmgb1/rage,p38 mapk,ACTIVATES
26089,20,26090,p2y6 receptor,cftr,ACTIVATES
26904,20,25831,fxia,hirudin,ACTIVATES
30040,20,31679,gpcrs,pld1,ACTIVATES
26061,20,30716,hif-1α,pdk,ACTIVATES
25887,20,26911,protein s,tfpi,ACTIVATES
34062,20,34063,cathepsin s,invariant chain-mhc-ii complex,ACTIVATES
31443,20,31444,l-type ca2+ channels,ryanodine receptor 1,ACTIVATES
25997,20,36221,mmp-3,other mmps,ACTIVATES
37388,20,37389,nlrp12/nlrp3/nlrc4 inflammasome,casp1,ACTIVATES
25839,20,26646,antiphospholipid antibodies,p38 mapk,ACTIVATES
26037,20,26176,plasmin,scfv/lmw-scupa,ACTIVATES
33020,20,26391,thrombin-like protease,coagulation factors,ACTIVATES
28361,20,26509,mmp1,par-1,ACTIVATES
29301,20,33010,romiplostim,janus 2 kinase,ACTIVATES
31288,20,31289,ercc-1,nucleases,ACTIVATES
32746,20,26403,snake venom metalloproteases,prothrombin,ACTIVATES
31511,20,31512,c-met l1195v mutation,"phosphatidylinositol-4,5-bisphosphate 3-kinase",ACTIVATES
26214,20,28094,gas6,axl,ACTIVATES
27852,20,26957,hsp70,tlr2,ACTIVATES
27020,20,26004,plasma kallikrein,fxii,ACTIVATES
26930,20,26827,kallikrein,c3,ACTIVATES
31126,20,26548,tf-fvii complex,par2,ACTIVATES
27199,20,25998,upa,mmps,ACTIVATES
26431,20,27018,factor xiia,prekallikrein,ACTIVATES
33718,20,26129,2mesatp,p2y1 receptor,ACTIVATES
37152,20,26457,masp-1,factor xiii,ACTIVATES
27206,20,36374,ang ii,at1r,ACTIVATES
27924,20,25996,tlrs,nf-κb,ACTIVATES
31137,20,26757,aberrant hgf expression,met,ACTIVATES
26497,20,26495,caspase-1,pyrin,ACTIVATES
28527,20,26012,corin,bnp,ACTIVATES
26269,20,36035,pi3k,nfat,ACTIVATES
30358,20,30359,b-raf,mek1,ACTIVATES
27736,20,30488,podoplanin,clec-2,ACTIVATES
38810,20,27981,orf8b,nlrp3 inflammasome,ACTIVATES
31793,20,25982,tf-viia-xa,par-2,ACTIVATES
36411,20,27009,cathepsin l,heparanase,ACTIVATES
26270,20,31743,akt,gsk3α,ACTIVATES
32342,20,32343,caspase-4/11,gasdermin d,ACTIVATES
26903,20,26403,fxiia,prothrombin,ACTIVATES
28108,20,28110,mtor c1,4e-bp1,ACTIVATES
27237,20,27302,tf:fviia complex,pars,ACTIVATES
33178,20,26826,factor d,factor b,ACTIVATES
32417,20,26806,jak,mapk,ACTIVATES
26229,20,26548,fxa,par2,ACTIVATES
35591,20,27557,gp ib-ix-v,src family kinases,ACTIVATES
25919,20,25832,factor x,thrombin,ACTIVATES
37356,20,28028,gp41,tcr,ACTIVATES
26037,20,29314,plasmin,membrane attack complex,ACTIVATES
27199,20,30300,upa,mplg,ACTIVATES
36410,20,27787,proheparanase,p38,ACTIVATES
29336,20,34285,thrombin/thrombomodulin complex,procarboxypeptidase b2,ACTIVATES
26379,20,26269,insulin,pi3k,ACTIVATES
27852,20,25995,hsp70,tlr4,ACTIVATES
35375,20,28769,jak-2 v617f,g-csf receptor,ACTIVATES
27836,20,25898,heparan sulfate proteoglycans,antithrombin,ACTIVATES
28237,20,25878,tissue factor-factor viia complex,factor ix,ACTIVATES
26236,20,25919,factor viia,factor x,ACTIVATES
34873,20,28241,cp,coagulation factor x,ACTIVATES
26754,20,26756,fcαri,syk,ACTIVATES
35828,20,35829,srpk2,sc35,ACTIVATES
26080,20,36727,e-selectin,cd18 (mac-1) integrins,ACTIVATES
26093,20,27066,thrombomodulin,plasma procarboxypeptidase b,ACTIVATES
27675,20,26403,prothrombinase,prothrombin,ACTIVATES
28503,20,26003,thrombin-tm complex,thrombin-activatable fibrinolysis inhibitor,ACTIVATES
36410,20,26270,proheparanase,akt,ACTIVATES
26148,20,28748,glucagon,phosphorylase in the liver,ACTIVATES
29136,20,29137,hit ab complex,fcγri receptor,ACTIVATES
32183,20,25832,factor xa (fxa)-factor v (fv) complex,thrombin,ACTIVATES
25830,20,25878,tissue factor,factor ix,ACTIVATES
25834,20,32277,angiotensin ii,adam-17,ACTIVATES
38192,20,26061,acetylation,hif-1α,ACTIVATES
27788,20,31132,caspase 3,rock1,ACTIVATES
26270,20,26887,akt,gsk3β,ACTIVATES
27168,20,25832,prothrombinase complex,thrombin,ACTIVATES
25852,20,30297,tpa,plg,ACTIVATES
33619,20,26816,trypsins,c1q,ACTIVATES
25919,20,26403,factor x,prothrombin,ACTIVATES
35562,20,27557,cd45,src family kinases,ACTIVATES
29303,20,26906,elastase,fv,ACTIVATES
25832,20,25988,thrombin,fva,ACTIVATES
25834,20,31253,angiotensin ii,angiotensin ii type 1 receptor,ACTIVATES
26421,20,26829,fsap,c5,ACTIVATES
27678,20,38310,pka,kcnk3,ACTIVATES
32586,20,26390,pafr,pkc,ACTIVATES
28592,20,28593,janus kinase 2,stat proteins,ACTIVATES
26649,20,26648,plcγ2,integrin αiibβ3,ACTIVATES
25834,20,33689,angiotensin ii,at1 receptor,ACTIVATES
28193,20,25919,serine proteases,factor x,ACTIVATES
26155,20,29255,vegfr2,raf,ACTIVATES
25832,20,39699,thrombin,cofactor v,ACTIVATES
25843,20,25853,streptokinase,plasminogen,ACTIVATES
26812,20,25879,α-thrombin,factor xi,ACTIVATES
28557,20,26403,fgl2,prothrombin,ACTIVATES
28905,20,27981,toll-like receptors,nlrp3 inflammasome,ACTIVATES
28108,20,28109,mtor c1,p70s6k,ACTIVATES
25832,20,27117,thrombin,procofactors,ACTIVATES
26016,20,27518,crp,complement,ACTIVATES
30919,20,26548,fltf/fviia complex,par2,ACTIVATES
30180,20,26806,mpl,mapk,ACTIVATES
36904,20,26206,serine elastases,egfr,ACTIVATES
26756,20,26269,syk,pi3k,ACTIVATES
30734,20,25880,high molecular weight kininogen,factor xii,ACTIVATES
25844,20,25853,urokinase,plasminogen,ACTIVATES
26902,20,25853,urokinase plasminogen activator,plasminogen,ACTIVATES
25969,20,27162,p-selectin,mac-1,ACTIVATES
26206,20,30643,egfr,raf kinases,ACTIVATES
26973,20,26816,antibody,c1q,ACTIVATES
26646,20,28091,p38 mapk,elk-1,ACTIVATES
26903,20,26227,fxiia,fx,ACTIVATES
25933,20,34144,caspase-3,mst1,ACTIVATES
34448,20,33340,perk,chop,ACTIVATES
25880,20,27141,factor xii,erk1/2,ACTIVATES
26904,20,26906,fxia,fv,ACTIVATES
35678,20,35679,pink1,parkin,ACTIVATES
28259,20,28258,vitamin k-dependent γ-carboxylase,matrix gla protein,ACTIVATES
36007,20,25832,tissue factor–fx complex,thrombin,ACTIVATES
31794,20,25982,matrix metalloproteinase-1,par-2,ACTIVATES
33178,20,37852,factor d,alternative pathway of complement,ACTIVATES
28132,20,26759,ezh2,ras,ACTIVATES
26972,20,25982,mmp-2,par-2,ACTIVATES
25995,20,26269,tlr4,pi3k,ACTIVATES
25882,20,25853,tissue plasminogen activator,plasminogen,ACTIVATES
26527,20,27103,thrombin-thrombomodulin,cpu,ACTIVATES
25834,20,37198,angiotensin ii,angiotensin type 1 receptors,ACTIVATES
33629,20,26829,klk3,c5,ACTIVATES
27240,20,27045,α1d-adrenergic receptor,erk,ACTIVATES
28851,20,25853,eupolytin1,plasminogen,ACTIVATES
25832,20,25878,thrombin,factor ix,ACTIVATES
29274,20,26241,pvl,gpiib/iiia,ACTIVATES
26529,20,26530,ivig,serum complement,ACTIVATES
33619,20,26829,trypsins,c5,ACTIVATES
34619,20,34620,opsin-3,dopachrome tautomerase,ACTIVATES
29528,20,37325,braf,mek1 and mek2,ACTIVATES
26035,20,27518,apl,complement,ACTIVATES
28378,20,28498,cathepsin g,par-4,ACTIVATES
36836,20,26403,masp-2,prothrombin,ACTIVATES
34207,20,25919,activated factor ix-activated factor viii complex,factor x,ACTIVATES
30756,20,38310,pkg,kcnk3,ACTIVATES
26343,20,27555,αiibβ3 integrin,fcγriia,ACTIVATES
27892,20,26229,tf/fviia complex,fxa,ACTIVATES
25913,20,25919,activated factor vii,factor x,ACTIVATES
26414,20,34396,jak2 v617f,β1/β2 integrins,ACTIVATES
30259,20,30260,tβri,smad2 and smad3,ACTIVATES
26073,20,26509,factor xa,par-1,ACTIVATES
31133,20,27324,serine protease,protease-activated receptors,ACTIVATES
26487,20,30894,et-1,eta- and etb-receptors,ACTIVATES
26903,20,26818,fxiia,c1r,ACTIVATES
37034,20,25996,s protein,nf-κb,ACTIVATES
30369,20,26794,p47 phosphorylation,nadph oxidase,ACTIVATES
25832,20,38379,thrombin,proteinase-activated receptor-1,ACTIVATES
28365,20,26614,rheb,mtor,ACTIVATES
26553,20,25996,angii,nf-κb,ACTIVATES
33765,20,25878,fviia/tf complex,factor ix,ACTIVATES
25832,20,27106,thrombin,par-3,ACTIVATES
25911,20,31321,erα,protein kinases,ACTIVATES
26402,20,26403,factor va and xa,prothrombin,ACTIVATES
35316,20,25879,α-fxiia,factor xi,ACTIVATES
25844,20,27114,urokinase,glu-plasminogen,ACTIVATES
26765,20,26796,furin,cnp,ACTIVATES
35749,20,28593,jak2-tyk2 complex,stat proteins,ACTIVATES
26751,20,26753,human protein s,mer rtk,ACTIVATES
25903,20,32201,protein kinase c,nox5,ACTIVATES
30691,20,26675,tgf-β receptor type i,smad3,ACTIVATES
29059,20,28593,jaks,stat proteins,ACTIVATES
26634,20,25887,thrombin-thrombomodulin complex,protein s,ACTIVATES
25832,20,26548,thrombin,par2,ACTIVATES
28369,20,31466,cyclin d1,cdk4,ACTIVATES
30733,20,26868,kindlin-3,integrin,ACTIVATES
35837,20,25853,contact activation system proteases,plasminogen,ACTIVATES
32323,20,31521,lyn,btk,ACTIVATES
25832,20,27933,thrombin,coagulation factor xi,ACTIVATES
25832,20,25982,thrombin,par-2,ACTIVATES
26431,20,26904,factor xiia,fxia,ACTIVATES
25832,20,26149,thrombin,factor va,ACTIVATES
33285,20,33284,β-fxiia,components of the complement system,ACTIVATES
31796,20,25982,matrix metalloproteinase-14,par-2,ACTIVATES
29059,20,39606,jaks,stat family,ACTIVATES
26106,20,25876,tf,factor vii,ACTIVATES
27995,20,29370,ggcx,"coagulation factors ii, vii, ix, x and proteins c, s, z",ACTIVATES
39009,20,27555,pf4/heparin antibody,fcγriia,ACTIVATES
37051,20,37052,cross-phosphorylation of tyk2 and jak1,stat homo/heterodimers,ACTIVATES
25953,20,25982,mmp-9,par-2,ACTIVATES
25832,20,26904,thrombin,fxia,ACTIVATES
26000,20,35911,antibodies,complement system mac,ACTIVATES
25839,20,27518,antiphospholipid antibodies,complement,ACTIVATES
26757,20,31134,met,gab1,ACTIVATES
26757,20,26269,met,pi3k,ACTIVATES
26607,20,34312,talin,αⅱbβ3,ACTIVATES
31521,20,26270,btk,akt,ACTIVATES
27079,20,34093,mtorc1,p70 s6k,ACTIVATES
38330,20,26145,gαq/gα11,enos,ACTIVATES
25875,20,30827,activated protein c,protease activated receptors,ACTIVATES
25995,20,26794,tlr4,nadph oxidase,ACTIVATES
25995,20,25996,tlr4,nf-κb,ACTIVATES
29129,20,27413,janus kinases,stat3,ACTIVATES
27577,20,26509,tf-fviia-fxa complex,par-1,ACTIVATES
26905,20,26548,tf-fviia complex,par2,ACTIVATES
26106,20,28309,tf,receptor tyrosine kinases,ACTIVATES
26224,20,33928,igg antibodies,thyroid receptors,ACTIVATES
33620,20,26827,chymotrypsins,c3,ACTIVATES
26206,20,26269,egfr,pi3k,ACTIVATES
26037,20,27461,plasmin,urokinase-type plasminogen activator,ACTIVATES
25834,20,27518,angiotensin ii,complement,ACTIVATES
26073,20,25832,factor xa,thrombin,ACTIVATES
28302,20,26635,fiia,fxiii,ACTIVATES
32266,20,31704,ahr,ido1,ACTIVATES
26035,20,25995,apl,tlr4,ACTIVATES
26431,20,32220,factor xiia,plasma prekallikrein,ACTIVATES
31521,20,27141,btk,erk1/2,ACTIVATES
38826,20,26548,tf/fviia/fxa complex,par2,ACTIVATES
34084,20,28639,β3 adrenoceptor stimulation,adenylyl cyclase,ACTIVATES
30222,20,30223,stim1,orai1,ACTIVATES
26796,20,30993,cnp,gc-b/nprb,ACTIVATES
39938,20,39939,adsorbed thrombin,"factors v, viii, and platelets",ACTIVATES
28254,20,37599,platelet receptors,phosphoinositol-3 kinase,ACTIVATES
29059,20,38302,jaks,downstream signaling proteins,ACTIVATES
26690,20,25919,tissue factor (tf)-factor viia complex,factor x,ACTIVATES
26757,20,26759,met,ras,ACTIVATES
25830,20,27296,tissue factor,fvii,ACTIVATES
33627,20,26816,pepsin,c1q,ACTIVATES
26407,20,31678,pa,pi4p5k,ACTIVATES
25832,20,27145,thrombin,proteinase-activated receptor 1,ACTIVATES
26037,20,26829,plasmin,c5,ACTIVATES
26806,20,35041,mapk,pkb,ACTIVATES
31797,20,26827,tryptase,c3,ACTIVATES
26759,20,27107,ras,rhoa,ACTIVATES
31797,20,25982,tryptase,par-2,ACTIVATES
26236,20,26073,factor viia,factor xa,ACTIVATES
25995,20,26646,tlr4,p38 mapk,ACTIVATES
32969,20,33381,tnc,tni,ACTIVATES
26270,20,29167,akt,enos phosphorylation,ACTIVATES
26741,20,32064,ghrelin,myogenin,ACTIVATES
25834,20,37264,angiotensin ii,angiotensin ii receptors,ACTIVATES
27446,20,25919,cancer procoagulant,factor x,ACTIVATES
27999,20,25920,daboia lebetina venom,factor v,ACTIVATES
25900,20,25903,viral hemagglutinin,protein kinase c,ACTIVATES
25951,20,25996,rage,nf-κb,ACTIVATES
33619,20,26818,trypsins,c1r,ACTIVATES
30194,20,25853,staphylokinase,plasminogen,ACTIVATES
28474,20,26802,tissue kallikreins,par1,ACTIVATES
27191,20,25953,ngal,mmp-9,ACTIVATES
34619,20,32191,opsin-3,tyrosinase,ACTIVATES
26004,20,26004,fxii,fxii,ACTIVATES
26229,20,27296,fxa,fvii,ACTIVATES
26972,20,26270,mmp-2,akt,ACTIVATES
28502,20,26227,fviia-tf complex,fx,ACTIVATES
26606,20,26145,estrogen receptor,enos,ACTIVATES
25832,20,33111,thrombin,carboxypeptidase b2,ACTIVATES
26073,20,37605,factor xa,protease-activated receptors-1,ACTIVATES
32746,20,25919,snake venom metalloproteases,factor x,ACTIVATES
26073,20,33816,factor xa,protease activated receptor 2,ACTIVATES
25832,20,33976,thrombin,coagulation factor xiii,ACTIVATES
26743,20,25878,fxi,factor ix,ACTIVATES
29018,20,29017,lrrfip1,irf3,ACTIVATES
34723,20,34724,jak2-v617f,β2 integrin,ACTIVATES
25832,20,26743,thrombin,fxi,ACTIVATES
26131,20,25832,activated factor x,thrombin,ACTIVATES
34899,20,34901,myb,lmo2,ACTIVATES
38996,20,36521,thyroid stimulating immunoglobulin,tsh receptor,ACTIVATES
30733,20,34312,kindlin-3,αⅱbβ3,ACTIVATES
32421,20,26228,fviia/tf,fix,ACTIVATES
28366,20,29412,mtorc2,pkc family,ACTIVATES
27290,20,26206,tgf-alpha,egfr,ACTIVATES
26826,20,37852,factor b,alternative pathway of complement,ACTIVATES
27045,20,26794,erk,nadph oxidase,ACTIVATES
30251,20,26037,thrombolytic drugs,plasmin,ACTIVATES
34807,20,34808,platelet fasl,fasr on rbcs,ACTIVATES
34624,20,34623,ck1,smo,ACTIVATES
25880,20,26743,factor xii,fxi,ACTIVATES
26016,20,26822,crp,c2,ACTIVATES
25846,20,25898,immunoglobulins,antithrombin,ACTIVATES
39515,20,27572,catc,ne,ACTIVATES
33497,20,33498,adamdec1,pro-egf,ACTIVATES
38830,20,27557,tf/fviia/β1-integrins,src family kinases,ACTIVATES
37250,20,27981,viroporin e,nlrp3 inflammasome,ACTIVATES
26037,20,27106,plasmin,par-3,ACTIVATES
38927,20,27981,aggregated amylin,nlrp3 inflammasome,ACTIVATES
28254,20,25903,platelet receptors,protein kinase c,ACTIVATES
27045,20,30618,erk,nox,ACTIVATES
25832,20,29979,thrombin,par1 receptor,ACTIVATES
37152,20,26330,masp-1,tafi,ACTIVATES
31677,20,27644,dock2,rac1,ACTIVATES
27741,20,25878,tf:viia complex,factor ix,ACTIVATES
26404,20,25853,u-pa,plasminogen,ACTIVATES
38997,20,36521,thyrotropin receptor antibody,tsh receptor,ACTIVATES
31793,20,26509,tf-viia-xa,par-1,ACTIVATES
35970,20,27386,calr-mutated peptides,thrombopoietin receptor,ACTIVATES
25832,20,30226,thrombin,par1 and par4,ACTIVATES
26229,20,25982,fxa,par-2,ACTIVATES
26527,20,26330,thrombin-thrombomodulin,tafi,ACTIVATES
30324,20,25878,activated factor xii,factor ix,ACTIVATES
25832,20,28268,thrombin,coagulation proteins,ACTIVATES
26073,20,25982,factor xa,par-2,ACTIVATES
25832,20,25880,thrombin,factor xii,ACTIVATES
26037,20,26827,plasmin,c3,ACTIVATES
37325,20,37326,mek1 and mek2,erk1 and erk2,ACTIVATES
39138,20,25853,bacillus subtilis g8 crude extract,plasminogen,ACTIVATES
30775,20,30776,cap1,claudin-4,ACTIVATES
33302,20,39297,rac,p110β,ACTIVATES
25839,20,35511,antiphospholipid antibodies,tf cell surface complex,ACTIVATES
26162,20,25853,alteplase,plasminogen,ACTIVATES
33620,20,26816,chymotrypsins,c1q,ACTIVATES
33283,20,33284,p-kal,components of the complement system,ACTIVATES
27911,20,25880,factor ii,factor xii,ACTIVATES
26282,20,26281,bid,bak,ACTIVATES
26073,20,28498,factor xa,par-4,ACTIVATES
26270,20,31742,akt,pras40,ACTIVATES
26194,20,27413,c-met,stat3,ACTIVATES
25887,20,28074,protein s,c-mer,ACTIVATES
31126,20,25876,tf-fvii complex,factor vii,ACTIVATES
27570,20,25922,human thrombomodulin,protein c,ACTIVATES
27107,20,32688,rhoa,yap,ACTIVATES
30565,20,26270,nek2,akt,ACTIVATES
26037,20,26819,plasmin,c1s,ACTIVATES
27974,20,27981,extracellular histones,nlrp3 inflammasome,ACTIVATES
31358,20,26548,xa,par2,ACTIVATES
29111,20,32694,protein kinase a,steroidogenic acute regulatory protein,ACTIVATES
27855,20,36792,ige,nhe1,ACTIVATES
28704,20,26270,phbsp,akt,ACTIVATES
29350,20,30435,src kinase,stat1,ACTIVATES
26035,20,26270,apl,akt,ACTIVATES
31797,20,27199,tryptase,upa,ACTIVATES
39705,20,25979,dendroaspis natriuretic peptide,guanylate cyclase,ACTIVATES
26073,20,30827,factor xa,protease activated receptors,ACTIVATES
27493,20,26092,coagulation factor xa,coagulation factor v,ACTIVATES
27206,20,39620,ang ii,angii type 1 receptor,ACTIVATES
28409,20,31460,aip1,ask1,ACTIVATES
28367,20,28369,hif2α,cyclin d1,ACTIVATES
29289,20,29017,tbk1,irf3,ACTIVATES
31260,20,32610,nlrp3,caspase 1,ACTIVATES
26892,20,25919,recombinant factor viia,factor x,ACTIVATES
31510,20,26759,c-met m1250t mutation,ras,ACTIVATES
27162,20,27726,mac-1,pyk2 phosphorylation,ACTIVATES
27237,20,25919,tf:fviia complex,factor x,ACTIVATES
25915,20,25853,rt-pa,plasminogen,ACTIVATES
26421,20,27199,fsap,upa,ACTIVATES
37635,20,27283,calcium-calmodulin,cystathionine γ-lyase,ACTIVATES
36836,20,26930,masp-2,kallikrein,ACTIVATES
32184,20,25996,toll-like receptor-4,nf-κb,ACTIVATES
26106,20,27580,tf,fak,ACTIVATES
26214,20,26215,gas6,axl family of receptor tyrosine kinases,ACTIVATES
28414,20,28413,akt1,nox2,ACTIVATES
38336,20,25919,cerastocytin,factor x,ACTIVATES
33939,20,25853,smtps,plasminogen,ACTIVATES
26073,20,27977,factor xa,protease-activated receptor-1,ACTIVATES
27405,20,27406,trypsin,par2-21a,ACTIVATES
38584,20,30180,mutated calr,mpl,ACTIVATES
31838,20,25919,neutrophil serine proteases,factor x,ACTIVATES
33286,20,26240,reelin,gpib,ACTIVATES
26012,20,28206,bnp,npr-a,ACTIVATES
26756,20,37154,syk,slp76,ACTIVATES
27446,20,28241,cancer procoagulant,coagulation factor x,ACTIVATES
33344,20,25877,tissue factor–factor viia–factor xa complex,factor viii,ACTIVATES
29713,20,28277,"cp-870,893",cd40,ACTIVATES
26767,20,30593,mmp,prag-l1,ACTIVATES
30942,20,26759,pdgfrα,ras,ACTIVATES
26214,20,26270,gas6,akt,ACTIVATES
27799,20,37531,endothelin,eta and etb receptors,ACTIVATES
37414,20,34709,selexipag,prostacyclin receptor,ACTIVATES
28366,20,26270,mtorc2,akt,ACTIVATES
27511,20,27512,hinge region expulsion,allosteric activation of antithrombin,ACTIVATES
33629,20,28517,klk3,ic3b,ACTIVATES
26236,20,26548,factor viia,par2,ACTIVATES
26345,20,26205,jak2,stat5,ACTIVATES
28527,20,26013,corin,anp,ACTIVATES
28237,20,25919,tissue factor-factor viia complex,factor x,ACTIVATES
26614,20,27473,mtor,p70 s6k1,ACTIVATES
25983,20,26773,endothelin-1,rho kinase,ACTIVATES
29019,20,29017,ddx41,irf3,ACTIVATES
27678,20,26145,pka,enos,ACTIVATES
33176,20,37768,c1 complex,c1r and c1s,ACTIVATES
28037,20,28039,mertk,vav1,ACTIVATES
25875,20,28581,activated protein c,protease-activated receptor par-1,ACTIVATES
26797,20,39209,immune complexes,ire1α,ACTIVATES
25987,20,27476,apc,s1p1,ACTIVATES
28471,20,26343,rap1,αiibβ3 integrin,ACTIVATES
35692,20,38113,angiotensin 1-7,masr,ACTIVATES
33623,20,26827,granzymes,c3,ACTIVATES
25953,20,26972,mmp-9,mmp-2,ACTIVATES
26014,20,36647,statins,peroxisome proliferator activated receptor γ,ACTIVATES
28638,20,29633,ephb4,rasa1,ACTIVATES
37252,20,35160,hit igg antibody,fcγriia receptor,ACTIVATES
25832,20,26317,thrombin,fviii,ACTIVATES
27675,20,27911,prothrombinase,factor ii,ACTIVATES
25830,20,37658,tissue factor,coagulation factors viia and xa,ACTIVATES
26269,20,27141,pi3k,erk1/2,ACTIVATES
25832,20,39586,thrombin,protease-activated receptor-4,ACTIVATES
36392,20,28511,ifnar,jak1,ACTIVATES
27835,20,25919,tissue factor (tf) and factor viia complex,factor x,ACTIVATES
25832,20,26241,thrombin,gpiib/iiia,ACTIVATES
33109,20,25922,egf-sk fusion construct,protein c,ACTIVATES
29087,20,26308,tissue factor (tf)–viia complex,factor ixa,ACTIVATES
28918,20,32220,prcp,plasma prekallikrein,ACTIVATES
28863,20,26147,esas,epor,ACTIVATES
26646,20,26647,p38 mapk,cpla2,ACTIVATES
31076,20,25853,thrombolytic agents,plasminogen,ACTIVATES
26820,20,26822,activated c1s,c2,ACTIVATES
26709,20,25933,caspase-9,caspase-3,ACTIVATES
27644,20,26794,rac1,nadph oxidase,ACTIVATES
34723,20,28471,jak2-v617f,rap1,ACTIVATES
25887,20,27476,protein s,s1p1,ACTIVATES
27793,20,25879,pdi,factor xi,ACTIVATES
37635,20,26223,calcium-calmodulin,endothelial no synthase,ACTIVATES
26506,20,25922,epcr,protein c,ACTIVATES
28503,20,25922,thrombin-tm complex,protein c,ACTIVATES
28520,20,25880,eosinophil cationic protein,factor xii,ACTIVATES
35505,20,25919,factor ixa (fixa) and factor viiia (fviiia) complex,factor x,ACTIVATES
32002,20,27208,atm,brca1,ACTIVATES
26421,20,34566,fsap,single-chain pro-urokinase,ACTIVATES
34958,20,34959,factor xiii a,anti plasmin,ACTIVATES
29301,20,27386,romiplostim,thrombopoietin receptor,ACTIVATES
26430,20,25920,factor xia,factor v,ACTIVATES
26498,20,26495,mutant pstpip1,pyrin,ACTIVATES
25832,20,25853,thrombin,plasminogen,ACTIVATES
31866,20,27518,aqp4 antibodies,complement,ACTIVATES
25903,20,26794,protein kinase c,nadph oxidase,ACTIVATES
30772,20,25919,activated fvii,factor x,ACTIVATES
26200,20,26280,hemoglobin,bax,ACTIVATES
29018,20,29178,lrrfip1,β-catenin,ACTIVATES
32202,20,32201,tyrosine kinase c-abl,nox5,ACTIVATES
25832,20,27075,thrombin,zymogens and cofactors,ACTIVATES
26829,20,31909,c5,c5ar1,ACTIVATES
27924,20,27925,tlrs,transcription factor,ACTIVATES
30835,20,25853,streptokinase-plasminogen complex,plasminogen,ACTIVATES
26903,20,28293,fxiia,α-kallikrein,ACTIVATES
37978,20,27518,igm autoantibodies,complement,ACTIVATES
26130,20,25878,rfviia,factor ix,ACTIVATES
26282,20,26280,bid,bax,ACTIVATES
30917,20,31598,fltf,fxa/fixa,ACTIVATES
27237,20,25982,tf:fviia complex,par-2,ACTIVATES
26743,20,26004,fxi,fxii,ACTIVATES
29230,20,35716,irak phosphorylation,nf‐κb,ACTIVATES
30258,20,30259,tβrii,tβri,ACTIVATES
26903,20,27933,fxiia,coagulation factor xi,ACTIVATES
26904,20,26227,fxia,fx,ACTIVATES
25995,20,28699,tlr4,trif,ACTIVATES
37152,20,36836,masp-1,masp-2,ACTIVATES
27610,20,30142,egfrviii,wild receptor,ACTIVATES
26756,20,31521,syk,btk,ACTIVATES
30383,20,25876,tissue thromboplastin,factor vii,ACTIVATES
26903,20,35317,fxiia,pk,ACTIVATES
26431,20,26743,factor xiia,fxi,ACTIVATES
31509,20,26759,c-met d1228h/n mutation,ras,ACTIVATES
25996,20,28606,nf-κb,plcγ2 phosphorylation,ACTIVATES
26765,20,37034,furin,s protein,ACTIVATES
34723,20,34580,jak2-v617f,β1 integrin,ACTIVATES
32513,20,25995,histones in nets,tlr4,ACTIVATES
25832,20,27422,thrombin,par receptors,ACTIVATES
28378,20,26906,cathepsin g,fv,ACTIVATES
28037,20,28038,mertk,plc-γ2,ACTIVATES
28470,20,28471,caldag-gefi,rap1,ACTIVATES
25832,20,26827,thrombin,c3,ACTIVATES
34118,20,26802,tf-fviia-xa complex,par1,ACTIVATES
29746,20,32106,gdf15,tgf-beta receptors,ACTIVATES
35702,20,26827,c2b and c4b complex,c3,ACTIVATES
38471,20,27981,sars-cov orf3a protein,nlrp3 inflammasome,ACTIVATES
29050,20,26646,traf6,p38 mapk,ACTIVATES
26245,20,25989,heparin-pf4 complex,adhesion molecules,ACTIVATES
25832,20,29980,thrombin,par4 receptor,ACTIVATES
29591,20,25996,traf family,nf-κb,ACTIVATES
26229,20,26827,fxa,c3,ACTIVATES
31611,20,31612,jak1 and tk2,stat1 and stat2,ACTIVATES
28366,20,27079,mtorc2,mtorc1,ACTIVATES
25832,20,26802,thrombin,par1,ACTIVATES
25834,20,25903,angiotensin ii,protein kinase c,ACTIVATES
27378,20,26270,epor-r129c,akt,ACTIVATES
25832,20,27968,thrombin,tafia,ACTIVATES
33455,20,33457,lmp2a,b-cell ig receptors,ACTIVATES
26073,20,37606,factor xa,protease-activated receptors-2,ACTIVATES
26796,20,28523,cnp,nprb,ACTIVATES
27581,20,33681,astf,α6β1-integrin,ACTIVATES
35748,20,35749,il-23 receptor,jak2-tyk2 complex,ACTIVATES
30596,20,27747,piezo1,phospholipase a2,ACTIVATES
26904,20,26228,fxia,fix,ACTIVATES
27892,20,25878,tf/fviia complex,factor ix,ACTIVATES
25839,20,28598,antiphospholipid antibodies,complements,ACTIVATES
25879,20,25920,factor xi,factor v,ACTIVATES
33621,20,26829,kallikreins,c5,ACTIVATES
30591,20,25996,ikkβ,nf-κb,ACTIVATES
30781,20,27663,cdk4/6,rb,ACTIVATES
28934,20,38785,cxcr1,phospholipase d,ACTIVATES
26345,20,27507,jak2,stats,ACTIVATES
27206,20,33689,ang ii,at1 receptor,ACTIVATES
27289,20,26713,tm,protein c system,ACTIVATES
25875,20,27324,activated protein c,protease-activated receptors,ACTIVATES
25832,20,27977,thrombin,protease-activated receptor-1,ACTIVATES
26200,20,25933,hemoglobin,caspase-3,ACTIVATES
26403,20,26317,prothrombin,fviii,ACTIVATES
37980,20,26818,c1q binding,c1r,ACTIVATES
33619,20,26822,trypsins,c2,ACTIVATES
33334,20,33335,phosphatidylinositol-3 kinase,akt kinases,ACTIVATES
30211,20,26283,p14 arf,p53,ACTIVATES
27107,20,27108,rhoa,rock,ACTIVATES
27892,20,26228,tf/fviia complex,fix,ACTIVATES
28502,20,25919,fviia-tf complex,factor x,ACTIVATES
35182,20,25996,aβ2-gp i/rhβ2-gp i complex,nf-κb,ACTIVATES
30532,20,30531,nr3c4/hsp90 complex,cse,ACTIVATES
28698,20,29017,myd88,irf3,ACTIVATES
39980,20,26467,respiratory syncytial virus fusion protein,tlr-4,ACTIVATES
26037,20,27977,plasmin,protease-activated receptor-1,ACTIVATES
26073,20,25920,factor xa,factor v,ACTIVATES
25996,20,25953,nf-κb,mmp-9,ACTIVATES
36383,20,25996,prrs,nf-κb,ACTIVATES
27557,20,26649,src family kinases,plcγ2,ACTIVATES
26342,20,25881,adamts13,von willebrand factor,ACTIVATES
32792,20,25919,rvv-x,factor x,ACTIVATES
33625,20,26816,collagenases,c1q,ACTIVATES
30734,20,26827,high molecular weight kininogen,c3,ACTIVATES
34919,20,34920,ros1 fusion protein,ros1 kinase,ACTIVATES
30359,20,30361,mek1,erk1,ACTIVATES
26905,20,26317,tf-fviia complex,fviii,ACTIVATES
36393,20,29060,tyk2,stat,ACTIVATES
27998,20,25920,russell's viper venom,factor v,ACTIVATES
25919,20,25920,factor x,factor v,ACTIVATES
30180,20,26345,mpl,jak2,ACTIVATES
27020,20,25880,plasma kallikrein,factor xii,ACTIVATES
31288,20,31290,ercc-1,helicases,ACTIVATES
25832,20,27302,thrombin,pars,ACTIVATES
37152,20,25858,masp-1,fibrinogen,ACTIVATES
26815,20,26827,c3 convertase,c3,ACTIVATES
33848,20,28329,mk-x,erk1/2 phosphorylation,ACTIVATES
31521,20,26649,btk,plcγ2,ACTIVATES
26819,20,26822,c1s,c2,ACTIVATES
26379,20,35501,insulin,system a amino acid transporter,ACTIVATES
26106,20,26479,tf,coagulation factor vii,ACTIVATES
26979,20,25830,protein disulfide isomerase,tissue factor,ACTIVATES
25834,20,28255,angiotensin ii,nadph oxidases,ACTIVATES
25852,20,25998,tpa,mmps,ACTIVATES
25832,20,25858,thrombin,fibrinogen,ACTIVATES
27237,20,27238,tf:fviia complex,protease-activated receptor 2,ACTIVATES
26080,20,30037,e-selectin,cd11b/cd18 integrin,ACTIVATES
36671,20,26403,vwbp,prothrombin,ACTIVATES
26903,20,26930,fxiia,kallikrein,ACTIVATES
25832,20,28498,thrombin,par-4,ACTIVATES
34025,20,25853,recombinant human tissue plasminogen activator,plasminogen,ACTIVATES
25830,20,38392,tissue factor,par-2 receptor,ACTIVATES
27678,20,34623,pka,smo,ACTIVATES
31656,20,25903,bioactive factors,protein kinase c,ACTIVATES
30942,20,27149,pdgfrα,src,ACTIVATES
28534,20,27783,gq/11,plc,ACTIVATES
37291,20,28040,arhgef9,cdc42,ACTIVATES
33874,20,25922,tm-thrombin complex,protein c,ACTIVATES
28361,20,26802,mmp1,par1,ACTIVATES
25995,20,27045,tlr4,erk,ACTIVATES
36392,20,36393,ifnar,tyk2,ACTIVATES
27835,20,25878,tissue factor (tf) and factor viia complex,factor ix,ACTIVATES
31460,20,27787,ask1,p38,ACTIVATES
25834,20,33691,angiotensin ii,at2 receptor,ACTIVATES
25832,20,30574,thrombin,thrombin-sensitive peptide,ACTIVATES
28475,20,26548,tf-viia complex,par2,ACTIVATES
32513,20,26957,histones in nets,tlr2,ACTIVATES
26757,20,26806,met,mapk,ACTIVATES
32508,20,32509,card10,ikk complex,ACTIVATES
34578,20,34583,kallikrein-14,par receptor family,ACTIVATES
30024,20,36787,cathepsins,sars-cov-2 spike protein,ACTIVATES
25830,20,25876,tissue factor,factor vii,ACTIVATES
26614,20,27868,mtor,s6k1,ACTIVATES
27206,20,26418,ang ii,cox-2,ACTIVATES
25832,20,26150,thrombin,factor viiia,ACTIVATES
28378,20,26827,cathepsin g,c3,ACTIVATES
26073,20,26403,factor xa,prothrombin,ACTIVATES
26905,20,25982,tf-fviia complex,par-2,ACTIVATES
25832,20,26972,thrombin,mmp-2,ACTIVATES
26229,20,25832,fxa,thrombin,ACTIVATES
31856,20,29528,kras,braf,ACTIVATES
28184,20,25853,dpp-4,plasminogen,ACTIVATES
35235,20,26756,gpvi/fcrγ clustering,syk,ACTIVATES
34618,20,26270,mertk phosphorylation,akt,ACTIVATES
31833,20,31831,aurora-a-borealis,plk-1,ACTIVATES
26214,20,28471,gas6,rap1,ACTIVATES
26195,20,26390,fviia,pkc,ACTIVATES
39215,20,31015,pf4 antibodies,fcγiia receptors,ACTIVATES
26130,20,25919,rfviia,factor x,ACTIVATES
37989,20,27981,sars-cov-2 surface proteins,nlrp3 inflammasome,ACTIVATES
29336,20,26330,thrombin/thrombomodulin complex,tafi,ACTIVATES
25887,20,26713,protein s,protein c system,ACTIVATES
36764,20,26520,mast cell-derived tryptase,matrix metalloproteinases,ACTIVATES
26390,20,26391,pkc,coagulation factors,ACTIVATES
26025,20,26829,t-pa,c5,ACTIVATES
33129,20,26391,initial thrombin,coagulation factors,ACTIVATES
27995,20,25871,ggcx,coagulation factor ix,ACTIVATES
25834,20,36374,angiotensin ii,at1r,ACTIVATES
25832,20,35604,thrombin,protease-activated receptor,ACTIVATES
34356,20,34357,stx,gq-mer,ACTIVATES
36525,20,26802,apc-epcr complex,par1,ACTIVATES
27199,20,30297,upa,plg,ACTIVATES
25852,20,27358,tpa,nmda receptor,ACTIVATES
33285,20,37613,β-fxiia,complement system components,ACTIVATES
26614,20,27474,mtor,4ebp1,ACTIVATES
27405,20,26548,trypsin,par2,ACTIVATES
33630,20,26827,klk14,c3,ACTIVATES
28134,20,25853,recombinant tissue-type plasminogen activator,plasminogen,ACTIVATES
26431,20,25879,factor xiia,factor xi,ACTIVATES
31513,20,31512,c-met y1230c mutation,"phosphatidylinositol-4,5-bisphosphate 3-kinase",ACTIVATES
26930,20,25853,kallikrein,plasminogen,ACTIVATES
29673,20,27141,anti-human protein s antibody,erk1/2,ACTIVATES
27018,20,27020,prekallikrein,plasma kallikrein,ACTIVATES
27978,20,26037,plasminogen activators,plasmin,ACTIVATES
28254,20,27557,platelet receptors,src family kinases,ACTIVATES
27787,20,25996,p38,nf-κb,ACTIVATES
27051,20,25853,skδ59·microplasmin complex,plasminogen,ACTIVATES
28502,20,26548,fviia-tf complex,par2,ACTIVATES
27405,20,25982,trypsin,par-2,ACTIVATES
26037,20,37404,plasmin,sc-upa,ACTIVATES
27237,20,26548,tf:fviia complex,par2,ACTIVATES
25832,20,25870,thrombin,coagulation factor viii,ACTIVATES
26390,20,28675,pkc,p38α mapk,ACTIVATES
25839,20,35696,antiphospholipid antibodies,mtor kinase,ACTIVATES
25875,20,27106,activated protein c,par-3,ACTIVATES
25887,20,25875,protein s,activated protein c,ACTIVATES
25879,20,25877,factor xi,factor viii,ACTIVATES
25879,20,25919,factor xi,factor x,ACTIVATES
28417,20,27045,erbb,erk,ACTIVATES
27995,20,31272,ggcx,coagulation factor ii,ACTIVATES
39573,20,39574,凝血因子xia,neorudin,ACTIVATES
33575,20,26004,aβ42,fxii,ACTIVATES
32232,20,25996,tax,nf-κb,ACTIVATES
26905,20,27302,tf-fviia complex,pars,ACTIVATES
30942,20,34748,pdgfrα,phospholipase cγ,ACTIVATES
37656,20,37657,g9a,rbpj,ACTIVATES
27689,20,26073,tissue factor (tf) / factor viia complex,factor xa,ACTIVATES
26529,20,25879,ivig,factor xi,ACTIVATES
26816,20,26818,c1q,c1r,ACTIVATES
37998,20,36710,tace or adam17,ace2 receptor,ACTIVATES
25832,20,25922,thrombin,protein c,ACTIVATES
27206,20,25996,ang ii,nf-κb,ACTIVATES
37912,20,37911,apce,alpha2-antiplasmin,ACTIVATES
28321,20,26269,irs-1,pi3k,ACTIVATES
26226,20,26227,extrinsic tenase complex,fx,ACTIVATES
30013,20,26025,lumbrokinase,t-pa,ACTIVATES
29796,20,26646,intersectin-1s fragment,p38 mapk,ACTIVATES
35600,20,26743,activated fxii,fxi,ACTIVATES
27256,20,25951,age-modified hsa,rage,ACTIVATES
27892,20,26227,tf/fviia complex,fx,ACTIVATES
26390,20,26106,pkc,tf,ACTIVATES
26614,20,27860,mtor,p70s6k1,ACTIVATES
25987,20,26802,apc,par1,ACTIVATES
27922,20,26957,hsp60,tlr2,ACTIVATES
26756,20,26649,syk,plcγ2,ACTIVATES
26429,20,29002,mmp-13,latent prommps,ACTIVATES
26037,20,25953,plasmin,mmp-9,ACTIVATES
26224,20,38556,igg antibodies,platelet surface fcγ receptors,ACTIVATES
33878,20,33877,ccn2,lrp6,ACTIVATES
35447,20,26073,cancer pro-coagulant factors,factor xa,ACTIVATES
25830,20,37130,tissue factor,coagulation factors ix and x,ACTIVATES
26931,20,25951,hmgb1,rage,ACTIVATES
28238,20,25919,tenase complex,factor x,ACTIVATES
29283,20,25878,tf/viia complex,factor ix,ACTIVATES
26930,20,26826,kallikrein,factor b,ACTIVATES
27703,20,26391,factor viia-tissue factor complex,coagulation factors,ACTIVATES
34903,20,34623,hh,smo,ACTIVATES
27289,20,26330,tm,tafi,ACTIVATES
33619,20,26826,trypsins,factor b,ACTIVATES
27009,20,27574,heparanase,tissue factor (tf) activity,ACTIVATES
26037,20,26180,plasmin,carboxypeptidase n,ACTIVATES
31854,20,29646,pd-l1,pd-1,ACTIVATES
26073,20,25876,factor xa,factor vii,ACTIVATES
25996,20,26061,nf-κb,hif-1α,ACTIVATES
26064,20,26270,vegfr-2,akt,ACTIVATES
34040,20,34039,rlrs,inflammasome assembly,ACTIVATES
36410,20,26206,proheparanase,egfr,ACTIVATES
25832,20,34957,thrombin,factor xiii a subunit,ACTIVATES
25847,20,26513,proteases,enac,ACTIVATES
26345,20,27413,jak2,stat3,ACTIVATES
33626,20,26816,papain,c1q,ACTIVATES
26401,20,25878,tf-factor vii complex,factor ix,ACTIVATES
26064,20,37569,vegfr-2,erk-2,ACTIVATES
29059,20,27507,jaks,stats,ACTIVATES
32602,20,29593,rgd peptide mimic,gpiib/iiia receptor,ACTIVATES
27560,20,25853,plasminogen activator,plasminogen,ACTIVATES
34144,20,25933,mst1,caspase-3,ACTIVATES
25830,20,25877,tissue factor,factor viii,ACTIVATES
25875,20,34401,activated protein c,protease activated receptor 1,ACTIVATES
26357,20,26205,jak2v617f,stat5,ACTIVATES
35280,20,25922,thrombomodulin-bound thrombin,protein c,ACTIVATES
26037,20,26330,plasmin,tafi,ACTIVATES
32257,20,37034,protease,s protein,ACTIVATES
26093,20,25922,thrombomodulin,protein c,ACTIVATES
26421,20,26827,fsap,c3,ACTIVATES
31520,20,26270,pi3kδ,akt,ACTIVATES
25834,20,28905,angiotensin ii,toll-like receptors,ACTIVATES
26548,20,27141,par2,erk1/2,ACTIVATES
26236,20,25878,factor viia,factor ix,ACTIVATES
26896,20,25996,rankl,nf-κb,ACTIVATES
28367,20,28328,hif2α,oct4,ACTIVATES
35540,20,25919,tf-bearing microparticles,factor x,ACTIVATES
33747,20,27663,cyclin d-cdk4/6 complex,rb,ACTIVATES
29016,20,29017,ifi16,irf3,ACTIVATES
34827,20,34828,dephosphorylated pyrins,pyrin inflammasome,ACTIVATES
30045,20,26794,tlr7,nadph oxidase,ACTIVATES
34038,20,34039,nlrs,inflammasome assembly,ACTIVATES
25995,20,28698,tlr4,myd88,ACTIVATES
26403,20,26906,prothrombin,fv,ACTIVATES
29350,20,26205,src kinase,stat5,ACTIVATES
33567,20,25922,thrombin and thrombomodulin complex,protein c,ACTIVATES
29301,20,26205,romiplostim,stat5,ACTIVATES
32698,20,36390,disulfide hmgb1,tlr4/md-2 complex,ACTIVATES
26456,20,27162,psgl-1,mac-1,ACTIVATES
36115,20,25902,gpvi-collagen interaction,phospholipase c,ACTIVATES
30040,20,28929,gpcrs,g proteins,ACTIVATES
27741,20,25919,tf:viia complex,factor x,ACTIVATES
28132,20,25996,ezh2,nf-κb,ACTIVATES
29088,20,25919,factor ixa–viiia complex,factor x,ACTIVATES
28369,20,31467,cyclin d1,cdk6,ACTIVATES
26765,20,37114,furin,spike (s) protein,ACTIVATES
28511,20,27413,jak1,stat3,ACTIVATES
28669,20,29044,β-adrenergic receptors,ac5,ACTIVATES
26155,20,25903,vegfr2,protein kinase c,ACTIVATES
27226,20,33802,tmem16a,ca2+ regulated adenylyl cyclases,ACTIVATES
25968,20,29139,cd36,jnk2,ACTIVATES
37300,20,37301,ctss,g-coupled protein receptor,ACTIVATES
26797,20,27518,immune complexes,complement,ACTIVATES
26706,20,27826,cytochrome c,caspase,ACTIVATES
25903,20,39678,protein kinase c,nadh/nadph oxidase system,ACTIVATES
27122,20,25853,anti-gpa scfv/pa,plasminogen,ACTIVATES
36836,20,25880,masp-2,factor xii,ACTIVATES
40075,20,40077,nardilysin,alpha-secretase activity of adam17,ACTIVATES
34618,20,27149,mertk phosphorylation,src,ACTIVATES
26214,20,28037,gas6,mertk,ACTIVATES
26270,20,27079,akt,mtorc1,ACTIVATES
32323,20,26269,lyn,pi3k,ACTIVATES
35414,20,35415,jnk1/2,14-3-3ε,ACTIVATES
26345,20,30435,jak2,stat1,ACTIVATES
27079,20,30240,mtorc1,p-p70s6k,ACTIVATES
28293,20,26004,α-kallikrein,fxii,ACTIVATES
28988,20,26270,pdk1,akt,ACTIVATES
33397,20,33398,soluble p-selectin dimer,platelet p-selectin receptor,ACTIVATES
26093,20,26330,thrombomodulin,tafi,ACTIVATES
36499,20,26403,prothrombin-activating complex,prothrombin,ACTIVATES
26269,20,35041,pi3k,pkb,ACTIVATES
26903,20,27018,fxiia,prekallikrein,ACTIVATES
30040,20,31680,gpcrs,pld2,ACTIVATES
26430,20,25880,factor xia,factor xii,ACTIVATES
30450,20,26586,endothelins,adam17,ACTIVATES
36927,20,25933,anti-oxmif antibodies,caspase-3,ACTIVATES
27831,20,35236,gpvi,plcγ,ACTIVATES
31126,20,27296,tf-fvii complex,fvii,ACTIVATES
26741,20,32063,ghrelin,myod,ACTIVATES
27053,20,27054,skδ59,fibrin-bound plasminogen,ACTIVATES
25879,20,25878,factor xi,factor ix,ACTIVATES
25832,20,32493,thrombin,fibrinogen conversion to fibrin,ACTIVATES
25852,20,26037,tpa,plasmin,ACTIVATES
26416,20,25922,thrombomodulin-thrombin complex,protein c,ACTIVATES
26269,20,25996,pi3k,nf-κb,ACTIVATES
27913,20,26403,staphylocoagulase,prothrombin,ACTIVATES
26004,20,26903,fxii,fxiia,ACTIVATES
26447,20,30432,adipor1,ampk,ACTIVATES
27557,20,26756,src family kinases,syk,ACTIVATES
28698,20,25996,myd88,nf-κb,ACTIVATES
32986,20,27981,p2x7,nlrp3 inflammasome,ACTIVATES
35220,20,29290,cgas,sting,ACTIVATES
33517,20,29653,akt2,p47phox,ACTIVATES
31656,20,27772,bioactive factors,rho-kinase,ACTIVATES
26200,20,26706,hemoglobin,cytochrome c,ACTIVATES
27079,20,28110,mtorc1,4e-bp1,ACTIVATES
35302,20,26073,ixonnexin,factor xa,ACTIVATES
36863,20,26403,sc variant val1-val2,prothrombin,ACTIVATES
36381,20,27225,r/pr,renin,ACTIVATES
38505,20,28593,jak proteins,stat proteins,ACTIVATES
27405,20,27302,trypsin,pars,ACTIVATES
37205,20,27141,netrin-1,erk1/2,ACTIVATES
38632,20,34690,gp130 dimerization,jak1/2,ACTIVATES
27020,20,27932,plasma kallikrein,coagulation factor xii,ACTIVATES
38303,20,32417,activated receptor,jak,ACTIVATES
28378,20,34583,cathepsin g,par receptor family,ACTIVATES
26904,20,25871,fxia,coagulation factor ix,ACTIVATES
26073,20,26802,factor xa,par1,ACTIVATES
36865,20,26403,sc variant leu1-val2,prothrombin,ACTIVATES
27149,20,31521,src,btk,ACTIVATES
25832,20,27578,thrombin,par3,ACTIVATES
26037,20,25844,plasmin,urokinase,ACTIVATES
34247,20,33850,mutant calr,stat5 activation,ACTIVATES
27079,20,27474,mtorc1,4ebp1,ACTIVATES
30647,20,30648,sfk,pyk2,ACTIVATES
26743,20,26228,fxi,fix,ACTIVATES
27959,20,26270,hbsp,akt,ACTIVATES
26345,20,26806,jak2,mapk,ACTIVATES
28670,20,28671,gs-proteins,adenyl cyclase,ACTIVATES
27678,20,28640,pka,pde3,ACTIVATES
29356,20,29357,hypoxia-inducible factor,na+ channels,ACTIVATES
27493,20,26509,coagulation factor xa,par-1,ACTIVATES
36787,20,26264,sars-cov-2 spike protein,ace2,ACTIVATES
36017,20,34130,fcεr1α chain,pear1,ACTIVATES
27703,20,25919,factor viia-tissue factor complex,factor x,ACTIVATES
28295,20,29890,bmp6,"smad1, smad5 and smad8",ACTIVATES
32139,20,25878,contact system,factor ix,ACTIVATES
26200,20,26709,hemoglobin,caspase-9,ACTIVATES
33619,20,26821,trypsins,c4,ACTIVATES
29813,20,26743,fxii activation,fxi,ACTIVATES
26467,20,25996,tlr-4,nf-κb,ACTIVATES
27199,20,26037,upa,plasmin,ACTIVATES
32245,20,32247,h-ras,c-raf,ACTIVATES
25832,20,28254,thrombin,platelet receptors,ACTIVATES
29661,20,29664,antiβ2-gpi antibodies,receptors,ACTIVATES
27461,20,26037,urokinase-type plasminogen activator,plasmin,ACTIVATES
29283,20,29284,tf/viia complex,protease-activated receptor (par) family,ACTIVATES
26231,20,25919,fixa,factor x,ACTIVATES
30861,20,25853,sak,plasminogen,ACTIVATES
31429,20,28329,prr,erk1/2 phosphorylation,ACTIVATES
30432,20,38116,ampk,ulk1 complex,ACTIVATES
29255,20,28113,raf,mek,ACTIVATES
26904,20,25919,fxia,factor x,ACTIVATES
26037,20,26520,plasmin,matrix metalloproteinases,ACTIVATES
25832,20,25920,thrombin,factor v,ACTIVATES
29059,20,29060,jaks,stat,ACTIVATES
28838,20,25996,αvβ3,nf-κb,ACTIVATES
26270,20,27660,akt,mdm2,ACTIVATES
32078,20,26810,rip3,jnk,ACTIVATES
25919,20,25876,factor x,factor vii,ACTIVATES
37462,20,26675,tgf-β1-tβri-tβrii complex,smad3,ACTIVATES
26014,20,27643,statins,ppar-gamma,ACTIVATES
31046,20,27518,glyr antibodies,complement,ACTIVATES
26765,20,36787,furin,sars-cov-2 spike protein,ACTIVATES
26546,20,31460,pp2a,ask1,ACTIVATES
25832,20,27026,thrombin,par-1 thrombin receptor,ACTIVATES
25995,20,27727,tlr4,nf-κb nuclear translocation,ACTIVATES
35140,20,25922,cd141,protein c,ACTIVATES
26345,20,29060,jak2,stat,ACTIVATES
26646,20,30099,p38 mapk,smad1/5/8,ACTIVATES
26816,20,33176,c1q,c1 complex,ACTIVATES
28113,20,27045,mek,erk,ACTIVATES
27079,20,27868,mtorc1,s6k1,ACTIVATES
26214,20,28036,gas6,tam receptors,ACTIVATES
28284,20,27507,jak activation,stats,ACTIVATES
26905,20,25878,tf-fviia complex,factor ix,ACTIVATES
26930,20,25880,kallikrein,factor xii,ACTIVATES
25930,20,26270,c-kit,akt,ACTIVATES
28698,20,31521,myd88,btk,ACTIVATES
25960,20,27149,icam-1,src,ACTIVATES
26037,20,32220,plasmin,plasma prekallikrein,ACTIVATES
27503,20,27504,pkr,eif2,ACTIVATES
25832,20,25908,thrombin,thrombin generation,ACTIVATES
38812,20,35728,orf3,nlrp3 inflammasomes,ACTIVATES
28191,20,28190,apoc-ii,lipoprotein lipase,ACTIVATES
29050,20,25996,traf6,nf-κb,ACTIVATES
35468,20,35467,rho,pld,ACTIVATES
25832,20,25996,thrombin,nf-κb,ACTIVATES
37041,20,27518,anti-pp1pk antibody,complement,ACTIVATES
27736,20,33885,podoplanin,clec-2 receptor,ACTIVATES
26903,20,26904,fxiia,fxia,ACTIVATES
26229,20,26829,fxa,c5,ACTIVATES
29589,20,25996,cd30,nf-κb,ACTIVATES
25832,20,39455,thrombin,protease-activated receptor-1 of endothelial cells,ACTIVATES
26230,20,25919,fviiia,factor x,ACTIVATES
30107,20,29460,tβr1,smad2,ACTIVATES
26099,20,31561,platelet agonists,ptp1b,ACTIVATES
38932,20,28015,apc-g197a in association with epcr,protease-activated receptor 1,ACTIVATES
26634,20,26330,thrombin-thrombomodulin complex,tafi,ACTIVATES
26904,20,26317,fxia,fviii,ACTIVATES
30358,20,30360,b-raf,mek2,ACTIVATES
26973,20,27518,antibody,complement,ACTIVATES
32699,20,27443,cbs,phd2,ACTIVATES
27557,20,35563,src family kinases,pleckstrin,ACTIVATES
26229,20,26509,fxa,par-1,ACTIVATES
30488,20,26756,clec-2,syk,ACTIVATES
25902,20,28442,phospholipase c,ca2+-activated cl- channel,ACTIVATES
33874,20,26330,tm-thrombin complex,tafi,ACTIVATES
25996,20,26390,nf-κb,pkc,ACTIVATES
36370,20,36374,ang-ii,at1r,ACTIVATES
26379,20,32209,insulin,translocation of glut4,ACTIVATES
25830,20,26195,tissue factor,fviia,ACTIVATES
25832,20,26228,thrombin,fix,ACTIVATES
26226,20,26228,extrinsic tenase complex,fix,ACTIVATES
27555,20,26756,fcγriia,syk,ACTIVATES
35714,20,35715,anti‐β2‐gpi antibodies,irak,ACTIVATES
26342,20,25892,adamts13,vwf,ACTIVATES
25832,20,30386,thrombin,platelet-bound factor xi,ACTIVATES
26979,20,26343,protein disulfide isomerase,αiibβ3 integrin,ACTIVATES
27405,20,28498,trypsin,par-4,ACTIVATES
38506,20,37034,furin-like proteases,s protein,ACTIVATES
30903,20,30905,gpvi/fcrγ complex,fyn and lyn,ACTIVATES
38412,20,25996,stat-3,nf-κb,ACTIVATES
33464,20,26648,gpib complex,integrin αiibβ3,ACTIVATES
28149,20,27302,trap,pars,ACTIVATES
29527,20,29528,braf v600e,braf,ACTIVATES
26430,20,25878,factor xia,factor ix,ACTIVATES
30085,20,30086,activated coagulation factor,zymogens,ACTIVATES
32057,20,29687,pad enzymes,histone citrullination,ACTIVATES
25880,20,27880,factor xii,urokinase plasminogen activator receptor,ACTIVATES
25880,20,26930,factor xii,kallikrein,ACTIVATES
37937,20,37938,lpa3,erythropoietic transcriptional factor,ACTIVATES
27892,20,25919,tf/fviia complex,factor x,ACTIVATES
28967,25,29813,c1-inh,fxii activation,INHIBITS
25856,25,25854,heparin/anti-fibrin igg conjugate,mtpa,INHIBITS
35859,25,27997,apo c-iii,lpl,INHIBITS
34567,25,25877,anti-factor viii antibodies,factor viii,INHIBITS
34371,25,26819,bivv009,c1s,INHIBITS
26529,25,32104,ivig,fc receptors of macrophages,INHIBITS
27013,25,37974,major basic protein,thrombomodulin anticoagulant activity,INHIBITS
26013,25,27799,anp,endothelin,INHIBITS
27649,25,29863,stxbp5,vwf release,INHIBITS
25987,25,27516,apc,va,INHIBITS
28704,25,25996,phbsp,nf-κb,INHIBITS
27082,25,39170,socs3,stat5 binding,INHIBITS
32911,25,38593,transferrin,antithrombin/serpinc1 function,INHIBITS
34106,25,34107,sor-c13,trpv6,INHIBITS
26911,25,26073,tfpi,factor xa,INHIBITS
29105,25,27675,tfpiα,prothrombinase,INHIBITS
26332,25,28302,at,fiia,INHIBITS
34647,25,34648,def,fxia activity,INHIBITS
27843,25,25998,tissue inhibitors of metalloproteinases,mmps,INHIBITS
34959,25,26037,anti plasmin,plasmin,INHIBITS
26270,25,28364,akt,tsc2,INHIBITS
38979,25,26037,α2-plasmin inhibitor,plasmin,INHIBITS
27914,25,27518,daf,complement,INHIBITS
38912,25,28343,zafirlukast,thioredoxin,INHIBITS
25898,25,25919,antithrombin,factor x,INHIBITS
28378,25,26911,cathepsin g,tfpi,INHIBITS
26390,25,38310,pkc,kcnk3,INHIBITS
28582,25,28583,drotrecogin alpha,activated factor v and factor viii,INHIBITS
28139,25,25870,autoantibody to factor viii,coagulation factor viii,INHIBITS
32087,25,29646,pembrolizumab,pd-1,INHIBITS
25898,25,28241,antithrombin,coagulation factor x,INHIBITS
31019,25,26911,anti-tfpi antibody,tfpi,INHIBITS
27494,25,25832,direct thrombin inhibitors,thrombin,INHIBITS
26264,25,37024,ace2,ace1,INHIBITS
34805,25,34806,methemoglobin reductase,ferric methemoglobin,INHIBITS
33331,25,31042,sarilumab,il-6 receptor,INHIBITS
28967,25,31490,c1-inh,masp,INHIBITS
30381,25,25832,α2-macroglobulin,thrombin,INHIBITS
35417,25,27020,α2 macroglobulin,plasma kallikrein,INHIBITS
26173,25,33608,cell-free hemoglobin,adamts13 cleavage of vwf,INHIBITS
26837,25,33243,factor h,kallikrein-generated c3 convertases,INHIBITS
25898,25,37867,antithrombin,activated factor ixa,INHIBITS
27756,25,27757,endogenous inhibitors,proteolytic enzyme activity,INHIBITS
39961,25,33748,cdk4/cyclin d1 complex,rb protein,INHIBITS
35503,25,27149,bosutinib,src,INHIBITS
26332,25,26904,at,fxia,INHIBITS
25898,25,27623,antithrombin,nn1731,INHIBITS
26342,25,31438,adamts13,ulvwf,INHIBITS
26036,25,25832,antithrombin iii,thrombin,INHIBITS
26911,25,27892,tfpi,tf/fviia complex,INHIBITS
30113,25,26736,smad7,smad2/3,INHIBITS
25922,25,26149,protein c,factor va,INHIBITS
31649,25,26199,anti-rhuepo antibodies,rhuepo,INHIBITS
37611,25,26903,5c12,fxiia,INHIBITS
27029,25,27032,anti-a2 monoclonal antibody,apl-induced tissue factor activity,INHIBITS
27490,25,27491,platelet glycoprotein iib/iiia inhibitors,platelet glycoprotein iib/iiia receptor,INHIBITS
25875,25,28238,activated protein c,tenase complex,INHIBITS
26171,25,29092,ritonavir,proteasome,INHIBITS
30814,25,37155,jak inhibitors,aak1,INHIBITS
35689,25,25908,ab023,thrombin generation,INHIBITS
25828,25,26067,anticardiolipin antibodies,protein c activity,INHIBITS
35824,25,26331,bms 986120,par4,INHIBITS
39811,25,26616,toceranib phosphate,kit,INHIBITS
33755,25,27144,kallistatin,tissue kallikrein,INHIBITS
31810,25,29554,tsp-1 binding to cd36,vegfr2 activation,INHIBITS
29039,25,32378,hk,proteolytic activation reactions in contact pathway,INHIBITS
25898,25,27932,antithrombin,coagulation factor xii,INHIBITS
25987,25,39489,apc,lps-induced expression of icam-1,INHIBITS
34050,25,34057,fidarestat,dox-induced increase in troponin-i,INHIBITS
28704,25,28705,phbsp,glycogen synthase kinase-3β,INHIBITS
27350,25,27351,vegf monoclonal antibodies,vegf receptors,INHIBITS
27967,25,33048,ramucirumab,vegf receptor 2,INHIBITS
31305,25,26024,zeb,e-cadherin,INHIBITS
27962,25,31973,p21,cyclin/cdk complexes,INHIBITS
26405,25,27199,pai-2,upa,INHIBITS
38380,25,28475,xa-tfpi complex,tf-viia complex,INHIBITS
30814,25,30813,jak inhibitors,phosphorylation of stat1,INHIBITS
28642,25,27761,apelin,nlrp3 inflammasome activation,INHIBITS
27052,25,26037,α2-antiplasmin,plasmin,INHIBITS
36490,25,36491,rcollinein-1,factor xiii activation,INHIBITS
30685,25,30686,dipeptidyl peptidase-4 inhibitor,dipeptidyl peptidase-4,INHIBITS
27376,25,27377,rhapc,plasminogen activator inhibitor activity,INHIBITS
30975,25,30976,cip/kip family proteins,cdk/cyclin complexes,INHIBITS
30370,25,35605,soluble fms-like tyrosine kinase-1,vegf and plgf,INHIBITS
28289,25,28290,lnk,jak2 activity,INHIBITS
26911,25,32608,tfpi,tf activation,INHIBITS
26569,25,36589,protein z,active factor x,INHIBITS
33180,25,26930,boophilin,kallikrein,INHIBITS
27112,25,26921,annexin v,tf activity,INHIBITS
31249,25,25832,tfpi1,thrombin,INHIBITS
31360,25,31361,rsr13,hemoglobin oxygen binding,INHIBITS
25935,25,38633,pai-1,t-pa and upa,INHIBITS
39855,25,26430,aat-rc,factor xia,INHIBITS
26037,25,25877,plasmin,factor viii,INHIBITS
26014,25,35197,statins,hmg-coa reductases,INHIBITS
25912,25,25911,erβ,erα,INHIBITS
28612,25,25989,ulinastatin,adhesion molecules,INHIBITS
26014,25,27387,statins,hmg-coa reductase,INHIBITS
25922,25,26936,protein c,factor v activation,INHIBITS
34234,25,25908,full length tfpi,thrombin generation,INHIBITS
26765,25,32853,furin,fviii-bdd secretion,INHIBITS
25935,25,25882,pai-1,tissue plasminogen activator,INHIBITS
26993,25,26073,tick anticoagulant peptide,factor xa,INHIBITS
28132,25,37654,ezh2,creb3l1,INHIBITS
25898,25,27933,antithrombin,coagulation factor xi,INHIBITS
25898,25,27492,antithrombin,coagulation factor iia,INHIBITS
39855,25,25832,aat-rc,thrombin,INHIBITS
39189,25,28623,bbci,proteinase 3,INHIBITS
26171,25,29799,ritonavir,bcrp,INHIBITS
28978,25,27675,platelet protein s,prothrombinase,INHIBITS
34088,25,25832,sculptin fragment,thrombin,INHIBITS
25898,25,26131,antithrombin,activated factor x,INHIBITS
26342,25,29865,adamts13,ultra-large vwf,INHIBITS
35261,25,28515,corticosteroid receptor,ap-1,INHIBITS
29105,25,26073,tfpiα,factor xa,INHIBITS
33036,25,26073,heparin-bound antithrombin,factor xa,INHIBITS
25987,25,32170,apc,clotting factor viiia,INHIBITS
25875,25,26073,activated protein c,factor xa,INHIBITS
28192,25,28193,protein c inhibitor,serine proteases,INHIBITS
27052,25,27053,α2-antiplasmin,skδ59,INHIBITS
37532,25,37589,vedolizumab,α4β7-integrin,INHIBITS
33161,25,33048,apatinib,vegf receptor 2,INHIBITS
26621,25,26622,hcii,thrombin action,INHIBITS
26550,25,26551,mab-10h10,tf-α3β1 integrin binding,INHIBITS
26911,25,27703,tfpi,factor viia-tissue factor complex,INHIBITS
26126,25,26964,osteoprotegerin,activity of rankl,INHIBITS
33927,25,25987,engineered serpin,apc,INHIBITS
26106,25,25976,tf,tsp-1,INHIBITS
30101,25,28082,alpha-1-antitrypsin,neutrophil elastase,INHIBITS
26837,25,28186,factor h,c3 activation,INHIBITS
33186,25,27081,pim1,socs1,INHIBITS
36930,25,25832,rgd-hirudin,thrombin,INHIBITS
29105,25,26229,tfpiα,fxa,INHIBITS
26047,25,25852,cl15,tpa,INHIBITS
29638,25,28471,rasa3,rap1,INHIBITS
27370,25,27371,fxa dimer,prothrombin activation,INHIBITS
25898,25,38696,antithrombin,"thrombin and activated factors ix, x, and xi",INHIBITS
37005,25,26904,α1at,fxia,INHIBITS
25828,25,26068,anticardiolipin antibodies,protein s activity,INHIBITS
35023,25,25879,anti-factor xi autoantibodies,factor xi,INHIBITS
32671,25,32672,par2 depletion,tgf-β1-induced activation of smad2/3,INHIBITS
26036,25,26308,antithrombin iii,factor ixa,INHIBITS
26405,25,35445,pai-2,uk,INHIBITS
25828,25,26346,anticardiolipin antibodies,protein c activation,INHIBITS
26012,25,27225,bnp,renin,INHIBITS
39986,25,27761,liver x receptors,nlrp3 inflammasome activation,INHIBITS
29816,25,29819,rkip,ikkα/β,INHIBITS
26658,25,26659,supar,single-chain urokinase,INHIBITS
31808,25,31807,tax2,tsp-1:cd47 interaction,INHIBITS
26314,25,26315,ixolaris,extrinsic xnase,INHIBITS
25875,25,27761,activated protein c,nlrp3 inflammasome activation,INHIBITS
28825,25,25877,inhibitors,factor viii,INHIBITS
30137,25,25832,hv3api m358r,thrombin,INHIBITS
31870,25,31872,budesonide,metalloproteinase activity,INHIBITS
26014,25,37073,statins,sars-cov-2 main protease,INHIBITS
37677,25,37680,ae1 n-terminus,glyceraldehyde 3-phosphate dehydrogenase,INHIBITS
25935,25,26904,pai-1,fxia,INHIBITS
26918,25,25832,at iii,thrombin,INHIBITS
27293,25,27761,ho-1,nlrp3 inflammasome activation,INHIBITS
26256,25,30433,pf4,antithrombin (at) activity,INHIBITS
26221,25,28513,aprotinin,proteinases,INHIBITS
26884,25,26073,zpi,factor xa,INHIBITS
30822,25,29345,antibodies targeting vegf,vegfr2 phosphorylation,INHIBITS
25898,25,38400,antithrombin,coagulation factor xiia,INHIBITS
32087,25,38894,pembrolizumab,programmed death 1 protein,INHIBITS
31741,25,28215,andexanet alfa,activity of tissue factor pathway inhibitor,INHIBITS
25875,25,26934,activated protein c,plasminogen activator inhibitor,INHIBITS
26713,25,25908,protein c system,thrombin generation,INHIBITS
28132,25,28129,ezh2,dab2ip,INHIBITS
26839,25,26832,cd59,c5b-9 complex,INHIBITS
37816,25,28378,eglin c,cathepsin g,INHIBITS
33499,25,33497,chymostatin,adamdec1,INHIBITS
39761,25,25870,autoantibodies against coagulation factor viii,coagulation factor viii,INHIBITS
28132,25,37655,ezh2,fosl1,INHIBITS
27606,25,27607,anti-factor xi antibody 14e11,activated fxi activation of fix,INHIBITS
26047,25,25987,cl15,apc,INHIBITS
28967,25,25832,c1-inh,thrombin,INHIBITS
30149,25,25832,antithrombin-iii,thrombin,INHIBITS
35212,25,35213,darapladib,lipoprotein-associated protein kinase,INHIBITS
26911,25,27741,tfpi,tf:viia complex,INHIBITS
26909,25,27574,tf pathway inhibitor,tissue factor (tf) activity,INHIBITS
34231,25,27042,plasminogen activator inhibitor-2,tissue-type plasminogen activator,INHIBITS
25875,25,25935,activated protein c,pai-1,INHIBITS
29966,25,25857,echistatin,gp iib/iiia receptor,INHIBITS
28998,25,26911,mmp-1,tfpi,INHIBITS
33132,25,33133,emcn,lfa-1 binding to icam-1,INHIBITS
36996,25,28046,anti-fviii autoantibodies,factor viii activity,INHIBITS
34712,25,26093,eosinophilic cationic proteins,thrombomodulin,INHIBITS
39668,25,29646,spd-1,pd-1,INHIBITS
25898,25,26073,antithrombin,factor xa,INHIBITS
26529,25,32166,ivig,cd8,INHIBITS
29110,25,26229,tfpiβ,fxa,INHIBITS
28967,25,28968,c1-inh,mannose-binding-lectin-associated serine proteases,INHIBITS
30287,25,30288,pkcα,pad4 activity,INHIBITS
25922,25,25870,protein c,coagulation factor viii,INHIBITS
31013,25,28082,agaphelin,neutrophil elastase,INHIBITS
25898,25,33028,antithrombin,enteropeptidase,INHIBITS
26918,25,26073,at iii,factor xa,INHIBITS
26030,25,27479,bevacizumab,vegfr1 and vegfr2 activation,INHIBITS
38110,25,26545,anxa1 ac2-26,αiibβ3,INHIBITS
25887,25,26059,protein s,tissue factor activity,INHIBITS
28794,25,25887,anti-protein s antibodies,protein s,INHIBITS
26781,25,25908,factor ix r233a,thrombin generation,INHIBITS
29924,25,29927,spc-54,circulating pc,INHIBITS
34412,25,34413,sfks,rarα activity,INHIBITS
25828,25,29936,anticardiolipin antibodies,β2 glycoprotein-1 activity,INHIBITS
26751,25,26752,human protein s,sr-a expression,INHIBITS
28082,25,30704,neutrophil elastase,thrombomodulin function,INHIBITS
28416,25,26581,timp1,mmp2 activity,INHIBITS
26036,25,25879,antithrombin iii,factor xi,INHIBITS
25935,25,26093,pai-1,thrombomodulin,INHIBITS
31269,25,29817,gpr120/β-arrestin2 complex,tak1,INHIBITS
37192,25,28927,rnasea,tissue factor expression and activity,INHIBITS
33836,25,29646,anti-pd-1 antibody,pd-1,INHIBITS
36501,25,26263,vph-i,ace,INHIBITS
26221,25,26037,aprotinin,plasmin,INHIBITS
26342,25,25892,adamts13,vwf,INHIBITS
28962,25,25978,l-nil,nos,INHIBITS
26373,25,26374,reopro,gpiib-iiia,INHIBITS
26037,25,25919,plasmin,factor x,INHIBITS
26030,25,29345,bevacizumab,vegfr2 phosphorylation,INHIBITS
26656,25,26037,alpha-2-antiplasmin,plasmin,INHIBITS
38912,25,30761,zafirlukast,erp5,INHIBITS
29775,25,27020,c1-inhibitor,plasma kallikrein,INHIBITS
28740,25,29893,vps20,doa4 non-catalytic function in ilv formation,INHIBITS
27049,25,26269,pten,pi3k,INHIBITS
25875,25,27168,activated protein c,prothrombinase complex,INHIBITS
29660,25,30647,csk,sfk,INHIBITS
27649,25,26599,stxbp5,vwf plasma levels,INHIBITS
27261,25,30399,apl antibodies,apc anticoagulant function,INHIBITS
26939,25,26073,ufh-antithrombin iii complex,factor xa,INHIBITS
26037,25,25920,plasmin,factor v,INHIBITS
36758,25,36774,crizotinib,alk,INHIBITS
31741,25,35922,andexanet alfa,factors viia and xa,INHIBITS
26839,25,28188,cd59,membrane attack complex formation,INHIBITS
35667,25,36648,serpins,target serine proteases,INHIBITS
25922,25,26150,protein c,factor viiia,INHIBITS
28132,25,25953,ezh2,mmp-9,INHIBITS
27081,25,26345,socs1,jak2,INHIBITS
26934,25,27042,plasminogen activator inhibitor,tissue-type plasminogen activator,INHIBITS
28582,25,26003,drotrecogin alpha,thrombin-activatable fibrinolysis inhibitor,INHIBITS
37815,25,27493,hirustasin,coagulation factor xa,INHIBITS
26682,25,26037,antiplasmin,plasmin,INHIBITS
30018,25,27780,serpina10,activated factor xi,INHIBITS
31151,25,31149,flen,fleq,INHIBITS
30830,25,30831,plasminogen inhibitor type ii,plasminogen activity,INHIBITS
27692,25,27693,ipilimumab,ctla-4,INHIBITS
33650,25,30362,lethal factor,erk2,INHIBITS
26012,25,27799,bnp,endothelin,INHIBITS
31335,25,31336,vp35,activation of irf-3,INHIBITS
39307,25,39308,antivenom,venom,INHIBITS
26436,25,27761,cd39,nlrp3 inflammasome activation,INHIBITS
31356,25,26283,e6,p53,INHIBITS
33650,25,27787,lethal factor,p38,INHIBITS
38912,25,30762,zafirlukast,erp57,INHIBITS
33721,25,26931,rhtm,hmgb1,INHIBITS
37112,25,29646,tislelizumab,pd-1,INHIBITS
25839,25,28463,antiphospholipid antibodies,enos phosphorylation at ser1177,INHIBITS
36501,25,36502,vph-i,pancreatic lipase,INHIBITS
27018,25,34103,prekallikrein,at2r expression,INHIBITS
26911,25,26236,tfpi,factor viia,INHIBITS
26332,25,26231,at,fixa,INHIBITS
27590,25,27589,tubulin tyrosine ligase,detyrosinated microtubule (glu-tubulin) formation,INHIBITS
34607,25,34608,hepatocyte tf deficiency,plasma microvesicle-associated tf activity,INHIBITS
38946,25,38948,serp-1,thrombolytic proteases,INHIBITS
35780,25,34104,bdkrb2,mas expression,INHIBITS
33991,25,25908,anti-tissue factor antibodies,thrombin generation,INHIBITS
38681,25,38682,cobratide,nicotinic receptors,INHIBITS
26911,25,26421,tfpi,fsap,INHIBITS
27471,25,25832,heparin-antithrombin complex,thrombin,INHIBITS
40065,25,40066,r39s mutation in β2gpi domain i,binding of antiphospholipid antibodies to β2gpi domain i,INHIBITS
26171,25,26172,ritonavir,cyp3a,INHIBITS
27793,25,27795,pdi,tf decryption,INHIBITS
25887,25,25988,protein s,fva,INHIBITS
29407,25,29409,matrix gla-protein,bone morphogenetic protein 4,INHIBITS
26035,25,25898,apl,antithrombin,INHIBITS
25898,25,28302,antithrombin,fiia,INHIBITS
36866,25,27371,weaker binding sc variants,prothrombin activation,INHIBITS
25898,25,25871,antithrombin,coagulation factor ix,INHIBITS
27112,25,30352,annexin v,tissue factor activation,INHIBITS
30432,25,27079,ampk,mtorc1,INHIBITS
26014,25,36646,statins,rho kinase activity,INHIBITS
28409,25,35246,aip1,nox2 complex formation,INHIBITS
25887,25,26308,protein s,factor ixa,INHIBITS
33855,25,33856,fibrinogen γ′ peptide,thrombin-mediated factor v activation,INHIBITS
26464,25,25922,cxcr4,protein c,INHIBITS
31753,25,36211,liraglutide,beclin-1 formation,INHIBITS
25887,25,26149,protein s,factor va,INHIBITS
35439,25,35440,α1-antitrypsin variants,pka/fxiia,INHIBITS
25875,25,25877,activated protein c,factor viii,INHIBITS
35822,25,26827,compstatin cp40,c3,INHIBITS
26379,25,35258,insulin,sex hormone-binding globulin (shbg) synthesis,INHIBITS
30022,25,29303,serpinb2,elastase,INHIBITS
28625,25,28626,fibrinogen aggregates,clotting ability,INHIBITS
34530,25,34532,anti-domain 5 antibodies,pro-coagulant activity of anti-domain 1 antibodies,INHIBITS
33208,25,31133,serine protease inhibitors,serine protease,INHIBITS
34231,25,27461,plasminogen activator inhibitor-2,urokinase-type plasminogen activator,INHIBITS
25875,25,26858,activated protein c,plasminogen-activator inhibitor 1,INHIBITS
33694,25,34026,parp,gapdh,INHIBITS
35261,25,25996,corticosteroid receptor,nf-κb,INHIBITS
33650,25,33651,lethal factor,jnk1,INHIBITS
26660,25,26952,anti-β2gpi antibodies,adamts13 activity,INHIBITS
25898,25,26308,antithrombin,factor ixa,INHIBITS
38674,25,38676,cobrotoxin,nf-κb nuclear location,INHIBITS
38174,25,38894,sintilimab,programmed death 1 protein,INHIBITS
30906,25,30909,iqgap1,myocardin,INHIBITS
39167,25,39165,shp-1,stat5 activity,INHIBITS
31130,25,32122,aat,proteinase-3,INHIBITS
35663,25,35666,zpi-pz complex,prothrombinase-bound fxa,INHIBITS
26376,25,26377,drotrecogin alfa,coagulation factor va,INHIBITS
28633,25,26911,mmp-12,tfpi,INHIBITS
26326,25,40048,bortezomib,20s proteasome,INHIBITS
37677,25,37678,ae1 n-terminus,phosphofructokinase,INHIBITS
26841,25,25908,factor xii deficiency,thrombin generation,INHIBITS
34737,25,28295,erfe,bmp6,INHIBITS
25898,25,27493,antithrombin,coagulation factor xa,INHIBITS
25935,25,27461,pai-1,urokinase-type plasminogen activator,INHIBITS
25892,25,27809,vwf,fviiic,INHIBITS
26332,25,26324,at,coagulation proteases,INHIBITS
32892,25,35776,anti-ro/ssa antibodies,herg-k+ channel,INHIBITS
27989,25,32947,oxyhemoglobin,endothelial no synthase (enos) activity,INHIBITS
25935,25,27560,pai-1,plasminogen activator,INHIBITS
26478,25,27560,plasminogen activator inhibitor type 1,plasminogen activator,INHIBITS
35532,25,27487,skeletal muscle myosin,antithrombin activity,INHIBITS
27636,25,30797,carfilzomib,proteasome chymotrypsin-like activity,INHIBITS
27777,25,27778,anti-fviii antibodies,hfviii,INHIBITS
26429,25,25960,mmp-13,icam-1,INHIBITS
38466,25,38467,phd enzymes,hif stability,INHIBITS
28634,25,25953,timp-4,mmp-9,INHIBITS
37815,25,27144,hirustasin,tissue kallikrein,INHIBITS
35055,25,31784,vwf gain-of-function mutations,αiibβ3 integrin activation,INHIBITS
25922,25,26132,protein c,activated factor v,INHIBITS
26652,25,25998,timps,mmps,INHIBITS
32314,25,30564,fviii inhibitor,fviii activity,INHIBITS
34510,25,28606,tula-2,plcγ2 phosphorylation,INHIBITS
31087,25,27493,factor xa inhibitor,coagulation factor xa,INHIBITS
37412,25,37413,macitentan,etb receptor,INHIBITS
26337,25,25832,melagatran,thrombin,INHIBITS
30604,25,38316,sirt1,nf-κb p65 phosphorylation,INHIBITS
29105,25,26937,tfpiα,fv activation,INHIBITS
26790,25,31034,hepcidin,ferroportin-1,INHIBITS
29212,25,29213,zn2+-containing pros,extrinsic fxase activity,INHIBITS
25839,25,27112,antiphospholipid antibodies,annexin v,INHIBITS
26911,25,37766,tfpi,extrinsic fxase,INHIBITS
25987,25,39491,apc,lps-induced expression of e-selectin,INHIBITS
32007,25,25887,hypoxia-inducible factor-1,protein s,INHIBITS
31304,25,26024,snail,e-cadherin,INHIBITS
29168,25,29813,14e11,fxii activation,INHIBITS
26256,25,25898,pf4,antithrombin,INHIBITS
27199,25,25858,upa,fibrinogen,INHIBITS
25898,25,26074,antithrombin,factor iia,INHIBITS
32866,25,27603,ppx_δ12,factor xii activation,INHIBITS
39855,25,26930,aat-rc,kallikrein,INHIBITS
29816,25,28113,rkip,mek,INHIBITS
28978,25,25908,platelet protein s,thrombin generation,INHIBITS
26911,25,26195,tfpi,fviia,INHIBITS
26014,25,27980,statins,toll-like receptor 4,INHIBITS
30922,25,27009,tfpi-2-derived peptides,heparanase,INHIBITS
26326,25,40109,bortezomib,p-glycoprotein maturation,INHIBITS
26014,25,32968,statins,hmg coa reductase,INHIBITS
26529,25,30061,ivig,pathogenic autoantibodies,INHIBITS
25897,25,32233,sns,mmp-9 activity and expression,INHIBITS
26012,25,25897,bnp,sns,INHIBITS
26529,25,31596,ivig,mac-1 function,INHIBITS
26171,25,29798,ritonavir,p-gp,INHIBITS
38912,25,37660,zafirlukast,erp72,INHIBITS
26326,25,26327,bortezomib,26s proteasome,INHIBITS
32314,25,26317,fviii inhibitor,fviii,INHIBITS
31457,25,28137,fra-1,tf up-regulation,INHIBITS
32674,25,35483,alk5,endothelin-1 overexpression,INHIBITS
30367,25,30368,rhogdiα,rhoa activation,INHIBITS
30197,25,25832,hirulog,thrombin,INHIBITS
29339,25,26342,pad4,adamts13,INHIBITS
34147,25,25887,asp,protein s,INHIBITS
32733,25,34947,anti-adamts13 autoantibodies,adamts13 function,INHIBITS
27481,25,25935,tnkase,pai-1,INHIBITS
26887,25,26090,gsk3β,cftr,INHIBITS
26347,25,30399,sepcr,apc anticoagulant function,INHIBITS
27937,25,26346,histones,protein c activation,INHIBITS
32601,25,32600,mmp8 nanobody,mmp8,INHIBITS
32988,25,32987,19s,thrombin calibrator activity,INHIBITS
27035,25,25908,tfpi activity,thrombin generation,INHIBITS
37128,25,29059,socs proteins,jaks,INHIBITS
28082,25,26911,neutrophil elastase,tfpi,INHIBITS
35074,25,35905,nattokinase,nox2 activation,INHIBITS
26833,25,29316,c1 inhibitor,c1 complex proteases,INHIBITS
34904,25,34623,ptch1,smo,INHIBITS
26376,25,26378,drotrecogin alfa,coagulation factor viiia,INHIBITS
38337,25,26342,autoantibody against adamts13,adamts13,INHIBITS
28924,25,26341,active factor v,activation of protein c,INHIBITS
35439,25,25875,α1-antitrypsin variants,activated protein c,INHIBITS
26507,25,28225,caveolin-1,enos activity,INHIBITS
33205,25,26073,ufh-at complex,factor xa,INHIBITS
33380,25,35711,actin,dnase activity,INHIBITS
26171,25,26371,ritonavir,p-glycoprotein,INHIBITS
26014,25,33618,statins,rho kinase and nadph oxidases,INHIBITS
26572,25,26574,sv-iv peptide 1-16,factor v leiden procoagulant activity,INHIBITS
26430,25,26911,factor xia,tfpi,INHIBITS
26270,25,26695,akt,gsk-3β,INHIBITS
28967,25,26930,c1-inh,kallikrein,INHIBITS
34665,25,34666,lipocortin-1,pla2 function,INHIBITS
31306,25,26024,bhlh,e-cadherin,INHIBITS
35470,25,26283,mdm-2,p53,INHIBITS
33128,25,26229,fxa inhibitors,fxa,INHIBITS
27674,25,27675,protein z-dependent protease inhibitor,prothrombinase,INHIBITS
32395,25,32396,thrombin-arg382his,par1 catalysis,INHIBITS
28663,25,25832,mh22,thrombin,INHIBITS
25887,25,26150,protein s,factor viiia,INHIBITS
32479,25,32480,immune checkpoint inhibitors,inhibitory receptors on t cells,INHIBITS
28550,25,28552,pig thrombomodulin,activation of human protein c,INHIBITS
28912,25,27416,cediranib,vegfr,INHIBITS
33180,25,33181,boophilin,clot-bound thrombin,INHIBITS
25898,25,25832,antithrombin,thrombin,INHIBITS
25839,25,28026,antiphospholipid antibodies,tissue type plasminogen activator,INHIBITS
38428,25,29017,nsp3,irf3,INHIBITS
36758,25,36759,crizotinib,met activity,INHIBITS
26907,25,30352,lactadherin,tissue factor activation,INHIBITS
39079,25,39080,barbourin,gp iib/iiia receptors,INHIBITS
28007,25,25908,nitrophorin 2,thrombin generation,INHIBITS
32616,25,32617,gma 8015 mab,murine fviii activity,INHIBITS
31440,25,33053,exendin-4,mcao-induced icam-1 expression,INHIBITS
32087,25,36053,pembrolizumab,immune checkpoints,INHIBITS
30169,25,30891,panobinostat,histone deacetylase,INHIBITS
28635,25,25953,timp-1,mmp-9,INHIBITS
26093,25,25832,thrombomodulin,thrombin,INHIBITS
30188,25,26073,lefaxin,factor xa,INHIBITS
39856,25,26430,aat-rc-2,factor xia,INHIBITS
26951,25,26952,autoantibodies against adamts13,adamts13 activity,INHIBITS
26703,25,26655,smac/diablo,survivin,INHIBITS
26243,25,28411,annexin a5,anti-domain i igg,INHIBITS
28554,25,28555,porcine tissue factor pathway inhibitor,human fxa,INHIBITS
38707,25,26903,fxii900,fxiia,INHIBITS
31477,25,31478,il-6r antagonist,crp increase,INHIBITS
25953,25,26720,mmp-9,pai-1 expression,INHIBITS
27344,25,27574,anti-mouse tf antibody,tissue factor (tf) activity,INHIBITS
30770,25,30771,tfpi and antithrombin,"factor viia-tissue factor complex, factor xa, and thrombin activity",INHIBITS
33186,25,27082,pim1,socs3,INHIBITS
25875,25,26149,activated protein c,factor va,INHIBITS
37911,25,26037,alpha2-antiplasmin,plasmin,INHIBITS
26839,25,27400,cd59,membrane attack complex (mac) formation,INHIBITS
32519,25,25969,crizanlizumab,p-selectin,INHIBITS
25887,25,27493,protein s,coagulation factor xa,INHIBITS
29816,25,29050,rkip,traf6,INHIBITS
26904,25,33608,fxia,adamts13 cleavage of vwf,INHIBITS
26405,25,26025,pai-2,t-pa,INHIBITS
38312,25,38313,amg 820,csf1r activation,INHIBITS
25839,25,27109,antiphospholipid antibodies,annexin a5 binding to phospholipid bilayers,INHIBITS
32289,25,26614,rtp801,mtor,INHIBITS
26093,25,29162,thrombomodulin,cell adhesion molecule expression,INHIBITS
33837,25,31854,anti-pd-l1 antibody,pd-l1,INHIBITS
28981,25,26037,"pn2kpi-r15k,m17k",plasmin,INHIBITS
34571,25,34572,mastl,pp2a-b55 complex,INHIBITS
27137,25,28799,abciximab,platelet glycoprotein iib/iiia,INHIBITS
26014,25,27642,statins,nadph oxidase activity,INHIBITS
25898,25,26229,antithrombin,fxa,INHIBITS
26994,25,25832,variegin,thrombin,INHIBITS
26173,25,37860,cell-free hemoglobin,adamts13 catalytic activity,INHIBITS
29686,25,26911,peptide,tfpi,INHIBITS
26036,25,26073,antithrombin iii,factor xa,INHIBITS
26219,25,29681,ccr7,fsp-1 antigen expression,INHIBITS
38070,25,26911,mg1113,tfpi,INHIBITS
31461,25,32080,rip1,ant,INHIBITS
27793,25,32605,pdi,tf procoagulant activation,INHIBITS
26911,25,26105,tfpi,tf-fviia,INHIBITS
29892,25,26073,pz/zpi complex,factor xa,INHIBITS
34667,25,34668,gsk461364a,plk1,INHIBITS
25923,25,25832,atiii,thrombin,INHIBITS
26014,25,25830,statins,tissue factor,INHIBITS
28704,25,27787,phbsp,p38,INHIBITS
28978,25,37766,platelet protein s,extrinsic fxase,INHIBITS
33211,25,38641,clusterin,complement component 9,INHIBITS
26784,25,30292,androgen receptor,met expression,INHIBITS
32801,25,26614,deptor,mtor,INHIBITS
28967,25,26818,c1-inh,c1r,INHIBITS
25875,25,26857,activated protein c,activated coagulation factors v and viii,INHIBITS
28291,25,25847,spink5,proteases,INHIBITS
37931,25,26931,tmα,hmgb1,INHIBITS
26283,25,27944,p53,inos expression,INHIBITS
29110,25,26905,tfpiβ,tf-fviia complex,INHIBITS
26266,25,25834,angiotensin-,angiotensin ii,INHIBITS
27680,25,28082,serpina1,neutrophil elastase,INHIBITS
26380,25,28865,cilengitide,alpha(v)beta(5) integrin,INHIBITS
25898,25,25878,antithrombin,factor ix,INHIBITS
30814,25,37157,jak inhibitors,gak,INHIBITS
27395,25,27396,meizothrombin,apc-mediated cleavage of fva,INHIBITS
26037,25,26911,plasmin,tfpi,INHIBITS
26035,25,25922,apl,protein c,INHIBITS
26036,25,25919,antithrombin iii,factor x,INHIBITS
27348,25,27349,aflibercept,vegfr1 and vegfr2 binding,INHIBITS
29342,25,27572,elafin,ne,INHIBITS
33458,25,30432,cidec,ampk,INHIBITS
27257,25,30697,vorinostat,hdac1,INHIBITS
25834,25,34177,angiotensin ii,dimethylarginine dimethylaminohydrolase (ddah) expression/activity,INHIBITS
35074,25,26720,nattokinase,pai-1 expression,INHIBITS
30814,25,36667,jak inhibitors,jak activity,INHIBITS
35254,25,26229,lunathrombase,fxa,INHIBITS
27657,25,25832,anti-thrombin iii,thrombin,INHIBITS
35570,25,26921,anti-tf antibody sbtf-1,tf activity,INHIBITS
26238,25,33463,autoantibodies,vwf multimers,INHIBITS
29924,25,29926,spc-54,apc active site access,INHIBITS
38516,25,38517,coral snake venom,muscarinic acetylcholine receptors,INHIBITS
33023,25,26911,bax499,tfpi,INHIBITS
26263,25,34397,ace,ang-,INHIBITS
32363,25,32364,anti-pd-1 mab,pd-1/pd-l1 interaction,INHIBITS
27257,25,26733,vorinostat,hdacs,INHIBITS
27967,25,26064,ramucirumab,vegfr-2,INHIBITS
25911,25,25954,erα,inos,INHIBITS
34050,25,34053,fidarestat,dox-induced upregulation of mdr1,INHIBITS
25898,25,26033,antithrombin,clotting factors,INHIBITS
26911,25,26229,tfpi,fxa,INHIBITS
25935,25,33715,pai-1,tpa thrombolytic activity,INHIBITS
35522,25,26074,antithrombin/heparin complex,factor iia,INHIBITS
26093,25,27222,thrombomodulin,jnk phosphorylation,INHIBITS
27137,25,31982,abciximab,gpiib/iiia function,INHIBITS
26939,25,26074,ufh-antithrombin iii complex,factor iia,INHIBITS
28016,25,25832,tm4-6,thrombin,INHIBITS
26911,25,27577,tfpi,tf-fviia-fxa complex,INHIBITS
26014,25,27641,statins,rac1 activity,INHIBITS
26012,25,26959,bnp,angiotensin,INHIBITS
26911,25,27237,tfpi,tf:fviia complex,INHIBITS
25875,25,27371,activated protein c,prothrombin activation,INHIBITS
33880,25,25852,pai,tpa,INHIBITS
26263,25,26930,ace,kallikrein,INHIBITS
34309,25,31854,durvalumab,pd-l1,INHIBITS
25922,25,26391,protein c,coagulation factors,INHIBITS
34087,25,25832,sculptin,thrombin,INHIBITS
36758,25,26757,crizotinib,met,INHIBITS
37805,25,37806,timp3,enzymes that degrade matrix components,INHIBITS
27636,25,29092,carfilzomib,proteasome,INHIBITS
35254,25,25832,lunathrombase,thrombin,INHIBITS
27777,25,26317,anti-fviii antibodies,fviii,INHIBITS
37257,25,26145,dimerized β2gpi,enos,INHIBITS
29105,25,31567,tfpiα,early forms of prothrombinase,INHIBITS
38417,25,38418,cct2,cd154 synthesis in cd4+ t cells,INHIBITS
28967,25,25880,c1-inh,factor xii,INHIBITS
26326,25,27176,bortezomib,20s proteasome chymotrypsin-like activity,INHIBITS
39542,25,29813,dnase substitution,fxii activation,INHIBITS
32865,25,27603,ppx,factor xii activation,INHIBITS
39392,25,26418,meloxicam,cox-2,INHIBITS
25887,25,32370,protein s,intrinsic xase complex,INHIBITS
31317,25,26936,γ′ carboxyl-terminal peptide,factor v activation,INHIBITS
26171,25,38463,ritonavir,enzymes responsible for lopinavir metabolism,INHIBITS
31843,25,31844,rto,pf4 tetramerization,INHIBITS
26705,25,26704,htra2/omi,iaps,INHIBITS
28582,25,25935,drotrecogin alpha,pai-1,INHIBITS
39189,25,28378,bbci,cathepsin g,INHIBITS
26047,25,27123,cl15,antithrombin inactivation of factor ixa,INHIBITS
34147,25,25898,asp,antithrombin,INHIBITS
26171,25,28562,ritonavir,cyp3a4,INHIBITS
31114,25,28813,biib022,igf-1r,INHIBITS
35503,25,35502,bosutinib,abl1,INHIBITS
38460,25,26430,ep-7041,factor xia,INHIBITS
26695,25,26675,gsk-3β,smad3,INHIBITS
26326,25,26705,bortezomib,htra2/omi,INHIBITS
39575,25,25832,hv2,thrombin,INHIBITS
26133,25,26135,reactive center loop,pai-1 conformational change,INHIBITS
26905,25,25976,tf-fviia complex,tsp-1,INHIBITS
31554,25,26903,c1 esterase inhibitor,fxiia,INHIBITS
27382,25,26206,cetuximab,egfr,INHIBITS
26014,25,29682,statins,ggpp-dependent prenylation of rho a,INHIBITS
30716,25,36167,pdk,pdh,INHIBITS
26061,25,26264,hif-1α,ace2,INHIBITS
26221,25,26930,aprotinin,kallikrein,INHIBITS
27029,25,27030,anti-a2 monoclonal antibody,apl-induced icam-1 expression,INHIBITS
26372,25,25969,rpsgl-ig,p-selectin,INHIBITS
26911,25,28996,tfpi,tf/factor viia complex,INHIBITS
25987,25,33113,apc,coagulation factor va and viiia,INHIBITS
34002,25,26263,enalapril,ace,INHIBITS
26014,25,30143,statins,plasminogen activator-inhibitor 1 expression,INHIBITS
25875,25,26378,activated protein c,coagulation factor viiia,INHIBITS
26014,25,39676,statins,sars-cov-2 rna-dependent rna polymerase,INHIBITS
25898,25,33390,antithrombin,coagulation factor ixa,INHIBITS
29676,25,29677,pfkp activation,anti-hps ab-induced tf upregulation,INHIBITS
31335,25,31339,vp35,ikkε function,INHIBITS
26918,25,26308,at iii,factor ixa,INHIBITS
25839,25,32947,antiphospholipid antibodies,endothelial no synthase (enos) activity,INHIBITS
29420,25,25832,anticoagulants,thrombin,INHIBITS
25898,25,29437,antithrombin,blood coagulation proteases,INHIBITS
25922,25,30193,protein c,factors va and viiia,INHIBITS
27471,25,26131,heparin-antithrombin complex,activated factor x,INHIBITS
28841,25,25996,a20,nf-κb,INHIBITS
30101,25,32456,alpha-1-antitrypsin,nfκb activation,INHIBITS
37502,25,26073,ac-ap5,factor xa,INHIBITS
28199,25,27123,is6,antithrombin inactivation of factor ixa,INHIBITS
39811,25,26155,toceranib phosphate,vegfr2,INHIBITS
26790,25,33152,hepcidin,ferroportin 1,INHIBITS
25875,25,28014,activated protein c,cofactor viiia,INHIBITS
30025,25,30024,serpinb4,cathepsins,INHIBITS
30734,25,30609,high molecular weight kininogen,factor xi autoactivation,INHIBITS
27137,25,25908,abciximab,thrombin generation,INHIBITS
39622,25,39623,vitamin k antagonist anticoagulants,vitamin k-dependent coagulation proteins,INHIBITS
31999,25,39648,batroxobin,il-1β-induced erk phosphorylation,INHIBITS
26703,25,26704,smac/diablo,iaps,INHIBITS
32379,25,38894,nivolumab,programmed death 1 protein,INHIBITS
26621,25,25832,hcii,thrombin,INHIBITS
32519,25,36141,crizanlizumab,interaction between p-selectin and p-selectin glycoprotein ligand 1,INHIBITS
26154,25,27911,bivalirudin,factor ii,INHIBITS
27584,25,26896,denosumab,rankl,INHIBITS
29661,25,29663,antiβ2-gpi antibodies,endothelial nitric oxide synthase function,INHIBITS
26334,25,26335,fxa r150a,reactivity with at,INHIBITS
28704,25,27141,phbsp,erk1/2,INHIBITS
33022,25,26231,rb006,fixa,INHIBITS
27561,25,27560,plasminogen activator inhibitor 2,plasminogen activator,INHIBITS
30725,25,28068,ganitumab,igf1r,INHIBITS
27424,25,27761,glucocorticoid receptor,nlrp3 inflammasome activation,INHIBITS
30604,25,38317,sirt1,p53 acetylation,INHIBITS
25839,25,33353,antiphospholipid antibodies,natural anticoagulant systems,INHIBITS
26911,25,29258,tfpi,activated fx,INHIBITS
32068,25,26229,ach-11,fxa,INHIBITS
31239,25,26342,autoantibody,adamts13,INHIBITS
34084,25,27772,β3 adrenoceptor stimulation,rho-kinase,INHIBITS
26911,25,26905,tfpi,tf-fviia complex,INHIBITS
30101,25,36967,alpha-1-antitrypsin,tmprss-2,INHIBITS
30195,25,25832,srh,thrombin,INHIBITS
26020,25,25832,β2gpi,thrombin,INHIBITS
35692,25,25834,angiotensin 1-7,angiotensin ii,INHIBITS
27989,25,37172,oxyhemoglobin,neuronal no synthase (nnos) activity,INHIBITS
26093,25,36454,thrombomodulin,hmgb1 interaction with tlr2/4 and rage,INHIBITS
25935,25,26025,pai-1,t-pa,INHIBITS
26294,25,26295,cysteine-rich secretory proteins,cyclic nucleotide-gated ion channels,INHIBITS
26884,25,26904,zpi,fxia,INHIBITS
31649,25,31650,anti-rhuepo antibodies,endogenous epo,INHIBITS
26109,25,26437,rnapc2,tf/factor viia,INHIBITS
34533,25,34535,5b8 antibody,fibrin-induced nadph oxidase activity,INHIBITS
30100,25,25832,alpha-2-macroglobulin,thrombin,INHIBITS
25898,25,26324,antithrombin,coagulation proteases,INHIBITS
26272,25,25908,rtpa,thrombin generation,INHIBITS
30170,25,39295,hdac6,alpha-tubulin acetylation,INHIBITS
26884,25,26430,zpi,factor xia,INHIBITS
26911,25,29106,tfpi,factor viia/tissue factor complex,INHIBITS
26214,25,29791,gas6,nf-κb phosphorylation,INHIBITS
26014,25,25908,statins,thrombin generation,INHIBITS
34013,25,25936,igmκ paraprotein,coagulation factor activity,INHIBITS
26759,25,26807,ras,collagenase,INHIBITS
27967,25,28050,ramucirumab,vegfr-2 activation,INHIBITS
39811,25,39812,toceranib phosphate,pdgfr-ß,INHIBITS
30814,25,35946,jak inhibitors,jak enzymes,INHIBITS
35157,25,35158,autoantibodies against factor viii,factor viii pro-coagulant activity,INHIBITS
27006,25,26341,ecp,activation of protein c,INHIBITS
26036,25,27911,antithrombin iii,factor ii,INHIBITS
26320,25,26322,igg anti-β2gpi-oxlig-1,pon activity,INHIBITS
25896,25,27168,lupus anticoagulant,prothrombinase complex,INHIBITS
38946,25,38947,serp-1,thrombotic proteases,INHIBITS
26837,25,26815,factor h,c3 convertase,INHIBITS
25831,25,33739,hirudin,thrombin-triggered cleavage of acpp,INHIBITS
25911,25,32568,erα,ionotropic glutamate receptor expression,INHIBITS
29165,25,25908,inhibition of thrombin,thrombin generation,INHIBITS
33205,25,26431,ufh-at complex,factor xiia,INHIBITS
25828,25,28057,anticardiolipin antibodies,prothrombin activator complex,INHIBITS
28980,25,26904,pn2kpi,fxia,INHIBITS
27697,25,26921,sbd1,tf activity,INHIBITS
26387,25,26388,tnf antagonists,mtnf expression on cd4+ t lymphocytes,INHIBITS
26014,25,34391,statins,hmgcoar,INHIBITS
26589,25,26590,epcr isoform,apc anticoagulant activity,INHIBITS
27789,25,25908,zn2+-containing protein s,thrombin generation,INHIBITS
33180,25,26904,boophilin,fxia,INHIBITS
28901,25,25908,pentasaccharide,thrombin generation,INHIBITS
37816,25,29303,eglin c,elastase,INHIBITS
27049,25,26270,pten,akt,INHIBITS
25831,25,27911,hirudin,factor ii,INHIBITS
29902,25,29903,resminostat,hdac enzyme,INHIBITS
25935,25,27042,pai-1,tissue-type plasminogen activator,INHIBITS
26403,25,27393,prothrombin,apc-mediated proteolysis of factor va,INHIBITS
26403,25,27394,prothrombin,apc cleavage of fva at arg506 and arg306,INHIBITS
31870,25,31871,budesonide,cathepsin activity,INHIBITS
33965,25,27405,α1-protease inhibitor,trypsin,INHIBITS
28312,25,26921,anti-tf antibody,tf activity,INHIBITS
25953,25,26911,mmp-9,tfpi,INHIBITS
27968,25,28822,tafia,plasminogen binding to fibrin,INHIBITS
39987,25,27761,farnesoid x receptor,nlrp3 inflammasome activation,INHIBITS
38867,25,31006,zikv protease,septin-2,INHIBITS
26014,25,27761,statins,nlrp3 inflammasome activation,INHIBITS
37048,25,25922,anti-protein c antibodies,protein c,INHIBITS
27660,25,27661,mdm2,tp53 activity,INHIBITS
25935,25,26037,pai-1,plasmin,INHIBITS
28689,25,27693,anti-ctla-4 antibody,ctla-4,INHIBITS
26911,25,25830,tfpi,tissue factor,INHIBITS
26907,25,33568,lactadherin,factor xa formation,INHIBITS
25887,25,28831,protein s,activated factor xa,INHIBITS
31753,25,33053,liraglutide,mcao-induced icam-1 expression,INHIBITS
38197,25,25908,anti-fxi antibody,thrombin generation,INHIBITS
26911,25,26914,tfpi,tissue factor-factor viia complex activity,INHIBITS
33161,25,26735,apatinib,c-src,INHIBITS
26911,25,39058,tfpi,tf and prothrombinase complex,INHIBITS
26158,25,26159,tipifarnib,farnesyltransferase,INHIBITS
26003,25,28822,thrombin-activatable fibrinolysis inhibitor,plasminogen binding to fibrin,INHIBITS
32479,25,27693,immune checkpoint inhibitors,ctla-4,INHIBITS
30514,25,30515,hdac4 and hdac5,mef2 function,INHIBITS
31504,25,26342,vwf fibers,adamts13,INHIBITS
38468,25,38469,fih,hif activity,INHIBITS
28919,25,28920,pertuzumab,her-2-her-3 dimerization,INHIBITS
34290,25,27915,hu5f9-g4,cd47,INHIBITS
26264,25,27206,ace2,ang ii,INHIBITS
34399,25,34398,a779,mas,INHIBITS
31741,25,33128,andexanet alfa,fxa inhibitors,INHIBITS
27636,25,36505,carfilzomib,proteasome γ5 and lmp7 subunits,INHIBITS
26221,25,25832,aprotinin,thrombin,INHIBITS
26614,25,39582,mtor,pkcδ thr505 phosphorylation,INHIBITS
25935,25,26175,pai-1,plasmin formation,INHIBITS
34938,25,26317,fviii inhibitors,fviii,INHIBITS
26093,25,25908,thrombomodulin,thrombin generation,INHIBITS
37424,25,30432,ip6k1,ampk,INHIBITS
37004,25,26903,c1,fxiia,INHIBITS
26178,25,25852,cl1,tpa,INHIBITS
26330,25,26175,tafi,plasmin formation,INHIBITS
29922,25,29923,p28,p53 ubiquitination,INHIBITS
26171,25,26614,ritonavir,mtor,INHIBITS
26264,25,25952,ace2,vcam-1,INHIBITS
32265,25,39279,necitumumab,binding of egfr to its ligands,INHIBITS
26337,25,25908,melagatran,thrombin generation,INHIBITS
26326,25,28604,bortezomib,iκbα degradation,INHIBITS
27142,25,26790,matriptase-2,hepcidin,INHIBITS
26405,25,30570,pai-2,cxcl2 expression,INHIBITS
33902,25,25877,auto-antibodies,factor viii,INHIBITS
31947,25,25908,pltp,thrombin generation,INHIBITS
26264,25,26759,ace2,ras,INHIBITS
30150,25,30152,asialo-rhuepo p,caspase 3 activation,INHIBITS
36379,25,27225,rnbp,renin,INHIBITS
38279,25,26827,pappa,c3,INHIBITS
31504,25,25852,vwf fibers,tpa,INHIBITS
29154,25,29155,fxiiia inhibitors,fxiiia activity,INHIBITS
27820,25,28813,figitumumab,igf-1r,INHIBITS
26507,25,38829,caveolin-1,igf-1r activation,INHIBITS
33591,25,30781,p16,cdk4/6,INHIBITS
26014,25,27639,statins,rho isoprenylation,INHIBITS
28192,25,26430,protein c inhibitor,factor xia,INHIBITS
30138,25,25832,hv3api rcl5,thrombin,INHIBITS
26014,25,31404,statins,hmg co-a reductase,INHIBITS
38403,25,38404,pexelizumab,c5 activation,INHIBITS
25898,25,26391,antithrombin,coagulation factors,INHIBITS
37548,25,37549,gas-6,tyro3 overexpression,INHIBITS
39074,25,39075,high-dose intravenous immunoglobulins,platelet-activating properties of chadox1 ncov-19 vaccine induced antibodies,INHIBITS
26941,25,26073,pentasaccharide-antithrombin iii complex,factor xa,INHIBITS
26337,25,26713,melagatran,protein c system,INHIBITS
38674,25,38675,cobrotoxin,ikk phosphorylation,INHIBITS
38931,25,25908,apc-g197a,thrombin generation,INHIBITS
36500,25,26263,vph,ace,INHIBITS
38179,25,33090,anti-ifn-alpha autoantibodies,stat1 phosphorylation,INHIBITS
28559,25,28560,pn-1,activity of plasmin,INHIBITS
28082,25,31801,neutrophil elastase,h1 histone,INHIBITS
25830,25,27203,tissue factor,thrombomodulin sensitivity,INHIBITS
26219,25,29680,ccr7,αsma antigen expression,INHIBITS
27186,25,26520,endostatin,matrix metalloproteinases,INHIBITS
28394,25,28395,pparγ activation,activation of hypoxia-responsive transcription factors,INHIBITS
26849,25,26850,panitumumab,egfr activation,INHIBITS
37031,25,26791,viral spike protein,ferroportin,INHIBITS
37977,25,29646,cemiplimab,pd-1,INHIBITS
26314,25,26905,ixolaris,tf-fviia complex,INHIBITS
25896,25,25936,lupus anticoagulant,coagulation factor activity,INHIBITS
33205,25,26430,ufh-at complex,factor xia,INHIBITS
28372,25,28046,alloantibodies,factor viii activity,INHIBITS
37544,25,37545,heparanase-2,hpse activity,INHIBITS
26507,25,26223,caveolin-1,endothelial no synthase,INHIBITS
28312,25,26106,anti-tf antibody,tf,INHIBITS
34050,25,34054,fidarestat,dox-induced upregulation of mrp1,INHIBITS
26918,25,26236,at iii,factor viia,INHIBITS
26911,25,27168,tfpi,prothrombinase complex,INHIBITS
28193,25,26911,serine proteases,tfpi,INHIBITS
28558,25,31468,p16 ink4a,rb phosphorylation,INHIBITS
28825,25,34611,inhibitors,fviii hemostatic activity,INHIBITS
27079,25,28366,mtorc1,mtorc2,INHIBITS
33161,25,25930,apatinib,c-kit,INHIBITS
26347,25,26590,sepcr,apc anticoagulant activity,INHIBITS
26014,25,36644,statins,rho kinase (rock) activity,INHIBITS
31522,25,25996,apom,nf-κb,INHIBITS
25987,25,26230,apc,fviiia,INHIBITS
34222,25,34223,tfpi-1,tf-factor/viia complex,INHIBITS
38441,25,27693,antibody blockade,ctla-4,INHIBITS
26953,25,26837,autoantibodies against factor h,factor h,INHIBITS
27836,25,26324,heparan sulfate proteoglycans,coagulation proteases,INHIBITS
37004,25,26904,c1,fxia,INHIBITS
28912,25,31738,cediranib,"vegfr1, vegfr2, vegfr3",INHIBITS
26016,25,27093,crp,endothelial nitric oxide synthase,INHIBITS
32440,25,39888,fxiii-b subunits,fxiii-a2,INHIBITS
31981,25,31982,anti-gpiib/iiia autoantibody,gpiib/iiia function,INHIBITS
26109,25,26110,rnapc2,tf-factor viia complex,INHIBITS
28635,25,39593,timp-1,mmp proteolytic activity,INHIBITS
28924,25,28925,active factor v,tpa binding to endothelial cells,INHIBITS
25845,25,25846,bacterial proteases,immunoglobulins,INHIBITS
39854,25,26430,aat m358r,factor xia,INHIBITS
28192,25,25832,protein c inhibitor,thrombin,INHIBITS
33578,25,26064,tsu-68,vegfr-2,INHIBITS
25935,25,30451,pai-1,tissue plasminogen activator and urinary plasminogen activators,INHIBITS
27018,25,34104,prekallikrein,mas expression,INHIBITS
26037,25,25878,plasmin,factor ix,INHIBITS
29105,25,25908,tfpiα,thrombin generation,INHIBITS
26171,25,33500,ritonavir,mate-1 transporter,INHIBITS
38290,25,26073,heparin-activated antithrombin-iii,factor xa,INHIBITS
36077,25,37625,sod3,hyaluronidase activity,INHIBITS
25898,25,35128,antithrombin,"coagulation factors ixa, xa, xia, xiia",INHIBITS
34147,25,25922,asp,protein c,INHIBITS
30696,25,33827,dnmt1,hbf expression,INHIBITS
39077,25,39078,ziconotide,n-type voltage gated calcium channels,INHIBITS
25875,25,25908,activated protein c,thrombin generation,INHIBITS
36675,25,25832,jnj-9375,thrombin,INHIBITS
26940,25,26073,lmwh-antithrombin iii complex,factor xa,INHIBITS
30285,25,30286,histone h3 arginine deimination,hp1β binding to histone h3 lysine 9,INHIBITS
31993,25,26317,antibodies against fviii,fviii,INHIBITS
36158,25,36159,tarextumab,notch2/3 receptors,INHIBITS
26572,25,26573,sv-iv peptide 1-16,factor v procoagulant activity,INHIBITS
31947,25,31948,pltp,factor xii-dependent kallikrein generation,INHIBITS
25875,25,25920,activated protein c,factor v,INHIBITS
26014,25,33302,statins,rac,INHIBITS
28200,25,27123,cl24,antithrombin inactivation of factor ixa,INHIBITS
25920,25,37471,factor v,inactivation by activated protein c,INHIBITS
25887,25,36853,protein s,fixa activity,INHIBITS
29800,25,25887,mab s4,protein s,INHIBITS
30149,25,26073,antithrombin-iii,factor xa,INHIBITS
25850,25,25851,c7e3,gpiib/iiia receptors,INHIBITS
35211,25,26646,losmapimod,p38 mapk,INHIBITS
27937,25,26037,histones,plasmin,INHIBITS
31836,25,31837,pegvisomant,gh receptor,INHIBITS
25935,25,25853,pai-1,plasminogen,INHIBITS
26264,25,26553,ace2,angii,INHIBITS
25987,25,26478,apc,plasminogen activator inhibitor type 1,INHIBITS
38865,25,38866,sars-cov-2 plpro,erbb4,INHIBITS
38912,25,27010,zafirlukast,protein disulphide isomerase,INHIBITS
27044,25,27261,rituximab,apl antibodies,INHIBITS
33650,25,30361,lethal factor,erk1,INHIBITS
26421,25,26911,fsap,tfpi,INHIBITS
32087,25,34354,pembrolizumab,pd-1 receptor,INHIBITS
37632,25,37633,galcanezumab,cgrp biological activity,INHIBITS
37449,25,30433,nanobodies,antithrombin (at) activity,INHIBITS
34092,25,28131,phlpp,akt activation,INHIBITS
34510,25,32038,tula-2,syk phosphorylation,INHIBITS
32429,25,29178,diclofenac,β-catenin,INHIBITS
27397,25,27396,prothrombin fragment 1•2,apc-mediated cleavage of fva,INHIBITS
38616,25,25834,ace ii,angiotensin ii,INHIBITS
27584,25,27583,denosumab,cathepsin k,INHIBITS
36500,25,36502,vph,pancreatic lipase,INHIBITS
26981,25,26815,cd55,c3 convertase,INHIBITS
34579,25,27793,inhibitory antibody,pdi,INHIBITS
36849,25,27892,tissue factor pathway inhibitor α,tf/fviia complex,INHIBITS
32869,25,32870,protein s-protein c complex,tpa inhibitors,INHIBITS
25935,25,26404,pai-1,u-pa,INHIBITS
26002,25,25832,heparin cofactor ii,thrombin,INHIBITS
26036,25,25878,antithrombin iii,factor ix,INHIBITS
28545,25,25908,anti-tissue factor antibody,thrombin generation,INHIBITS
37677,25,37679,ae1 n-terminus,aldolase,INHIBITS
29955,25,36742,speb,desmoglein 1,INHIBITS
26889,25,26263,trandolaprilat,ace,INHIBITS
32479,25,31854,immune checkpoint inhibitors,pd-l1,INHIBITS
26221,25,27405,aprotinin,trypsin,INHIBITS
29105,25,26195,tfpiα,fviia,INHIBITS
28082,25,26036,neutrophil elastase,antithrombin iii,INHIBITS
30807,25,26066,hrg-heparin complex,antithrombin iii activity,INHIBITS
26800,25,26801,fibrinogen γ′ chain,thrombin cleavage of par1,INHIBITS
26332,25,35309,at,activated coagulation factor iia,INHIBITS
25898,25,28376,antithrombin,coagulation factor xia,INHIBITS
38980,25,36051,acquired factor v inhibitor,factor v activity,INHIBITS
25935,25,25852,pai-1,tpa,INHIBITS
25839,25,26069,antiphospholipid antibodies,annexin v activity,INHIBITS
25896,25,25908,lupus anticoagulant,thrombin generation,INHIBITS
28919,25,28921,pertuzumab,her-2-egfr dimerization,INHIBITS
37412,25,33280,macitentan,eta receptor,INHIBITS
26332,25,25832,at,thrombin,INHIBITS
26035,25,26145,apl,enos,INHIBITS
26238,25,26342,autoantibodies,adamts13,INHIBITS
26238,25,34708,autoantibodies,factor viii function,INHIBITS
28192,25,26073,protein c inhibitor,factor xa,INHIBITS
36553,25,28376,bay 1213790,coagulation factor xia,INHIBITS
27789,25,27790,zn2+-containing protein s,extrinsic factor x activating complex,INHIBITS
26013,25,25834,anp,angiotensin ii,INHIBITS
33880,25,25853,pai,plasminogen,INHIBITS
25898,25,26430,antithrombin,factor xia,INHIBITS
32611,25,25908,anti-fxiia antibody,thrombin generation,INHIBITS
35446,25,26037,alpha 2-macroglobulin,plasmin,INHIBITS
36998,25,36999,anti-c2 autoantibodies against fviii,factor ix activated (fixa)-dependent factor x(fx) activation,INHIBITS
39157,25,32364,anti-pd-1/pd-l1 antibodies,pd-1/pd-l1 interaction,INHIBITS
31198,25,26774,anti-npg-12 antibodies,hfgl2,INHIBITS
30150,25,34143,asialo-rhuepo p,mst1 activation,INHIBITS
27382,25,27151,cetuximab,epidermal growth factor receptor,INHIBITS
28111,25,26815,c4b-binding protein,c3 convertase,INHIBITS
26035,25,26066,apl,antithrombin iii activity,INHIBITS
29460,25,37463,smad2,smad3 phosphorylation,INHIBITS
36749,25,25935,nb64,pai-1,INHIBITS
30025,25,30026,serpinb4,chymase,INHIBITS
32777,25,28190,apoc-iii,lipoprotein lipase,INHIBITS
38110,25,25969,anxa1 ac2-26,p-selectin,INHIBITS
26911,25,26391,tfpi,coagulation factors,INHIBITS
34001,25,27416,angioprotein-2,vegfr,INHIBITS
26014,25,38759,statins,leucocyte function antigen-1,INHIBITS
28132,25,31583,ezh2,klf5,INHIBITS
37590,25,39675,etrolizumab,α4β7-integrin and αeβ7-integrin,INHIBITS
26661,25,29351,annexin a2,s100a10 degradation,INHIBITS
36347,25,28241,pz/zpi,coagulation factor x,INHIBITS
28967,25,25882,c1-inh,tissue plasminogen activator,INHIBITS
39498,25,28329,i324m-v2r,erk1/2 phosphorylation,INHIBITS
31797,25,25858,tryptase,fibrinogen,INHIBITS
34867,25,34866,lxrα,apolipoprotein m,INHIBITS
36805,25,25832,at-t90s,thrombin,INHIBITS
27537,25,25832,anti-thrombin,thrombin,INHIBITS
30020,25,26930,serpina12,kallikrein,INHIBITS
25935,25,29071,pai-1,mmps activation,INHIBITS
29484,25,26345,vhl protein,jak2,INHIBITS
31753,25,36210,liraglutide,atg-7 formation,INHIBITS
26783,25,25908,factor ixa r233a,thrombin generation,INHIBITS
29157,25,29159,ppar-α,carnitine palmitoyl transferase i release,INHIBITS
26981,25,37163,cd55,alternative pathway c3 and c5 convertases,INHIBITS
31022,25,27149,ptprc,src,INHIBITS
32733,25,26952,anti-adamts13 autoantibodies,adamts13 activity,INHIBITS
26171,25,30939,ritonavir,p-gp efflux transporters,INHIBITS
30948,25,30765,vitamin k epoxide reductase complex subunit 1,"synthesis of coagulation factors ii, vii, ix, and x",INHIBITS
26087,25,26088,pparγ,angiotensin ii type 1 receptor function,INHIBITS
29816,25,29818,rkip,nik,INHIBITS
34761,25,26622,vorapaxar,thrombin action,INHIBITS
32752,25,26073,gcc-4401c,factor xa,INHIBITS
26221,25,26904,aprotinin,fxia,INHIBITS
25839,25,26145,antiphospholipid antibodies,enos,INHIBITS
34050,25,34055,fidarestat,dox-induced upregulation of abcg2,INHIBITS
29816,25,29817,rkip,tak1,INHIBITS
33109,25,25832,egf-sk fusion construct,thrombin,INHIBITS
30028,25,30024,serpinb6,cathepsins,INHIBITS
25898,25,26431,antithrombin,factor xiia,INHIBITS
27029,25,27031,anti-a2 monoclonal antibody,apl-induced e-selectin expression,INHIBITS
34622,25,34623,ptch,smo,INHIBITS
27573,25,26952,anti-adamts13 igg autoantibodies,adamts13 activity,INHIBITS
27076,25,27079,tsc1/tsc2,mtorc1,INHIBITS
28967,25,27020,c1-inh,plasma kallikrein,INHIBITS
36805,25,26073,at-t90s,factor xa,INHIBITS
26014,25,33617,statins,prenylation of rho and rac,INHIBITS
26934,25,25882,plasminogen activator inhibitor,tissue plasminogen activator,INHIBITS
25935,25,27978,pai-1,plasminogen activators,INHIBITS
25839,25,29420,antiphospholipid antibodies,anticoagulants,INHIBITS
32911,25,35738,transferrin,inactivation of coagulation proteases by antithrombin,INHIBITS
27660,25,26283,mdm2,p53,INHIBITS
25935,25,27199,pai-1,upa,INHIBITS
25898,25,26236,antithrombin,factor viia,INHIBITS
26342,25,25881,adamts13,von willebrand factor,INHIBITS
26347,25,26341,sepcr,activation of protein c,INHIBITS
27293,25,28329,ho-1,erk1/2 phosphorylation,INHIBITS
35588,25,35589,gp v,gp ib-ix function,INHIBITS
32379,25,29646,nivolumab,pd-1,INHIBITS
32479,25,32364,immune checkpoint inhibitors,pd-1/pd-l1 interaction,INHIBITS
37817,25,26037,bdellins,plasmin,INHIBITS
26266,25,31682,angiotensin-,matrix metalloproteinases activity,INHIBITS
35244,25,31460,14-3-3 proteins,ask1,INHIBITS
27657,25,26073,anti-thrombin iii,factor xa,INHIBITS
30492,25,38015,fetuin-a,insulin receptor tyrosine kinase,INHIBITS
25831,25,25832,hirudin,thrombin,INHIBITS
31741,25,27159,andexanet alfa,lag time,INHIBITS
34834,25,34835,peg-di,aps-igg-induced tissue factor expression,INHIBITS
25875,25,31591,activated protein c,clotting factors v and viii,INHIBITS
26332,25,26229,at,fxa,INHIBITS
29407,25,29408,matrix gla-protein,bone morphogenetic protein 2,INHIBITS
27636,25,31145,carfilzomib,chymotrypsin-like (β5) subunit of the 20s proteasome,INHIBITS
35762,25,31854,atezolizumab,pd-l1,INHIBITS
26891,25,25937,ace inhibitors,angiotensin converting enzyme,INHIBITS
31482,25,27400,west nile virus (wnv) nonstructural protein 1,membrane attack complex (mac) formation,INHIBITS
27004,25,27005,gn protein,tap,INHIBITS
26270,25,33786,akt,tsc1/tsc2 complex,INHIBITS
26911,25,25908,tfpi,thrombin generation,INHIBITS
28082,25,26909,neutrophil elastase,tf pathway inhibitor,INHIBITS
32379,25,32364,nivolumab,pd-1/pd-l1 interaction,INHIBITS
26221,25,37217,aprotinin,chymotrypsin,INHIBITS
28950,25,28951,gαq,pai-1 activity and expression,INHIBITS
25987,25,25988,apc,fva,INHIBITS
25839,25,28462,antiphospholipid antibodies,enos activation,INHIBITS
28836,25,32564,αvβ3 integrin,vegfr2 expression,INHIBITS
25896,25,27018,lupus anticoagulant,prekallikrein,INHIBITS
30432,25,25954,ampk,inos,INHIBITS
28559,25,25832,pn-1,thrombin,INHIBITS
33205,25,25832,ufh-at complex,thrombin,INHIBITS
25839,25,37207,antiphospholipid antibodies,β2 gpi activity,INHIBITS
26839,25,27518,cd59,complement,INHIBITS
25828,25,29935,anticardiolipin antibodies,annexin 5 activity,INHIBITS
33503,25,33504,antibodies in antivenom,toxic enzymes,INHIBITS
25987,25,39060,apc,pai-1 and pai-2,INHIBITS
31491,25,25887,c4bp,protein s,INHIBITS
27191,25,31354,ngal,mmp-9 degradation,INHIBITS
27112,25,25908,annexin v,thrombin generation,INHIBITS
26911,25,27934,tfpi,tissue factor-fviia complex,INHIBITS
25898,25,31143,antithrombin,activated coagulation factors,INHIBITS
25839,25,26068,antiphospholipid antibodies,protein s activity,INHIBITS
29695,25,26713,c-jun,protein c system,INHIBITS
28677,25,28678,arc1779,vwf binding to gpib receptor,INHIBITS
33205,25,33206,ufh-at complex,"coagulation factors xa, ixa, xia, and xiia",INHIBITS
26020,25,32830,β2gpi,factor xi/xia,INHIBITS
25834,25,26540,angiotensin ii,task1/task3 heterodimers,INHIBITS
26274,25,26175,antifibrinolytic agents,plasmin formation,INHIBITS
25875,25,28013,activated protein c,cofactor va,INHIBITS
36748,25,25935,nb42,pai-1,INHIBITS
30006,25,28225,apo ciii,enos activity,INHIBITS
32519,25,39833,crizanlizumab,interaction between p-selectin and psgl-1,INHIBITS
26145,25,26146,enos,vcam expression,INHIBITS
25935,25,30774,pai-1,tpa and upa,INHIBITS
26897,25,26896,opg,rankl,INHIBITS
29661,25,29662,antiβ2-gpi antibodies,tissue factor pathway inhibitor activity,INHIBITS
28129,25,28130,dab2ip,erk activation,INHIBITS
30002,25,26145,apls,enos,INHIBITS
31130,25,27572,aat,ne,INHIBITS
25898,25,28831,antithrombin,activated factor xa,INHIBITS
39081,25,25832,lepirudin,thrombin,INHIBITS
25935,25,25915,pai-1,rt-pa,INHIBITS
33180,25,25832,boophilin,thrombin,INHIBITS
33166,25,27489,cangrelor,p2y12 receptor,INHIBITS
25875,25,26377,activated protein c,coagulation factor va,INHIBITS
30381,25,25875,α2-macroglobulin,activated protein c,INHIBITS
26326,25,29092,bortezomib,proteasome,INHIBITS
25839,25,31609,antiphospholipid antibodies,β2gpi function,INHIBITS
36565,25,25832,argatroban hydrate,thrombin,INHIBITS
31130,25,32277,aat,adam-17,INHIBITS
28967,25,25879,c1-inh,factor xi,INHIBITS
25935,25,26902,pai-1,urokinase plasminogen activator,INHIBITS
25898,25,37866,antithrombin,activated factor xia,INHIBITS
26014,25,26794,statins,nadph oxidase,INHIBITS
32086,25,26757,amg 337,met,INHIBITS
31741,25,26911,andexanet alfa,tfpi,INHIBITS
25898,25,36481,antithrombin,"coagulation factors ix, x, xi, xii, viii",INHIBITS
27678,25,28639,pka,adenylyl cyclase,INHIBITS
25846,25,27166,immunoglobulins,antithrombin-mediated inhibition of factor xa,INHIBITS
27190,28,27191,erbb2,ngal,UPREGULATES
26464,28,33737,cxcr4,pjnk,UPREGULATES
26061,28,28619,hif-1α,sflt1,UPREGULATES
32642,28,25951,s100b,rage,UPREGULATES
26773,28,25935,rho kinase,pai-1,UPREGULATES
25987,28,26037,apc,plasmin,UPREGULATES
25996,28,25960,nf-κb,icam-1,UPREGULATES
37321,28,39729,sars-cov-2 nucleocapsid protein,glut-4,UPREGULATES
31947,28,34763,pltp,ripk3,UPREGULATES
26086,28,32767,cd40l,mhc class ii expression,UPREGULATES
26030,28,36174,bevacizumab,aggrecan,UPREGULATES
26206,28,29112,egfr,cox2,UPREGULATES
25832,28,25983,thrombin,endothelin-1,UPREGULATES
26030,28,26474,bevacizumab,transthyretin,UPREGULATES
25832,28,33723,thrombin,p22phox,UPREGULATES
28285,28,28286,deletion of jh2 domain,jak2 and jak3 tyrosine kinase activity,UPREGULATES
37257,28,28242,dimerized β2gpi,tissue factor production,UPREGULATES
35865,28,35869,stat5a/b,tfr1,UPREGULATES
28361,28,28361,mmp1,mmp1,UPREGULATES
26014,28,30144,statins,tissue plasminogen activator activity,UPREGULATES
26529,28,25858,ivig,fibrinogen,UPREGULATES
32379,28,28698,nivolumab,myd88,UPREGULATES
36261,28,31854,olaparib,pd-l1,UPREGULATES
31753,28,29492,liraglutide,α-sma expression,UPREGULATES
26883,28,26714,c-reactive protein,tf expression,UPREGULATES
26414,28,27088,jak2 v617f,p-selectin expression,UPREGULATES
27692,28,29646,ipilimumab,pd-1,UPREGULATES
36522,28,36523,rage activation,nad(p)h oxidase expression,UPREGULATES
31753,28,33054,liraglutide,p-akt level,UPREGULATES
26311,28,26323,l-asparaginase,procoagulant factors,UPREGULATES
28421,28,28421,mmp12,mmp12,UPREGULATES
31135,28,26757,hgf overexpression,met,UPREGULATES
31753,28,25863,liraglutide,soluble guanylyl cyclase,UPREGULATES
31889,28,27319,c-phycocyanin,sod,UPREGULATES
27257,28,31976,vorinostat,"bim, bak and bax",UPREGULATES
27230,28,26106,hdac,tf,UPREGULATES
30961,28,28511,il6st,jak1,UPREGULATES
32269,28,26106,jak kinase,tf,UPREGULATES
31753,28,25877,liraglutide,factor viii,UPREGULATES
27233,28,25953,gpr30,mmp-9,UPREGULATES
26035,28,26689,apl,sflt-1,UPREGULATES
26469,28,26471,anti‐β2 gpi antibodies,olr1,UPREGULATES
27411,28,27413,hif-1alpha,stat3,UPREGULATES
33531,28,31472,hypoxia-inducible factors,endothelial tissue factor expression,UPREGULATES
29713,28,29714,"cp-870,893",cd86,UPREGULATES
26177,28,26106,pecam-1,tf,UPREGULATES
25995,28,32366,tlr4,circulating icam-1,UPREGULATES
27257,28,27962,vorinostat,p21,UPREGULATES
34521,28,34526,myeloid hif1α,matrix metalloproteinases (mmps) 9,UPREGULATES
34521,28,34525,myeloid hif1α,matrix metalloproteinases (mmps) 2,UPREGULATES
27693,28,38124,ctla-4,indoleamine 2.3-dioxygenase,UPREGULATES
27229,28,27231,mgcd0103,acetylation of histone h3,UPREGULATES
25996,28,28472,nf-κb,p2y12,UPREGULATES
27694,28,26106,apl/anti-β2gpi antibodies,tf,UPREGULATES
26061,28,26586,hif-1α,adam17,UPREGULATES
32473,28,31379,elf5,cd31,UPREGULATES
32424,28,32423,pai-1-wt,stat-1 phosphorylation,UPREGULATES
39730,28,25830,sars-cov-2 membrane-envelope protein,tissue factor,UPREGULATES
28814,28,30604,mas receptor,sirt1,UPREGULATES
27293,28,28328,ho-1,oct4,UPREGULATES
32844,28,31854,eml4-alk,pd-l1,UPREGULATES
25877,28,26211,factor viii,thrombin-antithrombin complexes,UPREGULATES
30112,28,27711,myc,cyclin e,UPREGULATES
34520,28,25830,endothelial hif1α,tissue factor,UPREGULATES
25953,28,33559,mmp-9,mlck,UPREGULATES
25834,28,28532,angiotensin ii,endothelial adhesion molecules,UPREGULATES
30695,28,25953,nmdar1,mmp-9,UPREGULATES
25832,28,25960,thrombin,icam-1,UPREGULATES
25839,28,26080,antiphospholipid antibodies,e-selectin,UPREGULATES
27411,28,27412,hif-1alpha,igfbp5,UPREGULATES
29503,28,26896,pthrp,rankl,UPREGULATES
32268,28,26106,oncostatin m receptor,tf,UPREGULATES
26014,28,26138,statins,thrombomodulin expression,UPREGULATES
34465,28,34465,dcn,dcn,UPREGULATES
26014,28,33616,statins,ldl receptor,UPREGULATES
33721,28,25898,rhtm,antithrombin,UPREGULATES
26414,28,38965,jak2 v617f,aim2,UPREGULATES
25832,28,29246,thrombin,vascular cell adhesion molecule 1,UPREGULATES
27761,28,33312,nlrp3 inflammasome activation,caspase-1 activity,UPREGULATES
28616,28,38111,tenascin-c,matrix metalloproteinases (mmps) activity,UPREGULATES
28136,28,27574,igg from patients with vt+/pm- aps,tissue factor (tf) activity,UPREGULATES
26061,28,28915,hif-1α,trpc3,UPREGULATES
26229,28,28558,fxa,p16 ink4a,UPREGULATES
27161,28,25830,hka,tissue factor,UPREGULATES
26014,28,36710,statins,ace2 receptor,UPREGULATES
25935,28,27711,pai-1,cyclin e,UPREGULATES
26061,28,30716,hif-1α,pdk,UPREGULATES
32266,28,36928,ahr,tiparp,UPREGULATES
26379,28,28930,insulin,pcsk9,UPREGULATES
25832,28,28369,thrombin,cyclin d1,UPREGULATES
27692,28,29715,ipilimumab,hla-dr,UPREGULATES
37927,28,32878,glucocorticoid-glucocorticoid receptor complex,iκb,UPREGULATES
26287,28,38731,agt,angiotensinogen levels,UPREGULATES
32007,28,38600,hypoxia-inducible factor-1,plasminogen activator inhibitor-1 (pai-1) and tissue factor,UPREGULATES
35182,28,35185,aβ2-gp i/rhβ2-gp i complex,p-iκbα protein,UPREGULATES
33754,28,25830,ccn3,tissue factor,UPREGULATES
25996,28,39262,nf-κb,pro-caspase-1,UPREGULATES
25996,28,30562,nf-κb,sp-selectin,UPREGULATES
26204,28,27080,bcl-xl,bcl2,UPREGULATES
27692,28,31260,ipilimumab,nlrp3,UPREGULATES
26016,28,25952,crp,vcam-1,UPREGULATES
26931,28,25989,hmgb1,adhesion molecules,UPREGULATES
39730,28,25951,sars-cov-2 membrane-envelope protein,rage,UPREGULATES
30006,28,30007,apo ciii,fii:c,UPREGULATES
33558,28,25998,emmprin,mmps,UPREGULATES
27261,28,36187,apl antibodies,platelet tissue factor,UPREGULATES
31999,28,30604,batroxobin,sirt1,UPREGULATES
28149,28,26879,trap,cd154,UPREGULATES
32504,28,32564,mmp inhibition,vegfr2 expression,UPREGULATES
37321,28,27926,sars-cov-2 nucleocapsid protein,gc1qr,UPREGULATES
27009,28,26106,heparanase,tf,UPREGULATES
26487,28,26487,et-1,et-1,UPREGULATES
26057,28,25935,p55 and p75 tnfrs,pai-1,UPREGULATES
36700,28,26860,tfpi k1 deficiency,tat levels,UPREGULATES
29094,28,29095,calpain inhibition,talin abundance,UPREGULATES
28277,28,26106,cd40,tf,UPREGULATES
30595,28,25876,histone h4,factor vii,UPREGULATES
37257,28,37258,dimerized β2gpi,endothelial adhesion molecule expression,UPREGULATES
39354,28,25953,cya,mmp-9,UPREGULATES
30682,28,38710,tlr ligands,hla-i expression,UPREGULATES
25996,28,32734,nf-κb,pro-il-1β,UPREGULATES
30595,28,25887,histone h4,protein s,UPREGULATES
26199,28,27195,rhuepo,phosphorylated phosphatidylinositol 3-kinase,UPREGULATES
25852,28,25832,tpa,thrombin,UPREGULATES
35714,28,26106,anti‐β2‐gpi antibodies,tf,UPREGULATES
27233,28,28998,gpr30,mmp-1,UPREGULATES
25996,28,26277,nf-κb,bcl-2,UPREGULATES
33754,28,25832,ccn3,thrombin,UPREGULATES
26403,28,26330,prothrombin,tafi,UPREGULATES
35182,28,35183,aβ2-gp i/rhβ2-gp i complex,myd88 protein,UPREGULATES
25935,28,30780,pai-1,cyclin d3,UPREGULATES
28591,28,25935,hif1,pai-1,UPREGULATES
34521,28,34524,myeloid hif1α,plasminogen activator inhibitor (pai) 1,UPREGULATES
26199,28,26080,rhuepo,e-selectin,UPREGULATES
25834,28,30985,angiotensin ii,endothelial lipase expression,UPREGULATES
39730,28,27926,sars-cov-2 membrane-envelope protein,gc1qr,UPREGULATES
25996,28,26080,nf-κb,e-selectin,UPREGULATES
32379,28,38073,nivolumab,p65/nf-κb,UPREGULATES
32232,28,36253,tax,il-2r,UPREGULATES
25839,28,36072,antiphospholipid antibodies,cd64,UPREGULATES
31440,28,33054,exendin-4,p-akt level,UPREGULATES
37903,28,27615,dnajb1-prkaca kinase,aurora kinase a,UPREGULATES
26646,28,26106,p38 mapk,tf,UPREGULATES
25892,28,25877,vwf,factor viii,UPREGULATES
39730,28,39729,sars-cov-2 membrane-envelope protein,glut-4,UPREGULATES
29234,28,29052,l-4f,ho-1 expression,UPREGULATES
26016,28,26325,crp,at-1,UPREGULATES
34523,28,34525,myeloid hif2α,matrix metalloproteinases (mmps) 2,UPREGULATES
28287,28,28288,inhibition of jak2 activity,hp1α binding,UPREGULATES
27581,28,26080,astf,e-selectin,UPREGULATES
26229,28,26283,fxa,p53,UPREGULATES
25832,28,25969,thrombin,p-selectin,UPREGULATES
25935,28,25985,pai-1,cdk2,UPREGULATES
26640,28,26106,hsp90,tf,UPREGULATES
36430,28,36431,lti-01,upa antigen,UPREGULATES
35031,28,28974,bothrops lanceolatus venom,mcp,UPREGULATES
26326,28,26138,bortezomib,thrombomodulin expression,UPREGULATES
37321,28,25830,sars-cov-2 nucleocapsid protein,tissue factor,UPREGULATES
26509,28,30229,par-1,galectin-3,UPREGULATES
25935,28,30781,pai-1,cdk4/6,UPREGULATES
32404,28,27487,atryn®,antithrombin activity,UPREGULATES
33557,28,25998,hypoxia inducible factors,mmps,UPREGULATES
27257,28,28537,vorinostat,p27,UPREGULATES
25832,28,38881,thrombin,ad pathway proteins,UPREGULATES
35865,28,35868,stat5a/b,irp2,UPREGULATES
27261,28,25830,apl antibodies,tissue factor,UPREGULATES
28295,28,26790,bmp6,hepcidin,UPREGULATES
28149,28,35129,trap,cd41,UPREGULATES
30909,28,39783,myocardin,tspan2,UPREGULATES
25834,28,39210,angiotensin ii,"adhesion molecules, chemokines and cytokines",UPREGULATES
34397,28,25935,ang-,pai-1,UPREGULATES
25834,28,26599,angiotensin ii,vwf plasma levels,UPREGULATES
25987,28,37902,apc,odc,UPREGULATES
31602,28,26200,sotatercept,hemoglobin,UPREGULATES
26035,28,26080,apl,e-selectin,UPREGULATES
33169,28,25953,14-3-3β,mmp-9,UPREGULATES
26269,28,37158,pi3k,apolipoprotein c3,UPREGULATES
26037,28,25866,plasmin,soluble p-selectin,UPREGULATES
26199,28,26200,rhuepo,hemoglobin,UPREGULATES
25832,28,35525,thrombin,phospho-mlc2,UPREGULATES
28149,28,35131,trap,cd9,UPREGULATES
27636,28,38689,carfilzomib,ire1α expression,UPREGULATES
26614,28,28862,mtor,rta,UPREGULATES
32232,28,36254,tax,il-15r,UPREGULATES
26579,28,26581,integrin stimulation,mmp2 activity,UPREGULATES
25832,28,26931,thrombin,hmgb1,UPREGULATES
25828,28,25830,anticardiolipin antibodies,tissue factor,UPREGULATES
27413,28,27082,stat3,socs3,UPREGULATES
25834,28,25935,angiotensin ii,pai-1,UPREGULATES
26206,28,31760,egfr,neuropilin-1,UPREGULATES
39197,28,39198,activation of the potassium channel,na+/2cl-/k+ co-transporter activity,UPREGULATES
26061,28,39041,hif-1α,nedd9,UPREGULATES
29725,28,25989,c5b-9,adhesion molecules,UPREGULATES
26672,28,36162,hif,hexokinase-2,UPREGULATES
28616,28,38112,tenascin-c,tissue inhibitors of metalloproteinases (timps) activity,UPREGULATES
30695,28,30696,nmdar1,dnmt1,UPREGULATES
26469,28,26470,anti‐β2 gpi antibodies,tenascin c,UPREGULATES
27044,28,25877,rituximab,factor viii,UPREGULATES
27257,28,29543,vorinostat,proapoptotic proteins,UPREGULATES
26351,28,25830,anti-a2 igg,tissue factor,UPREGULATES
34139,28,26467,hbd-3,tlr-4,UPREGULATES
35881,28,26911,bambi deficiency,tfpi,UPREGULATES
34576,28,26138,nur77,thrombomodulin expression,UPREGULATES
27411,28,27081,hif-1alpha,socs1,UPREGULATES
26467,28,29285,tlr-4,pgc-1α,UPREGULATES
25832,28,26972,thrombin,mmp-2,UPREGULATES
32815,28,26283,igfbp-5,p53,UPREGULATES
36787,28,25960,sars-cov-2 spike protein,icam-1,UPREGULATES
25839,28,25952,antiphospholipid antibodies,vcam-1,UPREGULATES
31753,28,32628,liraglutide,protein kinase g,UPREGULATES
25834,28,25830,angiotensin ii,tissue factor,UPREGULATES
34521,28,25830,myeloid hif1α,tissue factor,UPREGULATES
26812,28,26952,α-thrombin,adamts13 activity,UPREGULATES
28228,28,28232,follitropin alpha,growth hormone level in follicles,UPREGULATES
27133,28,26106,p-selectin/psgl-1 complex,tf,UPREGULATES
26509,28,26972,par-1,mmp-2,UPREGULATES
38174,28,25858,sintilimab,fibrinogen,UPREGULATES
26569,28,26464,protein z,cxcr4,UPREGULATES
27636,28,33680,carfilzomib,bip expression,UPREGULATES
27259,28,26061,her2,hif-1α,UPREGULATES
39797,28,25996,mk2,nf-κb,UPREGULATES
26266,28,26145,angiotensin-,enos,UPREGULATES
26061,28,26264,hif-1α,ace2,UPREGULATES
26061,28,30917,hif-1α,fltf,UPREGULATES
27937,28,25830,histones,tissue factor,UPREGULATES
39264,28,26639,dpp-4 inhibitor,sdf-1,UPREGULATES
27518,28,25830,complement,tissue factor,UPREGULATES
26035,28,26082,apl,vcam1,UPREGULATES
26455,28,36355,desmopressin,circulating vwf,UPREGULATES
30989,28,30990,fibrinogen γ′ variant,activated protein c anticoagulant effect,UPREGULATES
29808,28,29809,casein kinase 2,activated protein c (apc) cofactor activity of protein s,UPREGULATES
26464,28,33738,cxcr4,pc-jun,UPREGULATES
27044,28,26280,rituximab,bax,UPREGULATES
26379,28,35501,insulin,system a amino acid transporter,UPREGULATES
27233,28,34163,gpr30,opn,UPREGULATES
28009,28,28010,prothrombin complex concentrates,vitamin-k-dependent factors,UPREGULATES
34522,28,34524,endothelial hif2α,plasminogen activator inhibitor (pai) 1,UPREGULATES
25832,28,35524,thrombin,phospho-p38,UPREGULATES
34522,28,34526,endothelial hif2α,matrix metalloproteinases (mmps) 9,UPREGULATES
36085,28,33869,bl6,glut4,UPREGULATES
28845,28,28930,srebp-2,pcsk9,UPREGULATES
30902,28,30904,fcrγ chain,tyrosine phosphorylation of rhogdi,UPREGULATES
27937,28,29292,histones,plasma vwf,UPREGULATES
27009,28,25830,heparanase,tissue factor,UPREGULATES
27692,28,33332,ipilimumab,icos,UPREGULATES
27692,28,27693,ipilimumab,ctla-4,UPREGULATES
25835,28,27799,hif-1,endothelin,UPREGULATES
26931,28,25996,hmgb1,nf-κb,UPREGULATES
32818,28,32819,gln451-rcetp,thrombin generation activity,UPREGULATES
34889,28,34890,wpc-80,hex,UPREGULATES
27044,28,26952,rituximab,adamts13 activity,UPREGULATES
26672,28,36164,hif,pfk,UPREGULATES
25830,28,33603,tissue factor,tf expression in crc tumors,UPREGULATES
26891,28,26264,ace inhibitors,ace2,UPREGULATES
25969,28,29588,p-selectin,monocyte tf expression,UPREGULATES
30177,28,25935,hdm2,pai-1,UPREGULATES
31618,28,31619,plasma-derived antithrombin concentrate,serum antithrombin iii level,UPREGULATES
26672,28,37647,hif,kdm3a,UPREGULATES
26948,28,28476,ps,tf procoagulant activity,UPREGULATES
30177,28,30178,hdm2,hif alpha,UPREGULATES
34889,28,34893,wpc-80,fuc,UPREGULATES
25839,28,25830,antiphospholipid antibodies,tissue factor,UPREGULATES
25834,28,38085,angiotensin ii,adam17 activity,UPREGULATES
27692,28,28698,ipilimumab,myd88,UPREGULATES
28274,28,27932,prekallikrein (pkk) reduction,coagulation factor xii,UPREGULATES
30595,28,25898,histone h4,antithrombin,UPREGULATES
31455,28,26106,p2y2r,tf,UPREGULATES
30595,28,25880,histone h4,factor xii,UPREGULATES
27257,28,31974,vorinostat,death receptors and ligands,UPREGULATES
25832,28,27831,thrombin,gpvi,UPREGULATES
26229,28,32815,fxa,igfbp-5,UPREGULATES
26759,28,26806,ras,mapk,UPREGULATES
26809,28,25995,amyloid β-peptide,tlr4,UPREGULATES
26548,28,32674,par2,alk5,UPREGULATES
30595,28,26656,histone h4,alpha-2-antiplasmin,UPREGULATES
25832,28,25935,thrombin,pai-1,UPREGULATES
27581,28,25960,astf,icam-1,UPREGULATES
34889,28,34892,wpc-80,man,UPREGULATES
26270,28,30713,akt,gluts,UPREGULATES
28132,28,31304,ezh2,snail,UPREGULATES
31889,28,30200,c-phycocyanin,catalase,UPREGULATES
27411,28,25830,hif-1alpha,tissue factor,UPREGULATES
34520,28,26909,endothelial hif1α,tf pathway inhibitor,UPREGULATES
26014,28,26264,statins,ace2,UPREGULATES
28149,28,35130,trap,cd61,UPREGULATES
27008,28,26106,"ap-1, nf-κb, sp-1, and egr-1",tf,UPREGULATES
31088,28,34766,vegf inhibitors,pd-l1 expression on tumor cells,UPREGULATES
26310,28,26200,epoetin alfa,hemoglobin,UPREGULATES
25996,28,31260,nf-κb,nlrp3,UPREGULATES
34139,28,34140,hbd-3,alp,UPREGULATES
34523,28,25830,myeloid hif2α,tissue factor,UPREGULATES
36787,28,25830,sars-cov-2 spike protein,tissue factor,UPREGULATES
26455,28,26025,desmopressin,t-pa,UPREGULATES
26014,28,26223,statins,endothelial no synthase,UPREGULATES
25834,28,28072,angiotensin ii,pai-1 activity,UPREGULATES
27636,28,38690,carfilzomib,lc3-b expression,UPREGULATES
28228,28,28231,follitropin alpha,inhibin b,UPREGULATES
39813,28,26714,cd40 l,tf expression,UPREGULATES
26206,28,26106,egfr,tf,UPREGULATES
26883,28,25830,c-reactive protein,tissue factor,UPREGULATES
25832,28,30810,thrombin,endothelial p- and e-selectin expression,UPREGULATES
26389,28,39883,infliximab,b2gpi-igm,UPREGULATES
29457,28,30250,epoetin-α,hemoglobin levels,UPREGULATES
31958,28,26693,anti-β2gp1 antibodies,cell adhesion molecules,UPREGULATES
34575,28,26138,nor1,thrombomodulin expression,UPREGULATES
36787,28,25951,sars-cov-2 spike protein,rage,UPREGULATES
31475,28,31476,cxcl4-mab,gran-b,UPREGULATES
30177,28,26487,hdm2,et-1,UPREGULATES
34521,28,26909,myeloid hif1α,tf pathway inhibitor,UPREGULATES
35031,28,26839,bothrops lanceolatus venom,cd59,UPREGULATES
33397,28,33399,soluble p-selectin dimer,neutrophil tissue factor (tf) expression,UPREGULATES
33650,28,26497,lethal factor,caspase-1,UPREGULATES
26672,28,36163,hif,glut1,UPREGULATES
31889,28,25981,c-phycocyanin,catalase activity,UPREGULATES
26106,28,29178,tf,β-catenin,UPREGULATES
31416,28,26436,aryl hydrocarbon receptor,cd39,UPREGULATES
26199,28,25969,rhuepo,p-selectin,UPREGULATES
28149,28,35135,trap,activated integrin αiibβ3,UPREGULATES
39934,28,25830,anti-pr3 antibodies,tissue factor,UPREGULATES
26904,28,26952,fxia,adamts13 activity,UPREGULATES
34889,28,34891,wpc-80,glu,UPREGULATES
28132,28,27597,ezh2,vimentin,UPREGULATES
32379,28,31260,nivolumab,nlrp3,UPREGULATES
34522,28,25830,endothelial hif2α,tissue factor,UPREGULATES
37911,28,25953,alpha2-antiplasmin,mmp-9,UPREGULATES
28344,28,26720,increased ace concentration,pai-1 expression,UPREGULATES
26014,28,37115,statins,angiotensin-converting enzyme 2,UPREGULATES
31967,28,31966,tcf7l2,tcf7,UPREGULATES
26614,28,26061,mtor,hif-1α,UPREGULATES
34003,28,26264,candesartan,ace2,UPREGULATES
35881,28,26093,bambi deficiency,thrombomodulin,UPREGULATES
34520,28,34526,endothelial hif1α,matrix metalloproteinases (mmps) 9,UPREGULATES
26214,28,26214,gas6,gas6,UPREGULATES
31440,28,33055,exendin-4,p-enos level,UPREGULATES
28480,28,26911,adtrp,tfpi,UPREGULATES
26014,28,26464,statins,cxcr4,UPREGULATES
32266,28,26106,ahr,tf,UPREGULATES
25832,28,25887,thrombin,protein s,UPREGULATES
31753,28,27093,liraglutide,endothelial nitric oxide synthase,UPREGULATES
25852,28,25953,tpa,mmp-9,UPREGULATES
25839,28,39660,antiphospholipid antibodies,active vwf plasma levels,UPREGULATES
31455,28,26714,p2y2r,tf expression,UPREGULATES
29324,28,26283,anti-hpv16 e6 antibody,p53,UPREGULATES
37321,28,25960,sars-cov-2 nucleocapsid protein,icam-1,UPREGULATES
28841,28,28842,a20,pparα,UPREGULATES
37321,28,25951,sars-cov-2 nucleocapsid protein,rage,UPREGULATES
31753,28,33055,liraglutide,p-enos level,UPREGULATES
26030,28,36175,bevacizumab,type ii collagen,UPREGULATES
25996,28,26897,nf-κb,opg,UPREGULATES
26379,28,26720,insulin,pai-1 expression,UPREGULATES
29157,28,29161,ppar-α,enzymes involved in fatty acid oxidation,UPREGULATES
33877,28,33878,lrp6,ccn2,UPREGULATES
25835,28,28094,hif-1,axl,UPREGULATES
27696,28,26714,dimer,tf expression,UPREGULATES
34520,28,34525,endothelial hif1α,matrix metalloproteinases (mmps) 2,UPREGULATES
26529,28,25892,ivig,vwf,UPREGULATES
30595,28,25920,histone h4,factor v,UPREGULATES
28724,28,28094,hif-2,axl,UPREGULATES
25875,28,27293,activated protein c,ho-1,UPREGULATES
29713,28,29715,"cp-870,893",hla-dr,UPREGULATES
36896,28,25834,ace2 downregulation,angiotensin ii,UPREGULATES
25832,28,32766,thrombin,twist,UPREGULATES
26414,28,33529,jak2 v617f,plek2,UPREGULATES
37356,28,31011,gp41,cd69,UPREGULATES
32527,28,32528,unidentified glycoprotein,lh levels,UPREGULATES
39730,28,25960,sars-cov-2 membrane-envelope protein,icam-1,UPREGULATES
26206,28,26548,egfr,par2,UPREGULATES
26035,28,28532,apl,endothelial adhesion molecules,UPREGULATES
36787,28,27926,sars-cov-2 spike protein,gc1qr,UPREGULATES
25996,28,25953,nf-κb,mmp-9,UPREGULATES
31522,28,29699,apom,iκbα,UPREGULATES
25839,28,25960,antiphospholipid antibodies,icam-1,UPREGULATES
28113,28,26106,mek,tf,UPREGULATES
26073,28,26509,factor xa,par-1,UPREGULATES
27692,28,38073,ipilimumab,p65/nf-κb,UPREGULATES
26676,28,31379,sp1,cd31,UPREGULATES
26061,28,26765,hif-1α,furin,UPREGULATES
34523,28,34526,myeloid hif2α,matrix metalloproteinases (mmps) 9,UPREGULATES
26455,28,25881,desmopressin,von willebrand factor,UPREGULATES
30170,24,30171,hdac6,hr23b,DOWNREGULATES
25875,24,25935,activated protein c,pai-1,DOWNREGULATES
27477,24,27478,mpc1609,ve-cadherin,DOWNREGULATES
26342,24,31716,adamts13,von willebrand factor (vwf) multimer size,DOWNREGULATES
31041,24,31042,dacetuzumab,il-6 receptor,DOWNREGULATES
28267,24,31313,asparaginase,alpha-2 antiplasmin,DOWNREGULATES
26037,24,25858,plasmin,fibrinogen,DOWNREGULATES
29535,24,26036,l-asparginase,antithrombin iii,DOWNREGULATES
26311,24,25858,l-asparaginase,fibrinogen,DOWNREGULATES
26583,24,35384,c4bbp,free protein s antigen,DOWNREGULATES
33458,24,33461,cidec,phosphorylated ampk-α,DOWNREGULATES
26014,24,25830,statins,tissue factor,DOWNREGULATES
30906,24,30907,iqgap1,cnn,DOWNREGULATES
30556,24,36316,parp-1,cd86 expression,DOWNREGULATES
37894,24,29503,anti-pth receptor autoantibodies,pthrp,DOWNREGULATES
26326,24,27179,bortezomib,gp130,DOWNREGULATES
26014,24,39677,statins,serum pai-1 levels,DOWNREGULATES
28067,24,28812,ews-fli1,igfbp3,DOWNREGULATES
26436,24,25892,cd39,vwf,DOWNREGULATES
26266,24,25960,angiotensin-,icam-1,DOWNREGULATES
28267,24,28268,asparaginase,coagulation proteins,DOWNREGULATES
36553,24,36554,bay 1213790,fxi activity,DOWNREGULATES
38522,24,26883,adrecizumab,c-reactive protein,DOWNREGULATES
35947,24,35948,cell-penetrating peptide,mediators of inflammation,DOWNREGULATES
32489,24,27572,dnase1,ne,DOWNREGULATES
27257,24,29074,vorinostat,cyclins,DOWNREGULATES
37970,24,37971,kyp-2047,alpha-smooth muscle actin,DOWNREGULATES
30728,24,26628,cp40,cd11b,DOWNREGULATES
29503,24,26897,pthrp,opg,DOWNREGULATES
37034,24,34408,s protein,ace-2,DOWNREGULATES
33492,24,33493,cobra venom factor,c3 component of complement system,DOWNREGULATES
35099,24,25908,pld1 deficiency,thrombin generation,DOWNREGULATES
39112,24,26277,plcγ2 deficiency,bcl-2,DOWNREGULATES
34002,24,25834,enalapril,angiotensin ii,DOWNREGULATES
31225,24,25919,botropase,factor x,DOWNREGULATES
30172,24,30174,pan-dacis,oncoprotein expression of her2,DOWNREGULATES
30441,24,30443,lhrha,pituitary hormones,DOWNREGULATES
25830,24,25967,tissue factor,thrombospondin,DOWNREGULATES
25887,24,29214,protein s,thrombin-antithrombin complex levels,DOWNREGULATES
26061,24,33080,hif-1α,myf5,DOWNREGULATES
30906,24,30908,iqgap1,sm22,DOWNREGULATES
36896,24,26266,ace2 downregulation,angiotensin-,DOWNREGULATES
26030,24,34738,bevacizumab,serum vegf level,DOWNREGULATES
26014,24,26873,statins,von willebrand factor antigen,DOWNREGULATES
30728,24,26080,cp40,e-selectin,DOWNREGULATES
26061,24,28988,hif-1α,pdk1,DOWNREGULATES
36173,24,36174,s100a8 protein,aggrecan,DOWNREGULATES
26014,24,31473,statins,ang ii receptors,DOWNREGULATES
31753,24,32901,liraglutide,rho kinase (rock) ii,DOWNREGULATES
29049,24,26145,rocks,enos,DOWNREGULATES
26030,24,34718,bevacizumab,protein fam192a,DOWNREGULATES
31999,24,25858,batroxobin,fibrinogen,DOWNREGULATES
25875,24,29504,activated protein c,factor v function,DOWNREGULATES
26311,24,25876,l-asparaginase,factor vii,DOWNREGULATES
26436,24,25969,cd39,p-selectin,DOWNREGULATES
34397,24,26025,ang-,t-pa,DOWNREGULATES
25830,24,36984,tissue factor,thrombospondin-2,DOWNREGULATES
25898,24,25960,antithrombin,icam-1,DOWNREGULATES
26586,24,34408,adam17,ace-2,DOWNREGULATES
26030,24,26429,bevacizumab,mmp-13,DOWNREGULATES
26264,24,26959,ace2,angiotensin,DOWNREGULATES
28924,24,26138,active factor v,thrombomodulin expression,DOWNREGULATES
26311,24,25898,l-asparaginase,antithrombin,DOWNREGULATES
29589,24,26972,cd30,mmp-2,DOWNREGULATES
26014,24,30564,statins,fviii activity,DOWNREGULATES
31413,24,31412,sorla,calcineurin a β,DOWNREGULATES
28667,24,28668,thymosin beta-4,platelet-derived growth factor-β receptor expression,DOWNREGULATES
39858,24,37463,sptbn1,smad3 phosphorylation,DOWNREGULATES
26014,24,36554,statins,fxi activity,DOWNREGULATES
31522,24,25960,apom,icam-1,DOWNREGULATES
28149,24,35134,trap,cd42b,DOWNREGULATES
36085,24,27774,bl6,fas,DOWNREGULATES
31225,24,27533,botropase,fibrinogen level,DOWNREGULATES
25898,24,25832,antithrombin,thrombin,DOWNREGULATES
31753,24,36206,liraglutide,nox1 expression,DOWNREGULATES
31369,24,31370,dnase-i,thrombin-anti-thrombin-iii,DOWNREGULATES
36787,24,28243,sars-cov-2 spike protein,ace2 activity,DOWNREGULATES
38532,24,26883,conestat alfa,c-reactive protein,DOWNREGULATES
39897,24,26897,pcsk-9 inhibitors,opg,DOWNREGULATES
28267,24,25922,asparaginase,protein c,DOWNREGULATES
29654,24,35086,sod1,ac-nf-κb,DOWNREGULATES
27449,24,26001,anti-acetylcholine receptor antibodies,acetylcholine receptors,DOWNREGULATES
26061,24,38410,hif-1α,thrombospondin 2,DOWNREGULATES
28267,24,30149,asparaginase,antithrombin-iii,DOWNREGULATES
28930,24,37997,pcsk9,bace-1,DOWNREGULATES
26030,24,25935,bevacizumab,pai-1,DOWNREGULATES
26741,24,32067,ghrelin,p38/c/ebp-β/myostatin,DOWNREGULATES
34898,24,32989,runx1,myl9,DOWNREGULATES
33528,24,33527,chanti-macc-1,macc-1,DOWNREGULATES
26214,24,35194,gas6,intercellular adhesion molecule-1 expression,DOWNREGULATES
27636,24,36165,carfilzomib,mtor phosphorylation,DOWNREGULATES
30090,24,30092,hpse1,syn-1,DOWNREGULATES
27967,24,28485,ramucirumab,svegfr-2,DOWNREGULATES
31087,24,25908,factor xa inhibitor,thrombin generation,DOWNREGULATES
30667,24,31616,lt,fviii expression,DOWNREGULATES
39114,24,30338,plcγ2 enzymatic deficiency,irf4,DOWNREGULATES
25987,24,36527,apc,endothelial cell adhesion molecules,DOWNREGULATES
35818,24,26855,sarpogrelate,hscrp,DOWNREGULATES
29321,24,29322,anti-hdl igg,pon-1,DOWNREGULATES
26109,24,26111,rnapc2,tf plasma levels,DOWNREGULATES
25875,24,25908,activated protein c,thrombin generation,DOWNREGULATES
39858,24,33090,sptbn1,stat1 phosphorylation,DOWNREGULATES
34014,24,34015,hsp65,prolactin expression,DOWNREGULATES
28267,24,25858,asparaginase,fibrinogen,DOWNREGULATES
26266,24,25952,angiotensin-,vcam-1,DOWNREGULATES
25898,24,26080,antithrombin,e-selectin,DOWNREGULATES
26389,24,27547,infliximab,s100a8,DOWNREGULATES
37429,24,38369,blood type o,furin-related proprotein convertases,DOWNREGULATES
30553,24,30551,k48 poly-ubiquitin,macrophage cd36 expression,DOWNREGULATES
30090,24,27259,hpse1,her2,DOWNREGULATES
28702,24,26283,hpv e6 protein,p53,DOWNREGULATES
35690,24,28225,sphk1,enos activity,DOWNREGULATES
29130,24,27413,socs family proteins,stat3,DOWNREGULATES
35116,24,29589,anti-cd30 antibody,cd30,DOWNREGULATES
28930,24,38527,pcsk9,ldl receptor (ldlr) density,DOWNREGULATES
33587,24,27052,recombinant human prourokinase,α2-antiplasmin,DOWNREGULATES
26014,24,26016,statins,crp,DOWNREGULATES
26849,24,26206,panitumumab,egfr,DOWNREGULATES
28466,24,31492,anti-β2gpi antibody,cd46,DOWNREGULATES
28895,24,28896,thr715pro variant,mature p-selectin,DOWNREGULATES
26790,24,31035,hepcidin,epo receptors,DOWNREGULATES
34002,24,27225,enalapril,renin,DOWNREGULATES
26014,24,31181,statins,androgen receptor expression and activity,DOWNREGULATES
30728,24,30729,cp40,icam-2,DOWNREGULATES
36370,24,38872,ang-ii,at-1 receptor,DOWNREGULATES
26311,24,25877,l-asparaginase,factor viii,DOWNREGULATES
26342,24,36914,adamts13,vwf procoagulant activity,DOWNREGULATES
31491,24,26094,c4bp,free protein s,DOWNREGULATES
26459,24,27049,tg2,pten,DOWNREGULATES
28912,24,29931,cediranib,svegfr2,DOWNREGULATES
26389,24,27546,infliximab,serpin family proteins,DOWNREGULATES
35730,24,35731,klf11,f3,DOWNREGULATES
27520,24,26106,v-atpase,tf,DOWNREGULATES
30604,24,27962,sirt1,p21,DOWNREGULATES
27937,24,26093,histones,thrombomodulin,DOWNREGULATES
26292,24,27831,convulxin,gpvi,DOWNREGULATES
26389,24,27545,infliximab,acute-phase proteins,DOWNREGULATES
28267,24,34108,asparaginase,natural anticoagulant proteins,DOWNREGULATES
30684,24,26211,γa/γ’ fibrinogen,thrombin-antithrombin complexes,DOWNREGULATES
26379,24,26790,insulin,hepcidin,DOWNREGULATES
27382,24,26206,cetuximab,egfr,DOWNREGULATES
26311,24,25919,l-asparaginase,factor x,DOWNREGULATES
27649,24,28731,stxbp5,vwf levels,DOWNREGULATES
26614,24,26106,mtor,tf,DOWNREGULATES
26030,24,34719,bevacizumab,atp synthase protein 8,DOWNREGULATES
27685,24,28072,vitronectin,pai-1 activity,DOWNREGULATES
30441,24,30442,lhrha,pituitary receptors,DOWNREGULATES
25987,24,25908,apc,thrombin generation,DOWNREGULATES
39114,24,39115,plcγ2 enzymatic deficiency,irf8,DOWNREGULATES
27044,24,28447,rituximab,igm kappa,DOWNREGULATES
28841,24,27962,a20,p21,DOWNREGULATES
36787,24,26264,sars-cov-2 spike protein,ace2,DOWNREGULATES
38908,24,25955,hpv-e7 protein,mhc class i,DOWNREGULATES
25832,24,28537,thrombin,p27,DOWNREGULATES
36284,24,36285,concizumab,free tissue factor pathway inhibitor,DOWNREGULATES
25935,24,26037,pai-1,plasmin,DOWNREGULATES
26030,24,34717,bevacizumab,protocadherin 7,DOWNREGULATES
26389,24,26016,infliximab,crp,DOWNREGULATES
26264,24,26759,ace2,ras,DOWNREGULATES
25995,24,29699,tlr4,iκbα,DOWNREGULATES
31043,24,39645,daratumumab,anti-phospholipid antibody levels,DOWNREGULATES
29695,24,26506,c-jun,epcr,DOWNREGULATES
25844,24,34641,urokinase,cx3cl1/cx3cr1 coexpression,DOWNREGULATES
27959,24,27960,hbsp,atrial natriuretic peptide expression,DOWNREGULATES
26379,24,25830,insulin,tissue factor,DOWNREGULATES
26342,24,33463,adamts13,vwf multimers,DOWNREGULATES
25875,24,26132,activated protein c,activated factor v,DOWNREGULATES
26389,24,31631,infliximab,igg anti-dsg3 antibody,DOWNREGULATES
26014,24,26794,statins,nadph oxidase,DOWNREGULATES
27257,24,31975,vorinostat,bcl-1 and bcl-2,DOWNREGULATES
35746,24,35747,bos161721,pstat3,DOWNREGULATES
29264,24,25887,protein s tokushima,protein s,DOWNREGULATES
28267,24,25887,asparaginase,protein s,DOWNREGULATES
26311,24,25853,l-asparaginase,plasminogen,DOWNREGULATES
36787,24,37692,sars-cov-2 spike protein,ace2 receptor expression,DOWNREGULATES
34237,24,25959,factor xiia inhibition,icam-1 expression,DOWNREGULATES
30172,24,30173,pan-dacis,oncoprotein expression of bcr-abl,DOWNREGULATES
26342,24,29352,adamts13,vwf activity,DOWNREGULATES
26849,24,29574,panitumumab,egfr expression,DOWNREGULATES
34003,24,27225,candesartan,renin,DOWNREGULATES
36360,24,26033,brown snake venom proteases,clotting factors,DOWNREGULATES
28267,24,25853,asparaginase,plasminogen,DOWNREGULATES
37108,24,38228,s protein of sars-cov-2,ace2 protein,DOWNREGULATES
30035,24,29813,serping1,fxii activation,DOWNREGULATES
28267,24,25919,asparaginase,factor x,DOWNREGULATES
26059,24,25876,tissue factor activity,factor vii,DOWNREGULATES
35519,24,35520,smurf1,aip1a,DOWNREGULATES
28267,24,25898,asparaginase,antithrombin,DOWNREGULATES
26816,24,31988,c1q,lair-1 expression,DOWNREGULATES
34351,24,34352,c1inh aggregates,secreted functional c1inh,DOWNREGULATES
34928,24,26790,blf,hepcidin,DOWNREGULATES
29251,24,26093,utrophin,thrombomodulin,DOWNREGULATES
26014,24,26925,statins,par2 expression,DOWNREGULATES
27405,24,27808,trypsin,zo-1,DOWNREGULATES
35211,24,26883,losmapimod,c-reactive protein,DOWNREGULATES
31431,24,25911,fbxo45,erα,DOWNREGULATES
27638,24,30338,pomalidomide,irf4,DOWNREGULATES
26311,24,25878,l-asparaginase,factor ix,DOWNREGULATES
37695,24,28525,exosomal pd-l1,granzyme b,DOWNREGULATES
28814,24,25830,mas receptor,tissue factor,DOWNREGULATES
26014,24,26855,statins,hscrp,DOWNREGULATES
26086,24,33201,cd40l,pd-l1 expression,DOWNREGULATES
28267,24,25879,asparaginase,factor xi,DOWNREGULATES
25922,24,25908,protein c,thrombin generation,DOWNREGULATES
26014,24,25983,statins,endothelin-1,DOWNREGULATES
33458,24,33460,cidec,ampkα,DOWNREGULATES
37019,24,26264,sars-cov-2 s protein,ace2,DOWNREGULATES
31522,24,25952,apom,vcam-1,DOWNREGULATES
30556,24,36317,parp-1,cd83 expression,DOWNREGULATES
27108,24,26145,rock,enos,DOWNREGULATES
27233,24,27472,gpr30,α-sma,DOWNREGULATES
28788,24,28790,neutrophil antigen 2a,membrane-bound proteinase 3 expression,DOWNREGULATES
26014,24,26883,statins,c-reactive protein,DOWNREGULATES
40040,24,28167,us2 to us11 gene products,mhc class i expression,DOWNREGULATES
30338,24,25996,irf4,nf-κb,DOWNREGULATES
26311,24,30274,l-asparaginase,hemostatic factors,DOWNREGULATES
27293,24,29176,ho-1,nkcc2 transporter,DOWNREGULATES
39897,24,25998,pcsk-9 inhibitors,mmps,DOWNREGULATES
36308,24,30998,art-123,prothrombin fragment 1.2,DOWNREGULATES
28267,24,25920,asparaginase,factor v,DOWNREGULATES
37579,24,37580,mutant huntingtin,glutamate transporter,DOWNREGULATES
26311,24,26391,l-asparaginase,coagulation factors,DOWNREGULATES
27660,24,26283,mdm2,p53,DOWNREGULATES
25935,24,30646,pai-1,timp-1 antigen,DOWNREGULATES
27959,24,30134,hbsp,caspase-3 protein,DOWNREGULATES
26016,24,26145,crp,enos,DOWNREGULATES
26311,24,25879,l-asparaginase,factor xi,DOWNREGULATES
27570,24,27571,human thrombomodulin,hmgb1 levels,DOWNREGULATES
26264,24,26553,ace2,angii,DOWNREGULATES
36834,24,26264,spike protein,ace2,DOWNREGULATES
29298,24,26802,pr3,par1,DOWNREGULATES
34397,24,26037,ang-,plasmin,DOWNREGULATES
38927,24,32565,aggregated amylin,tight junction proteins,DOWNREGULATES
26173,24,29825,cell-free hemoglobin,haptoglobin,DOWNREGULATES
26014,24,25935,statins,pai-1,DOWNREGULATES
26379,24,28993,insulin,igfbp2,DOWNREGULATES
33451,24,26896,thrombin receptor deficiency,rankl,DOWNREGULATES
25832,24,35526,thrombin,phospho-pak2,DOWNREGULATES
26030,24,28225,bevacizumab,enos activity,DOWNREGULATES
26162,24,25858,alteplase,fibrinogen,DOWNREGULATES
36158,24,36160,tarextumab,rg5,DOWNREGULATES
38882,24,38883,tivantinib,phospho-met,DOWNREGULATES
25935,24,30645,pai-1,mmp-2 activity,DOWNREGULATES
31753,24,25983,liraglutide,endothelin-1,DOWNREGULATES
30604,24,26283,sirt1,p53,DOWNREGULATES
26030,24,30978,bevacizumab,vegf concentration,DOWNREGULATES
25832,24,35529,thrombin,pro-caspase3,DOWNREGULATES
26106,24,31127,tf,lc3a/b-ii,DOWNREGULATES
28267,24,25876,asparaginase,factor vii,DOWNREGULATES
26311,24,26036,l-asparaginase,antithrombin iii,DOWNREGULATES
27581,24,33679,astf,fltf protein level and cofactor activity,DOWNREGULATES
37970,24,30329,kyp-2047,endoglin,DOWNREGULATES
25897,24,32232,sns,tax,DOWNREGULATES
30604,24,25830,sirt1,tissue factor,DOWNREGULATES
27959,24,25953,hbsp,mmp-9,DOWNREGULATES
32671,24,32673,par2 depletion,alk5 protein level,DOWNREGULATES
26535,24,27817,anti-nmdar antibodies,nmda receptors,DOWNREGULATES
26014,24,32663,statins,fix activity,DOWNREGULATES
26891,24,37126,ace inhibitors,tmprss2 expression,DOWNREGULATES
34815,24,34816,stabilin-2 variant p.e2377k,stabilin-2 expression,DOWNREGULATES
25832,24,26506,thrombin,epcr,DOWNREGULATES
26473,24,26033,albumin,clotting factors,DOWNREGULATES
26014,24,37229,statins,cd147,DOWNREGULATES
27257,24,29544,vorinostat,antiapoptotic molecules,DOWNREGULATES
26014,24,25908,statins,thrombin generation,DOWNREGULATES
26035,24,39106,apl,stat5 expression,DOWNREGULATES
26326,24,26623,bortezomib,par-1 expression,DOWNREGULATES
31947,24,34763,pltp,ripk3,DOWNREGULATES
26686,24,26687,anti-vegf antibodies,nephrin,DOWNREGULATES
26014,24,29960,statins,activator protein-1,DOWNREGULATES
28930,24,38528,pcsk9,ldlr-related protein 1,DOWNREGULATES
28714,24,25830,hmg-coa reductase inhibitors,tissue factor,DOWNREGULATES
26264,24,25834,ace2,angiotensin ii,DOWNREGULATES
34537,24,27532,canakinumab,il-6 level,DOWNREGULATES
25832,24,35527,thrombin,acetylated tubulin,DOWNREGULATES
28466,24,27914,anti-β2gpi antibody,daf,DOWNREGULATES
28930,24,38143,pcsk9,lrp8,DOWNREGULATES
26311,24,25887,l-asparaginase,protein s,DOWNREGULATES
37970,24,37972,kyp-2047,prep,DOWNREGULATES
26379,24,28992,insulin,igfbp1,DOWNREGULATES
37970,24,26145,kyp-2047,enos,DOWNREGULATES
27257,24,28369,vorinostat,cyclin d1,DOWNREGULATES
26093,24,25875,thrombomodulin,activated protein c,DOWNREGULATES
30524,24,27817,anti-nmda receptor antibodies,nmda receptors,DOWNREGULATES
26014,24,26264,statins,ace2,DOWNREGULATES
36787,24,37197,sars-cov-2 spike protein,angiotensin-converting enzyme type 2,DOWNREGULATES
27636,24,38688,carfilzomib,ampkα phosphorylation,DOWNREGULATES
26030,24,26639,bevacizumab,sdf-1,DOWNREGULATES
26030,24,28823,bevacizumab,apelin protein expression,DOWNREGULATES
31870,24,30983,budesonide,acth,DOWNREGULATES
20915,8,55607,pparg2 gene polymorphism,myocardial infarction,ASSOCIATED_WITH
21963,8,58757,low fcgr3b copy number,primary sjögren's syndrome,ASSOCIATED_WITH
23320,8,62193,ccl2 gene,icas,ASSOCIATED_WITH
21103,8,56382,mefv gene polymorphism,psoriatic jia,ASSOCIATED_WITH
23712,8,55772,llph/tmbim4,hypertension,ASSOCIATED_WITH
20955,8,55529,prothrombin gene mutation,thrombophilia,ASSOCIATED_WITH
22526,8,60307,comt gene,painful knee oa,ASSOCIATED_WITH
21076,8,62795,pten loss,type 1 endometrial carcinoma,ASSOCIATED_WITH
25115,8,55528,fibrinogen aαe mutation,venous thrombosis,ASSOCIATED_WITH
25779,8,62189,tp gene expression,severe anemia,ASSOCIATED_WITH
22533,8,56065,hla-a*26,behçet's disease,ASSOCIATED_WITH
21042,8,55506,mthfr c677t gene polymorphism,hyperhomocysteinemia,ASSOCIATED_WITH
22635,8,55544,tspan15,venous thromboembolism,ASSOCIATED_WITH
21002,8,56108,cias1,neonatal-onset multi-system inflammatory disease,ASSOCIATED_WITH
23319,8,62193,il-1β gene,icas,ASSOCIATED_WITH
21501,8,63852,bmpr2,hpah,ASSOCIATED_WITH
21094,8,56360,cgb8 intron 2 snp,recurrent miscarriage,ASSOCIATED_WITH
20872,8,63457,bmpr2 mutation,heritable pah,ASSOCIATED_WITH
24829,8,66763,fgg expression,poor response to anthracycline-based chemotherapy,ASSOCIATED_WITH
22293,8,59662,ugt1a1 genetic polymorphism,increased toxicity to irinotecan,ASSOCIATED_WITH
25540,8,64323,ptx3 rs1840680 ag genotype,severe community-acquired pneumonia,ASSOCIATED_WITH
20975,8,55993,r92q mutation in tnfrsf1a,variable inflammatory phenotype,ASSOCIATED_WITH
24946,8,55516,rs10886430-g,pulmonary embolism,ASSOCIATED_WITH
23342,8,62203,adora3,coronary endothelial dysfunction,ASSOCIATED_WITH
22057,8,58968,lbp polymorphisms,sepsis risk,ASSOCIATED_WITH
21424,8,62074,rmpa,virulence,ASSOCIATED_WITH
20871,8,60273,factor v leiden mutation,ovarian vein thrombosis,ASSOCIATED_WITH
21927,8,60518,serpine1,severe influenza,ASSOCIATED_WITH
25649,8,69754,lta gene polymorphism,lower initial warfarin dose requirement,ASSOCIATED_WITH
23202,8,55515,r92q tnfrsf1a polymorphism,deep vein thrombosis,ASSOCIATED_WITH
23870,8,56404,prothrombin arg596leu mutation,thrombophilic state,ASSOCIATED_WITH
25389,8,68836,β-249c/t snp,susceptibility to ledvt,ASSOCIATED_WITH
23083,8,57139,mpl mutation,myelofibrosis,ASSOCIATED_WITH
21497,8,55506,mthfr mutations,hyperhomocysteinemia,ASSOCIATED_WITH
25748,8,56065,hla-b51 negativity,behçet's disease,ASSOCIATED_WITH
21339,8,63658,braf v600e mutation,malignant melanoma,ASSOCIATED_WITH
21513,8,55635,cd46 and mmachc gene mutations,endothelial dysfunction,ASSOCIATED_WITH
21643,8,55672,ace i/d polymorphism,ischemic stroke,ASSOCIATED_WITH
25438,8,57003,thbd gene rs1962 tc+cc genotype,death,ASSOCIATED_WITH
21630,8,55607,pai-1 4g/5g polymorphism,myocardial infarction,ASSOCIATED_WITH
22286,8,68697,pai-1 4g allele,thromboembolic disorder,ASSOCIATED_WITH
24967,8,67281,jak2 v617f allelic burden >50%,higher leukocyte counts,ASSOCIATED_WITH
25514,8,69312,mdm2 and p53 gene polymorphisms,adult all risk,ASSOCIATED_WITH
23096,8,61714,pdgfra d842v mutation,resistance to imatinib,ASSOCIATED_WITH
23249,8,55544,f5 gene variant rs6025,venous thromboembolism,ASSOCIATED_WITH
22279,8,55527,il-4 gene p2p2 genotype,deep venous thrombosis,ASSOCIATED_WITH
21072,8,56314,procr rs2069948 minor allele,all-cause mortality,ASSOCIATED_WITH
21109,8,55513,factor ii g20210a,thrombosis,ASSOCIATED_WITH
21972,8,58760,pai-1 -844 g/a polymorphism,increased plasma triglycerides,ASSOCIATED_WITH
24328,8,64878,mmp-9 gene polymorphism,risk of ich,ASSOCIATED_WITH
21695,8,58053,g20210a mutation in factor ii,cerebral venous sinus thrombosis,ASSOCIATED_WITH
23168,8,61849,cyp4f2 gene variant,major bleeding risks associated with warfarin,ASSOCIATED_WITH
25581,8,69578,col4a2,fetal intracranial hemorrhage,ASSOCIATED_WITH
21600,8,60500,pai-1 gene expression,lung collagen deposition,ASSOCIATED_WITH
20871,8,55865,factor v leiden mutation,vte,ASSOCIATED_WITH
25644,8,69718,mir100,inflammatory cell content,ASSOCIATED_WITH
22583,8,60518,ifitm3,severe influenza,ASSOCIATED_WITH
21014,8,55515,fv leiden mutation,deep vein thrombosis,ASSOCIATED_WITH
24877,8,55760,mir-208a,fibrosis,ASSOCIATED_WITH
21693,8,58041,tnf-α -308 gg genotype,reduced odds for adverse outcome in ischemic stroke,ASSOCIATED_WITH
21813,8,58372,β-fibrinogen -455g/a,rpl,ASSOCIATED_WITH
22673,8,55515,thrombophilic mutations,deep vein thrombosis,ASSOCIATED_WITH
21375,8,57032,il6 haplotype h2,copd risk,ASSOCIATED_WITH
22490,8,58661,selp,thrombotic disorders,ASSOCIATED_WITH
24227,8,56060,phd2 mutations,erythrocytosis,ASSOCIATED_WITH
21343,8,55528,prothrombin gene g20210a mutation,venous thrombosis,ASSOCIATED_WITH
24998,8,67367,immunoglobulin gene rearrangement,b-cell lymphoma,ASSOCIATED_WITH
21919,8,58663,idh1/2 mutation,myeloproliferative neoplasms,ASSOCIATED_WITH
25447,8,55529,c677t mthfr mutation,thrombophilia,ASSOCIATED_WITH
21881,8,58545,slc26a9 polymorphism,asthma,ASSOCIATED_WITH
23128,8,57465,gdf-15 genetic variants,cardiac remodeling,ASSOCIATED_WITH
25434,8,58451,thbd gene rs1962 c allele,acute kidney injury,ASSOCIATED_WITH
24660,8,55544,fgg rs2066865,venous thromboembolism,ASSOCIATED_WITH
22009,8,56360,fxiii val34leu polymorphism,recurrent miscarriage,ASSOCIATED_WITH
22798,8,55515,gpiiia 1565t/c polymorphism,deep vein thrombosis,ASSOCIATED_WITH
24847,8,56302,apoe*ε4 allele,aβ accumulation,ASSOCIATED_WITH
21204,8,56149,jak2v617f mutation,cerebral vein thrombosis,ASSOCIATED_WITH
21043,8,56250,prothrombin a20210g,recurrent pregnancy loss,ASSOCIATED_WITH
21230,8,64866,abo locus,fibrotic process,ASSOCIATED_WITH
25194,8,59740,combined factor v leiden and prothrombin g20210a mutations,increased risk of pulmonary embolism,ASSOCIATED_WITH
21518,8,60289,pla2 allele,large vessel stroke,ASSOCIATED_WITH
22036,8,55529,mthfr a1298c mutation,thrombophilia,ASSOCIATED_WITH
25492,8,69191,congenital deletion of nedd4-2,fibrotic lung remodeling,ASSOCIATED_WITH
21172,8,59424,c-myc,poor prognosis in osteosarcoma,ASSOCIATED_WITH
21305,8,56839,habp2 rs3862019 variant,lower coagulation factor activity,ASSOCIATED_WITH
23771,8,63351,vkorc1 -1639g>a variant,low warfarin dose requirement,ASSOCIATED_WITH
24921,8,58246,sepn1 null mutations,disease severity,ASSOCIATED_WITH
22858,8,59148,itga2b gene mutation,glanzmann thrombasthenia,ASSOCIATED_WITH
20877,8,55513,factor v leiden,thrombosis,ASSOCIATED_WITH
21973,8,58762,pai-1 hindiii c/g polymorphism,increased plasma total cholesterol,ASSOCIATED_WITH
20981,8,55683,jak2 v617f mutation,thrombotic events,ASSOCIATED_WITH
21627,8,57803,unmethylated mgmt,temozolomide resistance,ASSOCIATED_WITH
23090,8,61691,lox-1 ivs4-14 g/g polymorphism,increased cardiovascular events,ASSOCIATED_WITH
22560,8,60414,tafi – 2345 2g/1g polymorphism,atherosclerotic cerebral infarction,ASSOCIATED_WITH
23656,8,63043,factor v leiden g1691a gene mutation,inherited prothrombotic risk,ASSOCIATED_WITH
21593,8,57677,-455a allele,progression of atheroma,ASSOCIATED_WITH
24875,8,55575,fgg rs2066865 risk allele,venous thromboembolism risk,ASSOCIATED_WITH
25736,8,62848,vegf-d overexpression,poor survival,ASSOCIATED_WITH
20909,8,55627,fcγriia and iiia double negative genotype,nephritis,ASSOCIATED_WITH
25689,8,55812,arg6trp pi,coronary artery disease,ASSOCIATED_WITH
21916,8,58664,jak2 mutation,polycythemia vera,ASSOCIATED_WITH
20877,8,55646,factor v leiden,fetal growth disturbances,ASSOCIATED_WITH
22931,8,61290,gata2 mutation,familial aml,ASSOCIATED_WITH
21449,8,57216,vegf-2578aa genotype,longer median time to progression,ASSOCIATED_WITH
22591,8,60526,ezh2 mutation,leukemic evolution,ASSOCIATED_WITH
21916,8,67225,jak2 mutation,vascular complications,ASSOCIATED_WITH
21726,8,55606,mmp-9 (-1562c>t) polymorphism,acute myocardial infarction,ASSOCIATED_WITH
20871,8,55696,factor v leiden mutation,retinal vascular occlusion,ASSOCIATED_WITH
20886,8,55541,atiii gene disruption,subcutaneous hemorrhage,ASSOCIATED_WITH
22451,8,62796,p53 mutation,type 2 endometrial carcinoma,ASSOCIATED_WITH
22488,8,60241,nod2 mutation,granulomatous inflammation,ASSOCIATED_WITH
21062,8,55607,a11 allele,myocardial infarction,ASSOCIATED_WITH
20877,8,58054,factor v leiden,osteonecrosis of the femoral head,ASSOCIATED_WITH
23798,8,60112,abca3,idiopathic pulmonary fibrosis,ASSOCIATED_WITH
25354,8,64059,hla-b*15:03,behçet disease,ASSOCIATED_WITH
23285,8,62103,elane mutation,severe congenital neutropenia,ASSOCIATED_WITH
21931,8,55843,e19a2 bcr-abl1 transcript,thrombocytosis,ASSOCIATED_WITH
22138,8,55822,edn1,coagulation,ASSOCIATED_WITH
22675,8,67961,klkb1,vascular regulation of atherosclerosis,ASSOCIATED_WITH
25502,8,67085,il10rb,covid-19 severity,ASSOCIATED_WITH
23197,8,58811,adamts13 p.val154ile,deep vein thrombosis risk,ASSOCIATED_WITH
21704,8,58074,hla-a*30:04,increased risk for behcet's disease,ASSOCIATED_WITH
22179,8,59250,apolipoprotein e ε4 allele,perinatal arterial ischemic stroke,ASSOCIATED_WITH
23929,8,55544,cyp4v2 polymorphism rs13146272,venous thromboembolism,ASSOCIATED_WITH
21041,8,55513,hcii deficiency,thrombosis,ASSOCIATED_WITH
23568,8,55528,f5 1691g>a polymorphism,venous thrombosis,ASSOCIATED_WITH
25315,8,68514,hla-b*4601,susceptibility to sars-cov-2,ASSOCIATED_WITH
22632,8,55812,non-o blood group,coronary artery disease,ASSOCIATED_WITH
21916,8,66277,jak2 mutation,high risk for thrombotic complications,ASSOCIATED_WITH
25767,8,69980,factor v leiden gene mutation,acute deep vein thrombosis,ASSOCIATED_WITH
22052,8,56360,pai-1 mutation,recurrent miscarriage,ASSOCIATED_WITH
20956,8,55528,g20210a polymorphism,venous thrombosis,ASSOCIATED_WITH
25185,8,68045,tlr2arg677trp mutation,susceptibility to lepromatous leprosy,ASSOCIATED_WITH
24000,8,63800,procr polymorphism,early-onset ischemic stroke,ASSOCIATED_WITH
21295,8,56799,fkbp5,mdd,ASSOCIATED_WITH
21549,8,57578,wild-type jak2,haemorrhagic risk,ASSOCIATED_WITH
22869,8,57453,cd133,lymph node metastasis,ASSOCIATED_WITH
25453,8,69045,vkorc1 promoter methylation,stable warfarin dose,ASSOCIATED_WITH
22578,8,60506,some shared epitopes,decreased rates of ra-ild,ASSOCIATED_WITH
24242,8,55812,serpine2,coronary artery disease,ASSOCIATED_WITH
20932,8,59076,mthfr c677t,increased stroke risk,ASSOCIATED_WITH
20941,8,55843,mpl k39n polymorphism,thrombocytosis,ASSOCIATED_WITH
20871,8,64760,factor v leiden mutation,increased risk of cerebral venous thrombosis,ASSOCIATED_WITH
22134,8,55515,factor v leiden (fvl) mutation,deep vein thrombosis,ASSOCIATED_WITH
22565,8,60439,fip1l1-pdgfra rearrangement,chronic eosinophilic leukemia,ASSOCIATED_WITH
21920,8,58663,asxl1 mutation,myeloproliferative neoplasms,ASSOCIATED_WITH
20981,8,58665,jak2 v617f mutation,essential thrombocytosis,ASSOCIATED_WITH
21700,8,55667,fsap-marburg i polymorphism,restenosis,ASSOCIATED_WITH
20877,8,55528,factor v leiden,venous thrombosis,ASSOCIATED_WITH
21456,8,55861,cyp2c9 polymorphism,bleeding,ASSOCIATED_WITH
21561,8,57601,lpa variants,sudden cardiac death,ASSOCIATED_WITH
21675,8,55528,f11,venous thrombosis,ASSOCIATED_WITH
21204,8,60621,jak2v617f mutation,myeloproliferative phenotype,ASSOCIATED_WITH
20969,8,55574,ccr5,hiv infection,ASSOCIATED_WITH
21064,8,55528,ab diplotype,venous thrombosis,ASSOCIATED_WITH
23006,8,57268,abo blood type,gestational diabetes,ASSOCIATED_WITH
24047,8,63951,p2y12 h2 allele,cerebral infarction risk,ASSOCIATED_WITH
21014,8,55748,fv leiden mutation,thromboembolic events,ASSOCIATED_WITH
22917,8,61270,tfpi snp haplotypes,lymph node spread,ASSOCIATED_WITH
20871,8,62375,factor v leiden mutation,placental abruption or infarction,ASSOCIATED_WITH
25359,8,64059,hla-a*03:01,behçet disease,ASSOCIATED_WITH
24575,8,64597,chip mutations,progressive atherosclerosis,ASSOCIATED_WITH
23803,8,60112,rtel1,idiopathic pulmonary fibrosis,ASSOCIATED_WITH
22333,8,59767,cadm1 variants,venous thrombosis risk,ASSOCIATED_WITH
20914,8,56149,prothrombin g20210a mutation,cerebral vein thrombosis,ASSOCIATED_WITH
23180,8,61850,rs4642,thrombin time,ASSOCIATED_WITH
24441,8,65225,hla-dr1,eims in crohn's disease,ASSOCIATED_WITH
20877,8,55516,factor v leiden,pulmonary embolism,ASSOCIATED_WITH
24443,8,65231,hla-dr103,type i peripheral arthropathy,ASSOCIATED_WITH
24517,8,65476,cyp2c9 rs1057910,percentage of time in therapeutic range,ASSOCIATED_WITH
20981,8,58663,jak2 v617f mutation,myeloproliferative neoplasms,ASSOCIATED_WITH
20871,8,55868,factor v leiden mutation,mesenteric and portal vein thrombosis,ASSOCIATED_WITH
21397,8,61612,mmp-2 expression,hemorrhage presence,ASSOCIATED_WITH
23521,8,56250,mthfr a1298c polymorphism,recurrent pregnancy loss,ASSOCIATED_WITH
23263,8,62050,pik3ca mutations,overgrowth,ASSOCIATED_WITH
24026,8,55528,slc4a1 variant,venous thrombosis,ASSOCIATED_WITH
20945,8,55772,mthfr c677t polymorphism,hypertension,ASSOCIATED_WITH
23028,8,60529,tspan15 gene variant,venous thromboembolism (vte) risk,ASSOCIATED_WITH
23255,8,55607,g20210a fii prothrombin polymorphism,myocardial infarction,ASSOCIATED_WITH
25387,8,68836,β-1420g/a snp,susceptibility to ledvt,ASSOCIATED_WITH
25255,8,68234,apoe ε2ε2 genotype,hallux valgus,ASSOCIATED_WITH
20938,8,55528,pai-1 4g/5g,venous thrombosis,ASSOCIATED_WITH
24265,8,64673,il-4 vntr polymorphism,sinonasal polyposis,ASSOCIATED_WITH
23356,8,62252,stat1 gof mutation,cmc,ASSOCIATED_WITH
24951,8,67238,mirna-197,intravascular inflammation,ASSOCIATED_WITH
24702,8,66178,hla loci,takayasu arteritis,ASSOCIATED_WITH
20981,8,55843,jak2 v617f mutation,thrombocytosis,ASSOCIATED_WITH
25405,8,55551,jak-2 mutation,hypercoagulability,ASSOCIATED_WITH
21914,8,55683,mirnas,thrombotic events,ASSOCIATED_WITH
23234,8,61927,ps-k196e mutation,deep vein thrombosis (dvt) during pregnancy,ASSOCIATED_WITH
24877,8,57141,mir-208a,cardiac hypertrophy,ASSOCIATED_WITH
21545,8,55635,glu298asp polymorphism in enos,endothelial dysfunction,ASSOCIATED_WITH
21047,8,56677,mthfr gene polymorphism,hyperhomocystinemia,ASSOCIATED_WITH
22686,8,65476,vkorc1 rs9923231,percentage of time in therapeutic range,ASSOCIATED_WITH
20946,8,55873,tt homozygous genotype,ocular involvement,ASSOCIATED_WITH
23697,8,55544,epcr gene ser219gly polymorphism,venous thromboembolism,ASSOCIATED_WITH
21015,8,56150,fii a20210 mutation,splanchnic vein thrombosis,ASSOCIATED_WITH
21935,8,61485,prothrombin gene mutation g20210a,saddle pulmonary embolism,ASSOCIATED_WITH
20877,8,58415,factor v leiden,graft failure,ASSOCIATED_WITH
23790,8,56065,tnf-α -857c allele,behçet's disease,ASSOCIATED_WITH
24366,8,58540,jam-a rs790056 cc genotype,colorectal cancer,ASSOCIATED_WITH
22006,8,55513,mbl,thrombosis,ASSOCIATED_WITH
21643,8,56250,ace i/d polymorphism,recurrent pregnancy loss,ASSOCIATED_WITH
25413,8,68953,tnfrsf13b,common variable immunodeficiency,ASSOCIATED_WITH
23788,8,63390,tfrc,d+hus,ASSOCIATED_WITH
20914,8,62298,prothrombin g20210a mutation,late and recurrent early pregnancy loss,ASSOCIATED_WITH
24408,8,56250,sycp3,recurrent pregnancy loss,ASSOCIATED_WITH
25486,8,55528,wt-1,venous thrombosis,ASSOCIATED_WITH
24353,8,55544,rs6721961 snp,venous thromboembolism,ASSOCIATED_WITH
21197,8,56589,abcc6 polymorphism,treatment toxicity,ASSOCIATED_WITH
22345,8,59791,genetic variant in sv2c,bevacizumab-induced hypertension,ASSOCIATED_WITH
20877,8,59075,factor v leiden,avf failure,ASSOCIATED_WITH
24607,8,65820,tnfsf11 rs7984870 cc genotype,improvements in hot flashes,ASSOCIATED_WITH
21972,8,58761,pai-1 -844 g/a polymorphism,decreased plasma hdl-cholesterol,ASSOCIATED_WITH
23994,8,63794,cetp rs1800777,increased risk of sepsis-associated aki,ASSOCIATED_WITH
23916,8,63580,mc1r gene polymorphisms,burn wound infection,ASSOCIATED_WITH
21677,8,55516,hivep1,pulmonary embolism,ASSOCIATED_WITH
22931,8,62649,gata2 mutation,myelodysplastic syndrome,ASSOCIATED_WITH
23799,8,61460,tert,emphysema pathogenesis,ASSOCIATED_WITH
22872,8,61168,mthfr c.1298a>c,congestive complication,ASSOCIATED_WITH
22175,8,59242,pai-1 4g-4g,abdominal thrombosis,ASSOCIATED_WITH
21118,8,65651,cfh y402h polymorphism,amd risk,ASSOCIATED_WITH
23383,8,62625,srf,thyroid cancer,ASSOCIATED_WITH
21143,8,56250,cat,recurrent pregnancy loss,ASSOCIATED_WITH
24761,8,58171,bmpr2 nonsense variant,chronic thromboembolic pulmonary hypertension,ASSOCIATED_WITH
24967,8,67282,jak2 v617f allelic burden >50%,higher haemoglobin levels,ASSOCIATED_WITH
21219,8,61494,dna hypomethylation,therapeutic response,ASSOCIATED_WITH
21315,8,56850,mmp3 5a(-1171)6a,recurrent vte,ASSOCIATED_WITH
23264,8,62053,mir-92b,better prognosis,ASSOCIATED_WITH
21518,8,57071,pla2 allele,cardioembolic stroke,ASSOCIATED_WITH
25753,8,69974,sftpb thr131ile,copd-related phenotypes,ASSOCIATED_WITH
20894,8,55529,factor v g1691a polymorphism,thrombophilia,ASSOCIATED_WITH
21407,8,57139,jak2 v617f allele burden,myelofibrosis,ASSOCIATED_WITH
21095,8,56360,cgb5 promoter variants,recurrent miscarriage,ASSOCIATED_WITH
23674,8,55544,pros1 e/e mutation,venous thromboembolism,ASSOCIATED_WITH
25358,8,64059,hla-dqb1*06:03,behçet disease,ASSOCIATED_WITH
23828,8,55595,lipa mutations,atherosclerosis,ASSOCIATED_WITH
21998,8,57031,epoxide hydrolase1 polymorphism,copd,ASSOCIATED_WITH
21096,8,56360,cgb8 initiator element mutation,recurrent miscarriage,ASSOCIATED_WITH
22009,8,56250,fxiii val34leu polymorphism,recurrent pregnancy loss,ASSOCIATED_WITH
25259,8,59900,ros1 rearrangement,increased risk of vte,ASSOCIATED_WITH
20871,8,55528,factor v leiden mutation,venous thrombosis,ASSOCIATED_WITH
22905,8,61216,il-6 gene -174c allele,reduced risk of liver cancer,ASSOCIATED_WITH
23106,8,61741,tnks gene variant,ovarian cancer survival,ASSOCIATED_WITH
23869,8,55528,fii g20210a polymorphism,venous thrombosis,ASSOCIATED_WITH
20932,8,55773,mthfr c677t,stroke,ASSOCIATED_WITH
23450,8,62500,rs700923 minor allele,increased risk of diastolic hypertension,ASSOCIATED_WITH
23286,8,62104,tpmt variants,cisplatin-induced ototoxicity,ASSOCIATED_WITH
21921,8,58669,il-6 -634 g allele,vascular access dysfunction,ASSOCIATED_WITH
24403,8,65147,grik5,blood vessel integrity,ASSOCIATED_WITH
21453,8,57236,annexin a5 gene m2 promoter allele,recurrent fetal loss,ASSOCIATED_WITH
21104,8,56382,nlrp3 gene polymorphism,psoriatic jia,ASSOCIATED_WITH
25417,8,67864,ace2 and tmprss2 expression,sars-cov-2 infectivity,ASSOCIATED_WITH
23961,8,63088,mir-15a-5p,hemostasis and thrombosis,ASSOCIATED_WITH
23717,8,55772,cdh17,hypertension,ASSOCIATED_WITH
25057,8,67541,nod2 polymorphism,progressive disease course in crohn's disease,ASSOCIATED_WITH
23375,8,60691,serpinc1 mutation,at deficiency,ASSOCIATED_WITH
22059,8,58968,mylk allelic variants,sepsis risk,ASSOCIATED_WITH
23332,8,56804,lpa gene,abdominal aortic aneurysm,ASSOCIATED_WITH
20927,8,56233,mthfr c677t mutation,dvt,ASSOCIATED_WITH
21901,8,58636,fgfr1 rearrangements,hematological malignancies,ASSOCIATED_WITH
22857,8,60824,enos polymorphisms,hypertensive disorders of pregnancy,ASSOCIATED_WITH
21692,8,55675,il6 rs2069825 snp,cardiovascular disease,ASSOCIATED_WITH
21675,8,55544,f11,venous thromboembolism,ASSOCIATED_WITH
24391,8,55544,factor v leiden variation,venous thromboembolism,ASSOCIATED_WITH
22126,8,56051,enos polymorphism,increased risk of thrombosis,ASSOCIATED_WITH
22979,8,62451,blood group b,increased venous thrombosis risk,ASSOCIATED_WITH
23928,8,56254,mir-424,fetal growth restriction,ASSOCIATED_WITH
21109,8,58287,factor ii g20210a,childhood arterial ischemic stroke,ASSOCIATED_WITH
21015,8,56149,fii a20210 mutation,cerebral vein thrombosis,ASSOCIATED_WITH
21118,8,56455,cfh y402h polymorphism,incident ischemic stroke,ASSOCIATED_WITH
20931,8,59131,prothrombin g20210a,severe preeclampsia,ASSOCIATED_WITH
23800,8,64414,terc,ipf pathogenesis,ASSOCIATED_WITH
23541,8,55639,prdx2,inflammation,ASSOCIATED_WITH
24674,8,67691,ace2 expression,viral transcription and protein translation,ASSOCIATED_WITH
23760,8,63322,fgfr1 overexpression,reduced overall survival,ASSOCIATED_WITH
22286,8,62499,pai-1 4g allele,high blood pressure,ASSOCIATED_WITH
22513,8,60279,loc641788,severity of illness,ASSOCIATED_WITH
22475,8,60195,ugt1a7,grade 3/4 neutropenia,ASSOCIATED_WITH
23735,8,63235,p2y12 mutant genotypes,cad risk,ASSOCIATED_WITH
25613,8,58177,hoxc6 overexpression,poor prognosis,ASSOCIATED_WITH
23156,8,62716,h1,alveolar leak of albumin,ASSOCIATED_WITH
23618,8,57031,nos1,copd,ASSOCIATED_WITH
25063,8,67552,mapt h1 haplotype,progressive supranuclear palsy,ASSOCIATED_WITH
21387,8,55513,mthfr genotype,thrombosis,ASSOCIATED_WITH
23250,8,61963,f5 gene variant rs4524,venous thromboembolism in active cancer,ASSOCIATED_WITH
21891,8,55506,mthfr gene c677t polymorphism,hyperhomocysteinemia,ASSOCIATED_WITH
23715,8,55772,plekhg1,hypertension,ASSOCIATED_WITH
20877,8,56861,factor v leiden,idiopathic venous thromboembolism,ASSOCIATED_WITH
21844,8,57631,apoe type iv variant,alzheimer’s disease,ASSOCIATED_WITH
24674,8,56338,ace2 expression,intracerebral hemorrhage,ASSOCIATED_WITH
24059,8,55529,proc gene mutation c.565c>t,thrombophilia,ASSOCIATED_WITH
22356,8,59803,cox1_a1 mutation status,asa resistance,ASSOCIATED_WITH
21769,8,55527,non-o blood type,deep venous thrombosis,ASSOCIATED_WITH
21705,8,58075,hla-a*33:03,decreased risk for behcet's disease,ASSOCIATED_WITH
21501,8,56193,bmpr2,pulmonary arterial hypertension,ASSOCIATED_WITH
21562,8,57601,cxadr variants,sudden cardiac death,ASSOCIATED_WITH
21825,8,58404,il1rn mutation,deficiency of the interleukin-1 receptor antagonist,ASSOCIATED_WITH
22211,8,59400,cox-2 up-regulation,pain and inflammation,ASSOCIATED_WITH
23801,8,60112,dkc1,idiopathic pulmonary fibrosis,ASSOCIATED_WITH
22632,8,56893,non-o blood group,cardiovascular events,ASSOCIATED_WITH
23105,8,61740,tep1 gene variant,ovarian cancer risk,ASSOCIATED_WITH
22477,8,60195,ugt1a7*4,grade 3/4 neutropenia,ASSOCIATED_WITH
23777,8,63362,p2ry12 gene haplotype h1,lower incidence of high on-treatment platelet reactivity in nonsmoker subgroup,ASSOCIATED_WITH
23327,8,62194,tgfbr2 gene,thoracic aortic aneurysm and dissection,ASSOCIATED_WITH
21321,8,55822,nos3,coagulation,ASSOCIATED_WITH
20871,8,55562,factor v leiden mutation,budd-chiari syndrome,ASSOCIATED_WITH
25343,8,55513,variant allele fraction,thrombosis,ASSOCIATED_WITH
23530,8,56889,bβtyr368his mutation,hypofibrinogenemia,ASSOCIATED_WITH
20907,8,55631,fcγriia iia-r/r131 genotype,higher disease activity,ASSOCIATED_WITH
21307,8,56838,f2r rs153311 variant,decreased vte risk,ASSOCIATED_WITH
20916,8,55679,t-pa gene polymorphism,duodenal ulcer,ASSOCIATED_WITH
21800,8,55544,nme7 rs16861990,venous thromboembolism,ASSOCIATED_WITH
23148,8,61109,pear1 rs12041331 g allele,increased platelet aggregation,ASSOCIATED_WITH
21271,8,56235,factor v 45888 variant,vte risk,ASSOCIATED_WITH
23932,8,65308,brca1/2 mutations,higher neoantigen load,ASSOCIATED_WITH
21927,8,55568,serpine1,angiogenesis,ASSOCIATED_WITH
23859,8,63480,cd40l gene polymorphism,transplant-associated thrombotic microangiopathy risk,ASSOCIATED_WITH
23378,8,62313,b-raf mutation,extrathyroidal extension,ASSOCIATED_WITH
21046,8,56405,factor viii deficiency,hemophilia a,ASSOCIATED_WITH
23791,8,56065,tnf-α -857c-1031c haplotype,behçet's disease,ASSOCIATED_WITH
24437,8,59793,fhl1 mutation,hypertrophic cardiomyopathy,ASSOCIATED_WITH
25474,8,56051,fcgr2a genotype 131rr,increased risk of thrombosis,ASSOCIATED_WITH
20972,8,55989,annexin a5 -1c→t mutation,miscarriage,ASSOCIATED_WITH
25012,8,55514,snps in tdag8,heparin-induced thrombocytopenia,ASSOCIATED_WITH
20877,8,55639,factor v leiden,inflammation,ASSOCIATED_WITH
21121,8,55841,mtr gene,ulcerative colitis,ASSOCIATED_WITH
20909,8,55629,fcγriia and iiia double negative genotype,anaemia,ASSOCIATED_WITH
22415,8,59978,vasointestinal peptide deficiency,moderate pulmonary hypertension,ASSOCIATED_WITH
21015,8,55515,fii a20210 mutation,deep vein thrombosis,ASSOCIATED_WITH
20954,8,55913,fxiii leu34 allele,soluble γ-γ-dimer formation,ASSOCIATED_WITH
24243,8,55812,zfpm2,coronary artery disease,ASSOCIATED_WITH
21916,8,56590,jak2 mutation,essential thrombocythemia,ASSOCIATED_WITH
21816,8,57353,mthfr polymorphisms,cancer risk,ASSOCIATED_WITH
21685,8,55528,accn1,venous thrombosis,ASSOCIATED_WITH
21674,8,57071,abo,cardioembolic stroke,ASSOCIATED_WITH
22825,8,61049,mbl2 promoter yx genotype,fungal colonization and infection,ASSOCIATED_WITH
22008,8,68639,pai-1 4g/4g genotype,deranged thrombophilic risk factor,ASSOCIATED_WITH
25729,8,66134,hla-b*46:01,severe covid-19 infection,ASSOCIATED_WITH
23676,8,55681,ankrd26 mutation,thrombocytopenia,ASSOCIATED_WITH
25264,8,68277,mir-186,portal vein tumor thrombus,ASSOCIATED_WITH
21677,8,55528,hivep1,venous thrombosis,ASSOCIATED_WITH
25107,8,56065,il10 polymorphisms,behçet's disease,ASSOCIATED_WITH
25007,8,67401,dicer1 rs3742330*g allele,decreased susceptibility to esrd,ASSOCIATED_WITH
24703,8,66178,hla-b52 allele,takayasu arteritis,ASSOCIATED_WITH
21497,8,57387,mthfr mutations,csvt,ASSOCIATED_WITH
22845,8,55544,protein s k196e mutation,venous thromboembolism,ASSOCIATED_WITH
24810,8,58305,dnmt3b t allele,periodontitis,ASSOCIATED_WITH
24436,8,55575,alk rearrangements,venous thromboembolism risk,ASSOCIATED_WITH
23296,8,62117,alox5,idiopathic pulmonary arterial hypertension,ASSOCIATED_WITH
22509,8,60279,stat4,severity of illness,ASSOCIATED_WITH
23511,8,57631,psen1,alzheimer’s disease,ASSOCIATED_WITH
20914,8,55513,prothrombin g20210a mutation,thrombosis,ASSOCIATED_WITH
21007,8,56131,psgl-1 vntr polymorphism,thrombotic predisposition,ASSOCIATED_WITH
20924,8,55698,genetic influences,coagulation pathways,ASSOCIATED_WITH
20921,8,55695,tnf gene region allelic variants,immunological events in bd,ASSOCIATED_WITH
21317,8,56850,cetp c(-629)a,recurrent vte,ASSOCIATED_WITH
20945,8,56254,mthfr c677t polymorphism,fetal growth restriction,ASSOCIATED_WITH
22979,8,59601,blood group b,gastric cancer,ASSOCIATED_WITH
22948,8,61363,il-10 -592a/c polymorphism,lung cancer susceptibility,ASSOCIATED_WITH
21856,8,58459,gan,cyclosporine nephrotoxicity,ASSOCIATED_WITH
21674,8,55544,abo,venous thromboembolism,ASSOCIATED_WITH
23029,8,60529,slc44a2 gene variant,venous thromboembolism (vte) risk,ASSOCIATED_WITH
24083,8,64049,apc methylation,progression from ndbo to oadc/hgd,ASSOCIATED_WITH
24747,8,55595,kalrn,atherosclerosis,ASSOCIATED_WITH
21916,8,58663,jak2 mutation,myeloproliferative neoplasms,ASSOCIATED_WITH
21194,8,56589,chst3 polymorphism,treatment toxicity,ASSOCIATED_WITH
21038,8,56222,pai 4g/4g homozygosity,deep venous thrombosis risk,ASSOCIATED_WITH
21401,8,57552,agt m235t polymorphism,cardiovascular disease risk,ASSOCIATED_WITH
22117,8,59100,mthfr variants,cerebral injury,ASSOCIATED_WITH
21014,8,55513,fv leiden mutation,thrombosis,ASSOCIATED_WITH
21380,8,57041,vkorc1 variants,bleeding complications,ASSOCIATED_WITH
25696,8,63957,il-4 gene variants,higher risk of vte,ASSOCIATED_WITH
24508,8,65450,cyp2c19 lof alleles,"cardiovascular death, acs, or stroke",ASSOCIATED_WITH
22567,8,60454,b-fibrinogen gene mutation,thrombosis predisposition,ASSOCIATED_WITH
20929,8,55728,ace d allele,sars hypoxemic progression,ASSOCIATED_WITH
21059,8,56285,mmp3 haplotype 2,reduced risk of myocardial infarction,ASSOCIATED_WITH
24395,8,65108,tet2 loss-of-function,chronic proinflammatory changes,ASSOCIATED_WITH
22218,8,55513,f2 gene mutation,thrombosis,ASSOCIATED_WITH
21297,8,56201,adrb2,metabolic syndrome,ASSOCIATED_WITH
23281,8,62102,cr2 polymorphism rs311306,onfh risk,ASSOCIATED_WITH
21645,8,68231,apoe ε4 allele,chronic airway obstruction,ASSOCIATED_WITH
23585,8,65601,ras mutation,scc,ASSOCIATED_WITH
25020,8,59800,pcsk9 loss-of-function genetic variants,improved survival in septic shock,ASSOCIATED_WITH
22397,8,55711,g1691a factor v gene mutation,intrauterine growth restriction,ASSOCIATED_WITH
21977,8,58792,tnf-alpha-1031c allele,pathogenesis of behcet's disease,ASSOCIATED_WITH
22193,8,59313,factor v leiden r506q,neonatal arterial thrombosis,ASSOCIATED_WITH
23149,8,61797,pear1 rs778026543,pulmonary thromboembolism susceptibility,ASSOCIATED_WITH
21702,8,58076,hla-a*02:07,skin lesions,ASSOCIATED_WITH
21320,8,56859,nppa,incident hypertension,ASSOCIATED_WITH
23193,8,57502,vkorc1 variations,warfarin resistance,ASSOCIATED_WITH
23749,8,57041,co-presence of asxl1 and idh mutations,bleeding complications,ASSOCIATED_WITH
24797,8,66641,hsa-mir-370-3p,venous thrombosis recurrence,ASSOCIATED_WITH
22989,8,61455,rs62187992 snp,reduced risk of venous thromboembolism,ASSOCIATED_WITH
23341,8,62203,mybph,coronary endothelial dysfunction,ASSOCIATED_WITH
22686,8,65474,vkorc1 rs9923231,risk of overanticoagulation,ASSOCIATED_WITH
25209,8,55907,hps5,blood coagulation,ASSOCIATED_WITH
22938,8,55532,rs2227589 polymorphism,recurrent thrombosis,ASSOCIATED_WITH
22302,8,55529,factor v gene r506q mutation,thrombophilia,ASSOCIATED_WITH
20886,8,55520,atiii gene disruption,fibrin deposition,ASSOCIATED_WITH
25436,8,58451,thbd gene rs1042580 c allele,acute kidney injury,ASSOCIATED_WITH
23070,8,55607,gpiiia gene polymorphism,myocardial infarction,ASSOCIATED_WITH
23178,8,56830,rs70940817,activated partial thromboplastin time,ASSOCIATED_WITH
23198,8,58811,adamts13 p.asp187his,deep vein thrombosis risk,ASSOCIATED_WITH
21067,8,56308,mthfr c677t and a1298c mutations,dvt after elective tha,ASSOCIATED_WITH
21561,8,55812,lpa variants,coronary artery disease,ASSOCIATED_WITH
25751,8,69973,ifnar2 expression,response to ifn-alpha/5-fu combination therapy,ASSOCIATED_WITH
20945,8,55672,mthfr c677t polymorphism,ischemic stroke,ASSOCIATED_WITH
22512,8,60279,retn,severity of illness,ASSOCIATED_WITH
24283,8,64701,pecam-1 gene polymorphism,coronary artery complications,ASSOCIATED_WITH
23964,8,55848,mir-20a-5p,embolic stroke,ASSOCIATED_WITH
23207,8,58663,germ line variants,myeloproliferative neoplasms,ASSOCIATED_WITH
22061,8,58971,acvrl1 gene,hht type 2,ASSOCIATED_WITH
25045,8,63235,pai-1 -675 4g>5g polymorphism,cad risk,ASSOCIATED_WITH
24403,8,65146,grik5,eye diseases,ASSOCIATED_WITH
20974,8,55992,p46l mutation in tnfrsf1a,mild inflammatory phenotype,ASSOCIATED_WITH
21850,8,58456,pecam1 373c/g,higher risk of myocardial infarction,ASSOCIATED_WITH
24439,8,59793,mybpc3 variant,hypertrophic cardiomyopathy,ASSOCIATED_WITH
20981,8,63639,jak2 v617f mutation,thrombotic events risk,ASSOCIATED_WITH
21574,8,55528,rs13146272,venous thrombosis,ASSOCIATED_WITH
21014,8,56149,fv leiden mutation,cerebral vein thrombosis,ASSOCIATED_WITH
22701,8,60800,cmtr1,asthma exacerbations,ASSOCIATED_WITH
25765,8,55527,factor v leiden heterozygous mutation,deep venous thrombosis,ASSOCIATED_WITH
25694,8,63957,il-10 gene variants,higher risk of vte,ASSOCIATED_WITH
22910,8,61230,gdf15 polymorphisms,atherothrombotic manifestations,ASSOCIATED_WITH
24070,8,56085,mthfr rs1801133 polymorphism t allele,cad,ASSOCIATED_WITH
24387,8,65087,vdbp (rs4588) t/t genotype,anteroseptal myocardial infarction,ASSOCIATED_WITH
25560,8,69495,phlpp2,acute type a aortic dissection,ASSOCIATED_WITH
25085,8,55822,genetic risk factors for covid-19 mortality,coagulation,ASSOCIATED_WITH
22355,8,55506,cbs gene deficiency,hyperhomocysteinemia,ASSOCIATED_WITH
21457,8,59922,vkorc1 polymorphism,over-anticoagulation,ASSOCIATED_WITH
20914,8,59767,prothrombin g20210a mutation,venous thrombosis risk,ASSOCIATED_WITH
22747,8,55527,pai-1 4g/5g mutation,deep venous thrombosis,ASSOCIATED_WITH
21274,8,56235,factor v leiden variant,vte risk,ASSOCIATED_WITH
23661,8,65473,cyp4f2 rs2108622,time to target inr therapeutic range,ASSOCIATED_WITH
22463,8,60130,minor t allele of rs2453021,presence of plaque in common carotid artery,ASSOCIATED_WITH
25553,8,56296,dnase 1 q222r snp,cardiovascular mortality,ASSOCIATED_WITH
22360,8,55927,egfr mutation,interstitial lung disease,ASSOCIATED_WITH
25324,8,68524,tlr4 gene polymorphisms,generalization of the infectious process,ASSOCIATED_WITH
23358,8,62253,bmp gene family,vascular growth,ASSOCIATED_WITH
22486,8,60234,rs2227744g>a polymorphism,protection from frequent copd exacerbations,ASSOCIATED_WITH
21441,8,55544,procr,venous thromboembolism,ASSOCIATED_WITH
20914,8,55515,prothrombin g20210a mutation,deep vein thrombosis,ASSOCIATED_WITH
22568,8,60476,prothrombin g20210a gene mutation,increased venous thrombosis,ASSOCIATED_WITH
22499,8,60255,nos3 g894t g allele,increased waist,ASSOCIATED_WITH
21645,8,55959,apoe ε4 allele,obesity,ASSOCIATED_WITH
21277,8,56771,jak2 mrna,poorer locoregional progression-free survival,ASSOCIATED_WITH
23399,8,62373,muc5b polymorphism,development of ipf,ASSOCIATED_WITH
22133,8,56193,cbln2,pulmonary arterial hypertension,ASSOCIATED_WITH
25621,8,69673,erα polymorphisms,susceptibilities and outcomes of several renal diseases,ASSOCIATED_WITH
21991,8,58843,feline orthologs,mendelian disorders,ASSOCIATED_WITH
25357,8,64059,hla-drb1*13:01,behçet disease,ASSOCIATED_WITH
23456,8,62522,plau gene,coronary artery in-stent restenosis,ASSOCIATED_WITH
25827,8,70090,factor v leiden heterozygosity,venous thromboembolism in family members,ASSOCIATED_WITH
20981,8,56020,jak2 v617f mutation,myeloproliferative disorders,ASSOCIATED_WITH
22283,8,69203,hla-drb1*15:01,aplastic anemia,ASSOCIATED_WITH
22036,8,58928,mthfr a1298c mutation,portomesenteric venous thrombosis,ASSOCIATED_WITH
22207,8,59381,fshr polymorphism ser680asn,severity of ohss symptoms,ASSOCIATED_WITH
23035,8,55812,itgb3 gene,coronary artery disease,ASSOCIATED_WITH
22511,8,60279,sort1,severity of illness,ASSOCIATED_WITH
21385,8,56789,bmpr2 mutations,pah,ASSOCIATED_WITH
22265,8,55672,rs505922,ischemic stroke,ASSOCIATED_WITH
24602,8,65818,tnfrsf11b snps,aimss,ASSOCIATED_WITH
21063,8,55528,b allele,venous thrombosis,ASSOCIATED_WITH
23856,8,63477,pde4d variants,acrodysostosis,ASSOCIATED_WITH
20927,8,55506,mthfr c677t mutation,hyperhomocysteinemia,ASSOCIATED_WITH
25532,8,69386,bap1 mutation,mesothelioma development,ASSOCIATED_WITH
21994,8,57031,il-27 polymorphism,copd,ASSOCIATED_WITH
25466,8,57655,fvl rs6025 and ptm rs1799963,recurrent venous thromboembolism,ASSOCIATED_WITH
20981,8,55600,jak2 v617f mutation,portal vein thrombosis,ASSOCIATED_WITH
23661,8,65478,cyp4f2 rs2108622,time to inr above 3.0,ASSOCIATED_WITH
23283,8,62102,cr2 haplotype ht3,onfh risk,ASSOCIATED_WITH
20914,8,58053,prothrombin g20210a mutation,cerebral venous sinus thrombosis,ASSOCIATED_WITH
23745,8,60529,proc gene variant,venous thromboembolism (vte) risk,ASSOCIATED_WITH
21646,8,55887,mthfr 1298 polymorphism,cerebral venous thrombosis,ASSOCIATED_WITH
21590,8,57675,gpx-3 gene promoter mutations/polymorphisms,thrombotic cerebrovascular disease,ASSOCIATED_WITH
22547,8,64843,tp53 mutation,reduced transformation-free survival,ASSOCIATED_WITH
21874,8,55865,kng1,vte,ASSOCIATED_WITH
21727,8,55513,mthfr mutation,thrombosis,ASSOCIATED_WITH
22631,8,60642,hla-dpb1*04:01,pr3-aav,ASSOCIATED_WITH
22632,8,60645,non-o blood group,gensini score,ASSOCIATED_WITH
21514,8,55981,abo gene,type 2 diabetes,ASSOCIATED_WITH
23988,8,55792,hla-dq haplotypes,antiphospholipid syndrome,ASSOCIATED_WITH
20933,8,55783,g20210a prothrombin gene polymorphism,myocardial infarction at young ages,ASSOCIATED_WITH
25503,8,55782,disease susceptibility genes abnormalities,inflammatory bowel disease,ASSOCIATED_WITH
21312,8,62193,il-6 gene,icas,ASSOCIATED_WITH
23527,8,62695,cyp2c9 gene variant,increased bleeding risk with warfarin,ASSOCIATED_WITH
25405,8,55534,jak-2 mutation,thrombus formation,ASSOCIATED_WITH
20927,8,55600,mthfr c677t mutation,portal vein thrombosis,ASSOCIATED_WITH
23455,8,62522,vtn gene,coronary artery in-stent restenosis,ASSOCIATED_WITH
23330,8,56804,lrp1 gene,abdominal aortic aneurysm,ASSOCIATED_WITH
25747,8,58177,rb1 loss of heterozygosity,poor prognosis,ASSOCIATED_WITH
24410,8,56250,sulf1,recurrent pregnancy loss,ASSOCIATED_WITH
23799,8,64414,tert,ipf pathogenesis,ASSOCIATED_WITH
25255,8,68233,apoe ε2ε2 genotype,cervical disorders,ASSOCIATED_WITH
22240,8,59493,car haplotype,three-fold risk of stroke,ASSOCIATED_WITH
22947,8,61363,il-10 -819t/c polymorphism,lung cancer susceptibility,ASSOCIATED_WITH
21328,8,56861,factor vii rs6046,idiopathic venous thromboembolism,ASSOCIATED_WITH
23428,8,62485,rare loss-of-function variants in nos3 or gucy1a3,higher risk of coronary heart disease,ASSOCIATED_WITH
22632,8,55513,non-o blood group,thrombosis,ASSOCIATED_WITH
21037,8,56219,notch2,favorable prognosis in gliomas,ASSOCIATED_WITH
22870,8,56051,calr mutation,increased risk of thrombosis,ASSOCIATED_WITH
23520,8,62684,tgfbr mutation,loeys-dietz syndrome,ASSOCIATED_WITH
22032,8,58914,col9a1,osteoarthritis,ASSOCIATED_WITH
21618,8,57259,human thrombomodulin knockin,prothrombotic phenotype,ASSOCIATED_WITH
20877,8,55865,factor v leiden,vte,ASSOCIATED_WITH
22006,8,65838,mbl,covid-19,ASSOCIATED_WITH
21322,8,56859,tgfb1,incident hypertension,ASSOCIATED_WITH
22870,8,55773,calr mutation,stroke,ASSOCIATED_WITH
25500,8,57568,ccr5 deficiency,cardiac damage,ASSOCIATED_WITH
24207,8,61642,tgfbr3,priapism,ASSOCIATED_WITH
20996,8,55683,tlr5 gene variation,thrombotic events,ASSOCIATED_WITH
21589,8,57674,enos gene polymorphisms,coronary spasm,ASSOCIATED_WITH
20871,8,55887,factor v leiden mutation,cerebral venous thrombosis,ASSOCIATED_WITH
20981,8,57907,jak2 v617f mutation,increased thrombotic risk,ASSOCIATED_WITH
25741,8,69941,variant oestrogen receptor transcripts,aggressive clinical course,ASSOCIATED_WITH
23463,8,58575,cfh gene variant,hemolytic uremic syndrome,ASSOCIATED_WITH
20931,8,55528,prothrombin g20210a,venous thrombosis,ASSOCIATED_WITH
22980,8,55683,mthfr snp rs1801133,thrombotic events,ASSOCIATED_WITH
24084,8,64049,timp3 methylation,progression from ndbo to oadc/hgd,ASSOCIATED_WITH
24916,8,55544,f11 rs2036914,venous thromboembolism,ASSOCIATED_WITH
24195,8,65107,jak2 mutations,myeloproliferative neoplasia,ASSOCIATED_WITH
22997,8,61470,genetic factors,production of autoantibodies,ASSOCIATED_WITH
24766,8,66501,il-10 −819 t/t,greater incidence of postoperative pneumonia,ASSOCIATED_WITH
22639,8,60656,cyp17 polymorphism,benign prostatic hyperplasia,ASSOCIATED_WITH
25421,8,68979,tmem43 mutation,higher risk of heart failure,ASSOCIATED_WITH
21353,8,56969,podocin mutation,no recurrence of fsgs,ASSOCIATED_WITH
24448,8,65232,hla-b44,type ii peripheral arthropathy,ASSOCIATED_WITH
22399,8,55711,compound heterozygous mthfr c677t and a1298c,intrauterine growth restriction,ASSOCIATED_WITH
24475,8,58973,endoglin mutation,hht,ASSOCIATED_WITH
24924,8,67120,hla-b*5701,hypersensitivity to abacavir,ASSOCIATED_WITH
22072,8,55528,epcr a3 haplotype,venous thrombosis,ASSOCIATED_WITH
20927,8,58928,mthfr c677t mutation,portomesenteric venous thrombosis,ASSOCIATED_WITH
23862,8,56232,cyp4v2–klkb1–f11,dvt risk,ASSOCIATED_WITH
21739,8,55527,4g/4g genotype,deep venous thrombosis,ASSOCIATED_WITH
23428,8,62484,rare loss-of-function variants in nos3 or gucy1a3,higher systolic blood pressure,ASSOCIATED_WITH
25725,8,58556,cowden syndrome,endometrial cancer,ASSOCIATED_WITH
21716,8,60443,fvl mutation,lower urine albumin excretion,ASSOCIATED_WITH
21917,8,63636,tet2 mutation,clonal hematopoiesis,ASSOCIATED_WITH
21897,8,55513,fv mutations,thrombosis,ASSOCIATED_WITH
21314,8,56850,ccr5 a(-2459)g,recurrent vte,ASSOCIATED_WITH
22460,8,55865,mthfr 677c/t mutation,vte,ASSOCIATED_WITH
23778,8,63362,p2ry12 gene haplotype h2,lower incidence of high on-treatment platelet reactivity in nonsmoker subgroup,ASSOCIATED_WITH
20897,8,55607,gpibα kozak tt genotype,myocardial infarction,ASSOCIATED_WITH
20945,8,55887,mthfr c677t polymorphism,cerebral venous thrombosis,ASSOCIATED_WITH
24579,8,65674,fam13a polymorphisms,increased lung function decline in smokers,ASSOCIATED_WITH
21863,8,58502,factor v leiden a506g,early fetal loss,ASSOCIATED_WITH
25647,8,69724,a1 blood type genotype,dic risk,ASSOCIATED_WITH
22116,8,55544,f5 leiden variant,venous thromboembolism,ASSOCIATED_WITH
20901,8,55612,a-g transition mutation at position 2143,higher level of clarithromycin resistance,ASSOCIATED_WITH
21029,8,56190,β-fibrinogen -455a allele,reduced risk of venous thrombosis,ASSOCIATED_WITH
22274,8,55672,pde4d snp 32,ischemic stroke,ASSOCIATED_WITH
21674,8,67408,abo,pulmonary thrombosis and infarction,ASSOCIATED_WITH
22265,8,59635,rs505922,large-vessel stroke,ASSOCIATED_WITH
25170,8,67965,stat3 mutation,stat3-hies,ASSOCIATED_WITH
21645,8,59818,apoe ε4 allele,higher lobar microbleed counts,ASSOCIATED_WITH
24264,8,64673,il-1rn vntr polymorphism,sinonasal polyposis,ASSOCIATED_WITH
22676,8,58661,anxa5,thrombotic disorders,ASSOCIATED_WITH
22439,8,60069,hmox1 genetic variations,increased risk for recurrence of venous thrombosis,ASSOCIATED_WITH
21336,8,55672,familial protein s deficiency,ischemic stroke,ASSOCIATED_WITH
20945,8,69574,mthfr c677t polymorphism,tumor risk,ASSOCIATED_WITH
22419,8,55979,cbs gene polymorphism,breast cancer,ASSOCIATED_WITH
20969,8,60518,ccr5,severe influenza,ASSOCIATED_WITH
20909,8,55631,fcγriia and iiia double negative genotype,higher disease activity,ASSOCIATED_WITH
20871,8,58424,factor v leiden mutation,non-tumoral portal vein thrombosis,ASSOCIATED_WITH
21925,8,55544,epcr gene 6936a/g polymorphism,venous thromboembolism,ASSOCIATED_WITH
25082,8,68249,alk rearrangement,ovarian metastasis,ASSOCIATED_WITH
21633,8,56804,rs1466535,abdominal aortic aneurysm,ASSOCIATED_WITH
25668,8,69812,serpine1-rs6976053 t allele,10-year post-therapy mixed cryoglobulinemia,ASSOCIATED_WITH
24856,8,66842,muc5b mutations,acute exacerbations of ra-ild,ASSOCIATED_WITH
21514,8,55672,abo gene,ischemic stroke,ASSOCIATED_WITH
22357,8,59813,jak2 v617f mutation burden,myeloproliferative neoplasm progression rate,ASSOCIATED_WITH
21645,8,68230,apoe ε4 allele,ischaemic heart disease,ASSOCIATED_WITH
25254,8,61695,apoe ε2ε3 genotype,hypercholesterolaemia,ASSOCIATED_WITH
21368,8,56994,mthfr 677tt genotype,increased risk for venous thromboembolism,ASSOCIATED_WITH
22289,8,55545,pon1 55 ll genotype,retinal vein occlusion,ASSOCIATED_WITH
23445,8,55959,sim1 deficiency,obesity,ASSOCIATED_WITH
22873,8,61169,mthfr c.677c>t and c.1298a>c double heterozygous genotype,combined trunk and perforator phenotype,ASSOCIATED_WITH
23797,8,60112,sftpc,idiopathic pulmonary fibrosis,ASSOCIATED_WITH
22546,8,56860,met mutations,tumor progression,ASSOCIATED_WITH
21645,8,64802,apoe ε4 allele,increased risk of alzheimer’s disease,ASSOCIATED_WITH
22746,8,57398,jak2 46/1 haplotype,inflammatory diseases,ASSOCIATED_WITH
22675,8,56232,klkb1,dvt risk,ASSOCIATED_WITH
23672,8,63092,mthfr 1298a>c polymorphism,increased risk of intraventricular hemorrhage,ASSOCIATED_WITH
25255,8,64152,apoe ε2ε2 genotype,peripheral vascular disease,ASSOCIATED_WITH
21504,8,55569,runx2,metastasis,ASSOCIATED_WITH
21703,8,58074,hla-a*26:01,increased risk for behcet's disease,ASSOCIATED_WITH
20877,8,55515,factor v leiden,deep vein thrombosis,ASSOCIATED_WITH
22029,8,55773,adamts13 mrna expression,stroke,ASSOCIATED_WITH
21716,8,55528,fvl mutation,venous thrombosis,ASSOCIATED_WITH
21972,8,55959,pai-1 -844 g/a polymorphism,obesity,ASSOCIATED_WITH
25082,8,58251,alk rearrangement,lung adenocarcinoma,ASSOCIATED_WITH
22006,8,55942,mbl,coagulopathy,ASSOCIATED_WITH
22869,8,60584,cd133,tumor size,ASSOCIATED_WITH
21694,8,58053,mutation in factor v leiden,cerebral venous sinus thrombosis,ASSOCIATED_WITH
23065,8,55812,nos3 g24943a polymorphism,coronary artery disease,ASSOCIATED_WITH
20882,8,55865,prothrombin gene mutations,vte,ASSOCIATED_WITH
22755,8,60953,cc genotype of jak2 rs4495487,combined-type bcs,ASSOCIATED_WITH
24117,8,55544,stroke risk loci,venous thromboembolism,ASSOCIATED_WITH
23521,8,65060,mthfr a1298c polymorphism,higher risk of raised homocysteine levels in cad patients,ASSOCIATED_WITH
20963,8,56603,f5,atherosclerotic plaque formation,ASSOCIATED_WITH
22026,8,56338,"polymorphisms in il-6, il-1β, tnf-α",intracerebral hemorrhage,ASSOCIATED_WITH
21446,8,57207,ribosomal protein gene haploinsufficiency,diamond-blackfan anemia,ASSOCIATED_WITH
22510,8,60279,p2rx1,severity of illness,ASSOCIATED_WITH
21678,8,55528,stab2,venous thrombosis,ASSOCIATED_WITH
23280,8,62102,cr2 polymorphism rs3813946,onfh risk,ASSOCIATED_WITH
23508,8,57207,gata1 mutation,diamond-blackfan anemia,ASSOCIATED_WITH
22117,8,64763,mthfr variants,pulmonary vascular disease,ASSOCIATED_WITH
20945,8,55773,mthfr c677t polymorphism,stroke,ASSOCIATED_WITH
21193,8,56588,sult1c2 polymorphism,psa response to docetaxel and thalidomide,ASSOCIATED_WITH
24964,8,55516,factor xiii a1,pulmonary embolism,ASSOCIATED_WITH
20981,8,55607,jak2 v617f mutation,myocardial infarction,ASSOCIATED_WITH
24261,8,57702,ackr3 duplication,spontaneous abortion,ASSOCIATED_WITH
20914,8,61914,prothrombin g20210a mutation,increased risk of deep venous thrombosis,ASSOCIATED_WITH
22928,8,55527,factor-v leiden mutation,deep venous thrombosis,ASSOCIATED_WITH
22415,8,58632,vasointestinal peptide deficiency,rv hypertrophy,ASSOCIATED_WITH
23006,8,62029,abo blood type,post-partum haemorrhage,ASSOCIATED_WITH
24948,8,67232,m2/anxa5 haplotype,recurrent implantation failure,ASSOCIATED_WITH
21457,8,56899,vkorc1 polymorphism,hemorrhage,ASSOCIATED_WITH
23151,8,62462,fxi deficiency,excessive trauma-induced bleeding,ASSOCIATED_WITH
21339,8,63657,braf v600e mutation,hairy cell leukemia,ASSOCIATED_WITH
23536,8,62704,g20210a fii prothrombin gene variant,colorectal cancer risk,ASSOCIATED_WITH
23181,8,55887,prothrombin g20120a mutation,cerebral venous thrombosis,ASSOCIATED_WITH
21137,8,58472,vkorc1 genotype,anticoagulation response to fluindione,ASSOCIATED_WITH
20945,8,65059,mthfr c677t polymorphism,higher risk of raised homocysteine levels in dvt patients,ASSOCIATED_WITH
23188,8,55607,c2491t fv mutation,myocardial infarction,ASSOCIATED_WITH
22870,8,61161,calr mutation,lower thrombosis incidence,ASSOCIATED_WITH
25353,8,68696,hla-b*51:08,legal blindness,ASSOCIATED_WITH
25740,8,55498,genetic polymorphisms,retinal vascular occlusive disease,ASSOCIATED_WITH
20877,8,55600,factor v leiden,portal vein thrombosis,ASSOCIATED_WITH
23789,8,63390,gp1ba,d+hus,ASSOCIATED_WITH
25494,8,69203,hla-drb1*15:02,aplastic anemia,ASSOCIATED_WITH
21361,8,56981,brca1 mutations,triple-negative phenotype,ASSOCIATED_WITH
24091,8,64071,mii-snp,reduced risk of coronary artery disease,ASSOCIATED_WITH
22547,8,69893,tp53 mutation,inferior chance of survival,ASSOCIATED_WITH
21811,8,58372,factor v 5279a/g,rpl,ASSOCIATED_WITH
22054,8,58118,β-fibrinogen -455 g>a mutation,increased risk of venous thromboembolism,ASSOCIATED_WITH
22591,8,58177,ezh2 mutation,poor prognosis,ASSOCIATED_WITH
20927,8,55544,mthfr c677t mutation,venous thromboembolism,ASSOCIATED_WITH
20950,8,62943,mthfr c677t tt genotype,increased risk of miscarriage,ASSOCIATED_WITH
21812,8,58372,factor xiii 614a/t,rpl,ASSOCIATED_WITH
21387,8,66132,mthfr genotype,interatrial septum phenotype,ASSOCIATED_WITH
20958,8,55940,complement factor h gene,amd,ASSOCIATED_WITH
25356,8,64059,hla-a*68:02,behçet disease,ASSOCIATED_WITH
24970,8,67685,ace2 gene expression,covid-19 prevalence,ASSOCIATED_WITH
24443,8,65226,hla-dr103,eims in ulcerative colitis,ASSOCIATED_WITH
21092,8,56359,ace dd genotype,decreased bleeding risk,ASSOCIATED_WITH
22749,8,60941,irs2,diabetes risk,ASSOCIATED_WITH
25317,8,68514,hla-drb1*1202,susceptibility to sars-cov-2,ASSOCIATED_WITH
21578,8,55528,rs670659,venous thrombosis,ASSOCIATED_WITH
23110,8,55528,ne deficiency,venous thrombosis,ASSOCIATED_WITH
21629,8,62202,apolipoprotein e,chronic lumbar pain,ASSOCIATED_WITH
23509,8,62648,gata2 germ line mutation,gata2 deficiency syndrome,ASSOCIATED_WITH
24401,8,63504,ran rs14035c > t polymorphism,reduced vte risk,ASSOCIATED_WITH
22737,8,55672,cd36 rs10499859,ischemic stroke,ASSOCIATED_WITH
25727,8,69903,ugt2b7,poor prognosis in nsclc,ASSOCIATED_WITH
22766,8,57152,esr1 xbai gg genotype,pre-eclampsia,ASSOCIATED_WITH
23334,8,56804,agtr1 gene,abdominal aortic aneurysm,ASSOCIATED_WITH
23589,8,55513,pai-1 gene 4g/4g polymorphism,thrombosis,ASSOCIATED_WITH
21192,8,56588,ppar-δ polymorphism,psa response to docetaxel and thalidomide,ASSOCIATED_WITH
21652,8,57908,jak2 v617f-positive,higher risk of thrombotic complications,ASSOCIATED_WITH
20914,8,57940,prothrombin g20210a mutation,liver fibrosis progression,ASSOCIATED_WITH
21212,8,56673,mthfr 677c>t polymorphism,increased frequency of micronuclei,ASSOCIATED_WITH
20877,8,58287,factor v leiden,childhood arterial ischemic stroke,ASSOCIATED_WITH
21920,8,63250,asxl1 mutation,fibrotic progression,ASSOCIATED_WITH
21062,8,55528,a11 allele,venous thrombosis,ASSOCIATED_WITH
21372,8,56268,tafi gene polymorphism -438a,myocardial infarction risk,ASSOCIATED_WITH
23659,8,63053,rs4379368,venous thromboembolism development,ASSOCIATED_WITH
21995,8,57031,tnf-alpha polymorphism,copd,ASSOCIATED_WITH
20981,8,55544,jak2 v617f mutation,venous thromboembolism,ASSOCIATED_WITH
24941,8,64466,esr1 mutations,endocrine resistance,ASSOCIATED_WITH
22758,8,59698,mmp9 gene gln279arg polymorphism,secondary polycythemia,ASSOCIATED_WITH
24658,8,57655,myh gene variants,recurrent venous thromboembolism,ASSOCIATED_WITH
23006,8,57152,abo blood type,pre-eclampsia,ASSOCIATED_WITH
23946,8,63674,col2a1 mutation,dkoa pathogenesis,ASSOCIATED_WITH
21127,8,59932,factor ii mutation,increased plasma prothrombin levels,ASSOCIATED_WITH
21501,8,65608,bmpr2,heritable pulmonary arterial hypertension,ASSOCIATED_WITH
25816,8,55666,glycoprotein iiia leu33pro polymorphism,coronary heart disease,ASSOCIATED_WITH
21659,8,55528,mthfr 677c→t variant,venous thrombosis,ASSOCIATED_WITH
25168,8,58395,abcc6,vascular calcification,ASSOCIATED_WITH
23562,8,62777,connexin-37 deficiency,lymphatic valve defects,ASSOCIATED_WITH
21368,8,62237,mthfr 677tt genotype,increased risk of atherosclerotic vascular disease,ASSOCIATED_WITH
21457,8,63460,vkorc1 polymorphism,not achieving target inr,ASSOCIATED_WITH
25003,8,67374,il-1 rs1800587 mutation genotype,increased mortality in vte,ASSOCIATED_WITH
21093,8,56360,cgb5 intron 2 snp,recurrent miscarriage,ASSOCIATED_WITH
20899,8,55610,a2143g mutation in the 23s rrna gene,clarithromycin resistance,ASSOCIATED_WITH
23318,8,62192,mif gene,caa severity,ASSOCIATED_WITH
22687,8,60788,cd-14 rs2569190,ccvd susceptibility,ASSOCIATED_WITH
20914,8,65012,prothrombin g20210a mutation,arterial ischemic stroke,ASSOCIATED_WITH
21212,8,57064,mthfr 677c>t polymorphism,increased hcy-induced endothelial microparticle formation,ASSOCIATED_WITH
20890,8,55560,ctg expansion,conduction disease progression,ASSOCIATED_WITH
24444,8,65227,hla-b8/dr3,primary sclerosing cholangitis (psc) in ulcerative colitis,ASSOCIATED_WITH
21414,8,57147,hla-dpb1*0401,gpa,ASSOCIATED_WITH
20871,8,61277,factor v leiden mutation,venous and arterial thromboses,ASSOCIATED_WITH
21980,8,58792,il-8 gene polymorphism,pathogenesis of behcet's disease,ASSOCIATED_WITH
20945,8,55544,mthfr c677t polymorphism,venous thromboembolism,ASSOCIATED_WITH
23522,8,56250,fvl g1691a polymorphism,recurrent pregnancy loss,ASSOCIATED_WITH
22031,8,69919,factor xi deficiency,lower rates of deep vein thrombosis,ASSOCIATED_WITH
23508,8,62646,gata1 mutation,transient myeloproliferative disorder,ASSOCIATED_WITH
22485,8,57614,rs6020 polymorphism,coagulation abnormalities,ASSOCIATED_WITH
24675,8,66017,cyp2c9 and vkorc1 genotype-predicted warfarin sensitive responder status,increased inr variability,ASSOCIATED_WITH
20931,8,55748,prothrombin g20210a,thromboembolic events,ASSOCIATED_WITH
20937,8,55528,mthfr a1298c,venous thrombosis,ASSOCIATED_WITH
22592,8,60526,srsf2 mutation,leukemic evolution,ASSOCIATED_WITH
21580,8,55528,rs1613662,venous thrombosis,ASSOCIATED_WITH
21642,8,57890,cd38 deficiency,unstable thrombus formation,ASSOCIATED_WITH
21057,8,55772,agtr1,hypertension,ASSOCIATED_WITH
23635,8,61108,plg rs145535174,increased platelet count,ASSOCIATED_WITH
21588,8,57659,mefv gene,bd,ASSOCIATED_WITH
24032,8,63898,dlk1,central precocious puberty,ASSOCIATED_WITH
21456,8,56899,cyp2c9 polymorphism,hemorrhage,ASSOCIATED_WITH
24729,8,60143,cd39 deficiency,neutrophil extracellular trap (net) formation,ASSOCIATED_WITH
24008,8,55605,bdnf val66met polymorphism,arterial thrombosis,ASSOCIATED_WITH
22286,8,55607,pai-1 4g allele,myocardial infarction,ASSOCIATED_WITH
21122,8,56506,mthfr gene,pancolitis,ASSOCIATED_WITH
20962,8,56031,cfh,age-related macular degeneration,ASSOCIATED_WITH
22946,8,61363,il-6 -1363t/g polymorphism,lung cancer susceptibility,ASSOCIATED_WITH
21308,8,56838,plaur rs344782 variant,decreased vte risk,ASSOCIATED_WITH
21843,8,58424,factor ii g20210a mutation,non-tumoral portal vein thrombosis,ASSOCIATED_WITH
20933,8,55784,g20210a prothrombin gene polymorphism,limited extent of coronary atherosclerosis,ASSOCIATED_WITH
20871,8,57739,factor v leiden mutation,venous thromboembolic event,ASSOCIATED_WITH
21217,8,59404,kras mutation,resistance to egfr inhibitors,ASSOCIATED_WITH
21700,8,55773,fsap-marburg i polymorphism,stroke,ASSOCIATED_WITH
21854,8,58459,xpc,cyclosporine nephrotoxicity,ASSOCIATED_WITH
23713,8,55772,frmd3,hypertension,ASSOCIATED_WITH
25392,8,68850,cfh mutations,severe manifestations of ahus,ASSOCIATED_WITH
22632,8,60644,non-o blood group,three vessels coronary disease,ASSOCIATED_WITH
22025,8,64345,mcp-1 knockout,reduction of atherosclerosis,ASSOCIATED_WITH
22968,8,55675,itgb3,cardiovascular disease,ASSOCIATED_WITH
23301,8,62151,tnf gene polymorphism,erythema nodosum,ASSOCIATED_WITH
21499,8,55841,"tlr9 -1486cc, 1174gg, 2848aa",ulcerative colitis,ASSOCIATED_WITH
22509,8,55792,stat4,antiphospholipid syndrome,ASSOCIATED_WITH
23468,8,62556,pdgfrb mutation,eosinophilic syndromes,ASSOCIATED_WITH
25128,8,67813,gstt1 null genotype,covid-19 susceptibility,ASSOCIATED_WITH
25647,8,69723,a1 blood type genotype,ards risk,ASSOCIATED_WITH
22063,8,58985,ercc-1 polymorphism,time to progression,ASSOCIATED_WITH
25784,8,55606,itgb3 leu59pro,acute myocardial infarction,ASSOCIATED_WITH
24873,8,55575,f5 rs6025 (factor v leiden) risk allele,venous thromboembolism risk,ASSOCIATED_WITH
21385,8,55525,bmpr2 mutations,primary pulmonary hypertension,ASSOCIATED_WITH
20945,8,56250,mthfr c677t polymorphism,recurrent pregnancy loss,ASSOCIATED_WITH
21305,8,56838,habp2 rs3862019 variant,decreased vte risk,ASSOCIATED_WITH
22391,8,59943,platelet glycoprotein iib/iiia pla2 polymorphism,pulmonary thromboembolism severity,ASSOCIATED_WITH
20981,8,56150,jak2 v617f mutation,splanchnic vein thrombosis,ASSOCIATED_WITH
21745,8,57743,rs2070017,decreased platelet count,ASSOCIATED_WITH
21322,8,55812,tgfb1,coronary artery disease,ASSOCIATED_WITH
22504,8,60260,cyp2c19 g681a aa genotype,cerebral ischemic stroke,ASSOCIATED_WITH
21089,8,57083,cyp2c9*3,major bleeding,ASSOCIATED_WITH
24144,8,58811,h3 haplotype,deep vein thrombosis risk,ASSOCIATED_WITH
23802,8,60112,tinf2,idiopathic pulmonary fibrosis,ASSOCIATED_WITH
21560,8,57601,9p21.3 variants,sudden cardiac death,ASSOCIATED_WITH
21457,8,55861,vkorc1 polymorphism,bleeding,ASSOCIATED_WITH
24967,8,67284,jak2 v617f allelic burden >50%,lower platelet levels,ASSOCIATED_WITH
25786,8,55606,thbd rs3176123,acute myocardial infarction,ASSOCIATED_WITH
24526,8,55575,prothrombin gene variant rs1799963,venous thromboembolism risk,ASSOCIATED_WITH
23212,8,56044,scn3b,brugada syndrome,ASSOCIATED_WITH
22534,8,56065,hla-bw4-80i,behçet's disease,ASSOCIATED_WITH
21674,8,64145,abo,large artery stroke,ASSOCIATED_WITH
25404,8,68898,c5 2404-gg genotype,increased urine mac levels,ASSOCIATED_WITH
23339,8,62203,kcnq1,coronary endothelial dysfunction,ASSOCIATED_WITH
21818,8,58376,interleukin-6 promoter gene variant,postoperative atrial fibrillation,ASSOCIATED_WITH
21645,8,69286,apoe ε4 allele,vascular dementia,ASSOCIATED_WITH
24605,8,65819,cyp19a1 snps,vasomotor symptoms,ASSOCIATED_WITH
21204,8,58772,jak2v617f mutation,myeloproliferative neoplasm,ASSOCIATED_WITH
22661,8,55666,mir-155,coronary heart disease,ASSOCIATED_WITH
24593,8,65767,protein-c deficiency,portomesenteric vein thrombosis,ASSOCIATED_WITH
21194,8,56588,chst3 polymorphism,psa response to docetaxel and thalidomide,ASSOCIATED_WITH
20981,8,55605,jak2 v617f mutation,arterial thrombosis,ASSOCIATED_WITH
21199,8,56589,cyp4b1 polymorphism,treatment toxicity,ASSOCIATED_WITH
21667,8,61142,mir-1,arrhythmia,ASSOCIATED_WITH
22997,8,65618,genetic factors,thrombophilia/hypofibrinolysis,ASSOCIATED_WITH
20900,8,55611,a2142g mutation in the 23s rrna gene,higher mics of clarithromycin,ASSOCIATED_WITH
20928,8,55513,epo,thrombosis,ASSOCIATED_WITH
22491,8,60250,protein c gene snps,pte susceptibility,ASSOCIATED_WITH
21098,8,56370,pla1/a2 variant,aspirin resistance,ASSOCIATED_WITH
25149,8,55516,genetic predisposition to smoking initiation,pulmonary embolism,ASSOCIATED_WITH
25194,8,61914,combined factor v leiden and prothrombin g20210a mutations,increased risk of deep venous thrombosis,ASSOCIATED_WITH
22686,8,60788,vkorc1 rs9923231,ccvd susceptibility,ASSOCIATED_WITH
22176,8,59242,mthfr677tt,abdominal thrombosis,ASSOCIATED_WITH
21084,8,55513,sgk1,thrombosis,ASSOCIATED_WITH
21143,8,64830,cat,clinical deterioration,ASSOCIATED_WITH
21643,8,56129,ace i/d polymorphism,hepatocellular carcinoma,ASSOCIATED_WITH
22398,8,55711,c677t mthfr gene mutation,intrauterine growth restriction,ASSOCIATED_WITH
25772,8,56044,scn5a mutations,brugada syndrome,ASSOCIATED_WITH
21769,8,55544,non-o blood type,venous thromboembolism,ASSOCIATED_WITH
22465,8,65399,mir-24,heart failure mortality,ASSOCIATED_WITH
24913,8,67083,csf3r mutation,mds/aml conversion,ASSOCIATED_WITH
24963,8,67263,calr type2 and type2-like mutations,more indolent clinical course,ASSOCIATED_WITH
20955,8,55513,prothrombin gene mutation,thrombosis,ASSOCIATED_WITH
23413,8,62450,tfpi gene variant rs10931292,coronary artery disease risk,ASSOCIATED_WITH
21120,8,56484,vegf 936c > t polymorphism,increased risk of stomach cancer,ASSOCIATED_WITH
25396,8,55575,pai-1 4g4g genotype,venous thromboembolism risk,ASSOCIATED_WITH
21916,8,60026,jak2 mutation,polycythemia vera pathogenesis,ASSOCIATED_WITH
21043,8,58502,prothrombin a20210g,early fetal loss,ASSOCIATED_WITH
21592,8,57676,fibrinogen gene polymorphisms,arterial thrombotic disorders,ASSOCIATED_WITH
23521,8,65059,mthfr a1298c polymorphism,higher risk of raised homocysteine levels in dvt patients,ASSOCIATED_WITH
24517,8,65477,cyp2c9 rs1057910,time to supra-therapeutic inr,ASSOCIATED_WITH
25294,8,68393,drd2 rs1800497 (t;t) allele,lower bone mineral density,ASSOCIATED_WITH
23343,8,62203,kif6,coronary endothelial dysfunction,ASSOCIATED_WITH
20981,8,56865,jak2 v617f mutation,thrombotic risk,ASSOCIATED_WITH
21725,8,55506,mthfr 677 tt genotype,hyperhomocysteinemia,ASSOCIATED_WITH
24378,8,56040,serpinc1 gene variants,antithrombin deficiency,ASSOCIATED_WITH
22264,8,59633,gp6,venothromboembolic events,ASSOCIATED_WITH
21645,8,61695,apoe ε4 allele,hypercholesterolaemia,ASSOCIATED_WITH
20945,8,55605,mthfr c677t polymorphism,arterial thrombosis,ASSOCIATED_WITH
23506,8,64604,idh1 mutation,low risk of vte,ASSOCIATED_WITH
22866,8,61150,pai-1 4g/5g genotype,coronary artery occlusion,ASSOCIATED_WITH
22199,8,60280,hla-dr3,primary biliary cirrhosis,ASSOCIATED_WITH
22037,8,58931,mutations in lman1 or mcfd2,f5f8d,ASSOCIATED_WITH
25355,8,64059,hla-c*16:02,behçet disease,ASSOCIATED_WITH
21680,8,55528,fii,venous thrombosis,ASSOCIATED_WITH
21613,8,55544,rs6025,venous thromboembolism,ASSOCIATED_WITH
23858,8,55812,lncrna ifng-as1,coronary artery disease,ASSOCIATED_WITH
21576,8,55528,rs3756008,venous thrombosis,ASSOCIATED_WITH
23793,8,65629,mir-200,crc metastasis,ASSOCIATED_WITH
24230,8,56060,epor mutations,erythrocytosis,ASSOCIATED_WITH
23434,8,62489,snp in fc-receptor-like 3,igg4-rd,ASSOCIATED_WITH
24842,8,55575,tpo gene polymorphism,venous thromboembolism risk,ASSOCIATED_WITH
23510,8,62650,gata2 acquired mutation,blast crisis transformation of chronic myeloid leukemia,ASSOCIATED_WITH
22505,8,60260,cyp2c19 g681a a allele,cerebral ischemic stroke,ASSOCIATED_WITH
24296,8,64751,mir-193a,gold stage,ASSOCIATED_WITH
21393,8,57085,tf expression level,tumor vessel density,ASSOCIATED_WITH
22931,8,65464,gata2 mutation,acute myeloid leukaemia,ASSOCIATED_WITH
24862,8,62883,mir-1-3p,vascular endothelial dysfunction,ASSOCIATED_WITH
20871,8,56591,factor v leiden mutation,fetal death,ASSOCIATED_WITH
20981,8,55812,jak2 v617f mutation,coronary artery disease,ASSOCIATED_WITH
23613,8,62949,β-fibrinogen c.-148c>t polymorphism,arterial thrombosis risk,ASSOCIATED_WITH
21123,8,55607,il-13 r130q polymorphism,myocardial infarction,ASSOCIATED_WITH
20964,8,55529,f2,thrombophilia,ASSOCIATED_WITH
23328,8,62194,smad2 gene,thoracic aortic aneurysm and dissection,ASSOCIATED_WITH
22584,8,60518,irf7,severe influenza,ASSOCIATED_WITH
20907,8,55630,fcγriia iia-r/r131 genotype,earlier incidence of clinical symptoms,ASSOCIATED_WITH
20871,8,55511,factor v leiden mutation,activated protein c resistance,ASSOCIATED_WITH
20969,8,58070,ccr5,early stages of hiv infection,ASSOCIATED_WITH
20877,8,63053,factor v leiden,venous thromboembolism development,ASSOCIATED_WITH
22594,8,60532,rasa1 gene mutations,klippel-trénaunay-weber syndrome,ASSOCIATED_WITH
21380,8,62105,vkorc1 variants,vitamin k antagonist dose,ASSOCIATED_WITH
22216,8,59424,c-fos,poor prognosis in osteosarcoma,ASSOCIATED_WITH
21112,8,55513,factor xiii val34leu,thrombosis,ASSOCIATED_WITH
22824,8,61048,mbl2 exon 1 variants,wound colonization and infection,ASSOCIATED_WITH
25579,8,69575,mthfr c677t homozygous polymorphism,gastric cancer risk,ASSOCIATED_WITH
22897,8,56359,ces1 gene variant,decreased bleeding risk,ASSOCIATED_WITH
22997,8,55693,genetic factors,joint destruction,ASSOCIATED_WITH
22297,8,59668,mir-150 downregulation,bacterial infection,ASSOCIATED_WITH
21345,8,56937,f8 haplotype h3/h4,inhibitor development,ASSOCIATED_WITH
20882,8,55529,prothrombin gene mutations,thrombophilia,ASSOCIATED_WITH
22917,8,60584,tfpi snp haplotypes,tumor size,ASSOCIATED_WITH
24601,8,65818,tcl1a snps,aimss,ASSOCIATED_WITH
20871,8,56946,factor v leiden mutation,apc resistance,ASSOCIATED_WITH
20877,8,59209,factor v leiden,thrombotic diseases,ASSOCIATED_WITH
24910,8,56837,idh wild-type,increased vte risk,ASSOCIATED_WITH
21978,8,58792,il-21 gene polymorphism,pathogenesis of behcet's disease,ASSOCIATED_WITH
24098,8,57248,notch3 gene mutations,cadasil,ASSOCIATED_WITH
22087,8,55812,hdl-c variants,coronary artery disease,ASSOCIATED_WITH
21502,8,55528,prothrombin mutation g20210a,venous thrombosis,ASSOCIATED_WITH
20914,8,65016,prothrombin g20210a mutation,portal vein thrombosis risk in cirrhosis,ASSOCIATED_WITH
25653,8,69789,germline mutations of brca1/2 and atm,worse prognosis in prostate cancer,ASSOCIATED_WITH
24711,8,55759,ace2 deficiency,colonic inflammation,ASSOCIATED_WITH
24080,8,58176,idh downregulation,metabolic changes,ASSOCIATED_WITH
21494,8,57353,trec values,cancer risk,ASSOCIATED_WITH
25470,8,57655,genetic risk score,recurrent venous thromboembolism,ASSOCIATED_WITH
22672,8,55672,cyp4a11 rs9333025 gg genotype,ischemic stroke,ASSOCIATED_WITH
24966,8,55672,heterozygous prothrombin gene mutation,ischemic stroke,ASSOCIATED_WITH
21416,8,57148,ctla4 polymorphisms,aav,ASSOCIATED_WITH
20928,8,55552,epo,thromboembolism,ASSOCIATED_WITH
22745,8,60919,46/1 haplotype,jak2v617f-positive splanchnic vein thrombosis,ASSOCIATED_WITH
25582,8,69609,estrogen receptor gene polymorphism,renal cell carcinoma,ASSOCIATED_WITH
23800,8,58394,terc,cancer pathogenesis,ASSOCIATED_WITH
21110,8,55513,mthfr 677t,thrombosis,ASSOCIATED_WITH
24659,8,55528,f2 rs1799963,venous thrombosis,ASSOCIATED_WITH
21577,8,55528,rs2036914,venous thrombosis,ASSOCIATED_WITH
20871,8,55512,factor v leiden mutation,venous leg ulcers,ASSOCIATED_WITH
24999,8,56060,bcor/bcorl1,erythrocytosis,ASSOCIATED_WITH
20877,8,55710,factor v leiden,preeclampsia,ASSOCIATED_WITH
21703,8,58077,hla-a*26:01,uveitis,ASSOCIATED_WITH
21849,8,58455,mmp3 5a/6a,advanced stenosis in arterial vessels,ASSOCIATED_WITH
23464,8,58575,cfi gene variant,hemolytic uremic syndrome,ASSOCIATED_WITH
25082,8,59900,alk rearrangement,increased risk of vte,ASSOCIATED_WITH
21676,8,55544,fgg,venous thromboembolism,ASSOCIATED_WITH
22241,8,59494,co-inheritance of alpha-thalassemia,lower prevalence of macroalbuminuria,ASSOCIATED_WITH
24537,8,65529,eif2ak4 gene mutations,pulmonary veno-occlusive disease,ASSOCIATED_WITH
23860,8,63480,thbd gene polymorphism,transplant-associated thrombotic microangiopathy risk,ASSOCIATED_WITH
21407,8,56026,jak2 v617f allele burden,splenomegaly,ASSOCIATED_WITH
24082,8,64049,p16 methylation,progression from ndbo to oadc/hgd,ASSOCIATED_WITH
20963,8,55528,f5,venous thrombosis,ASSOCIATED_WITH
23278,8,62100,atp2b1 polymorphisms,hypertension susceptibility,ASSOCIATED_WITH
23296,8,55666,alox5,coronary heart disease,ASSOCIATED_WITH
21805,8,56804,fibrinogen β chain -455 g/a polymorphism,abdominal aortic aneurysm,ASSOCIATED_WITH
23365,8,55529,factor ii g20210a polymorphism,thrombophilia,ASSOCIATED_WITH
20967,8,63485,apoe,elevated ldl-c,ASSOCIATED_WITH
23718,8,55772,znf746,hypertension,ASSOCIATED_WITH
20981,8,55765,jak2 v617f mutation,thrombotic complications,ASSOCIATED_WITH
20917,8,56925,pai-1 gene polymorphism,sepsis development,ASSOCIATED_WITH
20883,8,55529,factor v gene mutations,thrombophilia,ASSOCIATED_WITH
23187,8,61860,thbd gene mutation,atypical hemolytic uremic syndrome,ASSOCIATED_WITH
21563,8,55812,apoe variants,coronary artery disease,ASSOCIATED_WITH
23066,8,55812,nos3 10g/t polymorphism,coronary artery disease,ASSOCIATED_WITH
22661,8,57025,mir-155,immunoregulation,ASSOCIATED_WITH
23665,8,63055,rs761695685,sporadic alzheimer's disease,ASSOCIATED_WITH
20871,8,58661,factor v leiden mutation,thrombotic disorders,ASSOCIATED_WITH
23210,8,56044,scn1b,brugada syndrome,ASSOCIATED_WITH
20871,8,58009,factor v leiden mutation,svt,ASSOCIATED_WITH
22035,8,58928,pt g20210a mutation,portomesenteric venous thrombosis,ASSOCIATED_WITH
24874,8,55575,f2 rs1799963 (prothrombin g20210a) risk allele,venous thromboembolism risk,ASSOCIATED_WITH
21464,8,57261,rfc1 g allele,autism risk,ASSOCIATED_WITH
23235,8,56235,cetp mutation,vte risk,ASSOCIATED_WITH
21030,8,60288,a3 haplotype,increased risk for thrombosis,ASSOCIATED_WITH
21272,8,56235,factor xi 22771 variant,vte risk,ASSOCIATED_WITH
21595,8,57681,prothrombin 20210 gene mutation,perinatal stroke,ASSOCIATED_WITH
23396,8,62366,pkd2 mutations,chronic renal disease,ASSOCIATED_WITH
22684,8,60782,pecam-1 leu125val polymorphism,susceptibility to septic shock,ASSOCIATED_WITH
23299,8,62135,aldh2 rs671 polymorphism,poststroke epilepsy,ASSOCIATED_WITH
23404,8,62390,gp6 haplotype,sticky platelet syndrome manifested by fetal loss,ASSOCIATED_WITH
23002,8,66178,ptpn22 polymorphism,takayasu arteritis,ASSOCIATED_WITH
20998,8,55683,pai-1 4g-4g homozygosity,thrombotic events,ASSOCIATED_WITH
22396,8,59951,jak2 sequence variation,myeloproliferative diseases,ASSOCIATED_WITH
21452,8,57236,methylenetetrahydrofolate reductase gene variants,recurrent fetal loss,ASSOCIATED_WITH
25422,8,68978,flnc mutation,higher risk of ventricular arrhythmias and sudden cardiac death,ASSOCIATED_WITH
21109,8,63053,factor ii g20210a,venous thromboembolism development,ASSOCIATED_WITH
20877,8,55648,factor v leiden,placental infarction,ASSOCIATED_WITH
20908,8,55626,fcγriiia iiia-f/f158 genotype,higher frequency of clinical symptoms,ASSOCIATED_WITH
22194,8,59313,glycoprotein iiia leu33pro,neonatal arterial thrombosis,ASSOCIATED_WITH
21653,8,57909,844ins68 cbs gene polymorphism,vaso-occlusive event risk,ASSOCIATED_WITH
21985,8,58797,2385t allele of vwf gene,von willebrand disease,ASSOCIATED_WITH
23956,8,58663,dnmt3a mutation,myeloproliferative neoplasms,ASSOCIATED_WITH
21797,8,55544,f5 rs6025,venous thromboembolism,ASSOCIATED_WITH
22745,8,60920,46/1 haplotype,jak2v617f-negative splanchnic vein thrombosis,ASSOCIATED_WITH
21304,8,56838,habp2 rs6585234 variant,decreased vte risk,ASSOCIATED_WITH
22179,8,69814,apolipoprotein e ε4 allele,increased risk of aria,ASSOCIATED_WITH
24863,8,62883,mir-23a-3p,vascular endothelial dysfunction,ASSOCIATED_WITH
20917,8,55680,pai-1 gene polymorphism,rebleeding after hemostasis,ASSOCIATED_WITH
21388,8,57074,egfr amplification,glioblastoma,ASSOCIATED_WITH
21369,8,55861,cyp2c9 *2 and *3 variants,bleeding,ASSOCIATED_WITH
22385,8,55812,factor v leiden deficiency,coronary artery disease,ASSOCIATED_WITH
25667,8,69811,arntl-rs6486122 t allele,baseline mixed cryoglobulinemia,ASSOCIATED_WITH
22498,8,60254,esr1 xbai g allele,higher homa-ir,ASSOCIATED_WITH
22278,8,56065,il-4 gene vntr polymorphism,behçet's disease,ASSOCIATED_WITH
24674,8,65805,ace2 expression,viral entry,ASSOCIATED_WITH
21562,8,55812,cxadr variants,coronary artery disease,ASSOCIATED_WITH
22531,8,60309,fto gene,body weight and obesity,ASSOCIATED_WITH
21674,8,55981,abo,type 2 diabetes,ASSOCIATED_WITH
22995,8,68637,hla-drb1,lofgren's syndrome,ASSOCIATED_WITH
22052,8,56567,pai-1 mutation,hypofibrinolysis,ASSOCIATED_WITH
25140,8,67866,bmp-2 gene mutation,brachydactyly,ASSOCIATED_WITH
22466,8,55675,mir-197,cardiovascular disease,ASSOCIATED_WITH
20871,8,55529,factor v leiden mutation,thrombophilia,ASSOCIATED_WITH
23202,8,55595,r92q tnfrsf1a polymorphism,atherosclerosis,ASSOCIATED_WITH
21099,8,56250,factor v leiden gene polymorphism,recurrent pregnancy loss,ASSOCIATED_WITH
21155,8,62034,mpo,dox-induced cardiotoxicity,ASSOCIATED_WITH
21057,8,56201,agtr1,metabolic syndrome,ASSOCIATED_WITH
20984,8,55528,zpi arg67stop polymorphism,venous thrombosis,ASSOCIATED_WITH
20964,8,55847,f2,recurrent spontaneous abortion,ASSOCIATED_WITH
21495,8,57369,snps in the fas promoter,susceptibility to ssc,ASSOCIATED_WITH
20871,8,56149,factor v leiden mutation,cerebral vein thrombosis,ASSOCIATED_WITH
22636,8,55544,slc44a2,venous thromboembolism,ASSOCIATED_WITH
23000,8,61481,cdh1,ulcerative colitis susceptibility,ASSOCIATED_WITH
23309,8,62167,nf1 gene mutation,increased risk of tumors,ASSOCIATED_WITH
21523,8,65214,mir-21,dvt recurrence,ASSOCIATED_WITH
24476,8,58973,acvrl1/alk1 mutation,hht,ASSOCIATED_WITH
21379,8,57041,cyp2c9 variants,bleeding complications,ASSOCIATED_WITH
25360,8,64059,hla-dpb1*17:01,behçet disease,ASSOCIATED_WITH
21047,8,56235,mthfr gene polymorphism,vte risk,ASSOCIATED_WITH
25584,8,69616,nme7,primary ciliary dyskinesia,ASSOCIATED_WITH
22547,8,57231,tp53 mutation,disease progression,ASSOCIATED_WITH
21645,8,62446,apoe ε4 allele,gallbladder disease,ASSOCIATED_WITH
20927,8,55847,mthfr c677t mutation,recurrent spontaneous abortion,ASSOCIATED_WITH
21247,8,68471,acvrl1 mutation,hereditary haemorrhagic telangiectasia (hht) and pulmonary arterial hypertension,ASSOCIATED_WITH
20871,8,68996,factor v leiden mutation,aortic thrombus,ASSOCIATED_WITH
21278,8,56771,hsp70 mrna,poorer locoregional progression-free survival,ASSOCIATED_WITH
25662,8,69806,stat1 lof mutation,mycobacterial disease susceptibility,ASSOCIATED_WITH
20993,8,55513,mthfr gene mutation,thrombosis,ASSOCIATED_WITH
22027,8,58903,mthfr gene polymorphisms,development of acute leukemias,ASSOCIATED_WITH
24216,8,64560,rs2289252,phlebitis and thrombophlebitis of other deep vessels of lower extremities,ASSOCIATED_WITH
20981,8,55911,jak2 v617f mutation,hit,ASSOCIATED_WITH
24834,8,55528,g20210a gene mutation,venous thrombosis,ASSOCIATED_WITH
20877,8,55773,factor v leiden,stroke,ASSOCIATED_WITH
21560,8,55812,9p21.3 variants,coronary artery disease,ASSOCIATED_WITH
20877,8,57681,factor v leiden,perinatal stroke,ASSOCIATED_WITH
21327,8,56861,prothrombin mutation,idiopathic venous thromboembolism,ASSOCIATED_WITH
24872,8,55575,abo rs8176719 risk allele,venous thromboembolism risk,ASSOCIATED_WITH
24295,8,64751,lnc-neat1,gold stage,ASSOCIATED_WITH
25363,8,57502,vkor genetic variations,warfarin resistance,ASSOCIATED_WITH
21927,8,55582,serpine1,fibrinolysis,ASSOCIATED_WITH
20968,8,55981,kcnj11,type 2 diabetes,ASSOCIATED_WITH
23095,8,61713,kit exon 11 mutations,better response to imatinib,ASSOCIATED_WITH
25690,8,55812,10034c > t fgg,coronary artery disease,ASSOCIATED_WITH
21033,8,55515,factor ii mutation g20210a,deep vein thrombosis,ASSOCIATED_WITH
20952,8,55925,timp-2,decidual arteriolar remodeling failure,ASSOCIATED_WITH
20936,8,55528,factor ii (prothrombin) g20210a,venous thrombosis,ASSOCIATED_WITH
23326,8,62194,tgfbr1 gene,thoracic aortic aneurysm and dissection,ASSOCIATED_WITH
24650,8,68812,il17a,cd/fnd,ASSOCIATED_WITH
20876,8,55711,g20210a prothrombin gene mutation,intrauterine growth restriction,ASSOCIATED_WITH
25465,8,57655,fvl rs6025,recurrent venous thromboembolism,ASSOCIATED_WITH
22896,8,56616,pedf gene,cnv,ASSOCIATED_WITH
21393,8,69447,tf expression level,antitumor effect of 211 at-anti-tf mab,ASSOCIATED_WITH
25125,8,67782,apc gene mutation,cronkhite–canada syndrome,ASSOCIATED_WITH
20914,8,57924,prothrombin g20210a mutation,extrahepatic portal vein obstruction,ASSOCIATED_WITH
20981,8,56893,jak2 v617f mutation,cardiovascular events,ASSOCIATED_WITH
24447,8,65231,hla-b35,type i peripheral arthropathy,ASSOCIATED_WITH
22714,8,60821,mtmr14 deficiency,metabolic dysfunction and inflammation,ASSOCIATED_WITH
21761,8,58264,genetic alterations involving mtor pathway,crpc development,ASSOCIATED_WITH
20932,8,55528,mthfr c677t,venous thrombosis,ASSOCIATED_WITH
20871,8,57135,factor v leiden mutation,pregnancy complications,ASSOCIATED_WITH
22052,8,58951,pai-1 mutation,implantation failure,ASSOCIATED_WITH
21699,8,58055,c allele of rs11178,increased risk of osteonecrosis of the femoral head,ASSOCIATED_WITH
21674,8,55812,abo,coronary artery disease,ASSOCIATED_WITH
22467,8,60150,ext1 mutation,malignant transformation to chondrosarcoma,ASSOCIATED_WITH
21343,8,55527,prothrombin gene g20210a mutation,deep venous thrombosis,ASSOCIATED_WITH
23093,8,61712,kit activating mutations,gist pathogenesis,ASSOCIATED_WITH
21447,8,57208,f7 gene haplotype h2,coronary heart disease risk,ASSOCIATED_WITH
25388,8,68836,β-455g/a snp,susceptibility to ledvt,ASSOCIATED_WITH
23329,8,62194,tgfb2 gene,thoracic aortic aneurysm and dissection,ASSOCIATED_WITH
21494,8,57354,trec values,infection risk,ASSOCIATED_WITH
21679,8,55568,serpinc1,angiogenesis,ASSOCIATED_WITH
20932,8,58455,mthfr c677t,advanced stenosis in arterial vessels,ASSOCIATED_WITH
20981,8,58772,jak2 v617f mutation,myeloproliferative neoplasm,ASSOCIATED_WITH
23751,8,63285,ul97 gene mutations,ganciclovir resistance,ASSOCIATED_WITH
25065,8,55528,heg1 mutant,venous thrombosis,ASSOCIATED_WITH
22783,8,67807,mir-16-5p,lower 30-day mortality in cap,ASSOCIATED_WITH
23835,8,63436,cdkn2a/cdkn2b,large artery atherosclerosis stroke,ASSOCIATED_WITH
24258,8,64650,rs9313422 g>c polymorphism,cap severity,ASSOCIATED_WITH
22443,8,56804,fxiii-b arg95,abdominal aortic aneurysm,ASSOCIATED_WITH
20964,8,55544,f2,venous thromboembolism,ASSOCIATED_WITH
22162,8,55513,vwf polymorphic variants,thrombosis,ASSOCIATED_WITH
22994,8,55672,rfc-1 polymorphisms,ischemic stroke,ASSOCIATED_WITH
21501,8,56789,bmpr2,pah,ASSOCIATED_WITH
25402,8,68896,hla-drb1*03:01,jdm susceptibility,ASSOCIATED_WITH
22265,8,57071,rs505922,cardioembolic stroke,ASSOCIATED_WITH
23378,8,57453,b-raf mutation,lymph node metastasis,ASSOCIATED_WITH
21296,8,56800,fkbp4,hiv+ mdd,ASSOCIATED_WITH
21205,8,70090,factor v leiden homozygosity,venous thromboembolism in family members,ASSOCIATED_WITH
21401,8,65443,agt m235t polymorphism,cardiovascular disease risk in east asians,ASSOCIATED_WITH
20981,8,56151,jak2 v617f mutation,myeloproliferative disease,ASSOCIATED_WITH
20914,8,57388,prothrombin g20210a mutation,recurrence of csvt,ASSOCIATED_WITH
22640,8,60659,vegfb,progression-free survival,ASSOCIATED_WITH
24380,8,58118,serpinc1 rs2227589,increased risk of venous thromboembolism,ASSOCIATED_WITH
21563,8,57601,apoe variants,sudden cardiac death,ASSOCIATED_WITH
25182,8,55513,factor ii (prothrombin) gene mutation,thrombosis,ASSOCIATED_WITH
21489,8,57341,gdf-9 mutations,poi,ASSOCIATED_WITH
23331,8,56804,sort1 gene,abdominal aortic aneurysm,ASSOCIATED_WITH
24028,8,55528,hfe variant,venous thrombosis,ASSOCIATED_WITH
24468,8,65270,spj gene 11/22-aa repeats,invasive disease,ASSOCIATED_WITH
20927,8,55528,mthfr c677t mutation,venous thrombosis,ASSOCIATED_WITH
23502,8,64085,foxp3,als progression,ASSOCIATED_WITH
25260,8,68256,c.318_319inst突变,深静脉血栓形成,ASSOCIATED_WITH
24591,8,55710,factor-v leiden,preeclampsia,ASSOCIATED_WITH
24445,8,65228,hla-drb10103,joint eims,ASSOCIATED_WITH
23467,8,62556,pdgfra mutation,eosinophilic syndromes,ASSOCIATED_WITH
20918,8,57042,vhl mutation,clear-cell renal cell carcinoma,ASSOCIATED_WITH
22533,8,64059,hla-a*26,behçet disease,ASSOCIATED_WITH
23325,8,62194,tgfb gene,thoracic aortic aneurysm and dissection,ASSOCIATED_WITH
22626,8,56500,hotair,cancer progression,ASSOCIATED_WITH
22081,8,55513,ldlr gene,thrombosis,ASSOCIATED_WITH
21032,8,56149,prothrombin 20210a mutation,cerebral vein thrombosis,ASSOCIATED_WITH
24041,8,63912,rs1042031,reduced risk of ischemic cerebrovascular disease,ASSOCIATED_WITH
21634,8,59075,lrp1,avf failure,ASSOCIATED_WITH
20955,8,55544,prothrombin gene mutation,venous thromboembolism,ASSOCIATED_WITH
22062,8,58973,smad4 gene,hht,ASSOCIATED_WITH
20963,8,55529,f5,thrombophilia,ASSOCIATED_WITH
21342,8,56370,pla1/a2 polymorphism in the gpiiia platelet receptor,aspirin resistance,ASSOCIATED_WITH
24496,8,62304,mir-22-5p,cardiac troponin i,ASSOCIATED_WITH
24764,8,57823,cxcr4 mutation,waldenstrom's macroglobulinemia,ASSOCIATED_WITH
20963,8,57152,f5,pre-eclampsia,ASSOCIATED_WITH
20877,8,62298,factor v leiden,late and recurrent early pregnancy loss,ASSOCIATED_WITH
22177,8,59242,v leiden 506q,abdominal thrombosis,ASSOCIATED_WITH
23496,8,55865,fto snp rs1558902,vte,ASSOCIATED_WITH
23098,8,67261,calr mutations,lower thrombotic risk,ASSOCIATED_WITH
25135,8,63994,jak mutations,autoimmune disorders,ASSOCIATED_WITH
21368,8,55862,mthfr 677tt genotype,arterial and venous thrombosis,ASSOCIATED_WITH
21032,8,57832,prothrombin 20210a mutation,variance in clot lysis time,ASSOCIATED_WITH
23199,8,58811,adamts13 p.arg421cys,deep vein thrombosis risk,ASSOCIATED_WITH
21415,8,57148,ptpn22 620w allele,aav,ASSOCIATED_WITH
24202,8,55544,proc gene variants,venous thromboembolism,ASSOCIATED_WITH
23007,8,61493,reduced-function vkorc1 or cyp2c9 alleles,higher percentage of time in therapeutic range,ASSOCIATED_WITH
22617,8,55544,f11 gene variant rs4241824,venous thromboembolism,ASSOCIATED_WITH
21972,8,56201,pai-1 -844 g/a polymorphism,metabolic syndrome,ASSOCIATED_WITH
22973,8,61386,factor-v-leiden-mutation,increased risk of dvt in patients with aivc,ASSOCIATED_WITH
23800,8,60112,terc,idiopathic pulmonary fibrosis,ASSOCIATED_WITH
20963,8,55527,f5,deep venous thrombosis,ASSOCIATED_WITH
20878,8,55528,prothrombin polymorphisms,venous thrombosis,ASSOCIATED_WITH
21230,8,55544,abo locus,venous thromboembolism,ASSOCIATED_WITH
25178,8,68016,tfpi rs7586970 t,protection against vascular disease,ASSOCIATED_WITH
25124,8,67782,prkdc gene mutation,cronkhite–canada syndrome,ASSOCIATED_WITH
20877,8,55564,factor v leiden,inferior vena cava thrombosis,ASSOCIATED_WITH
22285,8,55544,factor v leiden r506q mutation,venous thromboembolism,ASSOCIATED_WITH
20914,8,65138,prothrombin g20210a mutation,cerebral sinovenous thrombosis,ASSOCIATED_WITH
20914,8,55528,prothrombin g20210a mutation,venous thrombosis,ASSOCIATED_WITH
23836,8,63438,fcγriia 131hr polymorphism,more severe hit,ASSOCIATED_WITH
21654,8,57909,844ins68 cbs and c677t mthfr gene polymorphism interaction,vaso-occlusive event risk,ASSOCIATED_WITH
22031,8,61057,factor xi deficiency,hemophilia c,ASSOCIATED_WITH
22547,8,63269,tp53 mutation,leukemic transformation,ASSOCIATED_WITH
21514,8,55607,abo gene,myocardial infarction,ASSOCIATED_WITH
25559,8,69495,rnd3,acute type a aortic dissection,ASSOCIATED_WITH
22433,8,60028,pcsk9 loss-of-function mutations,reduced cardiovascular risk,ASSOCIATED_WITH
20981,8,56590,jak2 v617f mutation,essential thrombocythemia,ASSOCIATED_WITH
21702,8,58074,hla-a*02:07,increased risk for behcet's disease,ASSOCIATED_WITH
22030,8,55773,rs2285467,stroke,ASSOCIATED_WITH
22385,8,55544,factor v leiden deficiency,venous thromboembolism,ASSOCIATED_WITH
21935,8,55529,prothrombin gene mutation g20210a,thrombophilia,ASSOCIATED_WITH
21514,8,55812,abo gene,coronary artery disease,ASSOCIATED_WITH
21953,8,55528,jak2-v617f mutation,venous thrombosis,ASSOCIATED_WITH
23044,8,61601,cyp2c19 *2 allele,"increased risk of myocardial infarction, death and stent thrombosis",ASSOCIATED_WITH
22525,8,59131,factor v g1691a,severe preeclampsia,ASSOCIATED_WITH
23350,8,55694,nos3 /rs1799983 polymorphism,behçet’s disease,ASSOCIATED_WITH
20871,8,55575,factor v leiden mutation,venous thromboembolism risk,ASSOCIATED_WITH
24739,8,56235,presence of at least two inherited thrombophilia mutations,vte risk,ASSOCIATED_WITH
23714,8,55772,ulk4,hypertension,ASSOCIATED_WITH
21000,8,56083,mthfr tt genotype,coronary artery obstruction greater than 95%,ASSOCIATED_WITH
23086,8,55513,ilf3,thrombosis,ASSOCIATED_WITH
21862,8,57602,cyp2c19,stent thrombosis,ASSOCIATED_WITH
21717,8,55635,hla-b*35 allele,endothelial dysfunction,ASSOCIATED_WITH
21419,8,58223,nod2,crohn’s disease,ASSOCIATED_WITH
20981,8,63640,jak2 v617f mutation,pregnancy complications risk,ASSOCIATED_WITH
24844,8,61856,lpa snp rs10455872,coronary artery calcification,ASSOCIATED_WITH
22591,8,57231,ezh2 mutation,disease progression,ASSOCIATED_WITH
22871,8,61166,mthfr c.677c>t,trunk phenotype of primary varicose veins,ASSOCIATED_WITH
21538,8,55694,mefv gene mutation,behçet’s disease,ASSOCIATED_WITH
20981,8,58664,jak2 v617f mutation,polycythemia vera,ASSOCIATED_WITH
22360,8,55544,egfr mutation,venous thromboembolism,ASSOCIATED_WITH
23992,8,55865,prothrombin promoter region mutation,vte,ASSOCIATED_WITH
22126,8,63224,enos polymorphism,grade 3 hypertension,ASSOCIATED_WITH
22582,8,55544,rs3809865 a/a genotype,venous thromboembolism,ASSOCIATED_WITH
21087,8,55528,pros1,venous thrombosis,ASSOCIATED_WITH
21676,8,66762,fgg,anthracycline chemoresistance,ASSOCIATED_WITH
20981,8,55513,jak2 v617f mutation,thrombosis,ASSOCIATED_WITH
21997,8,57031,heme oxygenase-1 polymorphism,copd,ASSOCIATED_WITH
21920,8,60526,asxl1 mutation,leukemic evolution,ASSOCIATED_WITH
20955,8,56253,prothrombin gene mutation,pulmonary emboli,ASSOCIATED_WITH
24807,8,66690,hla-drb1*04/*15,extrapulmonary sarcoidosis,ASSOCIATED_WITH
22525,8,55710,factor v g1691a,preeclampsia,ASSOCIATED_WITH
20871,8,55513,factor v leiden mutation,thrombosis,ASSOCIATED_WITH
20927,8,58739,mthfr c677t mutation,behcet's disease,ASSOCIATED_WITH
20945,8,55812,mthfr c677t polymorphism,coronary artery disease,ASSOCIATED_WITH
22826,8,61050,masp2 y371d dd genotype,sirs and septic complications,ASSOCIATED_WITH
22675,8,58661,klkb1,thrombotic disorders,ASSOCIATED_WITH
22383,8,59913,fas mutation,autoimmune lymphoproliferative syndrome,ASSOCIATED_WITH
22563,8,55772,vegf polymorphisms,hypertension,ASSOCIATED_WITH
22535,8,58975,telomerase mutations,bone marrow failure,ASSOCIATED_WITH
24302,8,64784,foxc2 gene,varicose veins etiology,ASSOCIATED_WITH
21716,8,57513,fvl mutation,right heart thrombus,ASSOCIATED_WITH
23506,8,59900,idh1 mutation,increased risk of vte,ASSOCIATED_WITH
25415,8,55528,prothrombotic mutations,venous thrombosis,ASSOCIATED_WITH
21963,8,55976,low fcgr3b copy number,rheumatoid arthritis,ASSOCIATED_WITH
21340,8,56902,mdr-1 gene expression,chemoresistance,ASSOCIATED_WITH
21702,8,57959,hla-a*02:07,arthritis,ASSOCIATED_WITH
20955,8,55508,prothrombin gene mutation,prothrombotic state,ASSOCIATED_WITH
22686,8,65473,vkorc1 rs9923231,time to target inr therapeutic range,ASSOCIATED_WITH
22421,8,59992,vdr polymorphisms,melanoma susceptibility,ASSOCIATED_WITH
21916,8,58665,jak2 mutation,essential thrombocytosis,ASSOCIATED_WITH
25811,8,70042,f13b gene variants,type ii diabetes susceptibility,ASSOCIATED_WITH
22789,8,55515,mir-195-5p,deep vein thrombosis,ASSOCIATED_WITH
22832,8,57702,apo e polymorphism,spontaneous abortion,ASSOCIATED_WITH
21645,8,57711,apoe ε4 allele,liver disease,ASSOCIATED_WITH
24468,8,65269,spj gene 11/22-aa repeats,bullous impetigo,ASSOCIATED_WITH
23094,8,61712,pdgfra mutations,gist pathogenesis,ASSOCIATED_WITH
20927,8,56307,mthfr c677t mutation,venous thrombosis after tha,ASSOCIATED_WITH
21111,8,55513,pai-1 gene mutation,thrombosis,ASSOCIATED_WITH
23367,8,56919,apc min/+ genotype,hypercoagulation,ASSOCIATED_WITH
23664,8,63055,rs768454929,sporadic alzheimer's disease,ASSOCIATED_WITH
24215,8,64555,sdhb mutation,aggressive behavior,ASSOCIATED_WITH
22660,8,55711,mthfr homozygous mutation,intrauterine growth restriction,ASSOCIATED_WITH
20914,8,55865,prothrombin g20210a mutation,vte,ASSOCIATED_WITH
20913,8,55544,factor v g1691a mutation,venous thromboembolism,ASSOCIATED_WITH
25726,8,58556,turner syndrome,endometrial cancer,ASSOCIATED_WITH
20876,8,55527,g20210a prothrombin gene mutation,deep venous thrombosis,ASSOCIATED_WITH
23601,8,62916,mthfr 6685 t > c polymorphism,increased risk of cardioembolic stroke,ASSOCIATED_WITH
22166,8,55769,gap junction protein mutations,atrial fibrillation,ASSOCIATED_WITH
23838,8,63447,apol1 risk genotype,shorter kidney allograft survival,ASSOCIATED_WITH
24099,8,56193,bmprii mutation,pulmonary arterial hypertension,ASSOCIATED_WITH
23856,8,63478,pde4d variants,acroscyphodysplasia,ASSOCIATED_WITH
24674,8,60332,ace2 expression,extrapulmonary manifestations,ASSOCIATED_WITH
22823,8,56404,fv leiden,thrombophilic state,ASSOCIATED_WITH
23007,8,61492,reduced-function vkorc1 or cyp2c9 alleles,shorter time to therapeutic inr,ASSOCIATED_WITH
24679,8,66074,hla class i alleles,epidermal necrolysis,ASSOCIATED_WITH
23632,8,60107,tm gene polymorphisms,venous thromboembolic disease,ASSOCIATED_WITH
23321,8,62193,ccl3 gene,icas,ASSOCIATED_WITH
24215,8,57925,sdhb mutation,metastatic disease,ASSOCIATED_WITH
24629,8,65938,s100b expression,avascular necrosis,ASSOCIATED_WITH
23179,8,56830,rs112188890,activated partial thromboplastin time,ASSOCIATED_WITH
21303,8,56837,f13a1 rs3024409 variant,increased vte risk,ASSOCIATED_WITH
22204,8,63137,hla-b*1502,sjs/ten risk,ASSOCIATED_WITH
21368,8,55812,mthfr 677tt genotype,coronary artery disease,ASSOCIATED_WITH
23020,8,57877,proz minor alleles,stroke risk,ASSOCIATED_WITH
25384,8,56268,il12a risk allele,myocardial infarction risk,ASSOCIATED_WITH
23918,8,60648,fto rs9939609 aa genotype,vte recurrence,ASSOCIATED_WITH
23870,8,55528,prothrombin arg596leu mutation,venous thrombosis,ASSOCIATED_WITH
25827,8,57655,factor v leiden heterozygosity,recurrent venous thromboembolism,ASSOCIATED_WITH
23865,8,55528,fvii mutations,venous thrombosis,ASSOCIATED_WITH
22097,8,55979,brca gene variants,breast cancer,ASSOCIATED_WITH
21030,8,57831,a3 haplotype,increased risk of venous thrombosis,ASSOCIATED_WITH
20981,8,55528,jak2 v617f mutation,venous thrombosis,ASSOCIATED_WITH
20893,8,55544,prothrombin g20210a polymorphism,venous thromboembolism,ASSOCIATED_WITH
20877,8,55529,factor v leiden,thrombophilia,ASSOCIATED_WITH
21855,8,58459,pax4,cyclosporine nephrotoxicity,ASSOCIATED_WITH
23379,8,58171,pah-causing gene mutation,chronic thromboembolic pulmonary hypertension,ASSOCIATED_WITH
25283,8,68365,jak2v617f allele burden ≥50%,adverse mpn-svt hematologic outcome,ASSOCIATED_WITH
21280,8,55513,jak2v617f allele burden,thrombosis,ASSOCIATED_WITH
21448,8,57208,f7 gene haplotype h5,coronary heart disease risk,ASSOCIATED_WITH
24261,8,64662,ackr3 duplication,intrauterine fetal demise,ASSOCIATED_WITH
23855,8,63476,prkar1a variants,hormone resistance,ASSOCIATED_WITH
22164,8,55769,sodium channel mutations,atrial fibrillation,ASSOCIATED_WITH
25353,8,64059,hla-b*51:08,behçet disease,ASSOCIATED_WITH
21327,8,55544,prothrombin mutation,venous thromboembolism,ASSOCIATED_WITH
22273,8,55672,pde4d snp 83,ischemic stroke,ASSOCIATED_WITH
23546,8,56263,pdgfra gene rearrangement,eosinophilia,ASSOCIATED_WITH
24762,8,66463,eng variant,pulmonary arteriovenous malformations,ASSOCIATED_WITH
21916,8,56018,jak2 mutation,venous thromboembolic events,ASSOCIATED_WITH
23340,8,62203,dnajc4,coronary endothelial dysfunction,ASSOCIATED_WITH
24946,8,55773,rs10886430-g,stroke,ASSOCIATED_WITH
24402,8,65144,drosha rs10719t > c polymorphism,increased risk for provoked vte,ASSOCIATED_WITH
22275,8,55672,il10 g1082a polymorphism,ischemic stroke,ASSOCIATED_WITH
23300,8,62136,cd40-1c/t polymorphism,poststroke epilepsy susceptibility,ASSOCIATED_WITH
25208,8,55907,pon2,blood coagulation,ASSOCIATED_WITH
21379,8,62105,cyp2c9 variants,vitamin k antagonist dose,ASSOCIATED_WITH
25783,8,55606,cd36 rs3211956,acute myocardial infarction,ASSOCIATED_WITH
22059,8,58969,mylk allelic variants,ali risk,ASSOCIATED_WITH
21585,8,57628,mmachc mutation c.394 c>t,late-onset presentation,ASSOCIATED_WITH
21642,8,57889,cd38 deficiency,longer bleeding times,ASSOCIATED_WITH
23966,8,56112,enos variants,vascular disorders,ASSOCIATED_WITH
22476,8,60195,ugt1a9,grade 3/4 neutropenia,ASSOCIATED_WITH
20945,8,56453,mthfr c677t polymorphism,osteonecrosis risk,ASSOCIATED_WITH
23966,8,63724,enos variants,sickle cell disease complications,ASSOCIATED_WITH
25571,8,69550,nrp2,tumourigenesis and malignancy,ASSOCIATED_WITH
22551,8,60387,il-4 vntr rp2 allele,preeclampsia susceptibility,ASSOCIATED_WITH
25207,8,68146,ifnar2,hospitalized covid-19,ASSOCIATED_WITH
25085,8,55639,genetic risk factors for covid-19 mortality,inflammation,ASSOCIATED_WITH
24116,8,63066,sh2b3,peripheral artery disease,ASSOCIATED_WITH
21953,8,55683,jak2-v617f mutation,thrombotic events,ASSOCIATED_WITH
24604,8,65819,cyp1a1 snps,vasomotor symptoms,ASSOCIATED_WITH
21739,8,58250,4g/4g genotype,decreased lung allograft utilization,ASSOCIATED_WITH
20981,8,56318,jak2 v617f mutation,splanchnic thrombosis,ASSOCIATED_WITH
22304,8,56065,hla b51,behçet's disease,ASSOCIATED_WITH
21273,8,56235,fibrinogen gene variants,vte risk,ASSOCIATED_WITH
21189,8,56575,htr,familial ipf,ASSOCIATED_WITH
20871,8,65016,factor v leiden mutation,portal vein thrombosis risk in cirrhosis,ASSOCIATED_WITH
23986,8,63744,aerobactin gene,hypervirulence,ASSOCIATED_WITH
23760,8,63321,fgfr1 overexpression,endocrine therapy resistance,ASSOCIATED_WITH
25316,8,68514,hla-cw*0801,susceptibility to sars-cov-2,ASSOCIATED_WITH
24915,8,55544,f5 leiden rs6025,venous thromboembolism,ASSOCIATED_WITH
23799,8,58394,tert,cancer pathogenesis,ASSOCIATED_WITH
21476,8,55528,c4bpb/c4bpa locus snp,venous thrombosis,ASSOCIATED_WITH
23617,8,62958,factor v leiden g1691a gene variation,large vessel subtype of ischemic stroke,ASSOCIATED_WITH
22777,8,60991,del,shorter overall survival,ASSOCIATED_WITH
25433,8,55972,cancer stem cell marker genes,tissue remodeling,ASSOCIATED_WITH
21988,8,58811,fga rs6050,deep vein thrombosis risk,ASSOCIATED_WITH
22358,8,59817,comt rs4680 val allele,decreased risk of cardiovascular disease,ASSOCIATED_WITH
25468,8,57655,fvl rs6025 and fxi rs2036914,recurrent venous thromboembolism,ASSOCIATED_WITH
20877,8,58372,factor v leiden,rpl,ASSOCIATED_WITH
21674,8,55513,abo,thrombosis,ASSOCIATED_WITH
22931,8,65465,gata2 mutation,monocytopenia,ASSOCIATED_WITH
23088,8,61688,vamp-8 gene,early-onset myocardial infarction,ASSOCIATED_WITH
24380,8,65079,serpinc1 rs2227589,increased risk of pulmonary thromboembolism,ASSOCIATED_WITH
21204,8,55513,jak2v617f mutation,thrombosis,ASSOCIATED_WITH
23510,8,61874,gata2 acquired mutation,acute myeloid leukemia,ASSOCIATED_WITH
23288,8,62106,adrb2 arg16 variant,long-acting beta-2 agonist treatment response,ASSOCIATED_WITH
23799,8,60112,tert,idiopathic pulmonary fibrosis,ASSOCIATED_WITH
20876,8,55672,g20210a prothrombin gene mutation,ischemic stroke,ASSOCIATED_WITH
21000,8,56084,mthfr tt genotype,presence of two affected arteries,ASSOCIATED_WITH
20945,8,69809,mthfr c677t polymorphism,autism spectrum disorders susceptibility,ASSOCIATED_WITH
25004,8,67375,il-1 rs1143634 mutation genotype,decreased mortality in vte,ASSOCIATED_WITH
23857,8,64838,pik3ca activating mutations,klippel-trenaunay syndrome,ASSOCIATED_WITH
23454,8,55981,akt2 amino acid substitution,type 2 diabetes,ASSOCIATED_WITH
24409,8,56250,slc19a1,recurrent pregnancy loss,ASSOCIATED_WITH
24588,8,55528,epcr haplotype a3,venous thrombosis,ASSOCIATED_WITH
22777,8,63250,del,fibrotic progression,ASSOCIATED_WITH
25080,8,67585,sort1 polymorphism,inr treatment outcomes,ASSOCIATED_WITH
23528,8,62695,vkorc1 gene variant,increased bleeding risk with warfarin,ASSOCIATED_WITH
25665,8,69810,serpine1-rs6976053 c allele,hcv rna positivity,ASSOCIATED_WITH
21539,8,57551,mefv mutations,vascular pathology,ASSOCIATED_WITH
23507,8,62643,etfdh gene mutations,lipid storage myopathy,ASSOCIATED_WITH
21100,8,56250,prothrombin a20210g gene polymorphism,recurrent pregnancy loss,ASSOCIATED_WITH
22672,8,60715,cyp4a11 rs9333025 gg genotype,atherothrombotic events,ASSOCIATED_WITH
25319,8,68515,hla-dr0301,protection from sars infection,ASSOCIATED_WITH
21917,8,58663,tet2 mutation,myeloproliferative neoplasms,ASSOCIATED_WITH
21814,8,58372,itgb3 1565t/c,rpl,ASSOCIATED_WITH
22632,8,55544,non-o blood group,venous thromboembolism,ASSOCIATED_WITH
23429,8,62486,trpa1 rs11988795 gg genotype,neuropathic pain,ASSOCIATED_WITH
23541,8,56098,prdx2,oxidative stress,ASSOCIATED_WITH
23202,8,55976,r92q tnfrsf1a polymorphism,rheumatoid arthritis,ASSOCIATED_WITH
22828,8,61052,eif2ak4 mutation,pulmonary capillary hemangiomatosis,ASSOCIATED_WITH
21140,8,62193,icam1 gene,icas,ASSOCIATED_WITH
21918,8,58663,lnk mutation,myeloproliferative neoplasms,ASSOCIATED_WITH
21115,8,55607,ppara,myocardial infarction,ASSOCIATED_WITH
23250,8,55544,f5 gene variant rs4524,venous thromboembolism,ASSOCIATED_WITH
24405,8,70047,mgmt promoter methylation,progression-free survival at 6 months,ASSOCIATED_WITH
22872,8,61167,mthfr c.1298a>c,perforator phenotype of primary varicose veins,ASSOCIATED_WITH
23163,8,61816,hla-drb1*03,chronic periaortitis,ASSOCIATED_WITH
22053,8,58965,fxiii v34l mutation,protection against cardiovascular events,ASSOCIATED_WITH
23333,8,56804,il6r gene,abdominal aortic aneurysm,ASSOCIATED_WITH
25744,8,69958,alk-1 mutations,hereditary haemorrhagic telangiectasia,ASSOCIATED_WITH
20879,8,55529,antithrombin gene mutations,thrombophilia,ASSOCIATED_WITH
20877,8,66088,factor v leiden,primary uedvt,ASSOCIATED_WITH
23711,8,55772,tarid/tcf21,hypertension,ASSOCIATED_WITH
22388,8,59938,notch1 mutations,vascular defects,ASSOCIATED_WITH
20961,8,55976,ptpn22,rheumatoid arthritis,ASSOCIATED_WITH
25404,8,68897,c5 2404-gg genotype,increased urine c5a levels,ASSOCIATED_WITH
23569,8,55528,f2 20210g>a polymorphism,venous thrombosis,ASSOCIATED_WITH
25539,8,55865,prothrombin 20210a,vte,ASSOCIATED_WITH
21367,8,55552,mthfr c677t variant,thromboembolism,ASSOCIATED_WITH
23676,8,62649,ankrd26 mutation,myelodysplastic syndrome,ASSOCIATED_WITH
23750,8,61052,eif2ak4 gene mutation,pulmonary capillary hemangiomatosis,ASSOCIATED_WITH
22632,8,55607,non-o blood group,myocardial infarction,ASSOCIATED_WITH
20945,8,55710,mthfr c677t polymorphism,preeclampsia,ASSOCIATED_WITH
22036,8,55513,mthfr a1298c mutation,thrombosis,ASSOCIATED_WITH
25728,8,69907,hla-mica a4,kawasaki disease,ASSOCIATED_WITH
21824,8,58403,lpin2 mutation,majeed syndrome,ASSOCIATED_WITH
23284,8,62102,cr2 haplotype ht4,onfh risk,ASSOCIATED_WITH
22989,8,61454,rs62187992 snp,higher tfpi plasma levels,ASSOCIATED_WITH
22286,8,55552,pai-1 4g allele,thromboembolism,ASSOCIATED_WITH
21799,8,55544,abo rs2519093,venous thromboembolism,ASSOCIATED_WITH
21335,8,56871,apoh promoter -1219g>a snp,lupus nephritis risk,ASSOCIATED_WITH
23394,8,62354,inducible hemeoxygenase 1 (ho-1) genetic variants,acute chest syndrome incidence,ASSOCIATED_WITH
22062,8,58972,smad4 gene,juvenile polyposis,ASSOCIATED_WITH
23378,8,62315,b-raf mutation,lower rai uptake,ASSOCIATED_WITH
25735,8,62848,vegf-c overexpression,poor survival,ASSOCIATED_WITH
24510,8,65450,abcb1 3435 tt genotype,"cardiovascular death, acs, or stroke",ASSOCIATED_WITH
25785,8,55606,thbd ala473val,acute myocardial infarction,ASSOCIATED_WITH
24676,8,66026,apol-1 variants,collapsing fsgs,ASSOCIATED_WITH
22576,8,60505,hla-dq1b*0601,increased risk of ild in rheumatoid arthritis,ASSOCIATED_WITH
20871,8,61914,factor v leiden mutation,increased risk of deep venous thrombosis,ASSOCIATED_WITH
24490,8,55772,enos gene g894t polymorphism,hypertension,ASSOCIATED_WITH
25812,8,70047,1p/19q chromosomal codeletion,progression-free survival at 6 months,ASSOCIATED_WITH
21630,8,57702,pai-1 4g/5g polymorphism,spontaneous abortion,ASSOCIATED_WITH
23160,8,57025,mir-146,immunoregulation,ASSOCIATED_WITH
21368,8,55506,mthfr 677tt genotype,hyperhomocysteinemia,ASSOCIATED_WITH
25255,8,55552,apoe ε2ε2 genotype,thromboembolism,ASSOCIATED_WITH
21014,8,56150,fv leiden mutation,splanchnic vein thrombosis,ASSOCIATED_WITH
22318,8,59976,mef2,dm1,ASSOCIATED_WITH
23381,8,55544,f2 gene,venous thromboembolism,ASSOCIATED_WITH
21615,8,57643,anril,in-stent restenosis,ASSOCIATED_WITH
22692,8,58832,il-10 -1082a/g polymorphism,acute pancreatitis,ASSOCIATED_WITH
23450,8,62501,rs700923 minor allele,higher risk of left ventricular dysfunction after cabg,ASSOCIATED_WITH
23502,8,56250,foxp3,recurrent pregnancy loss,ASSOCIATED_WITH
24446,8,65230,hla-b58,eye eims,ASSOCIATED_WITH
21950,8,56738,fv mutation,thrombotic disease,ASSOCIATED_WITH
22188,8,59163,plat,osteonecrosis of femoral head,ASSOCIATED_WITH
25314,8,68514,hla-b*0703,susceptibility to sars-cov-2,ASSOCIATED_WITH
25401,8,68896,c4a null alleles,jdm susceptibility,ASSOCIATED_WITH
24962,8,67262,calr type1 and type1-like mutations,greater risk of mf transformation,ASSOCIATED_WITH
24166,8,58252,jak-2 v617f mutation,vascular events,ASSOCIATED_WITH
22685,8,60788,vkorc1 rs2359612,ccvd susceptibility,ASSOCIATED_WITH
22566,8,60453,cytogenetic abnormalities (t(5;14)),all with hypereosinophilia,ASSOCIATED_WITH
23006,8,55544,abo blood type,venous thromboembolism,ASSOCIATED_WITH
22779,8,62883,mir-499a-5p,vascular endothelial dysfunction,ASSOCIATED_WITH
25580,8,69578,col4a1,fetal intracranial hemorrhage,ASSOCIATED_WITH
23240,8,60625,vkorc1 gene polymorphism g-1639a,ischemic stroke risk,ASSOCIATED_WITH
23615,8,62949,β-fibrinogen c.-148c>t and fvii c.-323p0/10 snp coexistence,arterial thrombosis risk,ASSOCIATED_WITH
22899,8,61481,hnf4a,ulcerative colitis susceptibility,ASSOCIATED_WITH
21777,8,66375,mefv gene mutations,"idiopathic ascites, orchitis and pericarditis",ASSOCIATED_WITH
20871,8,56235,factor v leiden mutation,vte risk,ASSOCIATED_WITH
25008,8,67401,xpo5 rs11077*g variant,decreased susceptibility to esrd,ASSOCIATED_WITH
21247,8,55786,acvrl1 mutation,pulmonary hypertension,ASSOCIATED_WITH
21842,8,58423,obfc1 rs4387287 minor allele,decreased cvd mortality,ASSOCIATED_WITH
24799,8,66641,hsa-mir-222-3p,venous thrombosis recurrence,ASSOCIATED_WITH
21579,8,55528,rs2227589,venous thrombosis,ASSOCIATED_WITH
20877,8,56784,factor v leiden,renal disease,ASSOCIATED_WITH
25448,8,55529,a1298c mthfr mutation,thrombophilia,ASSOCIATED_WITH
22200,8,60505,hla-dr4,increased risk of ild in rheumatoid arthritis,ASSOCIATED_WITH
23897,8,63528,polygenic risk score for shorter telomere length,shorter telomere length,ASSOCIATED_WITH
24459,8,57823,myd88 l265p mutation,waldenstrom's macroglobulinemia,ASSOCIATED_WITH
23188,8,55772,c2491t fv mutation,hypertension,ASSOCIATED_WITH
22385,8,55710,factor v leiden deficiency,preeclampsia,ASSOCIATED_WITH
24213,8,55865,idhmut,vte,ASSOCIATED_WITH
22418,8,59987,c12orf51,alcohol dependence,ASSOCIATED_WITH
21124,8,56507,cyp2d6 genotype,treatment outcomes,ASSOCIATED_WITH
21645,8,59819,apoe ε4 allele,larger leukoaraiosis volumes,ASSOCIATED_WITH
24495,8,65392,high ifn gene signature,severe sle phenotypes,ASSOCIATED_WITH
22081,8,56804,ldlr gene,abdominal aortic aneurysm,ASSOCIATED_WITH
21276,8,56771,epor mrna,poorer locoregional progression-free survival,ASSOCIATED_WITH
20981,8,58699,jak2 v617f mutation,portal venous thrombosis,ASSOCIATED_WITH
24553,8,60362,fcer1a expression,sepsis severity,ASSOCIATED_WITH
24629,8,65939,s100b expression,reduced acute pain episodes,ASSOCIATED_WITH
25273,8,59293,mir-135b,local inflammatory response,ASSOCIATED_WITH
21204,8,57939,jak2v617f mutation,neurological symptoms,ASSOCIATED_WITH
23186,8,61859,sdf1 -3'(801)a allele,neovascularisation complications of retinal vein occlusion,ASSOCIATED_WITH
23916,8,63581,mc1r gene polymorphisms,increased resuscitation fluid volume,ASSOCIATED_WITH
25745,8,69958,endoglin mutations,hereditary haemorrhagic telangiectasia,ASSOCIATED_WITH
21198,8,56589,atp7a polymorphism,treatment toxicity,ASSOCIATED_WITH
21205,8,57655,factor v leiden homozygosity,recurrent venous thromboembolism,ASSOCIATED_WITH
23087,8,55513,ap1m2,thrombosis,ASSOCIATED_WITH
23956,8,63636,dnmt3a mutation,clonal hematopoiesis,ASSOCIATED_WITH
23962,8,55848,mir-17-5p,embolic stroke,ASSOCIATED_WITH
21011,8,56142,tlr-4 polymorphisms,thrombosis in aps,ASSOCIATED_WITH
24876,8,55575,f11 rs2036914 risk allele,venous thromboembolism risk,ASSOCIATED_WITH
20871,8,56250,factor v leiden mutation,recurrent pregnancy loss,ASSOCIATED_WITH
22641,8,58644,platelet α2β1 polymorphism,retinopathy,ASSOCIATED_WITH
20877,8,57387,factor v leiden,csvt,ASSOCIATED_WITH
25439,8,58177,runx1 mutation,poor prognosis,ASSOCIATED_WITH
22088,8,56946,f5 r506q mutation,apc resistance,ASSOCIATED_WITH
25424,8,68979,pln mutation,higher risk of heart failure,ASSOCIATED_WITH
20981,8,58803,jak2 v617f mutation,increased thrombosis risk,ASSOCIATED_WITH
20907,8,55626,fcγriia iia-r/r131 genotype,higher frequency of clinical symptoms,ASSOCIATED_WITH
20922,8,55695,mhc class i chain related gene region allelic variants,immunological events in bd,ASSOCIATED_WITH
21797,8,55528,f5 rs6025,venous thrombosis,ASSOCIATED_WITH
22228,8,56789,cyp1b1 asn453ser,pah,ASSOCIATED_WITH
21441,8,55528,procr,venous thrombosis,ASSOCIATED_WITH
21339,8,64332,braf v600e mutation,erdheim-chester disease,ASSOCIATED_WITH
24660,8,55528,fgg rs2066865,venous thrombosis,ASSOCIATED_WITH
20927,8,58424,mthfr c677t mutation,non-tumoral portal vein thrombosis,ASSOCIATED_WITH
21674,8,63066,abo,peripheral artery disease,ASSOCIATED_WITH
23530,8,62700,bβtyr368his mutation,deep venous thromboses,ASSOCIATED_WITH
20920,8,55687,ala601thr mutation,dysplasminogenemia,ASSOCIATED_WITH
20877,8,56149,factor v leiden,cerebral vein thrombosis,ASSOCIATED_WITH
21348,8,55528,pros1 deficiency,venous thrombosis,ASSOCIATED_WITH
23209,8,56044,scn5a,brugada syndrome,ASSOCIATED_WITH
24855,8,66841,muc5b promoter variant rs35705950,uip pattern on hrct,ASSOCIATED_WITH
22055,8,55544,ace d/d genotype,venous thromboembolism,ASSOCIATED_WITH
21286,8,56791,estrogen receptor genes,cvd,ASSOCIATED_WITH
22823,8,55528,fv leiden,venous thrombosis,ASSOCIATED_WITH
22255,8,59527,rorc/foxp3 ratio,inflammatory state of the lung,ASSOCIATED_WITH
23761,8,63323,fgfr overexpression,hormone therapy resistance,ASSOCIATED_WITH
23706,8,63132,cpb2 ala147thr variant,reduced risk of venous thrombosis in females,ASSOCIATED_WITH
25255,8,68232,apoe ε2ε2 genotype,peptic ulcer,ASSOCIATED_WITH
25416,8,55972,mucin family genes,tissue remodeling,ASSOCIATED_WITH
21674,8,55515,abo,deep vein thrombosis,ASSOCIATED_WITH
21996,8,57031,aquaporin 5 polymorphism,copd,ASSOCIATED_WITH
20876,8,55512,g20210a prothrombin gene mutation,venous leg ulcers,ASSOCIATED_WITH
24031,8,63898,mkrn3,central precocious puberty,ASSOCIATED_WITH
23469,8,62556,c-kit mutation,eosinophilic syndromes,ASSOCIATED_WITH
22853,8,56174,f8,thrombosis risk,ASSOCIATED_WITH
24157,8,55595,sftpd polymorphism,atherosclerosis,ASSOCIATED_WITH
20894,8,55544,factor v g1691a polymorphism,venous thromboembolism,ASSOCIATED_WITH
21320,8,56858,nppa,blood pressure progression,ASSOCIATED_WITH
24367,8,58540,gc haplotype,colorectal cancer,ASSOCIATED_WITH
21523,8,65629,mir-21,crc metastasis,ASSOCIATED_WITH
20923,8,55695,intercellular adhesion molecule gene alleles,immunological events in bd,ASSOCIATED_WITH
23447,8,62499,nppc gene variant,high blood pressure,ASSOCIATED_WITH
22995,8,55976,hla-drb1,rheumatoid arthritis,ASSOCIATED_WITH
21420,8,55978,atg16l1,crohn's disease,ASSOCIATED_WITH
24195,8,55513,jak2 mutations,thrombosis,ASSOCIATED_WITH
22231,8,58013,vkorc1 1173c>t polymorphism,calcified atherosclerotic plaques,ASSOCIATED_WITH
21491,8,57341,foxl2 mutations,poi,ASSOCIATED_WITH
23358,8,57295,bmp gene family,calcification,ASSOCIATED_WITH
24763,8,57711,acvrl1 variant,liver disease,ASSOCIATED_WITH
20877,8,55644,factor v leiden,hellp syndrome,ASSOCIATED_WITH
21005,8,56113,gene variant,disruption of ecsod tissue binding,ASSOCIATED_WITH
21300,8,56201,il1a,metabolic syndrome,ASSOCIATED_WITH
24027,8,55528,gp1ba variant,venous thrombosis,ASSOCIATED_WITH
24232,8,55544,fgg rs2066865 variant,venous thromboembolism,ASSOCIATED_WITH
22468,8,64343,ext1,reduced bone mineral density,ASSOCIATED_WITH
24334,8,64889,egfr mutations,lung tumorigenesis,ASSOCIATED_WITH
23294,8,62116,nr1i2 (rs13059232) polymorphism,clopidogrel resistance,ASSOCIATED_WITH
20965,8,55978,card15,crohn's disease,ASSOCIATED_WITH
22257,8,59567,complement factor h polymorphism,abnormal choroidal blood flow regulation,ASSOCIATED_WITH
20893,8,56268,prothrombin g20210a polymorphism,myocardial infarction risk,ASSOCIATED_WITH
21440,8,55847,proc,recurrent spontaneous abortion,ASSOCIATED_WITH
20881,8,55529,protein s gene mutations,thrombophilia,ASSOCIATED_WITH
22360,8,60112,egfr mutation,idiopathic pulmonary fibrosis,ASSOCIATED_WITH
21919,8,63269,idh1/2 mutation,leukemic transformation,ASSOCIATED_WITH
24922,8,55506,mthfr 677c→t mutation,hyperhomocysteinemia,ASSOCIATED_WITH
22363,8,55528,flt3-itd mutation,venous thrombosis,ASSOCIATED_WITH
21848,8,55607,fvii a1/a2,myocardial infarction,ASSOCIATED_WITH
21979,8,58792,il-10 gene polymorphism,pathogenesis of behcet's disease,ASSOCIATED_WITH
23296,8,62118,alox5,pulmonary heart disease,ASSOCIATED_WITH
25423,8,68978,des mutation,higher risk of ventricular arrhythmias and sudden cardiac death,ASSOCIATED_WITH
20945,8,55529,mthfr c677t polymorphism,thrombophilia,ASSOCIATED_WITH
25435,8,55690,thbd gene rs3176123 g allele,sepsis,ASSOCIATED_WITH
22799,8,55515,mthfr 677c/t polymorphism,deep vein thrombosis,ASSOCIATED_WITH
21916,8,55513,jak2 mutation,thrombosis,ASSOCIATED_WITH
23508,8,62645,gata1 mutation,acute megakaryoblastic leukemia,ASSOCIATED_WITH
22493,8,55513,factor v gene mutation,thrombosis,ASSOCIATED_WITH
21118,8,56456,cfh y402h polymorphism,incident chd,ASSOCIATED_WITH
21407,8,55513,jak2 v617f allele burden,thrombosis,ASSOCIATED_WITH
21704,8,55704,hla-a*30:04,vascular lesions,ASSOCIATED_WITH
21704,8,58078,hla-a*30:04,genital ulcers,ASSOCIATED_WITH
21919,8,63250,idh1/2 mutation,fibrotic progression,ASSOCIATED_WITH
21847,8,55607,pecam1 leu125val,myocardial infarction,ASSOCIATED_WITH
25822,8,70080,cyp2c9 genetic variant,hemorrhage risk during maintenance of warfarin therapy,ASSOCIATED_WITH
23178,8,56758,rs70940817,prothrombin time,ASSOCIATED_WITH
24296,8,64752,mir-193a,copd susceptibility,ASSOCIATED_WITH
21826,8,58405,pstpip2 defect,crmo in mice,ASSOCIATED_WITH
20877,8,55527,factor v leiden,deep venous thrombosis,ASSOCIATED_WITH
22647,8,60676,abo genotype,risk of myocardial infarction (mi) and venous thrombosis,ASSOCIATED_WITH
22479,8,60196,h7 haplotype,severe neutropenia,ASSOCIATED_WITH
20871,8,56222,factor v leiden mutation,deep venous thrombosis risk,ASSOCIATED_WITH
25558,8,69495,itga2,acute type a aortic dissection,ASSOCIATED_WITH
21518,8,57474,pla2 allele,thrombotic cardiovascular complications,ASSOCIATED_WITH
25769,8,55664,gnas1 t393c polymorphism,migraine,ASSOCIATED_WITH
23344,8,62223,st3gal4 overexpression,increased risk of metastatic disease,ASSOCIATED_WITH
21920,8,57041,asxl1 mutation,bleeding complications,ASSOCIATED_WITH
22977,8,55675,non-o blood groups,cardiovascular disease,ASSOCIATED_WITH
25009,8,67402,ran rs14035*t variant,increased susceptibility to esrd,ASSOCIATED_WITH
22921,8,69578,gata1,fetal intracranial hemorrhage,ASSOCIATED_WITH
21063,8,55672,b allele,ischemic stroke,ASSOCIATED_WITH
23796,8,60112,sftpa2,idiopathic pulmonary fibrosis,ASSOCIATED_WITH
22060,8,58970,eng gene,hht type 1,ASSOCIATED_WITH
22364,8,59858,malat1,invasion and metastasis,ASSOCIATED_WITH
21275,8,56235,prothrombin 20210a variant,vte risk,ASSOCIATED_WITH
22349,8,59793,sarcomeric gene mutations,hypertrophic cardiomyopathy,ASSOCIATED_WITH
22758,8,58665,mmp9 gene gln279arg polymorphism,essential thrombocytosis,ASSOCIATED_WITH
24688,8,55683,pai-1 gene 4g4g genotype,thrombotic events,ASSOCIATED_WITH
21504,8,65314,runx2,patient survival,ASSOCIATED_WITH
23777,8,63361,p2ry12 gene haplotype h1,lower incidence of high on-treatment platelet reactivity,ASSOCIATED_WITH
22134,8,59163,factor v leiden (fvl) mutation,osteonecrosis of femoral head,ASSOCIATED_WITH
20893,8,56993,prothrombin g20210a polymorphism,deep-vein thrombosis,ASSOCIATED_WITH
20890,8,55561,ctg expansion,cardiac events,ASSOCIATED_WITH
24672,8,66009,apoe genotype,logical memory change,ASSOCIATED_WITH
20877,8,56148,factor v leiden,hypercoagulability state,ASSOCIATED_WITH
23585,8,62852,ras mutation,poor clinical or pathological response,ASSOCIATED_WITH
22895,8,56616,cfi gene,cnv,ASSOCIATED_WITH
25455,8,55981,mthfr rs1801131 polymorphism,type 2 diabetes,ASSOCIATED_WITH
21584,8,57627,mmachc mutation c.271dupa,early-onset severe disease,ASSOCIATED_WITH
20871,8,56993,factor v leiden mutation,deep-vein thrombosis,ASSOCIATED_WITH
25077,8,55544,f5 gene,venous thromboembolism,ASSOCIATED_WITH
21953,8,58740,jak2-v617f mutation,higher incidence of thrombotic events,ASSOCIATED_WITH
21212,8,55672,mthfr 677c>t polymorphism,ischemic stroke,ASSOCIATED_WITH
25469,8,57655,fxi rs2036914 and fgg rs2066865,recurrent venous thromboembolism,ASSOCIATED_WITH
23716,8,55772,evx1/hoxa,hypertension,ASSOCIATED_WITH
22165,8,55769,potassium channel mutations,atrial fibrillation,ASSOCIATED_WITH
23828,8,55962,lipa mutations,hyperlipidemia,ASSOCIATED_WITH
21656,8,56616,vegf gene,cnv,ASSOCIATED_WITH
22331,8,55513,p-selectin n562d polymorphism,thrombosis,ASSOCIATED_WITH
20877,8,55562,factor v leiden,budd-chiari syndrome,ASSOCIATED_WITH
21963,8,55685,low fcgr3b copy number,systemic lupus erythematosus,ASSOCIATED_WITH
23208,8,61908,proc gene mutation,peters anomaly,ASSOCIATED_WITH
24228,8,56060,vhl mutations,erythrocytosis,ASSOCIATED_WITH
21518,8,55510,pla2 allele,ischaemic stroke,ASSOCIATED_WITH
25492,8,69190,congenital deletion of nedd4-2,alveolitis,ASSOCIATED_WITH
20993,8,55506,mthfr gene mutation,hyperhomocysteinemia,ASSOCIATED_WITH
22754,8,60951,jak2 rs4495487 polymorphism,jak2 v617f-positive bcs,ASSOCIATED_WITH
23663,8,63055,rs562962093,sporadic alzheimer's disease,ASSOCIATED_WITH
25149,8,55515,genetic predisposition to smoking initiation,deep vein thrombosis,ASSOCIATED_WITH
23630,8,56047,tm gene c1418t polymorphism,systemic inflammation,ASSOCIATED_WITH
23345,8,62223,st3gal6 overexpression,increased risk of metastatic disease,ASSOCIATED_WITH
25423,8,68979,des mutation,higher risk of heart failure,ASSOCIATED_WITH
21469,8,64605,podoplanin expression,high risk of vte,ASSOCIATED_WITH
25437,8,58451,thbd gene tgt haplotype,acute kidney injury,ASSOCIATED_WITH
20963,8,55544,f5,venous thromboembolism,ASSOCIATED_WITH
21587,8,55710,fetal factor v leiden mutation,preeclampsia,ASSOCIATED_WITH
20876,8,55529,g20210a prothrombin gene mutation,thrombophilia,ASSOCIATED_WITH
22950,8,58973,eng,hht,ASSOCIATED_WITH
22231,8,59462,vkorc1 1173c>t polymorphism,undercarboxylation of vitamin k-dependent proteins,ASSOCIATED_WITH
22758,8,58664,mmp9 gene gln279arg polymorphism,polycythemia vera,ASSOCIATED_WITH
20877,8,56250,factor v leiden,recurrent pregnancy loss,ASSOCIATED_WITH
22996,8,61469,non-hla genetic variants,rheumatoid arthritis susceptibility,ASSOCIATED_WITH
25439,8,57231,runx1 mutation,disease progression,ASSOCIATED_WITH
21059,8,56286,mmp3 haplotype 2,increased risk of hemorrhagic stroke,ASSOCIATED_WITH
21679,8,55822,serpinc1,coagulation,ASSOCIATED_WITH
22161,8,58797,vwf mutations,von willebrand disease,ASSOCIATED_WITH
24074,8,55576,mthfr c677tt gene mutation,hypercoagulable state,ASSOCIATED_WITH
21229,8,55528,ab alleles of abo blood group,venous thrombosis,ASSOCIATED_WITH
23165,8,63250,sf3b1 mutation,fibrotic progression,ASSOCIATED_WITH
25108,8,56065,c4a copy number variation,behçet's disease,ASSOCIATED_WITH
21741,8,58257,a1 haplotype,protection against thrombosis,ASSOCIATED_WITH
25439,8,63269,runx1 mutation,leukemic transformation,ASSOCIATED_WITH
23338,8,62203,adora1,coronary endothelial dysfunction,ASSOCIATED_WITH
20970,8,55982,hla genes,autoimmune diseases,ASSOCIATED_WITH
25734,8,55782,methylenetetrahydrofolate reductase c677t variant,inflammatory bowel disease,ASSOCIATED_WITH
22295,8,66580,mir-150,sepsis survival,ASSOCIATED_WITH
24184,8,55544,k-ras mutation,venous thromboembolism,ASSOCIATED_WITH
21204,8,56150,jak2v617f mutation,splanchnic vein thrombosis,ASSOCIATED_WITH
22789,8,55544,mir-195-5p,venous thromboembolism,ASSOCIATED_WITH
20871,8,55748,factor v leiden mutation,thromboembolic events,ASSOCIATED_WITH
20871,8,55576,factor v leiden mutation,hypercoagulable state,ASSOCIATED_WITH
22590,8,60526,idh1/idh2 mutation,leukemic evolution,ASSOCIATED_WITH
20981,8,55562,jak2 v617f mutation,budd-chiari syndrome,ASSOCIATED_WITH
25691,8,55513,thrombomodulin gene defects,thrombosis,ASSOCIATED_WITH
20914,8,55529,prothrombin g20210a mutation,thrombophilia,ASSOCIATED_WITH
24229,8,56060,hif-2α mutations,erythrocytosis,ASSOCIATED_WITH
23508,8,62647,gata1 mutation,congenital dyserythropoietic anemias with thrombocytopenia,ASSOCIATED_WITH
24517,8,65473,cyp2c9 rs1057910,time to target inr therapeutic range,ASSOCIATED_WITH
22363,8,59834,flt3-itd mutation,increased risk of treatment failure and mortality,ASSOCIATED_WITH
24411,8,56250,nd1,recurrent pregnancy loss,ASSOCIATED_WITH
20871,8,59974,factor v leiden mutation,portal/mesenteric vein thrombosis,ASSOCIATED_WITH
20981,8,56051,jak2 v617f mutation,increased risk of thrombosis,ASSOCIATED_WITH
25754,8,69974,hmox1 (gt)31 allele,copd-related phenotypes,ASSOCIATED_WITH
20914,8,55887,prothrombin g20210a mutation,cerebral venous thrombosis,ASSOCIATED_WITH
21313,8,56849,crp2* c allele,arterial vascular events,ASSOCIATED_WITH
21500,8,55841,"tlr9 -1486tt, 1174aa, 2848gg",ulcerative colitis,ASSOCIATED_WITH
20871,8,55712,factor v leiden mutation,placental abruption,ASSOCIATED_WITH
22870,8,56590,calr mutation,essential thrombocythemia,ASSOCIATED_WITH
24440,8,65225,hla-a2,eims in crohn's disease,ASSOCIATED_WITH
24474,8,57032,polymorphisms in genes,copd risk,ASSOCIATED_WITH
24677,8,66049,ace2 knockdown,severe left ventricular dysfunction,ASSOCIATED_WITH
22033,8,58915,gdf5,knee osteoarthritis,ASSOCIATED_WITH
25435,8,58451,thbd gene rs3176123 g allele,acute kidney injury,ASSOCIATED_WITH
21298,8,56201,ctla4,metabolic syndrome,ASSOCIATED_WITH
20945,8,55959,mthfr c677t polymorphism,obesity,ASSOCIATED_WITH
20954,15,55914,fxiii leu34 allele,fxiii activation,PROMOTES
22632,15,61662,non-o blood group,prosthetic valve thrombosis,PROMOTES
20955,15,57572,prothrombin gene mutation,livedoid vasculopathy,PROMOTES
24910,15,56235,idh wild-type,vte risk,PROMOTES
20940,15,55823,pc deficiency,hypotension,PROMOTES
23335,15,62197,bnp deletion,medial hypertrophy,PROMOTES
21116,15,55615,pz deficiency,inflammatory response,PROMOTES
22585,15,65993,tmprss2,sars-cov-2 viral entry,PROMOTES
20971,15,55506,mthfr 677tt mutation,hyperhomocysteinemia,PROMOTES
20927,15,55544,mthfr c677t mutation,venous thromboembolism,PROMOTES
21588,15,68956,mefv gene,inflammatory attacks,PROMOTES
21523,15,56160,mir-21,invasion,PROMOTES
20990,15,55605,a/j genetic background,arterial thrombosis,PROMOTES
22117,15,55506,mthfr variants,hyperhomocysteinemia,PROMOTES
22008,15,55515,pai-1 4g/4g genotype,deep vein thrombosis,PROMOTES
21010,15,55576,tm deficiency,hypercoagulable state,PROMOTES
22648,15,55605,sod1 deficiency,arterial thrombosis,PROMOTES
23857,15,62051,pik3ca activating mutations,vascular malformations,PROMOTES
22392,15,59947,fcγriib deficiency,autoantibody accumulation,PROMOTES
22540,15,55511,fv a4070g polymorphism,activated protein c resistance,PROMOTES
20969,15,55595,ccr5,atherosclerosis,PROMOTES
20914,15,55887,prothrombin g20210a mutation,cerebral venous thrombosis,PROMOTES
22705,15,60809,armc5,mmad,PROMOTES
23063,15,61642,mrc1 and asgr2 ablation,priapism,PROMOTES
24564,15,55528,q534 allele,venous thrombosis,PROMOTES
22648,15,55528,sod1 deficiency,venous thrombosis,PROMOTES
21204,15,65352,jak2v617f mutation,prothrombotic features,PROMOTES
21364,15,58066,mir-126,plaque stability,PROMOTES
20981,15,56150,jak2 v617f mutation,splanchnic vein thrombosis,PROMOTES
23335,15,55534,bnp deletion,thrombus formation,PROMOTES
25082,15,55544,alk rearrangement,venous thromboembolism,PROMOTES
23593,15,62877,pole exonuclease-domain mutations,high mutation burden,PROMOTES
21687,15,69926,mmp-7,endostatin production,PROMOTES
25517,15,55529,factor 2 gene mutation,thrombophilia,PROMOTES
25383,15,56268,stat4 risk allele,myocardial infarction risk,PROMOTES
23150,15,61803,fviii deficiency,spontaneous hemorrhages,PROMOTES
24291,15,57099,shh deficiency,tumor aggressiveness,PROMOTES
25525,15,56681,gpi anchor protein mutation,complement-mediated hemolysis,PROMOTES
24194,15,64446,col3a1 missense mutations with glycine to large amino acid substitution,earlier onset of aortic/arterial pathology,PROMOTES
20871,15,56678,factor v leiden mutation,thrombosis tendency,PROMOTES
22627,15,59528,fal1,tumorigenesis,PROMOTES
21523,15,56400,mir-21,thrombus resolution,PROMOTES
22706,15,60810,pde11a,adrenocortical hyperplasia,PROMOTES
21521,15,56160,mir-222,invasion,PROMOTES
23363,15,55639,ndufc2 inhibition,inflammation,PROMOTES
22385,15,55551,factor v leiden deficiency,hypercoagulability,PROMOTES
23734,15,56085,p2y12 polymorphisms,cad,PROMOTES
20871,15,59718,factor v leiden mutation,cleavage of prothrombin to thrombin,PROMOTES
23932,15,63633,brca1/2 mutations,genomic instability,PROMOTES
20871,15,56679,factor v leiden mutation,thrombosis formation tendency,PROMOTES
20919,15,55510,apo e4 allele,ischaemic stroke,PROMOTES
23925,15,63599,mastl mutation,actin polymerization defects,PROMOTES
24289,15,55870,tlr3 absence,survival,PROMOTES
23234,15,55544,ps-k196e mutation,venous thromboembolism,PROMOTES
22312,15,55568,mir-9,angiogenesis,PROMOTES
20981,15,68685,jak2 v617f mutation,necrotic core formation,PROMOTES
22603,15,60871,mthfr 677tt,inflammation response,PROMOTES
20999,15,55907,rna,blood coagulation,PROMOTES
24329,15,64882,mir-205,thrombus recanalization,PROMOTES
20872,15,56789,bmpr2 mutation,pah,PROMOTES
21404,15,57131,ret proto-oncogene,mtc development,PROMOTES
22136,15,55534,atg5,thrombus formation,PROMOTES
21917,15,67647,tet2 mutation,thrombogenic state,PROMOTES
20987,15,55767,gpx-3 deficiency,cerebral infarction,PROMOTES
24191,15,64434,map3k3,venous malformations,PROMOTES
23941,15,59858,mir-92a-3p,invasion and metastasis,PROMOTES
21620,15,56893,cyp2c19*2,cardiovascular events,PROMOTES
25557,15,55615,myeloid bmal1 gene ablation,inflammatory response,PROMOTES
22019,15,55595,mir-92a,atherosclerosis,PROMOTES
24329,15,55568,mir-205,angiogenesis,PROMOTES
25552,15,69456,cftr mutation,mucus retention,PROMOTES
22636,15,55513,slc44a2,thrombosis,PROMOTES
25021,15,56160,mir-10b,invasion,PROMOTES
22234,15,59468,gg genotype,fibrin resistance,PROMOTES
21204,15,56502,jak2v617f mutation,inflammatory state,PROMOTES
24081,15,64047,cxcr7 deletion,thrombotic disposition,PROMOTES
24835,15,66744,gusbp5-as,dvt resolution,PROMOTES
22493,15,55513,factor v gene mutation,thrombosis,PROMOTES
20981,15,57333,jak2 v617f mutation,platelet thrombus formation,PROMOTES
23418,15,55928,foxo1,tissue factor expression,PROMOTES
22648,15,63212,sod1 deficiency,cerebral vascular hypertrophy,PROMOTES
22258,15,55529,fvl,thrombophilia,PROMOTES
20999,15,55513,rna,thrombosis,PROMOTES
22680,15,60766,hnf1β,warburg effect,PROMOTES
21720,15,55544,heterozygous factor v leiden,venous thromboembolism,PROMOTES
20967,15,57819,apoe,septic mortality,PROMOTES
25481,15,55595,mir-342-5p,atherosclerosis,PROMOTES
21213,15,56679,fii g20210a mutation,thrombosis formation tendency,PROMOTES
21821,15,55544,procr rs867186 g allele,venous thromboembolism,PROMOTES
20877,15,62720,factor v leiden,occlusive vasculopathy,PROMOTES
20877,15,55529,factor v leiden,thrombophilia,PROMOTES
20871,15,55865,factor v leiden mutation,vte,PROMOTES
23617,15,55508,factor v leiden g1691a gene variation,prothrombotic state,PROMOTES
25361,15,55710,pai-1 gene promoter deletion,preeclampsia,PROMOTES
20914,15,55513,prothrombin g20210a mutation,thrombosis,PROMOTES
24035,15,63898,kiss1r,central precocious puberty,PROMOTES
22492,15,58255,tt genotype of protein c -1654c/t,pte,PROMOTES
23080,15,55928,nuclear factor-κb,tissue factor expression,PROMOTES
22539,15,55528,fv g1691a polymorphism,venous thrombosis,PROMOTES
23401,15,55552,proc gene p.r147w mutation,thromboembolism,PROMOTES
20981,15,55513,jak2 v617f mutation,thrombosis,PROMOTES
24723,15,55511,fv leiden g1691a mutation,activated protein c resistance,PROMOTES
25035,15,55568,lncrna apc1,angiogenesis,PROMOTES
20870,15,60219,hifs,immune evasion,PROMOTES
20877,15,55552,factor v leiden,thromboembolism,PROMOTES
23928,15,55568,mir-424,angiogenesis,PROMOTES
21170,15,55568,oncogenes,angiogenesis,PROMOTES
24950,15,67237,mirna-190,hypoxia response,PROMOTES
25214,15,68180,pkd1 knockout,cyst formation,PROMOTES
23577,15,69711,her2 overexpression,malignant progression,PROMOTES
22295,15,56400,mir-150,thrombus resolution,PROMOTES
21117,15,55535,zpi deficiency,vessel occlusion,PROMOTES
21444,15,56403,tlr9 deficiency,thrombus size,PROMOTES
23103,15,56125,neat1,inflammatory responses,PROMOTES
20871,15,55510,factor v leiden mutation,ischaemic stroke,PROMOTES
22847,15,55568,mir-210,angiogenesis,PROMOTES
22008,15,55607,pai-1 4g/4g genotype,myocardial infarction,PROMOTES
24034,15,63898,kiss1,central precocious puberty,PROMOTES
21050,15,56269,gp iib/iiia pi a2 polymorphism,cardiovascular disease etiology,PROMOTES
24621,15,55914,fxiii-a val34leu polymorphism,fxiii activation,PROMOTES
22012,15,55672,mthfr c677t and f2 g20210a polymorphisms,ischemic stroke,PROMOTES
20871,15,56174,factor v leiden mutation,thrombosis risk,PROMOTES
20955,15,60900,prothrombin gene mutation,splanchnic venous thrombosis,PROMOTES
21523,15,55568,mir-21,angiogenesis,PROMOTES
21645,15,65467,apoe ε4 allele,development of alzheimer’s disease,PROMOTES
23153,15,61803,fix deficiency,spontaneous hemorrhages,PROMOTES
24222,15,64589,wdr1 mutation,actin accumulation,PROMOTES
20871,15,55576,factor v leiden mutation,hypercoagulable state,PROMOTES
20877,15,55563,factor v leiden,ischaemic necrosis,PROMOTES
23103,15,65639,neat1,nlrc4 inflammasome activation,PROMOTES
25348,15,68675,hcmv-mirnas,viral survival and replication,PROMOTES
24930,15,55870,hk deficiency,survival,PROMOTES
20877,15,55513,factor v leiden,thrombosis,PROMOTES
22847,15,55971,mir-210,wound healing,PROMOTES
20981,15,55636,jak2 v617f mutation,atherogenesis,PROMOTES
20927,15,55513,mthfr c677t mutation,thrombosis,PROMOTES
21364,15,65035,mir-126,thrombus organization,PROMOTES
24670,15,55513,epcr h3 haplotype,thrombosis,PROMOTES
24814,15,56160,mir-9-5p,invasion,PROMOTES
21348,15,55513,pros1 deficiency,thrombosis,PROMOTES
21191,15,55681,dna,thrombocytopenia,PROMOTES
21339,15,56913,braf v600e mutation,oncogenesis,PROMOTES
24511,15,55551,thrombomodulin deficiency,hypercoagulability,PROMOTES
24661,15,66223,mir-122,chondrocyte extracellular matrix degradation,PROMOTES
21719,15,55544,homozygous prothrombin g20210a,venous thromboembolism,PROMOTES
21917,15,56502,tet2 mutation,inflammatory state,PROMOTES
22835,15,61089,nlrp3 gain-of-function mutation,muckle-wells syndrome,PROMOTES
23555,15,55837,cftr knockout,lipid peroxidation,PROMOTES
20877,15,55607,factor v leiden,myocardial infarction,PROMOTES
22175,15,55513,pai-1 4g-4g,thrombosis,PROMOTES
21346,15,67334,cadm1,inflammation in the epidermis,PROMOTES
24677,15,56357,ace2 knockdown,lung injury,PROMOTES
21217,15,64311,kras mutation,pancreatic cancer initiation,PROMOTES
20871,15,56018,factor v leiden mutation,venous thromboembolic events,PROMOTES
24393,15,65103,bdnf met/met genotype,inflammatory profile in white adipose tissue,PROMOTES
22539,15,57164,fv g1691a polymorphism,thrombin production,PROMOTES
21615,15,55568,anril,angiogenesis,PROMOTES
21204,15,55513,jak2v617f mutation,thrombosis,PROMOTES
22835,15,61088,nlrp3 gain-of-function mutation,familial cold autoinflammatory syndrome,PROMOTES
22006,15,55907,mbl,blood coagulation,PROMOTES
23786,15,60529,fvr2 haplotype,venous thromboembolism (vte) risk,PROMOTES
21113,15,55615,ho-1 deficiency,inflammatory response,PROMOTES
20928,15,55772,epo,hypertension,PROMOTES
22585,15,68437,tmprss2,viral entry into cell,PROMOTES
24600,15,65817,mertk deletion,tumor control after radiotherapy,PROMOTES
20967,15,69121,apoe,particle deposition in arterial wall,PROMOTES
21709,15,61092,mefv mutation,familial mediterranean fever,PROMOTES
23785,15,60529,factor v leiden (fvl) variant,venous thromboembolism (vte) risk,PROMOTES
23896,15,59528,tev mirna,tumorigenesis,PROMOTES
24434,15,65207,5a/5a genotype,collagen and ecm degradation,PROMOTES
22837,15,61091,nod2 gain-of-function mutation,blau syndrome,PROMOTES
22233,15,59816,fibrinogen aα thr312ala polymorphism,fibrinolysis resistance,PROMOTES
25393,15,59224,cfi mutations,esrd,PROMOTES
21191,15,55513,dna,thrombosis,PROMOTES
21032,15,58722,prothrombin 20210a mutation,thrombotic event,PROMOTES
22981,15,56411,mediterranean fever gene mutation,inflammatory process,PROMOTES
24817,15,55544,serpinc1 gene mutation,venous thromboembolism,PROMOTES
21087,15,68162,pros1,antithrombotic state,PROMOTES
24395,15,55595,tet2 loss-of-function,atherosclerosis,PROMOTES
23741,15,56466,cfhr1-cfhr1 deletion,endothelial injury,PROMOTES
23564,15,62786,thbd deficiency,coagulation dysfunction,PROMOTES
24223,15,64592,sting (tmem173) gain of function mutation,hyperactivation of type i ifn pathway,PROMOTES
20882,15,55683,prothrombin gene mutations,thrombotic events,PROMOTES
24330,15,64886,inborn errors of innate immunity,constitutive inflammation,PROMOTES
20981,15,55528,jak2 v617f mutation,venous thrombosis,PROMOTES
20914,15,55551,prothrombin g20210a mutation,hypercoagulability,PROMOTES
21009,15,56138,tfpi deficiency,thrombus volume,PROMOTES
25306,15,68450,eml4-alk fusions,luad tumorigenesis,PROMOTES
22862,15,61143,mir-29,ecm remodeling and fibrosis,PROMOTES
21639,15,56048,pn-1 deficiency,clot lysis,PROMOTES
23335,15,61610,bnp deletion,arterial remodeling,PROMOTES
24585,15,55870,pad4 knockout,survival,PROMOTES
25462,15,56160,mir-23b-3p,invasion,PROMOTES
20981,15,62763,jak2 v617f mutation,development of myeloproliferative neoplasm,PROMOTES
24247,15,55595,mir-19b,atherosclerosis,PROMOTES
21673,15,55534,delta ct,thrombus formation,PROMOTES
22636,15,55534,slc44a2,thrombus formation,PROMOTES
25313,15,68513,lncrna rp11-86h7.1,inflammatory factor expression,PROMOTES
22019,15,55607,mir-92a,myocardial infarction,PROMOTES
22175,15,55760,pai-1 4g-4g,fibrosis,PROMOTES
22303,15,58499,prothrombin (f2) 20210g>a mutation,inherited thrombophilia,PROMOTES
25460,15,55544,f5 gene leiden mutation,venous thromboembolism,PROMOTES
24424,15,65189,lnc-bm,breast cancer brain metastasis,PROMOTES
23628,15,55569,chi3l1,metastasis,PROMOTES
24940,15,67171,linc01116,endometriosis progression,PROMOTES
24711,15,56217,ace2 deficiency,intestinal inflammation,PROMOTES
20928,15,55568,epo,angiogenesis,PROMOTES
21126,15,55529,factor v mutation,thrombophilia,PROMOTES
20987,15,56028,gpx-3 deficiency,extracellular oxidant stress,PROMOTES
21457,15,56033,vkorc1 polymorphism,warfarin effect,PROMOTES
24354,15,64950,ret gene,thyroid carcinogenesis,PROMOTES
22078,15,55513,gata1 low mutation,thrombosis,PROMOTES
22585,15,66142,tmprss2,sars-cov-2 entry,PROMOTES
23642,15,63012,nfam1,bone resorption activity,PROMOTES
23335,15,55639,bnp deletion,inflammation,PROMOTES
24699,15,55760,environmental factors,fibrosis,PROMOTES
24886,15,55748,p-selectin gene polymorphism,thromboembolic events,PROMOTES
22175,15,60871,pai-1 4g-4g,inflammation response,PROMOTES
21367,15,60454,mthfr c677t variant,thrombosis predisposition,PROMOTES
24190,15,69367,pik3ca,hyperplasia or cancer,PROMOTES
23200,15,61887,ie genes,viral expression,PROMOTES
25039,15,59858,circlonp2,invasion and metastasis,PROMOTES
21680,15,55576,fii,hypercoagulable state,PROMOTES
20877,15,55544,factor v leiden,venous thromboembolism,PROMOTES
23616,15,55681,glut1 and glut3 deletion,thrombocytopenia,PROMOTES
20955,15,55822,prothrombin gene mutation,coagulation,PROMOTES
25502,15,65956,il10rb,viral load,PROMOTES
24287,15,55865,il-1 rs2234650 tt genotype,vte,PROMOTES
22348,15,58103,acat1 deficiency,atherosclerosis progression,PROMOTES
21021,15,56169,kcnn4 deficiency,stool dehydration,PROMOTES
21006,15,55600,prothrombotic gene mutations,portal vein thrombosis,PROMOTES
24240,15,64607,lat,virus reactivation,PROMOTES
24783,15,55513,hfg12 gene transcription,thrombosis,PROMOTES
21355,15,56970,t/t genotype of fxii 46c>t,acute coronary artery disease,PROMOTES
25565,15,59528,gnas mutation,tumorigenesis,PROMOTES
20981,15,55773,jak2 v617f mutation,stroke,PROMOTES
24436,15,58112,alk rearrangements,tumor growth and survival,PROMOTES
21523,15,61143,mir-21,ecm remodeling and fibrosis,PROMOTES
20871,15,57655,factor v leiden mutation,recurrent venous thromboembolism,PROMOTES
21204,15,56318,jak2v617f mutation,splanchnic thrombosis,PROMOTES
21343,15,55528,prothrombin gene g20210a mutation,venous thrombosis,PROMOTES
22376,15,59899,mthfr 1298c mutation,internal jugular vein thrombosis,PROMOTES
25394,15,57048,mcp mutations,relapse,PROMOTES
23941,15,55635,mir-92a-3p,endothelial dysfunction,PROMOTES
21364,15,55568,mir-126,angiogenesis,PROMOTES
21364,15,56400,mir-126,thrombus resolution,PROMOTES
22661,15,55595,mir-155,atherosclerosis,PROMOTES
22860,15,57141,mir-195,cardiac hypertrophy,PROMOTES
22288,15,55513,jak2v617f expression,thrombosis,PROMOTES
21204,15,56590,jak2v617f mutation,essential thrombocythemia,PROMOTES
25817,15,70065,genes involved in glycolipid metabolism,fabry disease severity,PROMOTES
22019,15,55639,mir-92a,inflammation,PROMOTES
25031,15,63703,mir-146a-5p,immunosuppressive microenvironment,PROMOTES
22707,15,60810,pde8b,adrenocortical hyperplasia,PROMOTES
22137,15,55513,atg7,thrombosis,PROMOTES
21344,15,56929,annexin a2 deficiency,fibrin accumulation,PROMOTES
24195,15,55865,jak2 mutations,vte,PROMOTES
22438,15,55515,fvl mutations,deep vein thrombosis,PROMOTES
22233,15,59904,fibrinogen aα thr312ala polymorphism,clot stiffness,PROMOTES
21721,15,55544,heterozygous prothrombin g20210a,venous thromboembolism,PROMOTES
22589,15,55690,il-6 gene polymorphism,sepsis,PROMOTES
21727,15,56865,mthfr mutation,thrombotic risk,PROMOTES
24373,15,56357,mir-514a-5p,lung injury,PROMOTES
21619,15,61507,mmp12 deficiency,apap-induced liver injury,PROMOTES
21974,15,55528,other predisposing genetic mutations,venous thrombosis,PROMOTES
23603,15,62919,thbd pro thrombomodulin mutation,weight gain and exacerbated fatty liver disease,PROMOTES
21916,15,55600,jak2 mutation,portal vein thrombosis,PROMOTES
21430,15,55642,stat5 deficiency,thrombosis susceptibility,PROMOTES
24195,15,65107,jak2 mutations,myeloproliferative neoplasia,PROMOTES
21687,15,70026,mmp-7,musculoskeletal toxicity,PROMOTES
22668,15,58066,mir-145,plaque stability,PROMOTES
24285,15,55865,il-1 rs1800587 gg+ga genotype,vte,PROMOTES
22100,15,63350,cyp2c9*2 variant,hemorrhage risk,PROMOTES
22970,15,61379,lncrna-gas5 low expression,pathogenesis of gsv varicosities,PROMOTES
21469,15,56235,podoplanin expression,vte risk,PROMOTES
21009,15,55576,tfpi deficiency,hypercoagulable state,PROMOTES
20871,15,55822,factor v leiden mutation,coagulation,PROMOTES
25211,15,68167,il36rn gene,development of agep,PROMOTES
20940,15,55528,pc deficiency,venous thrombosis,PROMOTES
21878,15,55898,f7,fibrin generation,PROMOTES
22629,15,60220,schlap1,tumor invasion and metastasis,PROMOTES
22414,15,58419,fra-2,pulmonary vascular remodeling,PROMOTES
21966,15,57470,mir-95,pancreatic cancer growth,PROMOTES
24373,15,57973,mir-514a-5p,right ventricular hypertrophy,PROMOTES
20945,15,56993,mthfr c677t polymorphism,deep-vein thrombosis,PROMOTES
21191,15,57686,dna,organ damage,PROMOTES
21212,15,59101,mthfr 677c>t polymorphism,ivh,PROMOTES
21878,15,55822,f7,coagulation,PROMOTES
23628,15,56160,chi3l1,invasion,PROMOTES
22009,15,55513,fxiii val34leu polymorphism,thrombosis,PROMOTES
22018,15,55569,mir-203,metastasis,PROMOTES
22823,15,61044,fv leiden,survival advantage in sepsis,PROMOTES
24370,15,55639,mir-200a-3p,inflammation,PROMOTES
22286,15,60529,pai-1 4g allele,venous thromboembolism (vte) risk,PROMOTES
20877,15,55643,factor v leiden,early onset gestational hypertension,PROMOTES
24373,15,55639,mir-514a-5p,inflammation,PROMOTES
21040,15,55666,e-selectin s128r mutation,coronary heart disease,PROMOTES
20940,15,55615,pc deficiency,inflammatory response,PROMOTES
24221,15,64585,nlrc4 gene mutation,il-1β overproduction,PROMOTES
21565,15,55812,lpa polymorphisms,coronary artery disease,PROMOTES
21916,15,55513,jak2 mutation,thrombosis,PROMOTES
25654,15,69790,germline brca2 pathogenic variants,prostate cancer death,PROMOTES
21554,15,57597,prothrombin g20210 mutation,intra-arterial thrombus,PROMOTES
24044,15,55568,mir-221/222,angiogenesis,PROMOTES
22585,15,66184,tmprss2,viral ingress,PROMOTES
22136,15,55620,atg5,pulmonary thrombosis,PROMOTES
22648,15,63213,sod1 deficiency,impaired responses to endothelium-dependent vasodilators,PROMOTES
24664,15,55772,cse knockout,hypertension,PROMOTES
23046,15,56062,mir-26a,tumor growth,PROMOTES
25030,15,55568,mir-1229,angiogenesis,PROMOTES
20877,15,56005,factor v leiden,thrombus stability,PROMOTES
20913,15,59899,factor v g1691a mutation,internal jugular vein thrombosis,PROMOTES
21218,15,62555,braf mutation,eosinophilic cystitis,PROMOTES
23857,15,63479,pik3ca activating mutations,segmental overgrowth,PROMOTES
21204,15,55890,jak2v617f mutation,vasculopathy,PROMOTES
21293,15,56798,fip1l1-pdgfra fusion gene,hypereosinophilia,PROMOTES
20871,15,62294,factor v leiden mutation,microthrombi development,PROMOTES
25028,15,67461,mir-25-3p,pmn and metastasis,PROMOTES
20871,15,55683,factor v leiden mutation,thrombotic events,PROMOTES
22836,15,61090,nlrp3 sporadic de novo mutations,neonatal-onset multisystem inflammatory disease,PROMOTES
21032,15,55528,prothrombin 20210a mutation,venous thrombosis,PROMOTES
21917,15,55595,tet2 mutation,atherosclerosis,PROMOTES
20893,15,55513,prothrombin g20210a polymorphism,thrombosis,PROMOTES
22101,15,63350,cyp2c9*3 variant,hemorrhage risk,PROMOTES
21718,15,55544,homozygous factor v leiden,venous thromboembolism,PROMOTES
20877,15,56403,factor v leiden,thrombus size,PROMOTES
22815,15,55595,mir-33,atherosclerosis,PROMOTES
21010,15,55520,tm deficiency,fibrin deposition,PROMOTES
23457,15,62531,mir-532,cardiac vascularization,PROMOTES
23103,15,65640,neat1,aim2 inflammasome activation,PROMOTES
24195,15,56919,jak2 mutations,hypercoagulation,PROMOTES
21598,15,57701,increased pai-1 expression,reduced fibrinolysis,PROMOTES
20983,15,56021,procr +/− genotype,coagulant response,PROMOTES
23628,15,55568,chi3l1,angiogenesis,PROMOTES
25262,15,55534,grk6 deficiency,thrombus formation,PROMOTES
25552,15,63561,cftr mutation,chronic infection,PROMOTES
21939,15,55513,gpibα gain-of-function mutations,thrombosis,PROMOTES
22603,15,55513,mthfr 677tt,thrombosis,PROMOTES
20871,15,56105,factor v leiden mutation,coagulation disorders,PROMOTES
21916,15,55528,jak2 mutation,venous thrombosis,PROMOTES
24714,15,56330,mas receptor genetic deletion,pulmonary inflammation,PROMOTES
24931,15,56047,uba1,systemic inflammation,PROMOTES
22585,15,67511,tmprss2,sars-cov-2 entry and infection,PROMOTES
25570,15,55529,cd69 deficiency,thrombophilia,PROMOTES
22019,15,56098,mir-92a,oxidative stress,PROMOTES
22224,15,55528,thbd c.−151g>t variant,venous thrombosis,PROMOTES
24190,15,64434,pik3ca,venous malformations,PROMOTES
22661,15,55615,mir-155,inflammatory response,PROMOTES
21204,15,63602,jak2v617f mutation,platelet-dependent thrombin generation,PROMOTES
25480,15,55595,mir-144-3p,atherosclerosis,PROMOTES
23774,15,63352,ctla4 silencing,antitumor response,PROMOTES
22299,15,59672,iron gene,lung infection,PROMOTES
20981,15,58772,jak2 v617f mutation,myeloproliferative neoplasm,PROMOTES
25552,15,56130,cftr mutation,airway inflammation,PROMOTES
20876,15,55513,g20210a prothrombin gene mutation,thrombosis,PROMOTES
24220,15,64584,nlrp3 gene mutation,il-1β overactivation,PROMOTES
24124,15,64172,dla,canine diabetes mellitus,PROMOTES
22307,15,55513,prothrombin yukuhashi mutation,thrombosis,PROMOTES
25499,15,55605,mir-146a deficiency,arterial thrombosis,PROMOTES
22494,15,55513,factor ii gene mutation,thrombosis,PROMOTES
21191,15,55822,dna,coagulation,PROMOTES
22755,15,60952,cc genotype of jak2 rs4495487,bcs,PROMOTES
21117,15,58967,zpi deficiency,thrombotic response to vascular injury,PROMOTES
22585,15,65805,tmprss2,viral entry,PROMOTES
25383,15,68825,stat4 risk allele,nephritis risk,PROMOTES
20877,15,55551,factor v leiden,hypercoagulability,PROMOTES
23864,15,55528,fix arg338leu mutation,venous thrombosis,PROMOTES
21010,15,56138,tm deficiency,thrombus volume,PROMOTES
22295,15,55568,mir-150,angiogenesis,PROMOTES
25397,15,55575,coexistence of mthfr c677t and pai-1 4g/5g homozygous mutations,venous thromboembolism risk,PROMOTES
24965,15,55605,homozygous prothrombin gene mutation,arterial thrombosis,PROMOTES
23926,15,63601,protein c silencing,spontaneous atherothrombosis,PROMOTES
21355,15,55672,t/t genotype of fxii 46c>t,ischemic stroke,PROMOTES
22027,15,66358,mthfr gene polymorphisms,microvascular disease,PROMOTES
21406,15,57133,vkorc1 -1639 g/a,elevated inr,PROMOTES
22767,15,60987,serpinc1 insufficiency,renal oxidative stress,PROMOTES
21843,15,55513,factor ii g20210a mutation,thrombosis,PROMOTES
21728,15,56865,pai-1 polymorphism,thrombotic risk,PROMOTES
21935,15,56250,prothrombin gene mutation g20210a,recurrent pregnancy loss,PROMOTES
20877,15,56233,factor v leiden,dvt,PROMOTES
23036,15,61573,mirnas from astrocyte-derived exosomes,establishment of brain metastasis,PROMOTES
24016,15,63865,circfoxo3,cardiac senescence,PROMOTES
21077,15,56081,vhl 598c>t mutation,thromboses,PROMOTES
20955,15,55513,prothrombin gene mutation,thrombosis,PROMOTES
21618,15,55513,human thrombomodulin knockin,thrombosis,PROMOTES
24711,15,57724,ace2 deficiency,acute respiratory distress syndrome,PROMOTES
20871,15,55551,factor v leiden mutation,hypercoagulability,PROMOTES
24558,15,55513,fga mutation,thrombosis,PROMOTES
24460,15,55772,igf1 deletion,hypertension,PROMOTES
20929,15,63378,ace d allele,myocardial infarction (mi) risk,PROMOTES
23787,15,63378,apoe e4 allele,myocardial infarction (mi) risk,PROMOTES
22377,15,59906,h3k4me3,etp tm+,PROMOTES
23151,13,58103,fxi deficiency,atherosclerosis progression,INHIBITS
21417,13,57150,tnf-alpha receptor deficiency,dss-enhanced thrombus formation,INHIBITS
22137,13,64367,atg7,intracellular bacteria survival,INHIBITS
22465,13,56062,mir-24,tumor growth,INHIBITS
21039,13,56223,β3 (l746a) mutation,ferric chloride–induced thrombosis of the carotid artery,INHIBITS
21029,13,56192,β-fibrinogen -455a allele,thrombosis risk associated with factor v leiden,INHIBITS
23022,13,61622,pad4 deficiency,age-related decline in heart function,INHIBITS
22612,13,56236,r9d14t aptamer,fibrin clot formation,INHIBITS
22196,13,56867,p2y12 deficiency,pulmonary metastasis,INHIBITS
22094,13,55568,efemp1,angiogenesis,INHIBITS
20928,13,55639,epo,inflammation,INHIBITS
24192,13,64444,mir-335-5p,alveolar bone loss,INHIBITS
21736,13,57620,α-globin gene variant,disease expression,INHIBITS
22676,13,55929,anxa5,coagulation cascade,INHIBITS
23539,13,59703,mirna let7c,renal fibrosis,INHIBITS
23395,13,56337,acid sphingomyelinase deficiency,lung inflammation,INHIBITS
25169,13,67964,blood group abo polymorphism,sars‐cov‐2 infection,INHIBITS
23151,13,55513,fxi deficiency,thrombosis,INHIBITS
23057,13,55605,mir-181b,arterial thrombosis,INHIBITS
25457,13,69047,mthfr gg genotype,cs-related disease,INHIBITS
25615,13,62630,mir-4485-3p,fracture healing,INHIBITS
21875,13,55605,hrg,arterial thrombosis,INHIBITS
21399,13,57090,nrf2,vaso-obliteration,INHIBITS
25508,13,56062,mir-28-3p,tumor growth,INHIBITS
25133,13,56400,mir-361-5p,thrombus resolution,INHIBITS
23370,13,55513,mpl and calreticulin mutations,thrombosis,INHIBITS
23022,13,55615,pad4 deficiency,inflammatory response,INHIBITS
22862,13,55568,mir-29,angiogenesis,INHIBITS
23915,13,63578,mir-495,thrombus weight/length ratio,INHIBITS
24288,13,55865,il-1 rs1800587 aa genotype,vte,INHIBITS
20928,13,55615,epo,inflammatory response,INHIBITS
21875,13,61255,hrg,nucleic acid–driven coagulation,INHIBITS
25347,13,68674,mir-296-5p,deep venous thrombosis formation,INHIBITS
23588,13,55528,pcsk9 deficiency,venous thrombosis,INHIBITS
23810,13,59014,mir-425,cardiac fibrosis,INHIBITS
20989,13,56033,calu,warfarin effect,INHIBITS
23915,13,63577,mir-495,fv thrombosis,INHIBITS
20928,13,59175,epo,pro-inflammatory activities,INHIBITS
22991,13,55607,fxiii-a leu34 allele,myocardial infarction,INHIBITS
21087,13,58305,pros1,periodontitis,INHIBITS
20928,13,57158,epo,neointimal hyperplasia,INHIBITS
24565,13,55528,r858 allele,venous thrombosis,INHIBITS
23719,13,56016,feliap,plasma clotting,INHIBITS
23336,13,62198,bnp over-expression,pan-like lesion incidence,INHIBITS
25548,13,55577,inhibition of mir-503-5p,atherosclerotic lesion formation,INHIBITS
24102,13,55528,p53 deletion,venous thrombosis,INHIBITS
21248,13,56731,epcr overexpression,brain edema,INHIBITS
24071,13,55534,mlkl deficiency,thrombus formation,INHIBITS
22429,13,55544,procr h1 haplotype,venous thromboembolism,INHIBITS
21666,13,55568,mir-34a,angiogenesis,INHIBITS
24585,13,62928,pad4 knockout,acute pancreatitis severity,INHIBITS
21250,13,56735,factor xii (fxii) deficiency,polyp-induced vascular leakage,INHIBITS
25370,13,56144,gimap5,liver fibrosis,INHIBITS
22471,13,55534,ra-36 aptamer,thrombus formation,INHIBITS
23811,13,59014,mir-744,cardiac fibrosis,INHIBITS
20898,13,55607,gpibα kozak tc genotype,myocardial infarction,INHIBITS
21875,13,69698,hrg,intrinsic pathway of coagulation cascade,INHIBITS
24930,13,62261,hk deficiency,kidney injury,INHIBITS
21762,13,55513,c6 deficiency,thrombosis,INHIBITS
21113,13,56400,ho-1 deficiency,thrombus resolution,INHIBITS
24930,13,56202,hk deficiency,blood-brain barrier disruption,INHIBITS
23112,13,61751,syndecan-1 null,p. aeruginosa-induced lung injury,INHIBITS
23264,13,59858,mir-92b,invasion and metastasis,INHIBITS
24205,13,64493,fcγriia hh131 genotype,macrovascular thrombosis,INHIBITS
22598,13,60546,mir-520g,procoagulant activity of tf,INHIBITS
23104,13,56160,let-7e,invasion,INHIBITS
25156,13,67922,stc1 depletion,ovarian development,INHIBITS
25567,13,55607,c3a receptor knockout,myocardial infarction,INHIBITS
22079,13,59028,p-selectin null trait,thrombosis in gata1 low mice,INHIBITS
21399,13,56431,nrf2,vascular inflammation,INHIBITS
21364,13,55513,mir-126,thrombosis,INHIBITS
24118,13,64158,mir-30b,myocardial cell damage,INHIBITS
25113,13,55760,acsl3 deletion,fibrosis,INHIBITS
23419,13,62478,grhl2,diabetes insipidus,INHIBITS
24914,13,57686,notch3 deficiency,organ damage,INHIBITS
20877,13,64945,factor v leiden,pulmonary embolism burden,INHIBITS
24930,13,55640,hk deficiency,chronic inflammation,INHIBITS
20928,13,58737,epo,myocardial dysfunction,INHIBITS
21546,13,55812,fgb rs1800787 snp,coronary artery disease,INHIBITS
21086,13,60665,par2 deficiency,high fat diet-induced obesity,INHIBITS
25044,13,55528,mir-136-5p,venous thrombosis,INHIBITS
20928,13,56361,epo,excitotoxicity,INHIBITS
21628,13,55681,caldag-gefi deficiency,thrombocytopenia,INHIBITS
23506,13,55534,idh1 mutation,thrombus formation,INHIBITS
24130,13,55981,gpr151,type 2 diabetes,INHIBITS
23279,13,56806,genetic ablation of factor xii,thrombus propagation,INHIBITS
25479,13,69134,mir-126p,atherosclerotic cardiovascular diseases,INHIBITS
20949,13,55568,thrombospondin-1,angiogenesis,INHIBITS
24846,13,66807,app a673t mutation,aβ production,INHIBITS
20928,13,66964,epo,inflammation in white adipose tissue,INHIBITS
21865,13,55595,ldlr,atherosclerosis,INHIBITS
23514,13,55544,actr2,venous thromboembolism,INHIBITS
23678,13,55534,mac-1 deficiency,thrombus formation,INHIBITS
24930,13,67145,hk deficiency,brain infarct size,INHIBITS
21087,13,59143,pros1,colitis,INHIBITS
21672,13,55534,pai-1 ko,thrombus formation,INHIBITS
24528,13,60413,alox15 deletion,aaa development,INHIBITS
21332,13,56870,apoh promoter -643c allele,carotid plaque formation,INHIBITS
24130,13,55959,gpr151,obesity,INHIBITS
24565,13,55511,r858 allele,activated protein c resistance,INHIBITS
24687,13,55639,mir-340-5p,inflammation,INHIBITS
21399,13,58369,nrf2,hydrogen peroxide-induced cytotoxicity,INHIBITS
23022,13,61621,pad4 deficiency,age-related organ fibrosis,INHIBITS
25154,13,67922,mir-101-3p,ovarian development,INHIBITS
24131,13,58545,il33,asthma,INHIBITS
24192,13,67193,mir-335-5p,vulnerable plaque formation,INHIBITS
22462,13,55865,fibrinogen-β −455g/a mutation,vte,INHIBITS
24930,13,55639,hk deficiency,inflammation,INHIBITS
21866,13,55636,cdkn2a,atherogenesis,INHIBITS
23880,13,55821,upa up-regulation,pulmonary fibrosis,INHIBITS
21039,13,55555,β3 (l746a) mutation,pulmonary thromboembolism,INHIBITS
25508,13,69276,mir-28-3p,engraftment of rms cells into bone marrow,INHIBITS
23997,13,61218,padi4 gene disruption,venous thrombus size,INHIBITS
23014,13,61501,genetic deletion of psgl-1,visceral fat inflammation,INHIBITS
23513,13,55544,factor 3,venous thromboembolism,INHIBITS
25017,13,55639,linc00987,inflammation,INHIBITS
25567,13,64937,c3a receptor knockout,experimental stroke,INHIBITS
21364,13,56431,mir-126,vascular inflammation,INHIBITS
20981,13,55534,jak2 v617f mutation,thrombus formation,INHIBITS
21344,13,58752,annexin a2 deficiency,retinal neovascularization,INHIBITS
22562,13,59377,downregulation of mir-181a,cellular apoptosis,INHIBITS
23965,13,58747,enos gene,vaso-occlusion,INHIBITS
21364,13,55956,mir-126,atherosclerotic process,INHIBITS
25066,13,55534,microrna-126,thrombus formation,INHIBITS
22298,13,58079,il6 −174 gg genotype,ards,INHIBITS
21364,13,55760,mir-126,fibrosis,INHIBITS
25285,13,68368,hsd17b13,progression to cirrhosis,INHIBITS
25347,13,56098,mir-296-5p,oxidative stress,INHIBITS
23935,13,55639,mir-93,inflammation,INHIBITS
23091,13,55605,high molecular weight kininogen deficiency,arterial thrombosis,INHIBITS
22019,13,55568,mir-92a,angiogenesis,INHIBITS
23882,13,55971,beta-catenin,wound healing,INHIBITS
23151,13,55595,fxi deficiency,atherosclerosis,INHIBITS
22218,13,55534,f2 gene mutation,thrombus formation,INHIBITS
24930,13,67146,hk deficiency,intracerebral thrombosis,INHIBITS
23502,13,57113,foxp3,autoimmunity,INHIBITS
23185,13,61853,gamma-retroviral vectors,insertional mutagenesis,INHIBITS
21364,13,57141,mir-126,cardiac hypertrophy,INHIBITS
24527,13,60413,alox12 deletion,aaa development,INHIBITS
20980,13,55595,nox4,atherosclerosis,INHIBITS
23570,13,55569,let-7a,metastasis,INHIBITS
24044,13,55568,mir-221/222,angiogenesis,INHIBITS
23881,13,55821,pai-1 down-regulation,pulmonary fibrosis,INHIBITS
21248,13,56732,epcr overexpression,blood-brain barrier permeability increase,INHIBITS
21227,13,56701,gli3,extra digit formation,INHIBITS
23152,13,61802,fxi reduction,thrombus amplification,INHIBITS
25509,13,56062,mir-193a-5p,tumor growth,INHIBITS
24131,13,61685,il33,allergic disease,INHIBITS
20967,13,55595,apoe,atherosclerosis,INHIBITS
21522,13,56125,mir-146a,inflammatory responses,INHIBITS
24169,13,64367,ulk1,intracellular bacteria survival,INHIBITS
20928,13,59174,epo,ischemia-induced cell death,INHIBITS
25017,13,56098,linc00987,oxidative stress,INHIBITS
20928,13,59176,epo,tissue destructive processes,INHIBITS
25113,13,60632,acsl3 deletion,pancreatic cancer progression,INHIBITS
21628,13,55513,caldag-gefi deficiency,thrombosis,INHIBITS
25456,13,69047,mthfr tg genotype,cs-related disease,INHIBITS
24843,13,55595,ager deletion,atherosclerosis,INHIBITS
24621,13,65910,fxiii-a val34leu polymorphism,fibrinogen concentration effect on clot mass,INHIBITS
20928,13,56098,epo,oxidative stress,INHIBITS
24818,13,58419,mir-106b-5p,pulmonary vascular remodeling,INHIBITS
22676,13,61999,anxa5,coagulation processes,INHIBITS
24814,13,55615,mir-9-5p,inflammatory response,INHIBITS
22645,13,57399,tf cytoplasmic domain deletion,weight gain,INHIBITS
21083,13,55569,nm23,metastasis,INHIBITS
24286,13,55865,il-1 rs2234650 cc+ct genotype,vte,INHIBITS
24170,13,64367,beclin1,intracellular bacteria survival,INHIBITS
23150,13,55595,fviii deficiency,atherosclerosis,INHIBITS
22031,13,55552,factor xi deficiency,thromboembolism,INHIBITS
22682,13,60776,pad4-deficiency,lps-induced sepsis,INHIBITS
25509,13,69276,mir-193a-5p,engraftment of rms cells into bone marrow,INHIBITS
20962,13,56454,cfh,complement activation in atherogenesis,INHIBITS
21289,13,56795,kcnh2-g628s mutation,ventricular arrhythmia inducibility,INHIBITS
24133,13,55812,pde3b,coronary artery disease,INHIBITS
23022,13,56526,pad4 deficiency,organ dysfunction,INHIBITS
24022,13,55513,plcb4 loss of function,thrombosis,INHIBITS
24712,13,56337,ace2 overexpression,lung inflammation,INHIBITS
21399,13,58370,nrf2,endothelial cell dysfunction induced by hyperglycemia,INHIBITS
23517,13,55513,microrna,thrombosis,INHIBITS
21928,13,69134,mir-30c,atherosclerotic cardiovascular diseases,INHIBITS
20871,10,56018,factor v leiden mutation,venous thromboembolic events,CONTRIBUTES_TO
22119,10,56137,grk5,vascular remodeling,CONTRIBUTES_TO
29759,21,63113,integrin β3,occult malignant tumor,ASSOCIATED_WITH
30200,21,63485,catalase,elevated ldl-c,ASSOCIATED_WITH
30554,21,59775,high ast,total vte,ASSOCIATED_WITH
36693,21,65740,galectin-8,pathological lymphangiogenesis,ASSOCIATED_WITH
26763,21,57200,anti-plasminogen antibodies,venous thrombotic events,ASSOCIATED_WITH
25873,21,55607,protein c deficiency,myocardial infarction,ASSOCIATED_WITH
36031,21,56252,anti-myeloperoxidase antibodies,vasculitis,ASSOCIATED_WITH
27618,21,69739,fgfr1,venous wall tumor invasion,ASSOCIATED_WITH
37671,21,55513,anti-heparin/pf4 antibody levels,thrombosis,ASSOCIATED_WITH
26141,21,55818,atrial natriuretic peptide,left ventricular dysfunction,ASSOCIATED_WITH
26052,21,55694,hla-b51,behçet’s disease,ASSOCIATED_WITH
25998,21,56805,mmps,varicose veins,ASSOCIATED_WITH
26111,21,60025,tf plasma levels,outcome of severe sepsis,ASSOCIATED_WITH
39411,21,61455,factor xi inhibition,reduced risk of venous thromboembolism,ASSOCIATED_WITH
25935,21,55748,pai-1,thromboembolic events,ASSOCIATED_WITH
26317,21,57512,fviii,ic-imt,ASSOCIATED_WITH
32816,21,56235,cetp lipid transfer activity,vte risk,ASSOCIATED_WITH
25830,21,56174,tissue factor,thrombosis risk,ASSOCIATED_WITH
35473,21,64441,hla-b27,axial spondyloarthritis,ASSOCIATED_WITH
26016,21,60537,crp,poorer lung function,ASSOCIATED_WITH
26652,21,59014,timps,cardiac fibrosis,ASSOCIATED_WITH
25866,21,55544,soluble p-selectin,venous thromboembolism,ASSOCIATED_WITH
28998,21,61436,mmp-1,skin change complications,ASSOCIATED_WITH
26012,21,63014,bnp,right ventricular overload,ASSOCIATED_WITH
34782,21,60830,serum angiotensin converting enzyme,sarcoidosis,ASSOCIATED_WITH
29625,21,57141,sst2,cardiac hypertrophy,ASSOCIATED_WITH
32559,21,61658,pla2 variant of platelet glycoprotein iiia,ivf implantation failure,ASSOCIATED_WITH
28317,21,55635,prolactin,endothelial dysfunction,ASSOCIATED_WITH
27009,21,55678,heparanase,cancer,ASSOCIATED_WITH
33998,21,55513,anti-pf4/heparin igg,thrombosis,ASSOCIATED_WITH
35481,21,59457,soluble cd163,coronary atherosclerosis,ASSOCIATED_WITH
30814,21,68431,jak inhibitors,herpes zoster infection,ASSOCIATED_WITH
25830,21,55678,tissue factor,cancer,ASSOCIATED_WITH
39847,21,69714,fabp3,qtc interval,ASSOCIATED_WITH
33209,21,62356,tlr3 mutations,failed immune response,ASSOCIATED_WITH
25983,21,55524,endothelin-1,central retinal vein occlusion,ASSOCIATED_WITH
26342,21,56917,adamts13,hepatic encephalopathy,ASSOCIATED_WITH
32275,21,61435,adamts-7,cvd initial stages,ASSOCIATED_WITH
26569,21,55513,protein z,thrombosis,ASSOCIATED_WITH
26911,21,55576,tfpi,hypercoagulable state,ASSOCIATED_WITH
27597,21,63264,vimentin,venous leiomyosarcoma,ASSOCIATED_WITH
25874,21,57967,protein s deficiency,spontaneous carotid cavernous fistula,ASSOCIATED_WITH
39020,21,68755,tf-ag,progressive disease,ASSOCIATED_WITH
26743,21,56865,fxi,thrombotic risk,ASSOCIATED_WITH
28097,21,64384,procalcitonin,infectious fever,ASSOCIATED_WITH
25892,21,62798,vwf,concealed crf,ASSOCIATED_WITH
25834,21,56098,angiotensin ii,oxidative stress,ASSOCIATED_WITH
39037,21,69550,nrp1,tumourigenesis and malignancy,ASSOCIATED_WITH
26473,21,66263,albumin,30-day mortality in postoperative acute pulmonary embolism,ASSOCIATED_WITH
25935,21,69772,pai-1,hypofibrinolytic environment,ASSOCIATED_WITH
26258,21,56201,svcam-1,metabolic syndrome,ASSOCIATED_WITH
37771,21,55575,vwf/coagulation fviii levels,venous thromboembolism risk,ASSOCIATED_WITH
26651,21,56265,soluble cd95,churg-strauss syndrome,ASSOCIATED_WITH
28305,21,58835,vwf:ag,serositis,ASSOCIATED_WITH
36363,21,57073,surfactant protein-d,disease pathogenesis,ASSOCIATED_WITH
30022,21,55582,serpinb2,fibrinolysis,ASSOCIATED_WITH
34767,21,63768,b2-cic,complement consumption,ASSOCIATED_WITH
31257,21,55927,anti-synthetase autoantibodies,interstitial lung disease,ASSOCIATED_WITH
25948,21,55593,troponin,peripheral embolization,ASSOCIATED_WITH
25998,21,56156,mmps,cardiovascular diseases,ASSOCIATED_WITH
29843,21,59126,thyroid autoantibodies,progression to overt hypothyroidism,ASSOCIATED_WITH
39047,21,68391,serum neurofilament light chain,need for mechanical ventilation,ASSOCIATED_WITH
26931,21,69437,hmgb1,postoperative ae-ild,ASSOCIATED_WITH
31088,21,63868,vegf inhibitors,increased rates of arterial thrombosis,ASSOCIATED_WITH
27052,21,57281,α2-antiplasmin,brain swelling,ASSOCIATED_WITH
28642,21,63430,apelin,acute coronary syndrome,ASSOCIATED_WITH
26883,21,55639,c-reactive protein,inflammation,ASSOCIATED_WITH
27515,21,56511,asporin,intervertebral disc degeneration,ASSOCIATED_WITH
29422,21,57877,lipoprotein(a) (lp(a)),stroke risk,ASSOCIATED_WITH
27681,21,57692,gelsolin,cardiac disease severity,ASSOCIATED_WITH
25877,21,55575,factor viii,venous thromboembolism risk,ASSOCIATED_WITH
26181,21,66520,anti-phospholipid antibodies,cns manifestations,ASSOCIATED_WITH
26016,21,57019,crp,coronary heart disease events,ASSOCIATED_WITH
25839,21,55515,antiphospholipid antibodies,deep vein thrombosis,ASSOCIATED_WITH
31831,21,59528,plk-1,tumorigenesis,ASSOCIATED_WITH
26258,21,55635,svcam-1,endothelial dysfunction,ASSOCIATED_WITH
26911,21,62786,tfpi,coagulation dysfunction,ASSOCIATED_WITH
25830,21,60499,tissue factor,"severe, progressive ipf disease",ASSOCIATED_WITH
25830,21,55605,tissue factor,arterial thrombosis,ASSOCIATED_WITH
39103,21,68888,anti-nxp-2,calcinosis,ASSOCIATED_WITH
26268,21,55935,b7-h1,higher tumor grade,ASSOCIATED_WITH
35181,21,55544,gestodene,venous thromboembolism,ASSOCIATED_WITH
34773,21,55865,inherited deficiencies of antithrombin iii,vte,ASSOCIATED_WITH
32311,21,57289,iga ab2gpi antibodies,increased mortality,ASSOCIATED_WITH
34711,21,56149,antiphospholipid antibody,cerebral vein thrombosis,ASSOCIATED_WITH
25882,21,61265,tissue plasminogen activator,improved functional outcomes,ASSOCIATED_WITH
36538,21,57235,traf3,myocardial ischemia-reperfusion injury,ASSOCIATED_WITH
27335,21,56853,apo a-i,unprovoked vte,ASSOCIATED_WITH
29584,21,55769,hs-crp,atrial fibrillation,ASSOCIATED_WITH
29049,21,55595,rocks,atherosclerosis,ASSOCIATED_WITH
25828,21,60488,anticardiolipin antibodies,thymic abnormalities,ASSOCIATED_WITH
26342,21,57919,adamts13,renal dysfunction,ASSOCIATED_WITH
25858,21,55551,fibrinogen,hypercoagulability,ASSOCIATED_WITH
38563,21,68197,cd19 cell count,disease deterioration,ASSOCIATED_WITH
31895,21,66008,ntprobnp,processing speed change,ASSOCIATED_WITH
27191,21,55569,ngal,metastasis,ASSOCIATED_WITH
26616,21,60194,kit,gonadal hypoplasia,ASSOCIATED_WITH
26389,21,55513,infliximab,thrombosis,ASSOCIATED_WITH
26263,21,56201,ace,metabolic syndrome,ASSOCIATED_WITH
26307,21,55988,anti-srp autoantibodies,necrotising myopathy,ASSOCIATED_WITH
38790,21,59511,su-par,ae-ipf,ASSOCIATED_WITH
36597,21,65611,anti-tnf therapies,progressive multifocal leukoencephalopathy,ASSOCIATED_WITH
25882,21,55513,tissue plasminogen activator,thrombosis,ASSOCIATED_WITH
32277,21,61436,adam-17,skin change complications,ASSOCIATED_WITH
33225,21,62377,fstl1,30-day mortality in acute pulmonary embolism,ASSOCIATED_WITH
26195,21,57208,fviia,coronary heart disease risk,ASSOCIATED_WITH
29175,21,56765,tat,blood coagulation activation,ASSOCIATED_WITH
26214,21,55513,gas6,thrombosis,ASSOCIATED_WITH
26245,21,55681,heparin-pf4 complex,thrombocytopenia,ASSOCIATED_WITH
38639,21,57043,lupus anticoagulant and anticardiolipin antibodies,cteph,ASSOCIATED_WITH
30562,21,55544,sp-selectin,venous thromboembolism,ASSOCIATED_WITH
29496,21,55528,levonorgestrel intrauterine system,venous thrombosis,ASSOCIATED_WITH
25877,21,55551,factor viii,hypercoagulability,ASSOCIATED_WITH
26106,21,55919,tf,coagulation activation,ASSOCIATED_WITH
26883,21,68268,c-reactive protein,orotracheal intubation,ASSOCIATED_WITH
30595,21,63512,histone h4,loss of endogenous anticoagulant potential,ASSOCIATED_WITH
30087,21,56254,m2-muscarinic receptor autoantibodies,fetal growth restriction,ASSOCIATED_WITH
28826,21,55683,pd-apcc,thrombotic events,ASSOCIATED_WITH
25830,21,57589,tissue factor,cancer metastasis,ASSOCIATED_WITH
25874,21,64008,protein s deficiency,umbilical artery thrombosis,ASSOCIATED_WITH
36685,21,58914,cemip,osteoarthritis,ASSOCIATED_WITH
28305,21,58964,vwf:ag,annualized bleeding rate,ASSOCIATED_WITH
29597,21,55605,elevated fibrinogen levels,arterial thrombosis,ASSOCIATED_WITH
26421,21,55639,fsap,inflammation,ASSOCIATED_WITH
30880,21,56174,rgs18,thrombosis risk,ASSOCIATED_WITH
28774,21,58053,raised anticardiolipin antibodies,cerebral venous sinus thrombosis,ASSOCIATED_WITH
25953,21,56899,mmp-9,hemorrhage,ASSOCIATED_WITH
38925,21,61109,pc4d,increased platelet aggregation,ASSOCIATED_WITH
26421,21,55672,fsap,ischemic stroke,ASSOCIATED_WITH
36896,21,55635,ace2 downregulation,endothelial dysfunction,ASSOCIATED_WITH
25873,21,55716,protein c deficiency,advanced liver fibrosis staging,ASSOCIATED_WITH
36381,21,55772,r/pr,hypertension,ASSOCIATED_WITH
29050,21,60199,traf6,lung ischemia-reperfusion injury,ASSOCIATED_WITH
30943,21,59474,low papp-a level,abnormal placentation,ASSOCIATED_WITH
26911,21,59438,tfpi,bleeding tendency,ASSOCIATED_WITH
36692,21,65739,seh,chronic kidney diseases,ASSOCIATED_WITH
27583,21,67745,cathepsin k,postoperative pain development,ASSOCIATED_WITH
34747,21,62347,pdgfrα expression,advanced stage,ASSOCIATED_WITH
25922,21,63154,protein c,recurrent deep vein thrombosis,ASSOCIATED_WITH
25997,21,70025,mmp-3,osteoarthritis severity,ASSOCIATED_WITH
26036,21,63154,antithrombin iii,recurrent deep vein thrombosis,ASSOCIATED_WITH
25881,21,62848,von willebrand factor,poor survival,ASSOCIATED_WITH
25839,21,57043,antiphospholipid antibodies,cteph,ASSOCIATED_WITH
26317,21,55528,fviii,venous thrombosis,ASSOCIATED_WITH
26873,21,55513,von willebrand factor antigen,thrombosis,ASSOCIATED_WITH
25873,21,57829,protein c deficiency,short clot lysis time,ASSOCIATED_WITH
26052,21,60812,hla-b51,behçet's disease risk,ASSOCIATED_WITH
28712,21,58014,anti-β2gpi igg,myocardial perfusion defects,ASSOCIATED_WITH
30673,21,68426,plasma fibrinogen,progression to ards,ASSOCIATED_WITH
25892,21,69577,vwf,periventricular hemorrhage,ASSOCIATED_WITH
35966,21,64911,carbohydrate antigen-125,malignant pelvic tumor,ASSOCIATED_WITH
27259,21,56501,her2,pancreatic cancer,ASSOCIATED_WITH
25995,21,55841,tlr4,ulcerative colitis,ASSOCIATED_WITH
26106,21,64806,tf,poor survival in pdac,ASSOCIATED_WITH
26876,21,55576,cd62p,hypercoagulable state,ASSOCIATED_WITH
25922,21,55534,protein c,thrombus formation,ASSOCIATED_WITH
26855,21,59264,hscrp,risk of future vascular events,ASSOCIATED_WITH
29112,21,56082,cox2,vascular injury,ASSOCIATED_WITH
32828,21,61935,c1q-binding dsa,shorter time to graft failure,ASSOCIATED_WITH
27680,21,55639,serpina1,inflammation,ASSOCIATED_WITH
25877,21,62848,factor viii,poor survival,ASSOCIATED_WITH
27614,21,57122,γ′ fibrinogen,tissue inflammation,ASSOCIATED_WITH
26445,21,58557,at iii deficiency,thromboembolic disease,ASSOCIATED_WITH
25935,21,56233,pai-1,dvt,ASSOCIATED_WITH
25922,21,60667,protein c,catheter-related thrombosis,ASSOCIATED_WITH
25874,21,58803,protein s deficiency,increased thrombosis risk,ASSOCIATED_WITH
33131,21,58451,ungal,acute kidney injury,ASSOCIATED_WITH
29954,21,59195,plasma transglutaminase,mechanical and chemical stability of clots and thrombi,ASSOCIATED_WITH
38390,21,67085,elevated cardiac troponin i,covid-19 severity,ASSOCIATED_WITH
25877,21,60933,factor viii,clot permeability,ASSOCIATED_WITH
33652,21,58447,secretory phospholipase a2,acute chest syndrome,ASSOCIATED_WITH
28712,21,58011,anti-β2gpi igg,augmented autoimmunization,ASSOCIATED_WITH
30032,21,55639,serpinf1,inflammation,ASSOCIATED_WITH
33966,21,55605,iga anti-β2-glycoprotein-i antibodies,arterial thrombosis,ASSOCIATED_WITH
30080,21,55779,pap,cognitive decline,ASSOCIATED_WITH
29173,21,60921,decreased levels of protein s,development of portal vein thrombosis,ASSOCIATED_WITH
25839,21,55516,antiphospholipid antibodies,pulmonary embolism,ASSOCIATED_WITH
27618,21,69741,fgfr1,liver metastases,ASSOCIATED_WITH
25935,21,57162,pai-1,mortality in obstetric sepsis,ASSOCIATED_WITH
26013,21,55606,anp,acute myocardial infarction,ASSOCIATED_WITH
32892,21,69777,anti-ro/ssa antibodies,acute lupus pneumonitis,ASSOCIATED_WITH
25998,21,65158,mmps,pulmonary diseases,ASSOCIATED_WITH
36597,21,65612,anti-tnf therapies,cerebral vasculitis,ASSOCIATED_WITH
26169,21,55792,antiprothrombin antibodies,antiphospholipid syndrome,ASSOCIATED_WITH
39151,21,55528,time-to-peak,venous thrombosis,ASSOCIATED_WITH
25882,21,58325,tissue plasminogen activator,viremia,ASSOCIATED_WITH
29754,21,69478,rheumatoid factor,disease progression in buerger's disease,ASSOCIATED_WITH
26342,21,55605,adamts13,arterial thrombosis,ASSOCIATED_WITH
26643,21,57031,cyp2c9,copd,ASSOCIATED_WITH
25858,21,55513,fibrinogen,thrombosis,ASSOCIATED_WITH
27282,21,61348,troponin i,reduction in lvef,ASSOCIATED_WITH
30701,21,55802,von willebrand factor level,mortality,ASSOCIATED_WITH
28610,21,57927,cd55 deficiency,pnh,ASSOCIATED_WITH
31452,21,55672,active tissue factor,ischemic stroke,ASSOCIATED_WITH
26030,21,61523,bevacizumab,gastrointestinal perforation,ASSOCIATED_WITH
28868,21,58178,syn+ axonal swellings,prolonged survival after tbi,ASSOCIATED_WITH
28853,21,55607,tnfsf4,myocardial infarction,ASSOCIATED_WITH
30783,21,59971,stnf-ri,increased risk of aids-defining events,ASSOCIATED_WITH
39116,21,68912,c-reactive proteins,severe and critical covid-19,ASSOCIATED_WITH
25839,21,68577,antiphospholipid antibodies,more severe respiratory disease,ASSOCIATED_WITH
26016,21,59408,crp,shorter time to next exacerbation,ASSOCIATED_WITH
38220,21,67697,igm anti-phosphatidylserine/prothrombin,pulse wave velocity in control group,ASSOCIATED_WITH
30295,21,55513,anti-phosphatidylserine/prothrombin antibodies,thrombosis,ASSOCIATED_WITH
35905,21,55683,nox2 activation,thrombotic events,ASSOCIATED_WITH
30403,21,59598,"presence of autoantibodies against β1, β2 and α1 adrenoreceptors",increased risk of long-term neonatal hospitalization,ASSOCIATED_WITH
37233,21,57867,stnfr1,survival time,ASSOCIATED_WITH
35649,21,56174,procoagulant proteins,thrombosis risk,ASSOCIATED_WITH
35473,21,68175,hla-b27,reactive arthritis,ASSOCIATED_WITH
31918,21,61061,anticentromere antibodies,lcssc,ASSOCIATED_WITH
26421,21,55515,fsap,deep vein thrombosis,ASSOCIATED_WITH
28317,21,55528,prolactin,venous thrombosis,ASSOCIATED_WITH
34492,21,63547,soluble fibrin monomer complex (sfmc) >12 μg/ml,higher risk of cardiovascular mortality,ASSOCIATED_WITH
25858,21,57242,fibrinogen,tumor necrosis,ASSOCIATED_WITH
38002,21,69563,rituximab therapy,cmv reactivation,ASSOCIATED_WITH
33075,21,55847,proz,recurrent spontaneous abortion,ASSOCIATED_WITH
29050,21,67619,traf6,retinal ischemia-reperfusion injury,ASSOCIATED_WITH
32431,21,59031,hmox1,oxidative stress response,ASSOCIATED_WITH
32274,21,61435,adamts-1,cvd initial stages,ASSOCIATED_WITH
30160,21,56899,ferritin,hemorrhage,ASSOCIATED_WITH
33812,21,56065,anti-saccharomyces cerevisiae antibodies,behçet's disease,ASSOCIATED_WITH
25858,21,57453,fibrinogen,lymph node metastasis,ASSOCIATED_WITH
26252,21,55528,anti-pf4/heparin antibodies,venous thrombosis,ASSOCIATED_WITH
26016,21,58569,crp,severity of infection,ASSOCIATED_WITH
28878,21,62338,sp-a,primary graft dysfunction,ASSOCIATED_WITH
28970,21,65523,anti-beta2-glycoprotein i antibodies,"coronary syndrome, myocardial infarction and stroke",ASSOCIATED_WITH
26972,21,55870,mmp-2,survival,ASSOCIATED_WITH
37515,21,66839,antinuclear antibodies,intracranial arterial stenosis,ASSOCIATED_WITH
32295,21,55513,lupus anticoagulants,thrombosis,ASSOCIATED_WITH
34065,21,68683,l-fabp,adverse events,ASSOCIATED_WITH
36597,21,55538,anti-tnf therapies,multiple sclerosis,ASSOCIATED_WITH
35541,21,61642,opiorphin,priapism,ASSOCIATED_WITH
25877,21,56986,factor viii,crvo,ASSOCIATED_WITH
32061,21,57911,p53 expression,decreased survival,ASSOCIATED_WITH
30017,21,55639,serpina5,inflammation,ASSOCIATED_WITH
28250,21,55678,aggrus,cancer,ASSOCIATED_WITH
25898,21,65984,antithrombin,maximum amplitude,ASSOCIATED_WITH
35960,21,55672,fxi protein levels,ischemic stroke,ASSOCIATED_WITH
25920,21,66160,factor v,thrombomodulin-mediated inhibition of thrombin generation,ASSOCIATED_WITH
32276,21,61436,adam-10,skin change complications,ASSOCIATED_WITH
31829,21,60961,unclassified anticardiolipin antibody,cirrhotic portal vein thrombosis,ASSOCIATED_WITH
32584,21,61682,anti-g-β2gpi,seizure,ASSOCIATED_WITH
32618,21,64466,gper,endocrine resistance,ASSOCIATED_WITH
26923,21,57612,nt-probnp,pulmonary vascular resistance,ASSOCIATED_WITH
30619,21,56899,soluble intracellular adhesion molecule,hemorrhage,ASSOCIATED_WITH
39227,21,68061,sars-cov-2-specific antibodies,severe disease progression,ASSOCIATED_WITH
38065,21,61063,anti-rnap3 antibodies,renal crisis,ASSOCIATED_WITH
25996,21,55527,nf-κb,deep venous thrombosis,ASSOCIATED_WITH
26097,21,55781,anca,systemic vasculitis,ASSOCIATED_WITH
29825,21,55513,haptoglobin,thrombosis,ASSOCIATED_WITH
26883,21,56314,c-reactive protein,all-cause mortality,ASSOCIATED_WITH
30538,21,58542,serum albumin,carotid atherosclerosis progression,ASSOCIATED_WITH
26883,21,55769,c-reactive protein,atrial fibrillation,ASSOCIATED_WITH
26897,21,55959,opg,obesity,ASSOCIATED_WITH
25858,21,63705,fibrinogen,early death,ASSOCIATED_WITH
25935,21,62702,pai-1,poor outcomes,ASSOCIATED_WITH
26790,21,55544,hepcidin,venous thromboembolism,ASSOCIATED_WITH
35024,21,55513,antibodies against domain i of β2-glycoprotein i,thrombosis,ASSOCIATED_WITH
30595,21,60127,histone h4,decrease in platelet count,ASSOCIATED_WITH
26097,21,55516,anca,pulmonary embolism,ASSOCIATED_WITH
27530,21,65340,cd20,diffuse large b cell lymphoma,ASSOCIATED_WITH
25953,21,55637,mmp-9,positive outward remodeling,ASSOCIATED_WITH
39120,21,68683,jak2 inhibition,adverse events,ASSOCIATED_WITH
28616,21,55786,tenascin-c,pulmonary hypertension,ASSOCIATED_WITH
29239,21,55513,s100a8/a9,thrombosis,ASSOCIATED_WITH
34783,21,55812,stlt-1,coronary artery disease,ASSOCIATED_WITH
28610,21,56681,cd55 deficiency,complement-mediated hemolysis,ASSOCIATED_WITH
25858,21,67067,fibrinogen,ascvd,ASSOCIATED_WITH
31379,21,60584,cd31,tumor size,ASSOCIATED_WITH
38753,21,68407,αe expression,clinical response to etrolizumab,ASSOCIATED_WITH
27191,21,55959,ngal,obesity,ASSOCIATED_WITH
25873,21,55748,protein c deficiency,thromboembolic events,ASSOCIATED_WITH
26932,21,56529,cross-reacting antibodies to heat shock proteins,carotid atherosclerosis,ASSOCIATED_WITH
26264,21,65931,ace2,sars-cov-2 infection,ASSOCIATED_WITH
34743,21,56250,hpa-1,recurrent pregnancy loss,ASSOCIATED_WITH
25874,21,59767,protein s deficiency,venous thrombosis risk,ASSOCIATED_WITH
32928,21,55685,anti-ro/ss-a,systemic lupus erythematosus,ASSOCIATED_WITH
30538,21,55575,serum albumin,venous thromboembolism risk,ASSOCIATED_WITH
32701,21,65668,bcr-abl1,bcr-abl1-positive leukemia,ASSOCIATED_WITH
37714,21,56805,micb,varicose veins,ASSOCIATED_WITH
25953,21,58142,mmp-9,embolic events,ASSOCIATED_WITH
26855,21,56384,hscrp,myocarditis,ASSOCIATED_WITH
34137,21,63223,area under the crp curve,incidence of complications,ASSOCIATED_WITH
26855,21,56385,hscrp,cardiac murmur,ASSOCIATED_WITH
25839,21,55725,antiphospholipid antibodies,vascular thrombosis,ASSOCIATED_WITH
38325,21,57668,intratumoral cd8+ cell density,pathologic complete response,ASSOCIATED_WITH
36089,21,63067,circulatory sp-d level,carotid intima-media thickness,ASSOCIATED_WITH
36084,21,57005,igg anti-hdl antibodies,arterial thrombotic events,ASSOCIATED_WITH
25839,21,58053,antiphospholipid antibodies,cerebral venous sinus thrombosis,ASSOCIATED_WITH
31730,21,55765,antibodies to cardiolipin,thrombotic complications,ASSOCIATED_WITH
29050,21,59777,traf6,renal ischemia-reperfusion injury,ASSOCIATED_WITH
26883,21,60021,c-reactive protein,inflammatory conditions,ASSOCIATED_WITH
25892,21,55528,vwf,venous thrombosis,ASSOCIATED_WITH
27576,21,57079,heparin-pf4 antibody,heparin-induced thrombocytopenia and thrombosis,ASSOCIATED_WITH
32082,21,66496,ck-mb,severe covid-19,ASSOCIATED_WITH
37659,21,59404,axl overexpression,resistance to egfr inhibitors,ASSOCIATED_WITH
30291,21,57113,post-translational modifications of net proteins,autoimmunity,ASSOCIATED_WITH
39409,21,61455,fibrinogen gamma chain inhibition,reduced risk of venous thromboembolism,ASSOCIATED_WITH
35449,21,55639,pentraxin-3,inflammation,ASSOCIATED_WITH
34268,21,55802,endocan,mortality,ASSOCIATED_WITH
39595,21,63633,aurka overexpression,genomic instability,ASSOCIATED_WITH
31827,21,55964,oxyhb,vasospasm,ASSOCIATED_WITH
25875,21,56820,activated protein c,severe sepsis mortality benefit,ASSOCIATED_WITH
28867,21,58178,gap43+ axonal swellings,prolonged survival after tbi,ASSOCIATED_WITH
39989,21,61251,fibrinogen activity levels,enhanced thrombin generation,ASSOCIATED_WITH
26743,21,64529,fxi,venous thromboembolism protection,ASSOCIATED_WITH
25839,21,55887,antiphospholipid antibodies,cerebral venous thrombosis,ASSOCIATED_WITH
28838,21,55568,αvβ3,angiogenesis,ASSOCIATED_WITH
29549,21,57213,aqp4,edema formation,ASSOCIATED_WITH
26025,21,57162,t-pa,mortality in obstetric sepsis,ASSOCIATED_WITH
29584,21,60760,hs-crp,p-wave dispersion,ASSOCIATED_WITH
34500,21,66496,kim-1,severe covid-19,ASSOCIATED_WITH
26044,21,58013,acl,calcified atherosclerotic plaques,ASSOCIATED_WITH
30476,21,57178,cl-k1,dic,ASSOCIATED_WITH
26658,21,57956,supar,immune system activation,ASSOCIATED_WITH
25858,21,59767,fibrinogen,venous thrombosis risk,ASSOCIATED_WITH
27016,21,56591,protein z deficiency,fetal death,ASSOCIATED_WITH
27933,21,55575,coagulation factor xi,venous thromboembolism risk,ASSOCIATED_WITH
34711,21,55725,antiphospholipid antibody,vascular thrombosis,ASSOCIATED_WITH
29289,21,55639,tbk1,inflammation,ASSOCIATED_WITH
25858,21,55635,fibrinogen,endothelial dysfunction,ASSOCIATED_WITH
33211,21,66140,clusterin,cytoprotective effect,ASSOCIATED_WITH
28337,21,57307,antibodies against hy proteins,chronic gvhd,ASSOCIATED_WITH
36567,21,65563,ptx-3 level,pe-related cardiac death,ASSOCIATED_WITH
30563,21,55544,prothrombin-fragment 1 + 2,venous thromboembolism,ASSOCIATED_WITH
28952,21,59958,troponin t,venous thromboembolism occurrence,ASSOCIATED_WITH
25839,21,58620,antiphospholipid antibodies,neuropsychiatric manifestations of sle,ASSOCIATED_WITH
31260,21,68001,nlrp3,ali/ards,ASSOCIATED_WITH
29654,21,57031,sod1,copd,ASSOCIATED_WITH
26389,21,58688,infliximab,serious infection,ASSOCIATED_WITH
29891,21,69212,st2,myocardial diastolic dysfunction,ASSOCIATED_WITH
26722,21,55605,low protein c levels,arterial thrombosis,ASSOCIATED_WITH
30229,21,61863,galectin-3,local invasion,ASSOCIATED_WITH
29068,21,58361,matrix metalloproteinase-3,neurological outcome,ASSOCIATED_WITH
30564,21,65588,fviii activity,vte incidence,ASSOCIATED_WITH
31731,21,57398,pads,inflammatory diseases,ASSOCIATED_WITH
28908,21,58464,aps/pt,la hypoprothrombinemia syndrome,ASSOCIATED_WITH
29825,21,55639,haptoglobin,inflammation,ASSOCIATED_WITH
25872,21,60744,antithrombin iii deficiency,venous thrombotic complication,ASSOCIATED_WITH
26802,21,56971,par1,fibrotic foci,ASSOCIATED_WITH
25882,21,59255,tissue plasminogen activator,prothrombotic processes,ASSOCIATED_WITH
30160,21,55639,ferritin,inflammation,ASSOCIATED_WITH
39447,21,55683,antibodies to platelet factor 4,thrombotic events,ASSOCIATED_WITH
25998,21,58914,mmps,osteoarthritis,ASSOCIATED_WITH
28812,21,55772,igfbp3,hypertension,ASSOCIATED_WITH
26181,21,55605,anti-phospholipid antibodies,arterial thrombosis,ASSOCIATED_WITH
28930,21,55639,pcsk9,inflammation,ASSOCIATED_WITH
32431,21,60034,hmox1,vascular disease,ASSOCIATED_WITH
36003,21,58811,factor ix activity >129% of normal,deep vein thrombosis risk,ASSOCIATED_WITH
26855,21,58597,hscrp,cardiovascular risk,ASSOCIATED_WITH
36131,21,65094,serum thrombopoietin levels,impaired platelet production,ASSOCIATED_WITH
26313,21,56603,best1,atherosclerotic plaque formation,ASSOCIATED_WITH
34392,21,61621,pad4/nets,age-related organ fibrosis,ASSOCIATED_WITH
28317,21,58819,prolactin,precapillary pulmonary hypertension,ASSOCIATED_WITH
29670,21,69084,triple apl positivity,increased rate of pregnancy loss,ASSOCIATED_WITH
27924,21,68001,tlrs,ali/ards,ASSOCIATED_WITH
26346,21,59919,protein c activation,depletion of factors v and viii,ASSOCIATED_WITH
26238,21,55982,autoantibodies,autoimmune diseases,ASSOCIATED_WITH
25935,21,57572,pai-1,livedoid vasculopathy,ASSOCIATED_WITH
26802,21,59418,par1,tumour biology,ASSOCIATED_WITH
25935,21,56435,pai-1,osteonecrosis,ASSOCIATED_WITH
30564,21,55544,fviii activity,venous thromboembolism,ASSOCIATED_WITH
36710,21,62521,ace2 receptor,cardiac injury,ASSOCIATED_WITH
25878,21,56049,factor ix,acquired activated protein c resistance,ASSOCIATED_WITH
40030,21,65314,alpha-fetoprotein,patient survival,ASSOCIATED_WITH
26660,21,60120,anti-β2gpi antibodies,more aggressive clinical picture,ASSOCIATED_WITH
26016,21,62798,crp,concealed crf,ASSOCIATED_WITH
25877,21,56049,factor viii,acquired activated protein c resistance,ASSOCIATED_WITH
27016,21,55710,protein z deficiency,preeclampsia,ASSOCIATED_WITH
26655,21,57761,survivin,chemo-resistance,ASSOCIATED_WITH
31118,21,60687,fpn1,poor clinical outcome,ASSOCIATED_WITH
25917,21,68658,igg autoantibodies,non-progressive disease,ASSOCIATED_WITH
27880,21,55582,urokinase plasminogen activator receptor,fibrinolysis,ASSOCIATED_WITH
30396,21,55513,anti-ps/pt antibodies,thrombosis,ASSOCIATED_WITH
28967,21,67273,c1-inh,complement hyperactivation,ASSOCIATED_WITH
30011,21,55683,thrombin activation,thrombotic events,ASSOCIATED_WITH
27191,21,60165,ngal,pleural leukocyte count,ASSOCIATED_WITH
27282,21,55867,troponin i,mace,ASSOCIATED_WITH
39048,21,68810,growth differentiation factor 15,increased incidence of pe,ASSOCIATED_WITH
30814,21,59271,jak inhibitors,hyperlipidaemia,ASSOCIATED_WITH
36381,21,62804,r/pr,glomerulosclerosis,ASSOCIATED_WITH
25897,21,55539,sns,experimental allergic encephalomyelitis,ASSOCIATED_WITH
29127,21,58389,circulating histones,endothelial damage markers,ASSOCIATED_WITH
26285,21,56544,anticardiolipin antibody,procoagulant state,ASSOCIATED_WITH
40101,21,70078,final pre-albumin,decreased death,ASSOCIATED_WITH
39695,21,69569,β2gpi level,ventilatory failure,ASSOCIATED_WITH
37706,21,67048,ros1,brain tumors,ASSOCIATED_WITH
29553,21,57200,ranibizumab,venous thrombotic events,ASSOCIATED_WITH
32265,21,55513,necitumumab,thrombosis,ASSOCIATED_WITH
28601,21,57919,bnp levels,renal dysfunction,ASSOCIATED_WITH
36567,21,60436,ptx-3 level,recurrent pulmonary embolism,ASSOCIATED_WITH
28511,21,58623,jak1,ra,ASSOCIATED_WITH
28618,21,56193,seng,pulmonary arterial hypertension,ASSOCIATED_WITH
38879,21,68616,defective telomerase,ipf risk,ASSOCIATED_WITH
27296,21,57511,fvii,cc-imt,ASSOCIATED_WITH
38577,21,56865,calprotectin,thrombotic risk,ASSOCIATED_WITH
26002,21,57387,heparin cofactor ii,csvt,ASSOCIATED_WITH
25887,21,55672,protein s,ischemic stroke,ASSOCIATED_WITH
25869,21,55526,selectin levels,behçet's disease severity,ASSOCIATED_WITH
26256,21,69245,pf4,vaccine-induced immune mediated thrombocytopenia,ASSOCIATED_WITH
25935,21,58639,pai-1,diabetic retinopathy,ASSOCIATED_WITH
27408,21,55575,serum vegf,venous thromboembolism risk,ASSOCIATED_WITH
26635,21,55516,fxiii,pulmonary embolism,ASSOCIATED_WITH
26823,21,58372,c4b,rpl,ASSOCIATED_WITH
33964,21,55513,igg anticardiolipin antibodies,thrombosis,ASSOCIATED_WITH
35260,21,64205,mmp overexpression,poor healing,ASSOCIATED_WITH
28998,21,55639,mmp-1,inflammation,ASSOCIATED_WITH
25976,21,59464,tsp-1,clinicopathological features,ASSOCIATED_WITH
30717,21,55600,ggtp,portal vein thrombosis,ASSOCIATED_WITH
25874,21,56070,protein s deficiency,venous occlusion,ASSOCIATED_WITH
37209,21,66469,anti-srp antibodies,severe interstitial lung disease,ASSOCIATED_WITH
27533,21,63950,fibrinogen level,fibrinolysis shutdown,ASSOCIATED_WITH
31545,21,55685,c1q deficiency,systemic lupus erythematosus,ASSOCIATED_WITH
35408,21,56065,annexin a2 autoantibodies,behçet's disease,ASSOCIATED_WITH
29339,21,55976,pad4,rheumatoid arthritis,ASSOCIATED_WITH
25873,21,56204,protein c deficiency,thrombophlebitis,ASSOCIATED_WITH
27805,21,57991,vegfr-3,lymphatic pathway,ASSOCIATED_WITH
32622,21,61721,igfbp-2,urine protein-to-creatinine levels,ASSOCIATED_WITH
40051,21,69988,pakt increase,increased time to progression,ASSOCIATED_WITH
34309,21,66970,durvalumab,type 1 diabetes mellitus,ASSOCIATED_WITH
38834,21,66234,vap-1,covid-19 disease severity,ASSOCIATED_WITH
29101,21,58376,increased expression of connexin 40,postoperative atrial fibrillation,ASSOCIATED_WITH
39407,21,69220,fibrinogen alpha chain inhibition,reduced risk of any ischemic stroke,ASSOCIATED_WITH
29581,21,58835,sm/rnp cluster,serositis,ASSOCIATED_WITH
26030,21,60430,bevacizumab,thromboembolic episodes,ASSOCIATED_WITH
34310,21,55528,elevated vwf:ag,venous thrombosis,ASSOCIATED_WITH
26689,21,64000,sflt-1,systemic angiogenic imbalance,ASSOCIATED_WITH
29773,21,61635,scd163,hepatic injury,ASSOCIATED_WITH
30414,21,55672,ykl-40,ischemic stroke,ASSOCIATED_WITH
32123,21,61243,α-defensin,disease activity in sle,ASSOCIATED_WITH
26264,21,58246,ace2,disease severity,ASSOCIATED_WITH
31917,21,58992,antitopoisomerase i antibodies,cardiac involvement,ASSOCIATED_WITH
25896,21,56325,lupus anticoagulant,catastrophic antiphospholipid syndrome,ASSOCIATED_WITH
32581,21,55544,fibrinogen degradation products,venous thromboembolism,ASSOCIATED_WITH
26317,21,60682,fviii,acute ischemic stroke risk,ASSOCIATED_WITH
37942,21,55516,skeletal muscle myosin (skm) isoform pattern,pulmonary embolism,ASSOCIATED_WITH
34460,21,58177,aurora kinase overexpression,poor prognosis,ASSOCIATED_WITH
25839,21,55528,antiphospholipid antibodies,venous thrombosis,ASSOCIATED_WITH
27011,21,57152,mthfr,pre-eclampsia,ASSOCIATED_WITH
35216,21,55595,lox-1,atherosclerosis,ASSOCIATED_WITH
25834,21,56357,angiotensin ii,lung injury,ASSOCIATED_WITH
26445,21,55710,at iii deficiency,preeclampsia,ASSOCIATED_WITH
35052,21,64032,increased soluble p-selectin,higher incidence of vte,ASSOCIATED_WITH
29439,21,55936,cd80,immunosuppression,ASSOCIATED_WITH
35762,21,57411,atezolizumab,hypothyroidism,ASSOCIATED_WITH
26569,21,55606,protein z,acute myocardial infarction,ASSOCIATED_WITH
36422,21,55605,lupus anticoagulant antibody,arterial thrombosis,ASSOCIATED_WITH
36336,21,56174,low albumin levels,thrombosis risk,ASSOCIATED_WITH
26285,21,55748,anticardiolipin antibody,thromboembolic events,ASSOCIATED_WITH
26093,21,56899,thrombomodulin,hemorrhage,ASSOCIATED_WITH
39522,21,55779,fxc,cognitive decline,ASSOCIATED_WITH
27614,21,55675,γ′ fibrinogen,cardiovascular disease,ASSOCIATED_WITH
26025,21,55515,t-pa,deep vein thrombosis,ASSOCIATED_WITH
28895,21,58202,thr715pro variant,reduced risk for thrombosis,ASSOCIATED_WITH
25874,21,57482,protein s deficiency,coronary thrombosis,ASSOCIATED_WITH
26722,21,56324,low protein c levels,hyperfibrinolysis,ASSOCIATED_WITH
33211,21,55691,clusterin,complement activation,ASSOCIATED_WITH
31766,21,60898,cd34 expression,ischemia injury,ASSOCIATED_WITH
26145,21,56250,enos,recurrent pregnancy loss,ASSOCIATED_WITH
26061,21,63186,hif-1α,pulmonary artery remodeling,ASSOCIATED_WITH
38158,21,67617,traf5,cerebral ischemia-reperfusion injury,ASSOCIATED_WITH
25892,21,65379,vwf,disease activity in childhood pacns,ASSOCIATED_WITH
38234,21,58690,t-paic,mortality risk,ASSOCIATED_WITH
30131,21,59328,igg aps/pt,obstetric complications,ASSOCIATED_WITH
25971,21,57941,stx2,severe disease,ASSOCIATED_WITH
26855,21,65614,hscrp,decreased recanalization rate,ASSOCIATED_WITH
33639,21,59869,angptl4,fmd,ASSOCIATED_WITH
25873,21,55544,protein c deficiency,venous thromboembolism,ASSOCIATED_WITH
25858,21,57894,fibrinogen,allograft thrombosis,ASSOCIATED_WITH
26347,21,57733,sepcr,poor outcome in severe sepsis,ASSOCIATED_WITH
25872,21,59974,antithrombin iii deficiency,portal/mesenteric vein thrombosis,ASSOCIATED_WITH
35111,21,64080,scube-1,ovarian torsion,ASSOCIATED_WITH
35542,21,64513,anti-rnpc3 antibodies,severe gastrointestinal dysfunction,ASSOCIATED_WITH
28128,21,57508,pon1,atherosclerotic events,ASSOCIATED_WITH
33864,21,62979,low pre-treatment serum surfactant protein-d,radiation pneumonitis post-treatment progression,ASSOCIATED_WITH
30763,21,59946,fsap activation,disease stage,ASSOCIATED_WITH
26883,21,65661,c-reactive protein,acute exacerbation of interstitial pneumonia,ASSOCIATED_WITH
36194,21,65188,ctsk,bone and cartilage weakening,ASSOCIATED_WITH
25877,21,57043,factor viii,cteph,ASSOCIATED_WITH
26683,21,55553,anti-cardiolipin antibodies,antiphospholipid antibody syndrome,ASSOCIATED_WITH
28999,21,58289,amyloid beta protein aβ1-42/40,delirium,ASSOCIATED_WITH
36463,21,55959,tubby bipartite transcription factor,obesity,ASSOCIATED_WITH
30247,21,56789,cyp1b1,pah,ASSOCIATED_WITH
25995,21,66326,tlr4,hyperinflammation,ASSOCIATED_WITH
25839,21,55513,antiphospholipid antibodies,thrombosis,ASSOCIATED_WITH
25830,21,56899,tissue factor,hemorrhage,ASSOCIATED_WITH
39285,21,69103,tissue factor microparticle activity,development of venous thromboembolism,ASSOCIATED_WITH
32403,21,60933,h3cit,clot permeability,ASSOCIATED_WITH
28998,21,69927,mmp-1,exacerbation of inflammation,ASSOCIATED_WITH
28092,21,57491,anti-hla antibodies,trali,ASSOCIATED_WITH
28983,21,56250,hla-g,recurrent pregnancy loss,ASSOCIATED_WITH
32928,21,62032,anti-ro/ss-a,neonatal lupus syndrome,ASSOCIATED_WITH
32088,21,61217,n-hcy-protein,"atherosclerosis, coronary heart disease",ASSOCIATED_WITH
26035,21,66000,apl,covid-19 related morbidity,ASSOCIATED_WITH
35576,21,55865,circulating tf activity,vte,ASSOCIATED_WITH
25874,21,55534,protein s deficiency,thrombus formation,ASSOCIATED_WITH
32823,21,69486,lfa-1,serum rheumatoid factor titre,ASSOCIATED_WITH
28998,21,55809,mmp-1,insulin resistance,ASSOCIATED_WITH
25839,21,55529,antiphospholipid antibodies,thrombophilia,ASSOCIATED_WITH
33072,21,62240,hla dr4,risk of agranulocytosis,ASSOCIATED_WITH
25892,21,69018,vwf,acute liver injury/alf,ASSOCIATED_WITH
26922,21,56497,toll-like receptor,cardiac dysfunction,ASSOCIATED_WITH
26911,21,55516,tfpi,pulmonary embolism,ASSOCIATED_WITH
27619,21,69739,fgfr2,venous wall tumor invasion,ASSOCIATED_WITH
28355,21,55513,apl abs,thrombosis,ASSOCIATED_WITH
25858,21,65838,fibrinogen,covid-19,ASSOCIATED_WITH
37963,21,63554,tf haploinsufficiency,reduced survival,ASSOCIATED_WITH
25935,21,70089,pai-1,increased 1-year mortality,ASSOCIATED_WITH
25874,21,56250,protein s deficiency,recurrent pregnancy loss,ASSOCIATED_WITH
26037,21,59704,plasmin,renal function impairment,ASSOCIATED_WITH
25839,21,57380,antiphospholipid antibodies,cerebrovascular disease,ASSOCIATED_WITH
36253,21,66496,il-2r,severe covid-19,ASSOCIATED_WITH
26052,21,70015,hla-b51,ocular disease,ASSOCIATED_WITH
28077,21,57476,ctnt,acute pulmonary embolism,ASSOCIATED_WITH
34507,21,63564,apob/apoa1 ratio,increased risk of stemi,ASSOCIATED_WITH
30562,21,63070,sp-selectin,future risk of coronary heart disease,ASSOCIATED_WITH
26923,21,56498,nt-probnp,mods,ASSOCIATED_WITH
33973,21,63058,hla dr4 and dr7 antigens,development of aps,ASSOCIATED_WITH
34130,21,56174,pear1,thrombosis risk,ASSOCIATED_WITH
25876,21,55769,factor vii,atrial fibrillation,ASSOCIATED_WITH
32608,21,56160,tf activation,invasion,ASSOCIATED_WITH
25963,21,55635,sicam-1,endothelial dysfunction,ASSOCIATED_WITH
29625,21,55760,sst2,fibrosis,ASSOCIATED_WITH
39413,21,69223,factor vii inhibition,reduced risk of ischemic stroke,ASSOCIATED_WITH
30229,21,66101,galectin-3,supraventricular tachycardia,ASSOCIATED_WITH
32823,21,69487,lfa-1,serum c-reactive protein levels,ASSOCIATED_WITH
25830,21,58325,tissue factor,viremia,ASSOCIATED_WITH
25948,21,55594,troponin,myocardial damage,ASSOCIATED_WITH
25839,21,60839,antiphospholipid antibodies,upper-extremity deep vein thrombosis,ASSOCIATED_WITH
25896,21,55553,lupus anticoagulant,antiphospholipid antibody syndrome,ASSOCIATED_WITH
30669,21,55575,platelet glycoprotein vi,venous thromboembolism risk,ASSOCIATED_WITH
36034,21,64987,anti-β2 glycoprotein 1,active digital ulceration,ASSOCIATED_WITH
26464,21,58071,cxcr4,progression to aids and death,ASSOCIATED_WITH
26414,21,56060,jak2 v617f,erythrocytosis,ASSOCIATED_WITH
25935,21,65623,pai-1,tuberculous exudates,ASSOCIATED_WITH
27191,21,55802,ngal,mortality,ASSOCIATED_WITH
27181,21,64989,alkaline phosphatase,rv global longitudinal strain decrease,ASSOCIATED_WITH
36160,21,58347,rg5,tumor hypoxia,ASSOCIATED_WITH
31437,21,62397,adamts-13,advanced nsclc,ASSOCIATED_WITH
25839,21,58171,antiphospholipid antibodies,chronic thromboembolic pulmonary hypertension,ASSOCIATED_WITH
29861,21,55870,soluble vegfr-1,survival,ASSOCIATED_WITH
26030,21,56018,bevacizumab,venous thromboembolic events,ASSOCIATED_WITH
25839,21,55748,antiphospholipid antibodies,thromboembolic events,ASSOCIATED_WITH
39259,21,60639,low c3/c4 levels,adverse pregnancy outcomes,ASSOCIATED_WITH
34568,21,55544,tissue plasminogen activator-inhibitor complexes,venous thromboembolism,ASSOCIATED_WITH
30087,21,59131,m2-muscarinic receptor autoantibodies,severe preeclampsia,ASSOCIATED_WITH
37566,21,55513,β2gpi antibodies,thrombosis,ASSOCIATED_WITH
30015,21,55639,serpina3,inflammation,ASSOCIATED_WITH
31437,21,62971,adamts-13,invasiveness and metastasis of lung cancer,ASSOCIATED_WITH
25877,21,56783,factor viii,renal vein thrombosis,ASSOCIATED_WITH
27807,21,55786,adrenomedullin,pulmonary hypertension,ASSOCIATED_WITH
26016,21,69068,crp,poor functional outcome in laa-type stroke,ASSOCIATED_WITH
26097,21,60581,anca,anca-associated vasculitis syndromes,ASSOCIATED_WITH
25935,21,56174,pai-1,thrombosis risk,ASSOCIATED_WITH
25877,21,58928,factor viii,portomesenteric venous thrombosis,ASSOCIATED_WITH
32278,21,61436,adamts-4,skin change complications,ASSOCIATED_WITH
30967,21,55639,lrg1,inflammation,ASSOCIATED_WITH
26030,21,55772,bevacizumab,hypertension,ASSOCIATED_WITH
27072,21,56668,stm levels,disease activity,ASSOCIATED_WITH
39119,21,55971,jak1/jak2/tyk2,wound healing,ASSOCIATED_WITH
27270,21,55513,aca,thrombosis,ASSOCIATED_WITH
33831,21,62954,lower α2-macroglobulin levels,severe asthma exacerbations,ASSOCIATED_WITH
26585,21,56201,sicam1,metabolic syndrome,ASSOCIATED_WITH
26283,21,56250,p53,recurrent pregnancy loss,ASSOCIATED_WITH
25998,21,55595,mmps,atherosclerosis,ASSOCIATED_WITH
25883,21,55513,activated protein c ratio,thrombosis,ASSOCIATED_WITH
38437,21,66142,hace2,sars-cov-2 entry,ASSOCIATED_WITH
29050,21,57235,traf6,myocardial ischemia-reperfusion injury,ASSOCIATED_WITH
28440,21,60933,soluble cd40 ligand,clot permeability,ASSOCIATED_WITH
25887,21,63154,protein s,recurrent deep vein thrombosis,ASSOCIATED_WITH
26277,21,55515,bcl-2,deep vein thrombosis,ASSOCIATED_WITH
34814,21,55528,vwf-fviii complex,venous thrombosis,ASSOCIATED_WITH
25830,21,56152,tissue factor,vte development,ASSOCIATED_WITH
25858,21,57566,fibrinogen,coronary artery disease and myocardial infarction risk,ASSOCIATED_WITH
32905,21,55595,hdac9,atherosclerosis,ASSOCIATED_WITH
36613,21,65635,pr3 antibodies,granulomatous polyangiitis,ASSOCIATED_WITH
27259,21,62349,her2,lymphovascular invasion,ASSOCIATED_WITH
28083,21,57487,iga anti-β2gpi,morbidities involving organs of mucosal immunity,ASSOCIATED_WITH
25873,21,56149,protein c deficiency,cerebral vein thrombosis,ASSOCIATED_WITH
25834,21,55639,angiotensin ii,inflammation,ASSOCIATED_WITH
25963,21,56553,sicam-1,risk of noninsulin-dependent diabetes mellitus,ASSOCIATED_WITH
34062,21,67745,cathepsin s,postoperative pain development,ASSOCIATED_WITH
25879,21,55865,factor xi,vte,ASSOCIATED_WITH
39117,21,68914,serum procalcitonin,critical covid-19,ASSOCIATED_WITH
26080,21,56668,e-selectin,disease activity,ASSOCIATED_WITH
30053,21,59266,anti-a2 antibodies,clinical thrombosis,ASSOCIATED_WITH
35127,21,64095,plasma ace2 activity,heart failure hospitalisation,ASSOCIATED_WITH
31578,21,59457,soluble cd14,coronary atherosclerosis,ASSOCIATED_WITH
39505,21,69349,bnp/nt-probnp,icu transfer or in-hospital death,ASSOCIATED_WITH
39067,21,68838,pgrmc1 overexpression,adverse prognosis in cancer,ASSOCIATED_WITH
25969,21,55513,p-selectin,thrombosis,ASSOCIATED_WITH
27533,21,61461,fibrinogen level,bleeding events,ASSOCIATED_WITH
33878,21,62989,ccn2,malignant phenotypes and poor prognosis of hccs,ASSOCIATED_WITH
33201,21,65314,pd-l1 expression,patient survival,ASSOCIATED_WITH
30547,21,59772,anti-hmgcr autoantibodies,necrotizing autoimmune myopathy,ASSOCIATED_WITH
25983,21,56071,endothelin-1,sickle cell disease,ASSOCIATED_WITH
36089,21,61856,circulatory sp-d level,coronary artery calcification,ASSOCIATED_WITH
28610,21,55513,cd55 deficiency,thrombosis,ASSOCIATED_WITH
28384,21,57737,stnf-αr1,depressive symptoms,ASSOCIATED_WITH
33719,21,62809,α2-hs glycoprotein,neurogenic heterotopic ossification,ASSOCIATED_WITH
25830,21,56597,tissue factor,malignancy,ASSOCIATED_WITH
26403,21,55527,prothrombin,deep venous thrombosis,ASSOCIATED_WITH
30290,21,57113,net proteins,autoimmunity,ASSOCIATED_WITH
25881,21,57919,von willebrand factor,renal dysfunction,ASSOCIATED_WITH
38364,21,67903,mmp-28,calcific aortic valve stenosis,ASSOCIATED_WITH
27736,21,55544,podoplanin,venous thromboembolism,ASSOCIATED_WITH
26664,21,56272,pai-1 deficiency,hemorrhagic events,ASSOCIATED_WITH
32431,21,55595,hmox1,atherosclerosis,ASSOCIATED_WITH
25877,21,55605,factor viii,arterial thrombosis,ASSOCIATED_WITH
29455,21,67609,cystatin c,isolated coronary artery ectasia,ASSOCIATED_WITH
25892,21,64418,vwf,vso,ASSOCIATED_WITH
27781,21,57267,h-fabp,rv dysfunction,ASSOCIATED_WITH
29353,21,58597,elevated aminotransferases,cardiovascular risk,ASSOCIATED_WITH
25839,21,59241,antiphospholipid antibodies,cutaneous ulcerations,ASSOCIATED_WITH
29584,21,62042,hs-crp,coronary artery disease severity,ASSOCIATED_WITH
25866,21,55904,soluble p-selectin,atherothrombogenesis formation,ASSOCIATED_WITH
30160,21,57867,ferritin,survival time,ASSOCIATED_WITH
27997,21,57406,lpl,hypertriglyceridemia,ASSOCIATED_WITH
33743,21,62848,mica/micb soluble ligands,poor survival,ASSOCIATED_WITH
35449,21,60529,pentraxin-3,venous thromboembolism (vte) risk,ASSOCIATED_WITH
36775,21,65856,anti-glyrα1 antibodies,pathogenic potential,ASSOCIATED_WITH
26030,21,55605,bevacizumab,arterial thrombosis,ASSOCIATED_WITH
36220,21,58246,cardiac troponin,disease severity,ASSOCIATED_WITH
26128,21,55605,autoantibodies to oxldl/β2gpi complexes,arterial thrombosis,ASSOCIATED_WITH
38220,21,55635,igm anti-phosphatidylserine/prothrombin,endothelial dysfunction,ASSOCIATED_WITH
36344,21,65347,carcinoembryonic antigen,lung cancer related cerebral hemorrhage,ASSOCIATED_WITH
39050,21,68815,aha level,cardiac symptoms,ASSOCIATED_WITH
25828,21,55605,anticardiolipin antibodies,arterial thrombosis,ASSOCIATED_WITH
25920,21,59950,factor v,intracranial hemorrhage,ASSOCIATED_WITH
26368,21,55681,hit antibodies,thrombocytopenia,ASSOCIATED_WITH
35611,21,60871,tyrosine nitration,inflammation response,ASSOCIATED_WITH
25920,21,56174,factor v,thrombosis risk,ASSOCIATED_WITH
36518,21,55513,c4a,thrombosis,ASSOCIATED_WITH
30414,21,66216,ykl-40,inflammatory process in atherosclerotic plaque,ASSOCIATED_WITH
25839,21,60477,antiphospholipid antibodies,venous and arterial thrombotic events,ASSOCIATED_WITH
25892,21,55635,vwf,endothelial dysfunction,ASSOCIATED_WITH
29862,21,55870,soluble tie2 receptor,survival,ASSOCIATED_WITH
26569,21,57135,protein z,pregnancy complications,ASSOCIATED_WITH
30414,21,58280,ykl-40,plaque instability,ASSOCIATED_WITH
31864,21,55552,low atiii activity,thromboembolism,ASSOCIATED_WITH
30271,21,64989,ast,rv global longitudinal strain decrease,ASSOCIATED_WITH
25935,21,68697,pai-1,thromboembolic disorder,ASSOCIATED_WITH
39895,21,56597,thsd7a,malignancy,ASSOCIATED_WITH
25896,21,59266,lupus anticoagulant,clinical thrombosis,ASSOCIATED_WITH
30562,21,55561,sp-selectin,cardiac events,ASSOCIATED_WITH
27009,21,55639,heparanase,inflammation,ASSOCIATED_WITH
39194,21,61860,feiba,atypical hemolytic uremic syndrome,ASSOCIATED_WITH
30998,21,68339,prothrombin fragment 1.2,thrombotic manifestation,ASSOCIATED_WITH
36826,21,65903,skm hc antigen type ii phenotype,isolated pulmonary embolism,ASSOCIATED_WITH
39847,21,59276,fabp3,wbc count,ASSOCIATED_WITH
25983,21,61812,endothelin-1,rvo,ASSOCIATED_WITH
26317,21,55513,fviii,thrombosis,ASSOCIATED_WITH
25898,21,56917,antithrombin,hepatic encephalopathy,ASSOCIATED_WITH
28909,21,56031,complement factor h,age-related macular degeneration,ASSOCIATED_WITH
39811,21,55550,toceranib phosphate,nephrotic syndrome,ASSOCIATED_WITH
27011,21,55506,mthfr,hyperhomocysteinemia,ASSOCIATED_WITH
26431,21,65141,factor xiia,pvt,ASSOCIATED_WITH
38521,21,68124,elevated von willebrand factor level,death in acute lung injury,ASSOCIATED_WITH
25922,21,55802,protein c,mortality,ASSOCIATED_WITH
26195,21,55513,fviia,thrombosis,ASSOCIATED_WITH
25881,21,70092,von willebrand factor,venous vascular events,ASSOCIATED_WITH
37873,21,67215,circulating extracellular vesicle tissue factor activity,severity and mortality,ASSOCIATED_WITH
26036,21,56174,antithrombin iii,thrombosis risk,ASSOCIATED_WITH
31449,21,55683,persistent anti-β2gpi combined with another persistent apl,thrombotic events,ASSOCIATED_WITH
26790,21,59935,hepcidin,iron-restricted anemia,ASSOCIATED_WITH
25839,21,68599,antiphospholipid antibodies,late fetal loss,ASSOCIATED_WITH
29025,21,55865,inflammatory markers,vte,ASSOCIATED_WITH
29134,21,55748,lupus anticoagulant antibodies,thromboembolic events,ASSOCIATED_WITH
34812,21,63803,fxia inhibition,reduced risk of bleeding,ASSOCIATED_WITH
25874,21,55527,protein s deficiency,deep venous thrombosis,ASSOCIATED_WITH
26130,21,55748,rfviia,thromboembolic events,ASSOCIATED_WITH
26016,21,62086,crp,atrial fibrillation risk,ASSOCIATED_WITH
26261,21,55932,fas expression,progression of gastric carcinoma,ASSOCIATED_WITH
27649,21,60107,stxbp5,venous thromboembolic disease,ASSOCIATED_WITH
26016,21,57316,crp,breast cancer recurrence,ASSOCIATED_WITH
26168,21,55792,anti-β2 gpi,antiphospholipid syndrome,ASSOCIATED_WITH
25839,21,59287,antiphospholipid antibodies,neuropsychiatric sle,ASSOCIATED_WITH
26034,21,58011,acl igg,augmented autoimmunization,ASSOCIATED_WITH
38038,21,67430,preformed donor-specific anti-hla antibodies,higher rate of kidney graft rejection,ASSOCIATED_WITH
26757,21,58984,met,prostate cancer progression,ASSOCIATED_WITH
26106,21,56290,tf,endometriosis,ASSOCIATED_WITH
29588,21,59034,monocyte tf expression,hiv viral load,ASSOCIATED_WITH
31846,21,57655,high-sensitivity c-reactive protein,recurrent venous thromboembolism,ASSOCIATED_WITH
27581,21,60583,astf,cervical cancer,ASSOCIATED_WITH
32745,21,55513,protein-s deficiency,thrombosis,ASSOCIATED_WITH
25983,21,64131,endothelin-1,vasoconstrictive mechanisms,ASSOCIATED_WITH
26849,21,62606,panitumumab,new-onset heart failure,ASSOCIATED_WITH
27108,21,55595,rock,atherosclerosis,ASSOCIATED_WITH
35712,21,64663,anti-ro52 antibody,rapidly progressive interstitial lung disease,ASSOCIATED_WITH
39663,21,55666,high levels of vwf,coronary heart disease,ASSOCIATED_WITH
26389,21,57401,infliximab,hepatotoxicity,ASSOCIATED_WITH
26829,21,56201,c5,metabolic syndrome,ASSOCIATED_WITH
25839,21,68598,antiphospholipid antibodies,early-onset preeclampsia,ASSOCIATED_WITH
25873,21,55527,protein c deficiency,deep venous thrombosis,ASSOCIATED_WITH
31864,21,58451,low atiii activity,acute kidney injury,ASSOCIATED_WITH
25998,21,61648,mmps,pathogenesis of pulmonary hypertension,ASSOCIATED_WITH
34767,21,55681,b2-cic,thrombocytopenia,ASSOCIATED_WITH
27560,21,58114,plasminogen activator,increased fibrinolysis,ASSOCIATED_WITH
29364,21,58620,antiribosomal p antibodies,neuropsychiatric manifestations of sle,ASSOCIATED_WITH
25953,21,55568,mmp-9,angiogenesis,ASSOCIATED_WITH
25858,21,68755,fibrinogen,progressive disease,ASSOCIATED_WITH
25828,21,60893,anticardiolipin antibodies,proliferative diabetic retinopathy,ASSOCIATED_WITH
26200,21,55544,hemoglobin,venous thromboembolism,ASSOCIATED_WITH
37719,21,67063,anti-net antibodies,unprovoked venous thrombosis,ASSOCIATED_WITH
25935,21,55516,pai-1,pulmonary embolism,ASSOCIATED_WITH
31930,21,61080,tf pca of pbmcs,decompensated dic,ASSOCIATED_WITH
25834,21,65956,angiotensin ii,viral load,ASSOCIATED_WITH
29534,21,58784,b1r expression,high-grade glioma,ASSOCIATED_WITH
39029,21,68764,drain amylase levels,gastric leak,ASSOCIATED_WITH
25858,21,56201,fibrinogen,metabolic syndrome,ASSOCIATED_WITH
29050,21,59309,traf6,intestinal ischemia-reperfusion injury,ASSOCIATED_WITH
29014,21,57643,myeloperoxidase,in-stent restenosis,ASSOCIATED_WITH
27289,21,62034,tm,dox-induced cardiotoxicity,ASSOCIATED_WITH
38157,21,57235,traf1,myocardial ischemia-reperfusion injury,ASSOCIATED_WITH
26052,21,56204,hla-b51,thrombophlebitis,ASSOCIATED_WITH
30012,21,59230,protein carbonyls,left atrial thrombus formation,ASSOCIATED_WITH
31664,21,60783,specam-1 level,mortality in septic shock,ASSOCIATED_WITH
31064,21,60280,hla-dr52a,primary biliary cirrhosis,ASSOCIATED_WITH
26106,21,55568,tf,angiogenesis,ASSOCIATED_WITH
30562,21,63066,sp-selectin,peripheral artery disease,ASSOCIATED_WITH
27009,21,58645,heparanase,nephropathy,ASSOCIATED_WITH
25873,21,55605,protein c deficiency,arterial thrombosis,ASSOCIATED_WITH
37233,21,66868,stnfr1,post-traumatic complications,ASSOCIATED_WITH
27997,21,63066,lpl,peripheral artery disease,ASSOCIATED_WITH
30537,21,57728,nucleosomes,infarct size,ASSOCIATED_WITH
33505,21,62638,tissue factor (tf) procoagulant activity,risk of venous thromboembolism,ASSOCIATED_WITH
26016,21,55667,crp,restenosis,ASSOCIATED_WITH
27187,21,55575,tissue factor-bearing microparticles,venous thromboembolism risk,ASSOCIATED_WITH
25896,21,56783,lupus anticoagulant,renal vein thrombosis,ASSOCIATED_WITH
25935,21,58177,pai-1,poor prognosis,ASSOCIATED_WITH
34747,21,59628,pdgfrα expression,aggressive phenotype,ASSOCIATED_WITH
25832,21,55534,thrombin,thrombus formation,ASSOCIATED_WITH
26181,21,55748,anti-phospholipid antibodies,thromboembolic events,ASSOCIATED_WITH
36381,21,56195,r/pr,diabetes,ASSOCIATED_WITH
34150,21,55941,fviii level,portal hypertension,ASSOCIATED_WITH
27997,21,57407,lpl,type ii diabetes,ASSOCIATED_WITH
29196,21,59575,tsp1,vaso-occlusive crisis,ASSOCIATED_WITH
39485,21,69329,k150del variant of apc,reduced anticoagulant activity,ASSOCIATED_WITH
26514,21,55515,calpain,deep vein thrombosis,ASSOCIATED_WITH
32699,21,55506,cbs,hyperhomocysteinemia,ASSOCIATED_WITH
26743,21,55513,fxi,thrombosis,ASSOCIATED_WITH
25922,21,56865,protein c,thrombotic risk,ASSOCIATED_WITH
26569,21,63430,protein z,acute coronary syndrome,ASSOCIATED_WITH
26030,21,65497,bevacizumab,increased risk of arterial thrombosis,ASSOCIATED_WITH
29746,21,61229,gdf15,ra and cvd,ASSOCIATED_WITH
28046,21,57154,factor viii activity,post-thrombotic syndrome,ASSOCIATED_WITH
34772,21,58704,decreased antithrombin-iii level,pe,ASSOCIATED_WITH
25839,21,58004,antiphospholipid antibodies,vaso-occlusive events,ASSOCIATED_WITH
27044,21,58453,rituximab,pml,ASSOCIATED_WITH
26876,21,55812,cd62p,coronary artery disease,ASSOCIATED_WITH
29528,21,63658,braf,malignant melanoma,ASSOCIATED_WITH
37246,21,57160,anti-phosphatidylethanolamine (ape) and anti-phosphatidylserine,recurrent pregnancy losses,ASSOCIATED_WITH
25880,21,55513,factor xii,thrombosis,ASSOCIATED_WITH
29746,21,63027,gdf15,biomarkers of inflammation and oxidative stress,ASSOCIATED_WITH
38394,21,69131,chip,increased risk of coronary heart disease,ASSOCIATED_WITH
36697,21,58283,podoplanin-ccl21 interaction,tumor immune escape,ASSOCIATED_WITH
36160,21,65157,rg5,vasculature normalization,ASSOCIATED_WITH
35798,21,65733,citrullinated histone h3,severe lung tissue damage,ASSOCIATED_WITH
39407,21,61455,fibrinogen alpha chain inhibition,reduced risk of venous thromboembolism,ASSOCIATED_WITH
32178,21,56065,anti-endothelial cell antibodies,behçet's disease,ASSOCIATED_WITH
28986,21,59489,saa,full and outer central macular thickness in ischemic group,ASSOCIATED_WITH
39577,21,66496,myohemoglobin,severe covid-19,ASSOCIATED_WITH
33084,21,55551,reduced tissue factor pathway inhibitor levels,hypercoagulability,ASSOCIATED_WITH
30414,21,66217,ykl-40,extracellular remodeling and fibrosis,ASSOCIATED_WITH
26016,21,67698,crp,short-term mortality in patients with hypertension,ASSOCIATED_WITH
26012,21,67291,bnp,mortality in ards,ASSOCIATED_WITH
26487,21,59782,et-1,perfusion deficits,ASSOCIATED_WITH
32061,21,63527,p53 expression,treatment response,ASSOCIATED_WITH
26264,21,58079,ace2,ards,ASSOCIATED_WITH
25830,21,55544,tissue factor,venous thromboembolism,ASSOCIATED_WITH
30153,21,58447,nucleosome levels,acute chest syndrome,ASSOCIATED_WITH
25839,21,56873,antiphospholipid antibodies,chorea,ASSOCIATED_WITH
39448,21,55513,anti-β2-glycoprotein i antibody,thrombosis,ASSOCIATED_WITH
32381,21,61547,periostin,ventricular hypertrophy,ASSOCIATED_WITH
26030,21,62812,bevacizumab,arterial thromboembolism,ASSOCIATED_WITH
31829,21,60960,unclassified anticardiolipin antibody,noncirrhotic portal vein system thrombosis,ASSOCIATED_WITH
27017,21,56593,anti-protein z igm antibodies,persistent muscularization of basal plate arteries,ASSOCIATED_WITH
26330,21,56174,tafi,thrombosis risk,ASSOCIATED_WITH
31088,21,55772,vegf inhibitors,hypertension,ASSOCIATED_WITH
39047,21,68806,serum neurofilament light chain,longer length of hospital stay,ASSOCIATED_WITH
26127,21,56789,anti-b2gpi antibodies,pah,ASSOCIATED_WITH
37452,21,55683,emicizumab,thrombotic events,ASSOCIATED_WITH
26097,21,56543,anca,synovitis,ASSOCIATED_WITH
27191,21,65345,ngal,aki stages,ASSOCIATED_WITH
25872,21,55528,antithrombin iii deficiency,venous thrombosis,ASSOCIATED_WITH
26342,21,55753,adamts13,microvascular thrombosis,ASSOCIATED_WITH
30246,21,55513,anti-g40-r43 antibodies,thrombosis,ASSOCIATED_WITH
28128,21,62203,pon1,coronary endothelial dysfunction,ASSOCIATED_WITH
26658,21,66496,supar,severe covid-19,ASSOCIATED_WITH
27233,21,66554,gpr30,lower extremity varicose veins,ASSOCIATED_WITH
26016,21,55812,crp,coronary artery disease,ASSOCIATED_WITH
38220,21,57152,igm anti-phosphatidylserine/prothrombin,pre-eclampsia,ASSOCIATED_WITH
27312,21,66408,sex hormone-binding globulin,decreased risk of type 2 diabetes,ASSOCIATED_WITH
25924,21,55552,leiden factor v,thromboembolism,ASSOCIATED_WITH
27011,21,56859,mthfr,incident hypertension,ASSOCIATED_WITH
26016,21,55786,crp,pulmonary hypertension,ASSOCIATED_WITH
36051,21,55994,factor v activity,dvt/pe,ASSOCIATED_WITH
25828,21,55516,anticardiolipin antibodies,pulmonary embolism,ASSOCIATED_WITH
26931,21,61807,hmgb1,stroke pathology,ASSOCIATED_WITH
26332,21,56765,at,blood coagulation activation,ASSOCIATED_WITH
26611,21,56235,elevated factor viii level,vte risk,ASSOCIATED_WITH
35039,21,64021,reduced erα expression,metabolic syndrome features,ASSOCIATED_WITH
26030,21,55861,bevacizumab,bleeding,ASSOCIATED_WITH
25870,21,59364,coagulation factor viii,venous thromboemboli risk,ASSOCIATED_WITH
25908,21,55919,thrombin generation,coagulation activation,ASSOCIATED_WITH
30717,21,59918,ggtp,tumor multifocality,ASSOCIATED_WITH
26016,21,55515,crp,deep vein thrombosis,ASSOCIATED_WITH
31088,21,58538,vegf inhibitors,vascular toxicity,ASSOCIATED_WITH
31950,21,56235,pltp activity,vte risk,ASSOCIATED_WITH
25960,21,66234,icam-1,covid-19 disease severity,ASSOCIATED_WITH
28940,21,58243,vegfr expression,"increased tumor growth, metastases, and higher mortality rates",ASSOCIATED_WITH
28713,21,55657,la,thromboembolic complications,ASSOCIATED_WITH
35473,21,65231,hla-b27,type i peripheral arthropathy,ASSOCIATED_WITH
36936,21,66072,rala,bad prognosis in breast cancer,ASSOCIATED_WITH
32261,21,57601,ggt,sudden cardiac death,ASSOCIATED_WITH
29197,21,58690,ldh,mortality risk,ASSOCIATED_WITH
34437,21,55515,extracellular nucleosomes,deep vein thrombosis,ASSOCIATED_WITH
26464,21,55678,cxcr4,cancer,ASSOCIATED_WITH
29289,21,66496,tbk1,severe covid-19,ASSOCIATED_WITH
32381,21,55760,periostin,fibrosis,ASSOCIATED_WITH
26743,21,55544,fxi,venous thromboembolism,ASSOCIATED_WITH
31161,21,58249,pfemp1-epcr interaction,severe malaria,ASSOCIATED_WITH
29891,21,55760,st2,fibrosis,ASSOCIATED_WITH
31079,21,55552,mucin tumor markers,thromboembolism,ASSOCIATED_WITH
25983,21,55710,endothelin-1,preeclampsia,ASSOCIATED_WITH
26652,21,55568,timps,angiogenesis,ASSOCIATED_WITH
25839,21,58119,antiphospholipid antibodies,small vessel thrombosis,ASSOCIATED_WITH
35867,21,65371,stat5b,hematopoietic cancers,ASSOCIATED_WITH
26883,21,67075,c-reactive protein,higher risk of ischemic stroke,ASSOCIATED_WITH
26897,21,56201,opg,metabolic syndrome,ASSOCIATED_WITH
26094,21,55712,free protein s,placental abruption,ASSOCIATED_WITH
30412,21,55513,apl autoantibodies,thrombosis,ASSOCIATED_WITH
25839,21,55545,antiphospholipid antibodies,retinal vein occlusion,ASSOCIATED_WITH
26923,21,67291,nt-probnp,mortality in ards,ASSOCIATED_WITH
34491,21,55551,soluble fibrin monomer complex,hypercoagulability,ASSOCIATED_WITH
39998,21,69922,autoantibodies to topoisomerase i,higher frequency of lung cancer,ASSOCIATED_WITH
26211,21,55933,thrombin-antithrombin complexes,skin necrosis,ASSOCIATED_WITH
27872,21,66281,anti-phospholipid antibody,venous thromboses,ASSOCIATED_WITH
37922,21,67297,auto-reactive igm,severe covid-19 pathogenesis,ASSOCIATED_WITH
39937,21,55865,abnormal thrombomodulin expression,vte,ASSOCIATED_WITH
26855,21,60047,hscrp,hf,ASSOCIATED_WITH
26049,21,55692,carboxyterminal propeptide of type i procollagen,bone mineral density reduction,ASSOCIATED_WITH
36029,21,64985,increased plasma fibrinogen concentration,microvascular flap thrombosis,ASSOCIATED_WITH
25881,21,59224,von willebrand factor,esrd,ASSOCIATED_WITH
26821,21,58372,c4,rpl,ASSOCIATED_WITH
34937,21,63066,zeb2,peripheral artery disease,ASSOCIATED_WITH
34400,21,63482,preoperative hemoglobin level,symptomatic vte risk,ASSOCIATED_WITH
30112,21,69495,myc,acute type a aortic dissection,ASSOCIATED_WITH
25919,21,56899,factor x,hemorrhage,ASSOCIATED_WITH
34506,21,63564,apob,increased risk of stemi,ASSOCIATED_WITH
38190,21,67659,acsl3,pancreatic ductal adenocarcinoma progression,ASSOCIATED_WITH
25839,21,55780,antiphospholipid antibodies,neurological disorders,ASSOCIATED_WITH
35849,21,64802,genetically decreased serum pcsk9,increased risk of alzheimer’s disease,ASSOCIATED_WITH
26030,21,56899,bevacizumab,hemorrhage,ASSOCIATED_WITH
27070,21,57147,pr3-anca,gpa,ASSOCIATED_WITH
27011,21,55529,mthfr,thrombophilia,ASSOCIATED_WITH
27614,21,58206,γ′ fibrinogen,subclinical atherosclerosis,ASSOCIATED_WITH
28838,21,56062,αvβ3,tumor growth,ASSOCIATED_WITH
35418,21,64380,high-risk antiphospholipid antibody profile,thrombotic antiphospholipid syndrome,ASSOCIATED_WITH
25877,21,55812,factor viii,coronary artery disease,ASSOCIATED_WITH
25898,21,60667,antithrombin,catheter-related thrombosis,ASSOCIATED_WITH
40031,21,69967,nr2c subunit of nmda receptor,major depression,ASSOCIATED_WITH
28713,21,58012,la,coronary calcification formation,ASSOCIATED_WITH
29549,21,56731,aqp4,brain edema,ASSOCIATED_WITH
26181,21,57043,anti-phospholipid antibodies,cteph,ASSOCIATED_WITH
26037,21,58114,plasmin,increased fibrinolysis,ASSOCIATED_WITH
28416,21,67745,timp1,postoperative pain development,ASSOCIATED_WITH
31781,21,60911,mean corpuscular hemoglobin,primary tumor weight,ASSOCIATED_WITH
31383,21,56805,cd209,varicose veins,ASSOCIATED_WITH
27618,21,69738,fgfr1,paranephric fat tumor invasion,ASSOCIATED_WITH
34799,21,58624,antibodies to chsp60,pericarditis,ASSOCIATED_WITH
25915,21,56899,rt-pa,hemorrhage,ASSOCIATED_WITH
26106,21,55979,tf,breast cancer,ASSOCIATED_WITH
25858,21,57935,fibrinogen,vascular amyloid deposition,ASSOCIATED_WITH
32913,21,62017,s100a12,alveolar infiltration,ASSOCIATED_WITH
25828,21,55681,anticardiolipin antibodies,thrombocytopenia,ASSOCIATED_WITH
26855,21,55867,hscrp,mace,ASSOCIATED_WITH
28777,21,58053,deficiency of protein s,cerebral venous sinus thrombosis,ASSOCIATED_WITH
26080,21,55690,e-selectin,sepsis,ASSOCIATED_WITH
28986,21,55544,saa,venous thromboembolism,ASSOCIATED_WITH
32232,21,60345,tax,malignant transformation,ASSOCIATED_WITH
26529,21,55515,ivig,deep vein thrombosis,ASSOCIATED_WITH
28083,21,55748,iga anti-β2gpi,thromboembolic events,ASSOCIATED_WITH
25935,21,56467,pai-1,depression,ASSOCIATED_WITH
31861,21,60980,anti-dfs70 antibodies,reduced aptt ratio,ASSOCIATED_WITH
29759,21,55865,integrin β3,vte,ASSOCIATED_WITH
26827,21,63242,c3,ird duration,ASSOCIATED_WITH
38394,21,69507,chip,heart failure risk,ASSOCIATED_WITH
25858,21,55683,fibrinogen,thrombotic events,ASSOCIATED_WITH
25858,21,58356,fibrinogen,neurovascular damage,ASSOCIATED_WITH
34992,21,63980,anti-nmba igg,anaphylaxis severity,ASSOCIATED_WITH
25892,21,57724,vwf,acute respiratory distress syndrome,ASSOCIATED_WITH
26112,21,55796,apsa,hearing loss,ASSOCIATED_WITH
25830,21,56037,tissue factor,procoagulant activity,ASSOCIATED_WITH
26285,21,55792,anticardiolipin antibody,antiphospholipid syndrome,ASSOCIATED_WITH
25830,21,56235,tissue factor,vte risk,ASSOCIATED_WITH
29014,21,57031,myeloperoxidase,copd,ASSOCIATED_WITH
25892,21,55544,vwf,venous thromboembolism,ASSOCIATED_WITH
37456,21,56544,anti-beta-2-glycoprotein 1 antibodies,procoagulant state,ASSOCIATED_WITH
25839,21,55534,antiphospholipid antibodies,thrombus formation,ASSOCIATED_WITH
25839,21,55552,antiphospholipid antibodies,thromboembolism,ASSOCIATED_WITH
25877,21,58211,factor viii,left ventricular hypertrophy,ASSOCIATED_WITH
33992,21,55606,pkcepsilon,acute myocardial infarction,ASSOCIATED_WITH
28834,21,67291,srage,mortality in ards,ASSOCIATED_WITH
26075,21,55639,selectins,inflammation,ASSOCIATED_WITH
38433,21,55513,activated thrombin,thrombosis,ASSOCIATED_WITH
26635,21,63066,fxiii,peripheral artery disease,ASSOCIATED_WITH
26106,21,55861,tf,bleeding,ASSOCIATED_WITH
35027,21,57895,cox2 expression,poor overall survival,ASSOCIATED_WITH
26012,21,55606,bnp,acute myocardial infarction,ASSOCIATED_WITH
25873,21,65012,protein c deficiency,arterial ischemic stroke,ASSOCIATED_WITH
25877,21,55865,factor viii,vte,ASSOCIATED_WITH
26016,21,58342,crp,bapwv,ASSOCIATED_WITH
32382,21,61549,vkdp activity,ischemic cardiovascular disease,ASSOCIATED_WITH
26606,21,62723,estrogen receptor,intravascular leiomyomatosis,ASSOCIATED_WITH
33200,21,62346,lactate dehydrogenase,acute exacerbation of idiopathic interstitial pneumonia,ASSOCIATED_WITH
32101,21,61228,hp 2 type,elevated systolic pulmonary arterial pressure,ASSOCIATED_WITH
27686,21,59484,ceruloplasmin,lvef,ASSOCIATED_WITH
32159,21,56250,bmp4,recurrent pregnancy loss,ASSOCIATED_WITH
25874,21,55683,protein s deficiency,thrombotic events,ASSOCIATED_WITH
28967,21,67274,c1-inh,immune depression,ASSOCIATED_WITH
27044,21,67940,rituximab,reversion of t-cell abnormalities,ASSOCIATED_WITH
27181,21,55527,alkaline phosphatase,deep venous thrombosis,ASSOCIATED_WITH
25839,21,56222,antiphospholipid antibodies,deep venous thrombosis risk,ASSOCIATED_WITH
28601,21,57918,bnp levels,long-term mortality,ASSOCIATED_WITH
25839,21,56250,antiphospholipid antibodies,recurrent pregnancy loss,ASSOCIATED_WITH
34811,21,63802,cl-β2gpi antibodies,activated partial thromboplastin time prolongation,ASSOCIATED_WITH
27781,21,66875,h-fabp,risk of major adverse events and mortality in pulmonary embolism,ASSOCIATED_WITH
35103,21,55772,vwf propeptide,hypertension,ASSOCIATED_WITH
26016,21,55772,crp,hypertension,ASSOCIATED_WITH
25935,21,56431,pai-1,vascular inflammation,ASSOCIATED_WITH
25881,21,69723,von willebrand factor,ards risk,ASSOCIATED_WITH
26330,21,55513,tafi,thrombosis,ASSOCIATED_WITH
25858,21,65984,fibrinogen,maximum amplitude,ASSOCIATED_WITH
26223,21,56088,endothelial no synthase,bicuspid aortic valve,ASSOCIATED_WITH
25858,21,55765,fibrinogen,thrombotic complications,ASSOCIATED_WITH
28046,21,60667,factor viii activity,catheter-related thrombosis,ASSOCIATED_WITH
28952,21,56523,troponin t,myocardial injury,ASSOCIATED_WITH
25953,21,59909,mmp-9,blood brain barrier breakdown,ASSOCIATED_WITH
31470,21,55534,cl-nanozyme,thrombus formation,ASSOCIATED_WITH
25873,21,62412,protein c deficiency,thrombolic diseases,ASSOCIATED_WITH
35840,21,55865,mptfa,vte,ASSOCIATED_WITH
32921,21,62028,abo system,neoplastic disorders,ASSOCIATED_WITH
31599,21,55792,β2gpi/hla class ii complexes,antiphospholipid syndrome,ASSOCIATED_WITH
39412,21,69223,factor v inhibition,reduced risk of ischemic stroke,ASSOCIATED_WITH
30998,21,58722,prothrombin fragment 1.2,thrombotic event,ASSOCIATED_WITH
31922,21,61067,autoantibodies against angiotensin ii type 1 receptor (anti-at1r) and endothelin-1 type a receptor,vascular and fibrotic complications,ASSOCIATED_WITH
28691,21,61830,pct,neovascular glaucoma secondary to retinal vein occlusion,ASSOCIATED_WITH
26855,21,58968,hscrp,sepsis risk,ASSOCIATED_WITH
27619,21,69738,fgfr2,paranephric fat tumor invasion,ASSOCIATED_WITH
31846,21,55772,high-sensitivity c-reactive protein,hypertension,ASSOCIATED_WITH
30645,21,56137,mmp-2 activity,vascular remodeling,ASSOCIATED_WITH
31920,21,56193,anti-th/to,pulmonary arterial hypertension,ASSOCIATED_WITH
38272,21,58252,platelet c4d,vascular events,ASSOCIATED_WITH
32622,21,61722,igfbp-2,chronicity index of renal pathology,ASSOCIATED_WITH
25832,21,58860,thrombin,blood clot formation,ASSOCIATED_WITH
25922,21,55551,protein c,hypercoagulability,ASSOCIATED_WITH
25877,21,55887,factor viii,cerebral venous thrombosis,ASSOCIATED_WITH
26644,21,55685,vkorc1,systemic lupus erythematosus,ASSOCIATED_WITH
27289,21,55690,tm,sepsis,ASSOCIATED_WITH
25896,21,65838,lupus anticoagulant,covid-19,ASSOCIATED_WITH
33611,21,63522,creld2,er stress biomarker,ASSOCIATED_WITH
33875,21,62986,tm expression on monocytes,early outcomes after cabg surgery,ASSOCIATED_WITH
28097,21,58289,procalcitonin,delirium,ASSOCIATED_WITH
27877,21,55520,tfpi and thrombomodulin deficiency,fibrin deposition,ASSOCIATED_WITH
26391,21,55513,coagulation factors,thrombosis,ASSOCIATED_WITH
25982,21,60179,par-2,metastatic dissemination,ASSOCIATED_WITH
38859,21,65314,pre-operative fibrinogen concentration,patient survival,ASSOCIATED_WITH
37618,21,56174,plasma soluble p-selectin concentration,thrombosis risk,ASSOCIATED_WITH
25935,21,59650,pai-1,"cancer growth, invasion and angiogenesis",ASSOCIATED_WITH
27191,21,60166,ngal,pleural neutrophil count,ASSOCIATED_WITH
29009,21,55935,pak1 overexpression and activity,higher tumor grade,ASSOCIATED_WITH
25879,21,55672,factor xi,ischemic stroke,ASSOCIATED_WITH
30962,21,55639,vnn1,inflammation,ASSOCIATED_WITH
35143,21,55527,anti-tubulin-α-1c antibody,deep venous thrombosis,ASSOCIATED_WITH
26016,21,67757,crp,thinner cerebral cortex,ASSOCIATED_WITH
26520,21,63432,matrix metalloproteinases,hemorrhoids,ASSOCIATED_WITH
29566,21,68912,anaphylatoxin c3a and c5a,severe and critical covid-19,ASSOCIATED_WITH
37712,21,67056,spla2 activity,envenomation,ASSOCIATED_WITH
29196,21,58447,tsp1,acute chest syndrome,ASSOCIATED_WITH
26620,21,55635,vegfr1,endothelial dysfunction,ASSOCIATED_WITH
30595,21,60128,histone h4,need for renal replacement therapy,ASSOCIATED_WITH
29211,21,58453,tnf inhibitors,pml,ASSOCIATED_WITH
26892,21,55513,recombinant factor viia,thrombosis,ASSOCIATED_WITH
25872,21,55513,antithrombin iii deficiency,thrombosis,ASSOCIATED_WITH
30595,21,60126,histone h4,increased mortality in sepsis,ASSOCIATED_WITH
28694,21,58001,cd34,dfsp,ASSOCIATED_WITH
34747,21,63755,pdgfrα expression,poor survival outcomes,ASSOCIATED_WITH
30968,21,55639,serpina6,inflammation,ASSOCIATED_WITH
39859,21,57003,cardiac troponin level,death,ASSOCIATED_WITH
25852,21,59954,tpa,schizophrenia,ASSOCIATED_WITH
27186,21,57024,endostatin,intracranial stenosis,ASSOCIATED_WITH
28515,21,59427,ap-1,pathogenesis and progression of osteosarcoma,ASSOCIATED_WITH
31252,21,58233,at1r-abs,renal artery thrombosis,ASSOCIATED_WITH
40072,21,61532,soluble tnf receptor type i,cerebral infarct volume,ASSOCIATED_WITH
29050,21,67617,traf6,cerebral ischemia-reperfusion injury,ASSOCIATED_WITH
26923,21,64904,nt-probnp,1-year mortality in acute heart failure,ASSOCIATED_WITH
26683,21,56287,anti-cardiolipin antibodies,clotting,ASSOCIATED_WITH
30087,21,59299,m2-muscarinic receptor autoantibodies,perinatal death,ASSOCIATED_WITH
27635,21,57043,hla,cteph,ASSOCIATED_WITH
30379,21,59536,small apolipoprotein,euglobulin lysis time,ASSOCIATED_WITH
26264,21,67457,ace2,pulmonary arterial thrombo-embolism,ASSOCIATED_WITH
37966,21,55513,lupus anticoagulans positivity,thrombosis,ASSOCIATED_WITH
28077,21,57478,ctnt,toxic injury,ASSOCIATED_WITH
29805,21,59085,sustained decrease in serum free light chain (flc) levels,renal recovery,ASSOCIATED_WITH
26529,21,55513,ivig,thrombosis,ASSOCIATED_WITH
26342,21,55607,adamts13,myocardial infarction,ASSOCIATED_WITH
40099,21,70078,initial pre-albumin,decreased death,ASSOCIATED_WITH
34406,21,55595,clc1b,atherosclerosis,ASSOCIATED_WITH
26121,21,55513,apolipoprotein b-100,thrombosis,ASSOCIATED_WITH
26016,21,58690,crp,mortality risk,ASSOCIATED_WITH
25953,21,67661,mmp-9,protumorigenic processes,ASSOCIATED_WITH
35480,21,59457,soluble tumor necrosis factor receptor α-2,coronary atherosclerosis,ASSOCIATED_WITH
32173,21,61280,microparticle tissue factor (mptf) activity,advanced liver fibrosis,ASSOCIATED_WITH
26080,21,58337,e-selectin,vein wall fibrosis,ASSOCIATED_WITH
25873,21,56250,protein c deficiency,recurrent pregnancy loss,ASSOCIATED_WITH
28077,21,57475,ctnt,myocardial necrosis,ASSOCIATED_WITH
26972,21,67428,mmp-2,extracellular matrix disruption,ASSOCIATED_WITH
38941,21,68668,scd27,dlco% predicted,ASSOCIATED_WITH
31464,21,67617,traf2,cerebral ischemia-reperfusion injury,ASSOCIATED_WITH
36902,21,59266,anti-β2-glycoprotein iga,clinical thrombosis,ASSOCIATED_WITH
25916,21,55546,er-β,myometrial invasion,ASSOCIATED_WITH
28037,21,55544,mertk,venous thromboembolism,ASSOCIATED_WITH
27483,21,56980,plasma tf activity,cardiovascular mortality in ami,ASSOCIATED_WITH
34442,21,55865,dj-1,vte,ASSOCIATED_WITH
27523,21,56268,tafi activity,myocardial infarction risk,ASSOCIATED_WITH
25920,21,55551,factor v,hypercoagulability,ASSOCIATED_WITH
25987,21,58186,apc,serious bleeding,ASSOCIATED_WITH
40045,21,55528,igg anti-factor xii,venous thrombosis,ASSOCIATED_WITH
25874,21,55887,protein s deficiency,cerebral venous thrombosis,ASSOCIATED_WITH
25877,21,55528,factor viii,venous thrombosis,ASSOCIATED_WITH
33265,21,56999,hs-ctni,myocardial ischemia,ASSOCIATED_WITH
26330,21,55576,tafi,hypercoagulable state,ASSOCIATED_WITH
32163,21,55527,mycoplasma pneumoniae antibodies,deep venous thrombosis,ASSOCIATED_WITH
26256,21,55503,pf4,immune response,ASSOCIATED_WITH
25839,21,59337,antiphospholipid antibodies,ovarian and testicular disease,ASSOCIATED_WITH
25922,21,58006,protein c,acute graft-versus-host disease,ASSOCIATED_WITH
25892,21,56921,vwf,thrombotic episodes,ASSOCIATED_WITH
25839,21,58252,antiphospholipid antibodies,vascular events,ASSOCIATED_WITH
25922,21,55842,protein c,disseminated intravascular coagulation,ASSOCIATED_WITH
25858,21,56789,fibrinogen,pah,ASSOCIATED_WITH
25830,21,64316,tissue factor,worse prognosis in solid tumors,ASSOCIATED_WITH
28077,21,56384,ctnt,myocarditis,ASSOCIATED_WITH
32534,21,55544,a and/or b antigens,venous thromboembolism,ASSOCIATED_WITH
27793,21,55534,pdi,thrombus formation,ASSOCIATED_WITH
26806,21,68001,mapk,ali/ards,ASSOCIATED_WITH
38942,21,68669,stnfr-i,iso↓dlco,ASSOCIATED_WITH
26827,21,56987,c3,sle,ASSOCIATED_WITH
25839,21,64419,antiphospholipid antibodies,chronic renal insufficiency,ASSOCIATED_WITH
26037,21,60412,plasmin,aaa,ASSOCIATED_WITH
25858,21,61739,fibrinogen,incident heart failure,ASSOCIATED_WITH
25880,21,57983,factor xii,macrosomia,ASSOCIATED_WITH
30562,21,57145,sp-selectin,increased risk of cardiovascular events,ASSOCIATED_WITH
25839,21,55762,antiphospholipid antibodies,fetal loss,ASSOCIATED_WITH
26016,21,68983,crp,lung injury in covid-19 pneumonia,ASSOCIATED_WITH
36118,21,56174,baseline atiii level,thrombosis risk,ASSOCIATED_WITH
25874,21,55865,protein s deficiency,vte,ASSOCIATED_WITH
25839,21,68517,antiphospholipid antibodies,acute ischemic stroke in covid-19 patients,ASSOCIATED_WITH
28261,21,57599,iga heavy chain,faster progression to multiple myeloma,ASSOCIATED_WITH
30562,21,63072,sp-selectin,lower ankle-brachial index,ASSOCIATED_WITH
26030,21,60106,bevacizumab,leucoencephalopathy syndrome,ASSOCIATED_WITH
26171,21,55513,ritonavir,thrombosis,ASSOCIATED_WITH
26722,21,56323,low protein c levels,prolongation of coagulation times,ASSOCIATED_WITH
25830,21,56801,tissue factor,vessel density,ASSOCIATED_WITH
33486,21,62628,anti-thsd7a antibody,pathogenicity,ASSOCIATED_WITH
29008,21,61437,egfr overexpression,malignant phenotype,ASSOCIATED_WITH
25935,21,55959,pai-1,obesity,ASSOCIATED_WITH
25858,21,55544,fibrinogen,venous thromboembolism,ASSOCIATED_WITH
34409,21,65838,neprilysin,covid-19,ASSOCIATED_WITH
27933,21,59209,coagulation factor xi,thrombotic diseases,ASSOCIATED_WITH
36538,21,67618,traf3,liver ischemia-reperfusion injury,ASSOCIATED_WITH
30271,21,59918,ast,tumor multifocality,ASSOCIATED_WITH
26714,21,58661,tf expression,thrombotic disorders,ASSOCIATED_WITH
25873,21,56738,protein c deficiency,thrombotic disease,ASSOCIATED_WITH
29561,21,58819,16-kda prolactin fragment,precapillary pulmonary hypertension,ASSOCIATED_WITH
25858,21,56267,fibrinogen,blood-brain barrier permeability,ASSOCIATED_WITH
28691,21,58570,pct,microbial infections,ASSOCIATED_WITH
32295,21,55678,lupus anticoagulants,cancer,ASSOCIATED_WITH
26883,21,55575,c-reactive protein,venous thromboembolism risk,ASSOCIATED_WITH
25922,21,59255,protein c,prothrombotic processes,ASSOCIATED_WITH
35103,21,64074,vwf propeptide,systemic sclerosis,ASSOCIATED_WITH
30077,21,56765,pl,blood coagulation activation,ASSOCIATED_WITH
30160,21,55515,ferritin,deep vein thrombosis,ASSOCIATED_WITH
25892,21,69008,vwf,clinically significant portal hypertension,ASSOCIATED_WITH
25872,21,59900,antithrombin iii deficiency,increased risk of vte,ASSOCIATED_WITH
34964,21,63954,16kda-prl,sflt1 increase,ASSOCIATED_WITH
26067,21,65444,protein c activity,coagulation function abnormality,ASSOCIATED_WITH
27413,21,56860,stat3,tumor progression,ASSOCIATED_WITH
29574,21,62347,egfr expression,advanced stage,ASSOCIATED_WITH
26035,21,57178,apl,dic,ASSOCIATED_WITH
25874,21,58118,protein s deficiency,increased risk of venous thromboembolism,ASSOCIATED_WITH
29832,21,55690,presepsin,sepsis,ASSOCIATED_WITH
25874,21,60273,protein s deficiency,ovarian vein thrombosis,ASSOCIATED_WITH
25922,21,57894,protein c,allograft thrombosis,ASSOCIATED_WITH
30035,21,56472,serping1,heart failure,ASSOCIATED_WITH
29049,21,55772,rocks,hypertension,ASSOCIATED_WITH
39302,21,55786,ed-a+ fn,pulmonary hypertension,ASSOCIATED_WITH
26052,21,55526,hla-b51,behçet's disease severity,ASSOCIATED_WITH
25935,21,59255,pai-1,prothrombotic processes,ASSOCIATED_WITH
35281,21,58540,ap-f13a1,colorectal cancer,ASSOCIATED_WITH
31917,21,55821,antitopoisomerase i antibodies,pulmonary fibrosis,ASSOCIATED_WITH
31898,21,56850,high fviii:c levels,recurrent vte,ASSOCIATED_WITH
26883,21,56296,c-reactive protein,cardiovascular mortality,ASSOCIATED_WITH
27599,21,56914,tau,tumor metastasis,ASSOCIATED_WITH
38793,21,58246,natriuretic peptide,disease severity,ASSOCIATED_WITH
26285,21,55952,anticardiolipin antibody,idiopathic intracranial hypertension,ASSOCIATED_WITH
26200,21,62056,hemoglobin,portal venous system thrombosis,ASSOCIATED_WITH
30700,21,55809,factor vii level,insulin resistance,ASSOCIATED_WITH
33077,21,55683,anti-β2-glycoprotein 1 domain 1 antibodies,thrombotic events,ASSOCIATED_WITH
25875,21,60600,activated protein c,nephroprotection,ASSOCIATED_WITH
25922,21,55528,protein c,venous thrombosis,ASSOCIATED_WITH
27981,21,55881,nlrp3 inflammasome,cytokine storm,ASSOCIATED_WITH
30021,21,55691,serpinb1,complement activation,ASSOCIATED_WITH
25881,21,56696,von willebrand factor,recurrent stroke,ASSOCIATED_WITH
30998,21,55544,prothrombin fragment 1.2,venous thromboembolism,ASSOCIATED_WITH
29670,21,55513,triple apl positivity,thrombosis,ASSOCIATED_WITH
25839,21,57318,antiphospholipid antibodies,small for gestational age,ASSOCIATED_WITH
26170,21,55792,antiphosphatidylserine-prothrombin complex antibodies,antiphospholipid syndrome,ASSOCIATED_WITH
26714,21,58662,tf expression,metastatic potential,ASSOCIATED_WITH
25858,21,64764,fibrinogen,in-hospital ischemic stroke,ASSOCIATED_WITH
30098,21,56841,lactoferrin,postoperative infectious complications,ASSOCIATED_WITH
26206,21,59628,egfr,aggressive phenotype,ASSOCIATED_WITH
38190,21,55760,acsl3,fibrosis,ASSOCIATED_WITH
25922,21,55865,protein c,vte,ASSOCIATED_WITH
26664,21,56995,pai-1 deficiency,increased risk of bleeding,ASSOCIATED_WITH
32913,21,58246,s100a12,disease severity,ASSOCIATED_WITH
26692,21,58568,il-2 receptor,advanced-stage disease,ASSOCIATED_WITH
34711,21,60023,antiphospholipid antibody,spontaneous coronary artery dissection,ASSOCIATED_WITH
25892,21,55568,vwf,angiogenesis,ASSOCIATED_WITH
30828,21,56357,i-fabp,lung injury,ASSOCIATED_WITH
28647,21,57953,igg-class anti-pf4/heparin antibodies,symptomatic deep vein thrombosis,ASSOCIATED_WITH
36422,21,55528,lupus anticoagulant antibody,venous thrombosis,ASSOCIATED_WITH
26883,21,68133,c-reactive protein,major adverse cardiovascular event,ASSOCIATED_WITH
25896,21,58928,lupus anticoagulant,portomesenteric venous thrombosis,ASSOCIATED_WITH
25935,21,64797,pai-1,leg ulcer pathogenesis,ASSOCIATED_WITH
31396,21,58989,tissue factor pathway inhibitor (tfpi) activity,coronary heart disease (chd) risk,ASSOCIATED_WITH
31592,21,59224,factor viic,esrd,ASSOCIATED_WITH
37295,21,55620,anti-β2 glycoprotein antibodies,pulmonary thrombosis,ASSOCIATED_WITH
27657,21,57160,anti-thrombin iii,recurrent pregnancy losses,ASSOCIATED_WITH
33448,21,62592,rhob activation,impaired barrier recovery,ASSOCIATED_WITH
25874,21,56222,protein s deficiency,deep venous thrombosis risk,ASSOCIATED_WITH
26923,21,55544,nt-probnp,venous thromboembolism,ASSOCIATED_WITH
25877,21,55725,factor viii,vascular thrombosis,ASSOCIATED_WITH
25858,21,57043,fibrinogen,cteph,ASSOCIATED_WITH
26112,21,55795,apsa,ntg,ASSOCIATED_WITH
26923,21,55802,nt-probnp,mortality,ASSOCIATED_WITH
26883,21,55516,c-reactive protein,pulmonary embolism,ASSOCIATED_WITH
28801,21,55513,anti-heparin/pf4 antibody level,thrombosis,ASSOCIATED_WITH
29358,21,57147,mpo-anca,gpa,ASSOCIATED_WITH
33992,21,63089,pkcepsilon,high-risk disease,ASSOCIATED_WITH
25858,21,59224,fibrinogen,esrd,ASSOCIATED_WITH
29589,21,57031,cd30,copd,ASSOCIATED_WITH
26403,21,57831,prothrombin,increased risk of venous thrombosis,ASSOCIATED_WITH
29773,21,59042,scd163,morbidity and mortality,ASSOCIATED_WITH
30229,21,63607,galectin-3,portal or hepatic vein involvement,ASSOCIATED_WITH
34505,21,63563,apoa1,decreased risk of stemi,ASSOCIATED_WITH
32052,21,62203,nfkb1,coronary endothelial dysfunction,ASSOCIATED_WITH
26883,21,55544,c-reactive protein,venous thromboembolism,ASSOCIATED_WITH
26883,21,69989,c-reactive protein,cancer mortality,ASSOCIATED_WITH
33116,21,62273,intermediate levels of coagulation factor ix,reduced incidence of thrombotic events,ASSOCIATED_WITH
31157,21,60033,antithrombin 3 deficiency,heparin resistance,ASSOCIATED_WITH
31050,21,60270,antiphospholipid antibody positivity,greater need of renal replacement therapy,ASSOCIATED_WITH
26918,21,57161,at iii,poor outcome in obstetric sepsis,ASSOCIATED_WITH
34799,21,63795,antibodies to chsp60,abnormal cervical cancer screening,ASSOCIATED_WITH
27541,21,55575,plasmin-antiplasmin complex,venous thromboembolism risk,ASSOCIATED_WITH
33779,21,58326,edema toxin,shock,ASSOCIATED_WITH
27997,21,55666,lpl,coronary heart disease,ASSOCIATED_WITH
27533,21,55513,fibrinogen level,thrombosis,ASSOCIATED_WITH
26016,21,60420,crp,red cell distribution width,ASSOCIATED_WITH
25969,21,62362,p-selectin,scd morbidity,ASSOCIATED_WITH
30994,21,55544,thyroid peroxidase,venous thromboembolism,ASSOCIATED_WITH
29425,21,61467,ox40l,febrile reactions,ASSOCIATED_WITH
25839,21,55812,antiphospholipid antibodies,coronary artery disease,ASSOCIATED_WITH
29727,21,58981,pla2r,primary mn,ASSOCIATED_WITH
25858,21,55615,fibrinogen,inflammatory response,ASSOCIATED_WITH
25858,21,57019,fibrinogen,coronary heart disease events,ASSOCIATED_WITH
26200,21,67478,hemoglobin,duration of clu,ASSOCIATED_WITH
26342,21,58913,adamts13,ischemic cerebrovascular disease,ASSOCIATED_WITH
36253,21,67085,il-2r,covid-19 severity,ASSOCIATED_WITH
30562,21,56201,sp-selectin,metabolic syndrome,ASSOCIATED_WITH
28341,21,57692,myl2,cardiac disease severity,ASSOCIATED_WITH
28009,21,55862,prothrombin complex concentrates,arterial and venous thrombosis,ASSOCIATED_WITH
30554,21,59776,high ast,provoked vte,ASSOCIATED_WITH
31464,21,57235,traf2,myocardial ischemia-reperfusion injury,ASSOCIATED_WITH
27997,21,55980,lpl,alzheimer's disease,ASSOCIATED_WITH
25874,21,55600,protein s deficiency,portal vein thrombosis,ASSOCIATED_WITH
25858,21,68804,fibrinogen,worsening coagulopathy,ASSOCIATED_WITH
27884,21,55812,plasma fn level,coronary artery disease,ASSOCIATED_WITH
26214,21,57083,gas6,major bleeding,ASSOCIATED_WITH
27011,21,56250,mthfr,recurrent pregnancy loss,ASSOCIATED_WITH
25994,21,56472,cd14,heart failure,ASSOCIATED_WITH
39600,21,55513,anti-ß2 glycoprotein-1 antibodies,thrombosis,ASSOCIATED_WITH
35629,21,64595,podoplanin (pdpn) expression,unfavorable overall survival,ASSOCIATED_WITH
31947,21,56919,pltp,hypercoagulation,ASSOCIATED_WITH
25880,21,58654,factor xii,venous thrombosis initiation,ASSOCIATED_WITH
25898,21,65195,antithrombin,stroke recurrence,ASSOCIATED_WITH
35473,21,65229,hla-b27,skin eims,ASSOCIATED_WITH
29021,21,55772,arginase,hypertension,ASSOCIATED_WITH
26821,21,56987,c4,sle,ASSOCIATED_WITH
35407,21,56065,annexin a1 autoantibodies,behçet's disease,ASSOCIATED_WITH
26855,21,55959,hscrp,obesity,ASSOCIATED_WITH
26030,21,61524,bevacizumab,wound-healing complications,ASSOCIATED_WITH
31911,21,61795,eif2ak4,pvod,ASSOCIATED_WITH
39265,21,57083,ferritin levels >500 ng/ml,major bleeding,ASSOCIATED_WITH
32574,21,61664,l-glutaminase activity,toxic side effects,ASSOCIATED_WITH
34452,21,63521,sec63,disease severity in adpkd,ASSOCIATED_WITH
38572,21,57154,hrg level,post-thrombotic syndrome,ASSOCIATED_WITH
25935,21,55812,pai-1,coronary artery disease,ASSOCIATED_WITH
26345,21,55862,jak2,arterial and venous thrombosis,ASSOCIATED_WITH
36586,21,56919,fibrinogen/fibrin,hypercoagulation,ASSOCIATED_WITH
26636,21,55870,fxiii activity,survival,ASSOCIATED_WITH
34615,21,58643,circulating hmgb1,heart disease,ASSOCIATED_WITH
28923,21,58237,her-2 overexpression,aggressive cancer,ASSOCIATED_WITH
28080,21,58459,mtrr,cyclosporine nephrotoxicity,ASSOCIATED_WITH
25996,21,66496,nf-κb,severe covid-19,ASSOCIATED_WITH
26116,21,62716,h2b,alveolar leak of albumin,ASSOCIATED_WITH
26036,21,60033,antithrombin iii,heparin resistance,ASSOCIATED_WITH
38546,21,55516,anti-dna-antibodies,pulmonary embolism,ASSOCIATED_WITH
26883,21,60900,c-reactive protein,splanchnic venous thrombosis,ASSOCIATED_WITH
31252,21,60502,at1r-abs,microvascular occlusion,ASSOCIATED_WITH
26034,21,55513,acl igg,thrombosis,ASSOCIATED_WITH
25877,21,55527,factor viii,deep venous thrombosis,ASSOCIATED_WITH
31433,21,55802,hmgb-1,mortality,ASSOCIATED_WITH
25874,21,55513,protein s deficiency,thrombosis,ASSOCIATED_WITH
29891,21,67376,st2,vte adverse prognosis,ASSOCIATED_WITH
26030,21,63952,bevacizumab,thromboembolism events,ASSOCIATED_WITH
28411,21,57754,anti-domain i igg,resistance to anxa5 anticoagulant activity,ASSOCIATED_WITH
30599,21,59812,ldh values,absence of ineffective erythropoiesis,ASSOCIATED_WITH
29894,21,59154,fxiia-at,platelet parameters,ASSOCIATED_WITH
29495,21,55528,vaginal ring,venous thrombosis,ASSOCIATED_WITH
29112,21,55639,cox2,inflammation,ASSOCIATED_WITH
26569,21,55919,protein z,coagulation activation,ASSOCIATED_WITH
33255,21,55675,tymp,cardiovascular disease,ASSOCIATED_WITH
28082,21,57031,neutrophil elastase,copd,ASSOCIATED_WITH
26846,21,55865,lp-pla2,vte,ASSOCIATED_WITH
25858,21,63220,fibrinogen,risk of acquiring cad,ASSOCIATED_WITH
26883,21,64981,c-reactive protein,atrial fibrillation onset,ASSOCIATED_WITH
25839,21,55607,antiphospholipid antibodies,myocardial infarction,ASSOCIATED_WITH
35991,21,55544,ro/ssa and la/ssb autoantibodies,venous thromboembolism,ASSOCIATED_WITH
27011,21,55527,mthfr,deep venous thrombosis,ASSOCIATED_WITH
39411,21,69221,factor xi inhibition,reduced risk of cardioembolic stroke,ASSOCIATED_WITH
25879,21,60529,factor xi,venous thromboembolism (vte) risk,ASSOCIATED_WITH
32261,21,62386,ggt,coronary artery obstruction,ASSOCIATED_WITH
28243,21,55534,ace2 activity,thrombus formation,ASSOCIATED_WITH
26529,21,55683,ivig,thrombotic events,ASSOCIATED_WITH
26438,21,56109,antiphospholipid autoantibodies,hyper-coagulability,ASSOCIATED_WITH
25839,21,66088,antiphospholipid antibodies,primary uedvt,ASSOCIATED_WITH
33287,21,56314,fviia-at,all-cause mortality,ASSOCIATED_WITH
27736,21,55513,podoplanin,thrombosis,ASSOCIATED_WITH
26181,21,63022,anti-phospholipid antibodies,poor obstetrical outcomes,ASSOCIATED_WITH
26264,21,55639,ace2,inflammation,ASSOCIATED_WITH
26030,21,55544,bevacizumab,venous thromboembolism,ASSOCIATED_WITH
26181,21,61911,anti-phospholipid antibodies,pregnancy morbidity,ASSOCIATED_WITH
31545,21,56987,c1q deficiency,sle,ASSOCIATED_WITH
29725,21,56163,c5b-9,thrombotic microangiopathy,ASSOCIATED_WITH
38861,21,55513,anti-beta 2 glycoprotein i iga,thrombosis,ASSOCIATED_WITH
30626,21,59841,reduction of serum inhibin levels,ovarian insufficiency,ASSOCIATED_WITH
25839,21,59335,antiphospholipid antibodies,autoimmune thyroid disease,ASSOCIATED_WITH
27336,21,56853,apo b100,unprovoked vte,ASSOCIATED_WITH
26030,21,56110,bevacizumab,arterial thromboembolic events,ASSOCIATED_WITH
25877,21,55544,factor viii,venous thromboembolism,ASSOCIATED_WITH
39205,21,69039,pdpn and tf co-expression,local microthrombosis,ASSOCIATED_WITH
26093,21,55569,thrombomodulin,metastasis,ASSOCIATED_WITH
31499,21,60646,erbb2 and erbb4 co-expression,worse overall survival,ASSOCIATED_WITH
30538,21,65984,serum albumin,maximum amplitude,ASSOCIATED_WITH
26467,21,55635,tlr-4,endothelial dysfunction,ASSOCIATED_WITH
30538,21,56018,serum albumin,venous thromboembolic events,ASSOCIATED_WITH
25839,21,59198,antiphospholipid antibodies,recurrent abortion,ASSOCIATED_WITH
29577,21,55544,soluble fibrin,venous thromboembolism,ASSOCIATED_WITH
28986,21,55865,saa,vte,ASSOCIATED_WITH
29548,21,58809,nmo-igg,spinal cord lesion length,ASSOCIATED_WITH
31727,21,57609,uncarboxylated mgp,arterial calcification,ASSOCIATED_WITH
37764,21,55981,sex hormone–binding globulin,type 2 diabetes,ASSOCIATED_WITH
25877,21,56865,factor viii,thrombotic risk,ASSOCIATED_WITH
31285,21,60521,hypoxia-inducible factor 1,cancer-associated hypercoagulation,ASSOCIATED_WITH
32355,21,66004,amyloid-β,senile plaque formation,ASSOCIATED_WITH
32472,21,61606,"platelet number and metabolic status, glycoprotein iib/iiia status",clot retraction force,ASSOCIATED_WITH
25896,21,55515,lupus anticoagulant,deep vein thrombosis,ASSOCIATED_WITH
25922,21,55513,protein c,thrombosis,ASSOCIATED_WITH
34491,21,55544,soluble fibrin monomer complex,venous thromboembolism,ASSOCIATED_WITH
29706,21,65304,high factor viii level,resistance to anticoagulant action of art-123,ASSOCIATED_WITH
37706,21,67049,ros1,metastatic oral squamous cell carcinomas,ASSOCIATED_WITH
25839,21,57978,antiphospholipid antibodies,infertility,ASSOCIATED_WITH
26931,21,55639,hmgb1,inflammation,ASSOCIATED_WITH
26874,21,56434,igg anti-β2-glycoprotein i antibodies,ulcerative colitis severity,ASSOCIATED_WITH
26012,21,57532,bnp,heart failure severity,ASSOCIATED_WITH
25839,21,55711,antiphospholipid antibodies,intrauterine growth restriction,ASSOCIATED_WITH
25999,21,55843,cox-1,thrombocytosis,ASSOCIATED_WITH
39720,21,56314,plasma thrombin level,all-cause mortality,ASSOCIATED_WITH
26027,21,55551,apa,hypercoagulability,ASSOCIATED_WITH
26855,21,56390,hscrp,musculoskeletal damage,ASSOCIATED_WITH
27020,21,64379,plasma kallikrein,reduced experimental gastroenterocolitis and arthritis,ASSOCIATED_WITH
25839,21,61324,antiphospholipid antibodies,multiple sclerosis progression,ASSOCIATED_WITH
25828,21,55847,anticardiolipin antibodies,recurrent spontaneous abortion,ASSOCIATED_WITH
25839,21,56187,antiphospholipid antibodies,pregnancy loss,ASSOCIATED_WITH
28961,21,58262,igf-ii,disease control,ASSOCIATED_WITH
29929,21,55773,lipoprotein-associated phospholipase a2,stroke,ASSOCIATED_WITH
26630,21,59918,afp,tumor multifocality,ASSOCIATED_WITH
35460,21,56641,ifih1 protein expression,calcifications,ASSOCIATED_WITH
26445,21,56115,at iii deficiency,disseminated intravascular coagulopathy,ASSOCIATED_WITH
31437,21,62798,adamts-13,concealed crf,ASSOCIATED_WITH
28277,21,60571,cd40,vegf-induced angiogenesis,ASSOCIATED_WITH
27945,21,55594,hs-ctnt,myocardial damage,ASSOCIATED_WITH
25935,21,64729,pai-1,thrombogenic attributes,ASSOCIATED_WITH
27945,21,57267,hs-ctnt,rv dysfunction,ASSOCIATED_WITH
38148,21,65838,fcn3,covid-19,ASSOCIATED_WITH
34306,21,56174,positive anticardiolipin antibody igg/m,thrombosis risk,ASSOCIATED_WITH
31560,21,65353,gpvi expression,poorer outcome in acs,ASSOCIATED_WITH
26658,21,55639,supar,inflammation,ASSOCIATED_WITH
28544,21,55513,prothrombin activity,thrombosis,ASSOCIATED_WITH
29773,21,68668,scd163,dlco% predicted,ASSOCIATED_WITH
26635,21,60593,fxiii,airflow limitation,ASSOCIATED_WITH
26391,21,55534,coagulation factors,thrombus formation,ASSOCIATED_WITH
32631,21,65390,nras,generalized lymphatic anomaly,ASSOCIATED_WITH
31772,21,60903,mutant fibrinogen,compromised antimicrobial host defense,ASSOCIATED_WITH
36909,21,61420,phosphorylated tau,neurofibrillary tangle formation,ASSOCIATED_WITH
37041,21,56360,anti-pp1pk antibody,recurrent miscarriage,ASSOCIATED_WITH
32758,21,61911,ssa antibodies,pregnancy morbidity,ASSOCIATED_WITH
25968,21,55513,cd36,thrombosis,ASSOCIATED_WITH
27319,21,55544,sod,venous thromboembolism,ASSOCIATED_WITH
25858,21,67170,fibrinogen,cardiovascular disease event risk,ASSOCIATED_WITH
32137,21,61254,rprm,invasive stage of gastric cancer,ASSOCIATED_WITH
27287,21,56799,fkbp51,mdd,ASSOCIATED_WITH
25858,21,67085,fibrinogen,covid-19 severity,ASSOCIATED_WITH
25887,21,55576,protein s,hypercoagulable state,ASSOCIATED_WITH
30793,21,55516,protein c and protein s deficiency,pulmonary embolism,ASSOCIATED_WITH
26025,21,55765,t-pa,thrombotic complications,ASSOCIATED_WITH
35841,21,55865,anti-plg,vte,ASSOCIATED_WITH
26052,21,62931,hla-b51,pathogenesis of behçet's disease,ASSOCIATED_WITH
26093,21,55544,thrombomodulin,venous thromboembolism,ASSOCIATED_WITH
27619,21,69740,fgfr2,adrenal metastases,ASSOCIATED_WITH
36518,21,58372,c4a,rpl,ASSOCIATED_WITH
30015,21,55691,serpina3,complement activation,ASSOCIATED_WITH
30087,21,59297,m2-muscarinic receptor autoantibodies,increased risk of adverse pregnancy complications,ASSOCIATED_WITH
30538,21,55544,serum albumin,venous thromboembolism,ASSOCIATED_WITH
27618,21,69737,fgfr1,fuhrman grade g3-4,ASSOCIATED_WITH
39360,21,66234,senescence-associated secretory proteins,covid-19 disease severity,ASSOCIATED_WITH
25839,21,55712,antiphospholipid antibodies,placental abruption,ASSOCIATED_WITH
28936,21,56684,r-tpa,haemorrhage,ASSOCIATED_WITH
31255,21,55927,anti-ccp antibodies,interstitial lung disease,ASSOCIATED_WITH
33906,21,55516,tms panel,pulmonary embolism,ASSOCIATED_WITH
25839,21,55862,antiphospholipid antibodies,arterial and venous thrombosis,ASSOCIATED_WITH
35374,21,56443,desphospho-uncarboxylated matrix gla protein,arterial stiffness,ASSOCIATED_WITH
26816,21,58980,c1q,secondary mn,ASSOCIATED_WITH
30402,21,59596,autoantibodies against α1 adrenoreceptor,severe pre-eclampsia,ASSOCIATED_WITH
30253,21,56738,cbs deficiency,thrombotic disease,ASSOCIATED_WITH
31464,21,59309,traf2,intestinal ischemia-reperfusion injury,ASSOCIATED_WITH
27018,21,64377,prekallikrein,accelerated vascular disease in diabetes,ASSOCIATED_WITH
26846,21,58774,lp-pla2,right ventricular strain and strain rate,ASSOCIATED_WITH
29014,21,59026,myeloperoxidase,circulating dna,ASSOCIATED_WITH
26403,21,55528,prothrombin,venous thrombosis,ASSOCIATED_WITH
30112,21,63920,myc,reduced sensitivity to alk inhibitors,ASSOCIATED_WITH
26221,21,57173,aprotinin,renal failure,ASSOCIATED_WITH
25953,21,59815,mmp-9,ischemic retinal vein occlusion,ASSOCIATED_WITH
25834,21,64129,angiotensin ii,development of ohss,ASSOCIATED_WITH
26229,21,55929,fxa,coagulation cascade,ASSOCIATED_WITH
26529,21,58533,ivig,pancytopenia,ASSOCIATED_WITH
26362,21,56031,cfh y402h variant,age-related macular degeneration,ASSOCIATED_WITH
36692,21,65738,seh,diabetic nephrology,ASSOCIATED_WITH
25933,21,67745,caspase-3,postoperative pain development,ASSOCIATED_WITH
31754,21,55927,anti-tumour necrosis factor α agents,interstitial lung disease,ASSOCIATED_WITH
26841,21,56250,factor xii deficiency,recurrent pregnancy loss,ASSOCIATED_WITH
25874,21,55552,protein s deficiency,thromboembolism,ASSOCIATED_WITH
29483,21,55681,anti-pf4 antibodies,thrombocytopenia,ASSOCIATED_WITH
25908,21,61252,thrombin generation,prolonged clot lysis time,ASSOCIATED_WITH
28267,21,55513,asparaginase,thrombosis,ASSOCIATED_WITH
25935,21,55595,pai-1,atherosclerosis,ASSOCIATED_WITH
28498,21,61559,par-4,premature death,ASSOCIATED_WITH
25922,21,55748,protein c,thromboembolic events,ASSOCIATED_WITH
25983,21,57465,endothelin-1,cardiac remodeling,ASSOCIATED_WITH
26473,21,60395,albumin,postoperative infection,ASSOCIATED_WITH
30158,21,59358,histone h3,sepsis and dic,ASSOCIATED_WITH
25830,21,55865,tissue factor,vte,ASSOCIATED_WITH
26855,21,59972,hscrp,increased risk of non-aids events,ASSOCIATED_WITH
34985,21,55861,anti-xa levels,bleeding,ASSOCIATED_WITH
39748,21,60115,anti-anxa2 antibodies,cerebral thrombosis,ASSOCIATED_WITH
30079,21,59057,d-d,acute cerebral infarction,ASSOCIATED_WITH
26097,21,55927,anca,interstitial lung disease,ASSOCIATED_WITH
25879,21,55515,factor xi,deep vein thrombosis,ASSOCIATED_WITH
26016,21,57867,crp,survival time,ASSOCIATED_WITH
26252,21,55605,anti-pf4/heparin antibodies,arterial thrombosis,ASSOCIATED_WITH
25839,21,62975,antiphospholipid antibodies,left-sided valvular heart disease,ASSOCIATED_WITH
38602,21,68213,circulating prothrombin,blood clot size,ASSOCIATED_WITH
30966,21,55639,saa4,inflammation,ASSOCIATED_WITH
26181,21,58255,anti-phospholipid antibodies,pte,ASSOCIATED_WITH
27017,21,56592,anti-protein z igm antibodies,villous thrombosis,ASSOCIATED_WITH
28943,21,58246,fetal hemoglobin,disease severity,ASSOCIATED_WITH
37909,21,67288,higher sp-d levels,more severe lung injuries,ASSOCIATED_WITH
26853,21,61287,tafi antigen levels,risk of recurrence,ASSOCIATED_WITH
34887,21,63894,mmp-2 and mmp-9,venous wall remodeling,ASSOCIATED_WITH
33200,21,65661,lactate dehydrogenase,acute exacerbation of interstitial pneumonia,ASSOCIATED_WITH
25839,21,59336,antiphospholipid antibodies,hypopituitarism,ASSOCIATED_WITH
35103,21,56296,vwf propeptide,cardiovascular mortality,ASSOCIATED_WITH
26263,21,56250,ace,recurrent pregnancy loss,ASSOCIATED_WITH
27893,21,55528,factor viiic,venous thrombosis,ASSOCIATED_WITH
27659,21,64315,tp53,saml transformation,ASSOCIATED_WITH
27997,21,57408,lpl,essential hypertension,ASSOCIATED_WITH
29584,21,63813,hs-crp,seizure occurrence,ASSOCIATED_WITH
27619,21,69741,fgfr2,liver metastases,ASSOCIATED_WITH
28986,21,67376,saa,vte adverse prognosis,ASSOCIATED_WITH
38876,21,58301,biget-1,renal insufficiency,ASSOCIATED_WITH
25830,21,56860,tissue factor,tumor progression,ASSOCIATED_WITH
26097,21,57147,anca,gpa,ASSOCIATED_WITH
25998,21,55772,mmps,hypertension,ASSOCIATED_WITH
38089,21,67512,elevated ctnt levels,malignant arrhythmias,ASSOCIATED_WITH
36459,21,55959,prohormone convertase 1,obesity,ASSOCIATED_WITH
25839,21,57365,antiphospholipid antibodies,placental insufficiency,ASSOCIATED_WITH
25881,21,59026,von willebrand factor,circulating dna,ASSOCIATED_WITH
30867,21,56333,vegf-c expression,lymphatic metastasis,ASSOCIATED_WITH
36843,21,65935,antineutrophil cytoplasmic antibodies,kidney involvement,ASSOCIATED_WITH
29770,21,68668,scd14,dlco% predicted,ASSOCIATED_WITH
32261,21,62117,ggt,idiopathic pulmonary arterial hypertension,ASSOCIATED_WITH
25922,21,57161,protein c,poor outcome in obstetric sepsis,ASSOCIATED_WITH
28776,21,58053,deficiency of protein c,cerebral venous sinus thrombosis,ASSOCIATED_WITH
25935,21,55727,pai-1,nonspecific interstitial pneumonia,ASSOCIATED_WITH
27107,21,65272,rhoa,cigarette smoke-induced endothelial dysfunction,ASSOCIATED_WITH
25922,21,57160,protein c,recurrent pregnancy losses,ASSOCIATED_WITH
36679,21,57147,antiproteinase 3 (pr3) antibodies,gpa,ASSOCIATED_WITH
29646,21,55528,pd-1,venous thrombosis,ASSOCIATED_WITH
26855,21,56386,hscrp,interstitial pulmonary fibrosis,ASSOCIATED_WITH
30965,21,55639,cd163,inflammation,ASSOCIATED_WITH
29574,21,69557,egfr expression,inferior disease-free survival,ASSOCIATED_WITH
26931,21,63989,hmgb1,severity of sap,ASSOCIATED_WITH
30537,21,62034,nucleosomes,dox-induced cardiotoxicity,ASSOCIATED_WITH
27945,21,58211,hs-ctnt,left ventricular hypertrophy,ASSOCIATED_WITH
25922,21,56174,protein c,thrombosis risk,ASSOCIATED_WITH
39632,21,69503,anti-cd20 antibodies,inadequate antibody production to sars-cov-2,ASSOCIATED_WITH
36739,21,65803,enterotoxins,dermatological manifestations,ASSOCIATED_WITH
36220,21,58958,cardiac troponin,cardiomyocyte injury,ASSOCIATED_WITH
34918,21,63911,plasma apolipoprotein levels,cvd risk,ASSOCIATED_WITH
25839,21,58557,antiphospholipid antibodies,thromboembolic disease,ASSOCIATED_WITH
29497,21,58770,select matrix metalloproteinases,focal structural changes of the venous wall,ASSOCIATED_WITH
26014,21,65619,statins,protective effect against osteonecrosis,ASSOCIATED_WITH
25887,21,55865,protein s,vte,ASSOCIATED_WITH
25874,21,55544,protein s deficiency,venous thromboembolism,ASSOCIATED_WITH
29197,21,55881,ldh,cytokine storm,ASSOCIATED_WITH
34506,21,55710,apob,preeclampsia,ASSOCIATED_WITH
35005,21,60979,autoantibodies to factor viii,acquired hemophilia a,ASSOCIATED_WITH
33877,21,62989,lrp6,malignant phenotypes and poor prognosis of hccs,ASSOCIATED_WITH
30034,21,55582,serpinf2,fibrinolysis,ASSOCIATED_WITH
25877,21,62302,factor viii,recurrent abortions,ASSOCIATED_WITH
26855,21,56388,hscrp,anemia,ASSOCIATED_WITH
35123,21,55513,immunoglobulin therapy,thrombosis,ASSOCIATED_WITH
26132,21,69632,activated factor v,disappearance of lupus anticoagulant (la) effect,ASSOCIATED_WITH
26241,21,63226,gpiib/iiia,glanzmann’s thrombasthenia,ASSOCIATED_WITH
30132,21,55528,igm aps/pt,venous thrombosis,ASSOCIATED_WITH
25874,21,65012,protein s deficiency,arterial ischemic stroke,ASSOCIATED_WITH
28437,21,57804,smad4,local disease progression pattern,ASSOCIATED_WITH
25872,21,58557,antithrombin iii deficiency,thromboembolic disease,ASSOCIATED_WITH
34136,21,55595,components of coagulation system,atherosclerosis,ASSOCIATED_WITH
25922,21,59224,protein c,esrd,ASSOCIATED_WITH
29580,21,58834,rnp-70k autoantibody,musculoskeletal manifestations,ASSOCIATED_WITH
29494,21,55528,transdermal contraceptive patch,venous thrombosis,ASSOCIATED_WITH
25874,21,57387,protein s deficiency,csvt,ASSOCIATED_WITH
37022,21,66163,factor viii elevated level,vte risk increase,ASSOCIATED_WITH
25879,21,64800,factor xi,venous and arterial thromboembolism risk,ASSOCIATED_WITH
29415,21,56986,anticardiolipin igm,crvo,ASSOCIATED_WITH
29180,21,58433,anti-nuclear antibody,acute thrombosis,ASSOCIATED_WITH
25887,21,57160,protein s,recurrent pregnancy losses,ASSOCIATED_WITH
25878,21,55865,factor ix,vte,ASSOCIATED_WITH
39743,21,56411,antiphospholipid immunoglobulin and complement components,inflammatory process,ASSOCIATED_WITH
39049,21,68814,anti-heart antibodies,inflammatory heart injury,ASSOCIATED_WITH
33614,21,62729,gpt,secondary headache,ASSOCIATED_WITH
25830,21,56802,tissue factor,histological malignancy grade,ASSOCIATED_WITH
37762,21,67104,insulin-like growth factor–binding protein 2,incident type 2 diabetes,ASSOCIATED_WITH
31492,21,56250,cd46,recurrent pregnancy loss,ASSOCIATED_WITH
34308,21,56032,pd-1 inhibitors,hyperthyroidism,ASSOCIATED_WITH
26326,21,60794,bortezomib,opportunistic infections,ASSOCIATED_WITH
36538,21,59309,traf3,intestinal ischemia-reperfusion injury,ASSOCIATED_WITH
25892,21,58342,vwf,bapwv,ASSOCIATED_WITH
29574,21,57895,egfr expression,poor overall survival,ASSOCIATED_WITH
25839,21,55576,antiphospholipid antibodies,hypercoagulable state,ASSOCIATED_WITH
25876,21,59950,factor vii,intracranial hemorrhage,ASSOCIATED_WITH
34667,21,63669,gsk461364a,venous thrombotic emboli,ASSOCIATED_WITH
28967,21,56236,c1-inh,fibrin clot formation,ASSOCIATED_WITH
36462,21,55959,kinase suppressor of ras 2,obesity,ASSOCIATED_WITH
25935,21,63850,pai-1,age-related diseases,ASSOCIATED_WITH
26181,21,57160,anti-phospholipid antibodies,recurrent pregnancy losses,ASSOCIATED_WITH
39663,21,55672,high levels of vwf,ischemic stroke,ASSOCIATED_WITH
26303,21,55513,activation of clotting factors,thrombosis,ASSOCIATED_WITH
26030,21,57707,bevacizumab,diffuse alveolar haemorrhage,ASSOCIATED_WITH
26106,21,57662,tf,vegf overexpression,ASSOCIATED_WITH
28185,21,55786,endothelin 1,pulmonary hypertension,ASSOCIATED_WITH
38158,21,57235,traf5,myocardial ischemia-reperfusion injury,ASSOCIATED_WITH
25839,21,57165,antiphospholipid antibodies,fetal wastage,ASSOCIATED_WITH
27080,21,69495,bcl2,acute type a aortic dissection,ASSOCIATED_WITH
37176,21,69732,p53 downregulation,increased levels of oxidative stress,ASSOCIATED_WITH
30095,21,55513,β2-gpi antibodies,thrombosis,ASSOCIATED_WITH
26311,21,55515,l-asparaginase,deep vein thrombosis,ASSOCIATED_WITH
39599,21,64458,dnase 1 enzymatic activity,net burden,ASSOCIATED_WITH
25839,21,58909,antiphospholipid antibodies,multifocal osteonecrosis,ASSOCIATED_WITH
25839,21,62974,antiphospholipid antibodies,pulmonary arterial hypertension associated with connective tissue disease,ASSOCIATED_WITH
29048,21,55636,cetp,atherogenesis,ASSOCIATED_WITH
30673,21,57242,plasma fibrinogen,tumor necrosis,ASSOCIATED_WITH
26883,21,67067,c-reactive protein,ascvd,ASSOCIATED_WITH
35188,21,55600,low adamts-13 level,portal vein thrombosis,ASSOCIATED_WITH
25881,21,55513,von willebrand factor,thrombosis,ASSOCIATED_WITH
25881,21,55615,von willebrand factor,inflammatory response,ASSOCIATED_WITH
26635,21,61580,fxiii,thrombus composition and size,ASSOCIATED_WITH
25952,21,60537,vcam-1,poorer lung function,ASSOCIATED_WITH
28421,21,55636,mmp12,atherogenesis,ASSOCIATED_WITH
25861,21,55517,igg anti-β2-gpi,clinical manifestations of aps,ASSOCIATED_WITH
30160,21,55544,ferritin,venous thromboembolism,ASSOCIATED_WITH
25872,21,55576,antithrombin iii deficiency,hypercoagulable state,ASSOCIATED_WITH
26258,21,63064,svcam-1,increased risk of death from cardiovascular complications,ASSOCIATED_WITH
25873,21,55552,protein c deficiency,thromboembolism,ASSOCIATED_WITH
25830,21,55519,tissue factor,pro-coagulant activity,ASSOCIATED_WITH
32261,21,55812,ggt,coronary artery disease,ASSOCIATED_WITH
36896,21,59203,ace2 downregulation,tissue fibrosis,ASSOCIATED_WITH
25858,21,58079,fibrinogen,ards,ASSOCIATED_WITH
26569,21,55865,protein z,vte,ASSOCIATED_WITH
28955,21,55568,galectin-1,angiogenesis,ASSOCIATED_WITH
25952,21,55624,vcam-1,sea fan formations,ASSOCIATED_WITH
25858,21,60033,fibrinogen,heparin resistance,ASSOCIATED_WITH
31492,21,58661,cd46,thrombotic disorders,ASSOCIATED_WITH
26127,21,56788,anti-b2gpi antibodies,active digital ischemia,ASSOCIATED_WITH
26052,21,57659,hla-b51,bd,ASSOCIATED_WITH
26795,21,55748,epoetin-β,thromboembolic events,ASSOCIATED_WITH
31967,21,55981,tcf7l2,type 2 diabetes,ASSOCIATED_WITH
27270,21,56790,aca,history of digital loss,ASSOCIATED_WITH
30112,21,62767,myc,secondary angiosarcoma,ASSOCIATED_WITH
32261,21,55635,ggt,endothelial dysfunction,ASSOCIATED_WITH
25832,21,55595,thrombin,atherosclerosis,ASSOCIATED_WITH
33487,21,55628,anti-pla2r/thsd7a antibody,proteinuria,ASSOCIATED_WITH
26030,21,60774,bevacizumab,wound healing complications,ASSOCIATED_WITH
26414,21,55513,jak2 v617f,thrombosis,ASSOCIATED_WITH
25839,21,59314,antiphospholipid antibodies,retinal vessel occlusion,ASSOCIATED_WITH
31264,21,59915,anti-tnf antibody therapies,lymphoma development,ASSOCIATED_WITH
25969,21,57684,p-selectin,disease activity in wegener's granulomatosis,ASSOCIATED_WITH
25968,21,55962,cd36,hyperlipidemia,ASSOCIATED_WITH
26569,21,57134,protein z,arterial vascular diseases,ASSOCIATED_WITH
26923,21,62251,nt-probnp,moderate-to-severe pulmonary hypertension,ASSOCIATED_WITH
26052,21,58739,hla-b51,behcet's disease,ASSOCIATED_WITH
37209,21,66468,anti-srp antibodies,immune-mediated necrotizing myopathy,ASSOCIATED_WITH
30555,21,59776,high ggt,provoked vte,ASSOCIATED_WITH
26016,21,56201,crp,metabolic syndrome,ASSOCIATED_WITH
29483,21,55683,anti-pf4 antibodies,thrombotic events,ASSOCIATED_WITH
25839,21,63498,antiphospholipid antibodies,preeclampsia or placental insufficiency,ASSOCIATED_WITH
25908,21,59217,thrombin generation,atherosclerotic disease,ASSOCIATED_WITH
39414,21,69223,factor x inhibition,reduced risk of ischemic stroke,ASSOCIATED_WITH
25832,21,64302,thrombin,increased rv afterload,ASSOCIATED_WITH
34492,21,63548,soluble fibrin monomer complex (sfmc) >12 μg/ml,higher risk of all-cause mortality,ASSOCIATED_WITH
25834,21,55710,angiotensin ii,preeclampsia,ASSOCIATED_WITH
30295,21,55767,anti-phosphatidylserine/prothrombin antibodies,cerebral infarction,ASSOCIATED_WITH
35143,21,62151,anti-tubulin-α-1c antibody,erythema nodosum,ASSOCIATED_WITH
27009,21,58351,heparanase,human malignancies,ASSOCIATED_WITH
31437,21,56527,adamts-13,ttp,ASSOCIATED_WITH
32643,21,56174,anti-domain i (anti-di) antibodies,thrombosis risk,ASSOCIATED_WITH
36460,21,55959,proopiomelanocortin,obesity,ASSOCIATED_WITH
27134,21,55544,gal-3,venous thromboembolism,ASSOCIATED_WITH
26016,21,56963,crp,worse outcome after stroke,ASSOCIATED_WITH
25948,21,55534,troponin,thrombus formation,ASSOCIATED_WITH
25887,21,56174,protein s,thrombosis risk,ASSOCIATED_WITH
26264,21,55551,ace2,hypercoagulability,ASSOCIATED_WITH
26883,21,55812,c-reactive protein,coronary artery disease,ASSOCIATED_WITH
26847,21,55672,plasma fibrinogen level,ischemic stroke,ASSOCIATED_WITH
25879,21,59438,factor xi,bleeding tendency,ASSOCIATED_WITH
39847,21,69715,fabp3,abnormal qtc interval,ASSOCIATED_WITH
29770,21,59042,scd14,morbidity and mortality,ASSOCIATED_WITH
29222,21,55865,integrin β1,vte,ASSOCIATED_WITH
35103,21,56195,vwf propeptide,diabetes,ASSOCIATED_WITH
27614,21,55544,γ′ fibrinogen,venous thromboembolism,ASSOCIATED_WITH
25879,21,55544,factor xi,venous thromboembolism,ASSOCIATED_WITH
25880,21,56738,factor xii,thrombotic disease,ASSOCIATED_WITH
25881,21,55969,von willebrand factor,cerebral sinus and venous thrombosis,ASSOCIATED_WITH
26506,21,55656,epcr,tumor formation,ASSOCIATED_WITH
25872,21,65767,antithrombin iii deficiency,portomesenteric vein thrombosis,ASSOCIATED_WITH
26012,21,55769,bnp,atrial fibrillation,ASSOCIATED_WITH
39316,21,69143,"hla-a2, a11, and b35",ig a vasculitis,ASSOCIATED_WITH
26106,21,55513,tf,thrombosis,ASSOCIATED_WITH
37738,21,55982,netosis-associated proteins,autoimmune diseases,ASSOCIATED_WITH
26883,21,67942,c-reactive protein,pulmonary embolism in covid-19,ASSOCIATED_WITH
26320,21,56006,igg anti-β2gpi-oxlig-1,imt of carotid arteries,ASSOCIATED_WITH
28305,21,55513,vwf:ag,thrombosis,ASSOCIATED_WITH
28707,21,56065,hla-b5101,behçet's disease,ASSOCIATED_WITH
31890,21,55773,gfap,stroke,ASSOCIATED_WITH
36597,21,64790,anti-tnf therapies,peripheral neuropathy,ASSOCIATED_WITH
26012,21,57267,bnp,rv dysfunction,ASSOCIATED_WITH
25839,21,57269,antiphospholipid antibodies,preterm delivery,ASSOCIATED_WITH
33202,21,62348,diffuse pd-l1 expression,poorer prognosis,ASSOCIATED_WITH
25877,21,55513,factor viii,thrombosis,ASSOCIATED_WITH
36642,21,65675,higher tat,increased aecopd frequency,ASSOCIATED_WITH
39050,21,56687,aha level,respiratory failure,ASSOCIATED_WITH
26080,21,60539,e-selectin,thrombus fibrin content,ASSOCIATED_WITH
25874,21,62298,protein s deficiency,late and recurrent early pregnancy loss,ASSOCIATED_WITH
26923,21,65834,nt-probnp,cardiopulmonary involvement,ASSOCIATED_WITH
31088,21,55528,vegf inhibitors,venous thrombosis,ASSOCIATED_WITH
25858,21,56596,fibrinogen,systemic inflammatory response,ASSOCIATED_WITH
26142,21,58295,brain natriuretic peptide,adverse inhospital outcomes,ASSOCIATED_WITH
25897,21,55538,sns,multiple sclerosis,ASSOCIATED_WITH
26467,21,62843,tlr-4,medial degeneration,ASSOCIATED_WITH
35727,21,65281,pd-l1 high expression,coagulation-fibrinolysis system disorder,ASSOCIATED_WITH
25858,21,67186,fibrinogen,minimal oxygen saturation,ASSOCIATED_WITH
30555,21,59775,high ggt,total vte,ASSOCIATED_WITH
29832,21,57036,presepsin,severe sepsis,ASSOCIATED_WITH
30229,21,66102,galectin-3,ventricular tachycardia,ASSOCIATED_WITH
25881,21,63947,von willebrand factor,platelet thrombi formation,ASSOCIATED_WITH
26036,21,59498,antithrombin iii,coagulopathy pathogenesis,ASSOCIATED_WITH
30562,21,63071,sp-selectin,greater coronary artery calcium,ASSOCIATED_WITH
30299,21,55980,plm,alzheimer's disease,ASSOCIATED_WITH
26142,21,55818,brain natriuretic peptide,left ventricular dysfunction,ASSOCIATED_WITH
39524,21,69380,ca199,microvascular complications,ASSOCIATED_WITH
26615,21,56239,cd39 activity,cll stage,ASSOCIATED_WITH
36519,21,55513,acla igg,thrombosis,ASSOCIATED_WITH
26016,21,55773,crp,stroke,ASSOCIATED_WITH
25953,21,64741,mmp-9,poor wound healing,ASSOCIATED_WITH
26674,21,64420,wt1,relapse in aml,ASSOCIATED_WITH
29507,21,55595,ccr2,atherosclerosis,ASSOCIATED_WITH
30414,21,66218,ykl-40,development of hyperlipidemia,ASSOCIATED_WITH
31088,21,55605,vegf inhibitors,arterial thrombosis,ASSOCIATED_WITH
30017,21,55822,serpina5,coagulation,ASSOCIATED_WITH
26923,21,57046,nt-probnp,development of atrial fibrillation,ASSOCIATED_WITH
25830,21,56217,tissue factor,intestinal inflammation,ASSOCIATED_WITH
33059,21,62220,timp-1 levels,need for shunting,ASSOCIATED_WITH
26952,21,55802,adamts13 activity,mortality,ASSOCIATED_WITH
28998,21,66579,mmp-1,severity of covid-19,ASSOCIATED_WITH
25887,21,55513,protein s,thrombosis,ASSOCIATED_WITH
28998,21,70025,mmp-1,osteoarthritis severity,ASSOCIATED_WITH
29359,21,55544,apolipoprotein ciii,venous thromboembolism,ASSOCIATED_WITH
30160,21,68876,ferritin,length of hospital stay,ASSOCIATED_WITH
25839,21,58218,antiphospholipid antibodies,acute ischaemic infarction,ASSOCIATED_WITH
25874,21,55576,protein s deficiency,hypercoagulable state,ASSOCIATED_WITH
26181,21,55767,anti-phospholipid antibodies,cerebral infarction,ASSOCIATED_WITH
38045,21,56865,admts13 cleaving protease,thrombotic risk,ASSOCIATED_WITH
31119,21,56079,tnf-alpha inhibitors,infection,ASSOCIATED_WITH
27957,21,65362,crp levels,incidence of cardiovascular events and stroke,ASSOCIATED_WITH
33201,21,60572,pd-l1 expression,hpv infection,ASSOCIATED_WITH
27282,21,56523,troponin i,myocardial injury,ASSOCIATED_WITH
25839,21,55683,antiphospholipid antibodies,thrombotic events,ASSOCIATED_WITH
26016,21,55639,crp,inflammation,ASSOCIATED_WITH
26113,21,55639,ang-2,inflammation,ASSOCIATED_WITH
30414,21,55568,ykl-40,angiogenesis,ASSOCIATED_WITH
26763,21,57198,anti-plasminogen antibodies,cellular crescents,ASSOCIATED_WITH
26106,21,61268,tf,grade 3 tumors,ASSOCIATED_WITH
29222,21,63113,integrin β1,occult malignant tumor,ASSOCIATED_WITH
29196,21,55893,tsp1,hemolysis,ASSOCIATED_WITH
31765,21,60884,o antigen,recurrent myocardial infarction,ASSOCIATED_WITH
34818,21,63814,csf igm,disability,ASSOCIATED_WITH
25892,21,59209,vwf,thrombotic diseases,ASSOCIATED_WITH
33117,21,62274,deficiency of coagulation factor x,partial embryonic and fatal neonatal bleeding,ASSOCIATED_WITH
26256,21,61878,pf4,decreased patient survival,ASSOCIATED_WITH
28903,21,58209,mmp-9 protein,severity of occluded thrombus,ASSOCIATED_WITH
30825,21,55512,cx43,venous leg ulcers,ASSOCIATED_WITH
26181,21,55672,anti-phospholipid antibodies,ischemic stroke,ASSOCIATED_WITH
30304,21,59491,high hb f levels,fewer clinical manifestations of sca,ASSOCIATED_WITH
28415,21,56849,anti-hsp60,arterial vascular events,ASSOCIATED_WITH
25839,21,65838,antiphospholipid antibodies,covid-19,ASSOCIATED_WITH
29014,21,56865,myeloperoxidase,thrombotic risk,ASSOCIATED_WITH
34964,21,63955,16kda-prl,vegf decrease,ASSOCIATED_WITH
38553,21,55544,intravenous gammaglobulin,venous thromboembolism,ASSOCIATED_WITH
35479,21,59457,soluble tumor necrosis factor receptor α-1,coronary atherosclerosis,ASSOCIATED_WITH
30133,21,59329,aps/pt antibodies,lupus anticoagulant activity,ASSOCIATED_WITH
26923,21,58995,nt-probnp,gas diffusing capacity,ASSOCIATED_WITH
34832,21,63836,etp,vte occurrence,ASSOCIATED_WITH
32308,21,55976,acpas,rheumatoid arthritis,ASSOCIATED_WITH
34767,21,55987,b2-cic,livedo reticularis,ASSOCIATED_WITH
33082,21,55551,reduced protein c levels,hypercoagulability,ASSOCIATED_WITH
25953,21,55666,mmp-9,coronary heart disease,ASSOCIATED_WITH
35755,21,64709,tlr3 expression,grade of pneumonitis,ASSOCIATED_WITH
30295,21,59287,anti-phosphatidylserine/prothrombin antibodies,neuropsychiatric sle,ASSOCIATED_WITH
29574,21,70020,egfr expression,lower pathologic complete response rate,ASSOCIATED_WITH
25872,21,55529,antithrombin iii deficiency,thrombophilia,ASSOCIATED_WITH
26859,21,55516,endothelial protein c receptor,pulmonary embolism,ASSOCIATED_WITH
25881,21,59255,von willebrand factor,prothrombotic processes,ASSOCIATED_WITH
25875,21,56324,activated protein c,hyperfibrinolysis,ASSOCIATED_WITH
25873,21,58661,protein c deficiency,thrombotic disorders,ASSOCIATED_WITH
25874,21,56837,protein s deficiency,increased vte risk,ASSOCIATED_WITH
29414,21,55514,pf4-heparin complex antibodies,heparin-induced thrombocytopenia,ASSOCIATED_WITH
26021,21,55605,anti-β2gpi/oxlig-1 autoantibodies,arterial thrombosis,ASSOCIATED_WITH
26258,21,63067,svcam-1,carotid intima-media thickness,ASSOCIATED_WITH
25873,21,55516,protein c deficiency,pulmonary embolism,ASSOCIATED_WITH
26883,21,59092,c-reactive protein,heightened cardiac risk,ASSOCIATED_WITH
38943,21,68668,stnfr-ii,dlco% predicted,ASSOCIATED_WITH
36877,21,55760,platelet-derived tgf-beta expression,fibrosis,ASSOCIATED_WITH
36538,21,67619,traf3,retinal ischemia-reperfusion injury,ASSOCIATED_WITH
26845,21,61361,arginase i,pulmonary endothelial dysfunction,ASSOCIATED_WITH
31919,21,61062,anti-rna polymerase i and iii,dcssc,ASSOCIATED_WITH
40102,21,70078,final albumin,decreased death,ASSOCIATED_WITH
26016,21,58289,crp,delirium,ASSOCIATED_WITH
25997,21,67047,mmp-3,progression of upward migration index,ASSOCIATED_WITH
39090,21,64779,α3-achr antibodies,dysautonomia,ASSOCIATED_WITH
26743,21,67882,fxi,initiation of vte,ASSOCIATED_WITH
25935,21,55515,pai-1,deep vein thrombosis,ASSOCIATED_WITH
31464,21,67618,traf2,liver ischemia-reperfusion injury,ASSOCIATED_WITH
37944,21,67325,decreased factor activity,hemorrhagic complications,ASSOCIATED_WITH
30408,21,55683,alemtuzumab,thrombotic events,ASSOCIATED_WITH
26080,21,62362,e-selectin,scd morbidity,ASSOCIATED_WITH
26036,21,55513,antithrombin iii,thrombosis,ASSOCIATED_WITH
29250,21,55544,creatine kinase,venous thromboembolism,ASSOCIATED_WITH
26263,21,62651,ace,cerebrovascular damage,ASSOCIATED_WITH
33485,21,62629,anti-pla2r antibody,spontaneous remission,ASSOCIATED_WITH
29582,21,58836,anti-ifn-α autoantibody,serologically active but clinically quiescent disease,ASSOCIATED_WITH
25892,21,55513,vwf,thrombosis,ASSOCIATED_WITH
25896,21,60837,lupus anticoagulant,thromboembolic risk,ASSOCIATED_WITH
25877,21,55969,factor viii,cerebral sinus and venous thrombosis,ASSOCIATED_WITH
26036,21,59255,antithrombin iii,prothrombotic processes,ASSOCIATED_WITH
30229,21,63606,galectin-3,local tissue invasion,ASSOCIATED_WITH
26923,21,66496,nt-probnp,severe covid-19,ASSOCIATED_WITH
28807,21,60366,met amplification,advanced cancer and metastasis,ASSOCIATED_WITH
34514,21,55514,heparin-pf4 igg antibody,heparin-induced thrombocytopenia,ASSOCIATED_WITH
30352,21,55942,tissue factor activation,coagulopathy,ASSOCIATED_WITH
37210,21,66468,anti-hmgcr antibodies,immune-mediated necrotizing myopathy,ASSOCIATED_WITH
26911,21,55865,tfpi,vte,ASSOCIATED_WITH
25881,21,56865,von willebrand factor,thrombotic risk,ASSOCIATED_WITH
27997,21,57023,lpl,dyslipidemia,ASSOCIATED_WITH
25858,21,66496,fibrinogen,severe covid-19,ASSOCIATED_WITH
28730,21,58022,platelet-bound cd40 ligand,peri-operative cardiac events,ASSOCIATED_WITH
26224,21,55912,igg antibodies,clinical hit,ASSOCIATED_WITH
26474,21,55865,transthyretin,vte,ASSOCIATED_WITH
26952,21,65788,adamts13 activity,dic prognosis,ASSOCIATED_WITH
32160,21,56804,notch1,abdominal aortic aneurysm,ASSOCIATED_WITH
25881,21,57877,von willebrand factor,stroke risk,ASSOCIATED_WITH
35475,21,64447,antibodies against platelet factor 4,heparin-induced thrombocytopaenia,ASSOCIATED_WITH
25896,21,55529,lupus anticoagulant,thrombophilia,ASSOCIATED_WITH
28611,21,56681,cd59 deficiency,complement-mediated hemolysis,ASSOCIATED_WITH
26093,21,69723,thrombomodulin,ards risk,ASSOCIATED_WITH
38925,21,56849,pc4d,arterial vascular events,ASSOCIATED_WITH
34174,21,58722,fibrin monomer,thrombotic event,ASSOCIATED_WITH
28077,21,57479,ctnt,high cardiac event rate,ASSOCIATED_WITH
29049,21,58335,rocks,acute cerebral ischemia,ASSOCIATED_WITH
32584,21,55528,anti-g-β2gpi,venous thrombosis,ASSOCIATED_WITH
36985,21,55515,pai-1 protein level,deep vein thrombosis,ASSOCIATED_WITH
32415,21,61565,elevation of cell adhesion molecules,amplified venous thrombosis,ASSOCIATED_WITH
39215,21,69044,pf4 antibodies,vitt,ASSOCIATED_WITH
27761,21,63721,nlrp3 inflammasome activation,development of coronary arteritis,ASSOCIATED_WITH
26897,21,56195,opg,diabetes,ASSOCIATED_WITH
39249,21,65838,platelet factor 4/heparin antibodies,covid-19,ASSOCIATED_WITH
35468,21,56603,rho,atherosclerotic plaque formation,ASSOCIATED_WITH
25858,21,61738,fibrinogen,overall mortality,ASSOCIATED_WITH
36812,21,65894,trough edoxaban values,efficacy to prevent arterial thromboembolism,ASSOCIATED_WITH
32310,21,61475,la accompanied by antibodies against b2gpi,glomerular microthrombosis,ASSOCIATED_WITH
27501,21,57005,c4d deposition,arterial thrombotic events,ASSOCIATED_WITH
30032,21,55568,serpinf1,angiogenesis,ASSOCIATED_WITH
25963,21,56552,sicam-1,risk of peripheral arterial disease,ASSOCIATED_WITH
30087,21,56956,m2-muscarinic receptor autoantibodies,fetal distress,ASSOCIATED_WITH
28247,21,57583,grb10,tumor susceptibility,ASSOCIATED_WITH
25983,21,55786,endothelin-1,pulmonary hypertension,ASSOCIATED_WITH
33200,21,55639,lactate dehydrogenase,inflammation,ASSOCIATED_WITH
36632,21,65664,vegf-2,tumor occurrence,ASSOCIATED_WITH
31464,21,59777,traf2,renal ischemia-reperfusion injury,ASSOCIATED_WITH
31097,21,60334,n-terminal pro-b-type natriuretic peptide,angiographic coronary atherosclerosis,ASSOCIATED_WITH
25998,21,55678,mmps,cancer,ASSOCIATED_WITH
25998,21,60597,mmps,aneurysmal disease,ASSOCIATED_WITH
31259,21,60509,anti-signal recognition particle autoantibodies,severe polymyositis with cardiac involvement,ASSOCIATED_WITH
28806,21,55690,syndecan-1,sepsis,ASSOCIATED_WITH
29197,21,58246,ldh,disease severity,ASSOCIATED_WITH
34107,21,55678,trpv6,cancer,ASSOCIATED_WITH
31027,21,55841,pr3anca,ulcerative colitis,ASSOCIATED_WITH
26989,21,59904,fibrinogen concentration,clot stiffness,ASSOCIATED_WITH
30963,21,55639,gpld1,inflammation,ASSOCIATED_WITH
33266,21,62444,high hs-ctni levels,stress-induced myocardial ischemia,ASSOCIATED_WITH
37943,21,58739,hla b-52,behcet's disease,ASSOCIATED_WITH
30994,21,57614,thyroid peroxidase,coagulation abnormalities,ASSOCIATED_WITH
26258,21,63066,svcam-1,peripheral artery disease,ASSOCIATED_WITH
39201,21,69031,"crp, ldh, esr, ferritin, and d-dimer",severe covid-19 pneumonia,ASSOCIATED_WITH
26311,21,55544,l-asparaginase,venous thromboembolism,ASSOCIATED_WITH
31364,21,55544,elevated factor viii,venous thromboembolism,ASSOCIATED_WITH
25935,21,59960,pai-1,aggressive tumors,ASSOCIATED_WITH
27564,21,63390,b2m,d+hus,ASSOCIATED_WITH
26972,21,61435,mmp-2,cvd initial stages,ASSOCIATED_WITH
25839,21,55527,antiphospholipid antibodies,deep venous thrombosis,ASSOCIATED_WITH
36662,21,65687,c1q level,sledai,ASSOCIATED_WITH
26051,21,55865,etanercept,vte,ASSOCIATED_WITH
25896,21,55862,lupus anticoagulant,arterial and venous thrombosis,ASSOCIATED_WITH
26103,21,55552,anti-ps/pt ab,thromboembolism,ASSOCIATED_WITH
37712,21,67057,spla2 activity,limb swelling,ASSOCIATED_WITH
34747,21,63754,pdgfrα expression,serous histology,ASSOCIATED_WITH
28218,21,56668,enhanced expression of e-selectin,disease activity,ASSOCIATED_WITH
25935,21,55635,pai-1,endothelial dysfunction,ASSOCIATED_WITH
31032,21,56193,n-terminal of the prohormone brain natriuretic peptide,pulmonary arterial hypertension,ASSOCIATED_WITH
30229,21,63009,galectin-3,deeper invasiveness of ocular venous malformation,ASSOCIATED_WITH
25877,21,55508,factor viii,prothrombotic state,ASSOCIATED_WITH
38615,21,68218,factor v decrease,dic progression,ASSOCIATED_WITH
36737,21,65803,panton valentine leucocidin,dermatological manifestations,ASSOCIATED_WITH
26658,21,55582,supar,fibrinolysis,ASSOCIATED_WITH
26106,21,62786,tf,coagulation dysfunction,ASSOCIATED_WITH
25830,21,55513,tissue factor,thrombosis,ASSOCIATED_WITH
30673,21,65744,plasma fibrinogen,poorer overall survival,ASSOCIATED_WITH
33704,21,62798,fbg,concealed crf,ASSOCIATED_WITH
30229,21,56633,galectin-3,tissue repair,ASSOCIATED_WITH
28998,21,56805,mmp-1,varicose veins,ASSOCIATED_WITH
31893,21,61019,high hbf,reduced rate of acute painful episodes,ASSOCIATED_WITH
26052,21,58791,hla-b51,more severe behcet's disease,ASSOCIATED_WITH
25858,21,65917,fibrinogen,microbial adhesion,ASSOCIATED_WITH
25881,21,55666,von willebrand factor,coronary heart disease,ASSOCIATED_WITH
26206,21,70019,egfr,inferior outcomes,ASSOCIATED_WITH
26421,21,58280,fsap,plaque instability,ASSOCIATED_WITH
25873,21,55529,protein c deficiency,thrombophilia,ASSOCIATED_WITH
25920,21,56865,factor v,thrombotic risk,ASSOCIATED_WITH
25922,21,55672,protein c,ischemic stroke,ASSOCIATED_WITH
26030,21,55528,bevacizumab,venous thrombosis,ASSOCIATED_WITH
30017,21,55691,serpina5,complement activation,ASSOCIATED_WITH
29209,21,58453,natalizumab,pml,ASSOCIATED_WITH
40050,21,69987,baseline pmtor,better response to temsirolimus,ASSOCIATED_WITH
38220,21,67696,igm anti-phosphatidylserine/prothrombin,ankle-brachial index in pe group,ASSOCIATED_WITH
26487,21,55786,et-1,pulmonary hypertension,ASSOCIATED_WITH
26904,21,57288,fxia,venous and arterial thrombosis,ASSOCIATED_WITH
25948,21,55881,troponin,cytokine storm,ASSOCIATED_WITH
26414,21,56865,jak2 v617f,thrombotic risk,ASSOCIATED_WITH
30247,21,57031,cyp1b1,copd,ASSOCIATED_WITH
26911,21,55779,tfpi,cognitive decline,ASSOCIATED_WITH
27191,21,60164,ngal,sedimentation rate,ASSOCIATED_WITH
25922,21,55576,protein c,hypercoagulable state,ASSOCIATED_WITH
33745,21,58246,tim-3,disease severity,ASSOCIATED_WITH
29891,21,55639,st2,inflammation,ASSOCIATED_WITH
36903,21,59266,anti-β2-glycoprotein igg,clinical thrombosis,ASSOCIATED_WITH
25908,21,55513,thrombin generation,thrombosis,ASSOCIATED_WITH
32928,21,62031,anti-ro/ss-a,congenital heart blocks,ASSOCIATED_WITH
26855,21,56893,hscrp,cardiovascular events,ASSOCIATED_WITH
25828,21,55792,anticardiolipin antibodies,antiphospholipid syndrome,ASSOCIATED_WITH
30016,21,55691,serpina4,complement activation,ASSOCIATED_WITH
40098,21,70077,tnfr-p75,elevated mortality,ASSOCIATED_WITH
36345,21,65347,cancer antigen 199,lung cancer related cerebral hemorrhage,ASSOCIATED_WITH
32642,21,58246,s100b,disease severity,ASSOCIATED_WITH
28570,21,55513,antibodies to annexin a2,thrombosis,ASSOCIATED_WITH
25877,21,55615,factor viii,inflammatory response,ASSOCIATED_WITH
30414,21,55812,ykl-40,coronary artery disease,ASSOCIATED_WITH
30160,21,55881,ferritin,cytokine storm,ASSOCIATED_WITH
26759,21,62732,ras,fe pathophysiology,ASSOCIATED_WITH
26883,21,55786,c-reactive protein,pulmonary hypertension,ASSOCIATED_WITH
30125,21,66058,inflammatory biomarkers,ards development,ASSOCIATED_WITH
26144,21,55821,spsgl-1,pulmonary fibrosis,ASSOCIATED_WITH
27472,21,56971,α-sma,fibrotic foci,ASSOCIATED_WITH
30380,21,59542,lipase,fes,ASSOCIATED_WITH
25872,21,56250,antithrombin iii deficiency,recurrent pregnancy loss,ASSOCIATED_WITH
32273,21,61434,hbf level,brain infarct risk,ASSOCIATED_WITH
26896,21,61683,rankl,aortic stenosis,ASSOCIATED_WITH
36220,21,55594,cardiac troponin,myocardial damage,ASSOCIATED_WITH
35978,21,64781,grβ,glucocorticoid resistance,ASSOCIATED_WITH
34150,21,55515,fviii level,deep vein thrombosis,ASSOCIATED_WITH
28986,21,55545,saa,retinal vein occlusion,ASSOCIATED_WITH
38272,21,66856,platelet c4d,cerebrovascular events,ASSOCIATED_WITH
34700,21,57221,fecal calprotectin,acute inflammation,ASSOCIATED_WITH
27686,21,59485,ceruloplasmin,extent of heart failure,ASSOCIATED_WITH
31525,21,60675,higher plasma levels of von willebrand factor,greater risk of venous and arterial thrombosis,ASSOCIATED_WITH
35506,21,64466,constitutively active mutant erα,endocrine resistance,ASSOCIATED_WITH
37760,21,55981,aminoacylase-1,type 2 diabetes,ASSOCIATED_WITH
32218,21,61344,nuclear at1 increase,oxidative damage to dna,ASSOCIATED_WITH
37247,21,55513,anti-phosphatidylserine/prothrombin,thrombosis,ASSOCIATED_WITH
30978,21,60156,vegf concentration,vascular density,ASSOCIATED_WITH
27360,21,55516,beta fibrinogen,pulmonary embolism,ASSOCIATED_WITH
33125,21,55513,β2-glycoprotein 1 antibody,thrombosis,ASSOCIATED_WITH
26045,21,56765,pc,blood coagulation activation,ASSOCIATED_WITH
29066,21,58361,tpa:pai-1 complex,neurological outcome,ASSOCIATED_WITH
26931,21,67226,hmgb1,risk of icu admission and death,ASSOCIATED_WITH
29594,21,58848,classical intracellular progesterone receptors,myelin repair,ASSOCIATED_WITH
33541,21,62670,mer,multiple myeloma,ASSOCIATED_WITH
33120,21,62281,calcitonin gene-related peptide,migraine attacks,ASSOCIATED_WITH
27190,21,55569,erbb2,metastasis,ASSOCIATED_WITH
30850,21,58177,soluble thrombomodulin,poor prognosis,ASSOCIATED_WITH
31847,21,55772,soluble intercellular adhesion molecule-1,hypertension,ASSOCIATED_WITH
25872,21,60033,antithrombin iii deficiency,heparin resistance,ASSOCIATED_WITH
27619,21,58556,fgfr2,endometrial cancer,ASSOCIATED_WITH
29008,21,58177,egfr overexpression,poor prognosis,ASSOCIATED_WITH
38888,21,68634,s100 calcium-binding protein b,delirium severity,ASSOCIATED_WITH
31088,21,55544,vegf inhibitors,venous thromboembolism,ASSOCIATED_WITH
36811,21,65893,edoxaban concentration,risk of major bleeding,ASSOCIATED_WITH
27191,21,55811,ngal,type 2 diabetes mellitus,ASSOCIATED_WITH
25873,21,58773,protein c deficiency,hereditary thrombophilia,ASSOCIATED_WITH
27752,21,55528,elevated prothrombin level,venous thrombosis,ASSOCIATED_WITH
39388,21,55773,nr2 peptide,stroke,ASSOCIATED_WITH
25839,21,56352,antiphospholipid antibodies,accelerated atherosclerosis,ASSOCIATED_WITH
29359,21,55595,apolipoprotein ciii,atherosclerosis,ASSOCIATED_WITH
30160,21,57003,ferritin,death,ASSOCIATED_WITH
26855,21,63516,hscrp,all-cause death,ASSOCIATED_WITH
26035,21,55513,apl,thrombosis,ASSOCIATED_WITH
26923,21,63014,nt-probnp,right ventricular overload,ASSOCIATED_WITH
25858,21,67184,fibrinogen,apnea-hypopnea index,ASSOCIATED_WITH
27018,21,56174,prekallikrein,thrombosis risk,ASSOCIATED_WITH
34453,21,63522,manf,er stress biomarker,ASSOCIATED_WITH
30641,21,59858,ptbp2,invasion and metastasis,ASSOCIATED_WITH
27551,21,57350,pdgfr,pulmonary hypertension pathogenesis,ASSOCIATED_WITH
26883,21,58246,c-reactive protein,disease severity,ASSOCIATED_WITH
26457,21,57998,factor xiii,microthrombi formation,ASSOCIATED_WITH
27009,21,55595,heparanase,atherosclerosis,ASSOCIATED_WITH
39048,21,68809,growth differentiation factor 15,severity of thrombosis in dvt,ASSOCIATED_WITH
26106,21,55675,tf,cardiovascular disease,ASSOCIATED_WITH
28061,21,57509,trem-1,atherosclerosis development,ASSOCIATED_WITH
31765,21,60882,o antigen,cardiovascular death,ASSOCIATED_WITH
32194,21,55575,allele 12-tpox,venous thromboembolism risk,ASSOCIATED_WITH
26034,21,58012,acl igg,coronary calcification formation,ASSOCIATED_WITH
25997,21,55637,mmp-3,positive outward remodeling,ASSOCIATED_WITH
28071,21,61148,pai-1 levels,visceral obesity,ASSOCIATED_WITH
25839,21,57962,antiphospholipid antibodies,vascular thromboses,ASSOCIATED_WITH
30784,21,59971,stnf-rii,increased risk of aids-defining events,ASSOCIATED_WITH
26094,21,56254,free protein s,fetal growth restriction,ASSOCIATED_WITH
26911,21,61269,tfpi,larger tumors,ASSOCIATED_WITH
29773,21,68669,scd163,iso↓dlco,ASSOCIATED_WITH
37924,21,67299,platelet-derived pai-1,thrombolysis resistance,ASSOCIATED_WITH
26103,21,55791,anti-ps/pt ab,lung involvement,ASSOCIATED_WITH
36310,21,65304,low protein c level,resistance to anticoagulant action of art-123,ASSOCIATED_WITH
34738,21,63729,serum vegf level,arteriothromboembolic event,ASSOCIATED_WITH
26639,21,59203,sdf-1,tissue fibrosis,ASSOCIATED_WITH
30229,21,56529,galectin-3,carotid atherosclerosis,ASSOCIATED_WITH
31437,21,55802,adamts-13,mortality,ASSOCIATED_WITH
28590,21,56987,anti-dsdna antibody,sle,ASSOCIATED_WITH
27893,21,59224,factor viiic,esrd,ASSOCIATED_WITH
25828,21,56003,anticardiolipin antibodies,primary systemic vasculitis,ASSOCIATED_WITH
28046,21,58118,factor viii activity,increased risk of venous thromboembolism,ASSOCIATED_WITH
26016,21,67376,crp,vte adverse prognosis,ASSOCIATED_WITH
36813,21,65895,dabigatran plasma concentrations,bleeding outcomes,ASSOCIATED_WITH
33261,21,62439,vascular endothelial growth factor expression,pres pathogenesis,ASSOCIATED_WITH
30199,21,55513,mpl s505n,thrombosis,ASSOCIATED_WITH
26342,21,55528,adamts13,venous thrombosis,ASSOCIATED_WITH
33201,21,63783,pd-l1 expression,progression from smm to mm,ASSOCIATED_WITH
30456,21,60195,ugt1a1,grade 3/4 neutropenia,ASSOCIATED_WITH
34955,21,56713,extracellular vesicle hsp70,ineffective erythropoiesis,ASSOCIATED_WITH
33613,21,62729,got,secondary headache,ASSOCIATED_WITH
26235,21,55822,serpind1,coagulation,ASSOCIATED_WITH
28437,21,57925,smad4,metastatic disease,ASSOCIATED_WITH
26016,21,58612,crp,acute coronary syndrome risk,ASSOCIATED_WITH
27191,21,58451,ngal,acute kidney injury,ASSOCIATED_WITH
32479,21,56384,immune checkpoint inhibitors,myocarditis,ASSOCIATED_WITH
25896,21,57288,lupus anticoagulant,venous and arterial thrombosis,ASSOCIATED_WITH
25839,21,55792,antiphospholipid antibodies,antiphospholipid syndrome,ASSOCIATED_WITH
35629,21,64594,podoplanin (pdpn) expression,high risk of thrombosis,ASSOCIATED_WITH
26181,21,63021,anti-phospholipid antibodies,thrombo-embolic disease,ASSOCIATED_WITH
25951,21,56098,rage,oxidative stress,ASSOCIATED_WITH
25948,21,69349,troponin,icu transfer or in-hospital death,ASSOCIATED_WITH
36814,21,58737,ace2 receptors,myocardial dysfunction,ASSOCIATED_WITH
31454,21,55672,active fxia,ischemic stroke,ASSOCIATED_WITH
25830,21,55528,tissue factor,venous thrombosis,ASSOCIATED_WITH
29584,21,60648,hs-crp,vte recurrence,ASSOCIATED_WITH
26214,21,60648,gas6,vte recurrence,ASSOCIATED_WITH
25983,21,56668,endothelin-1,disease activity,ASSOCIATED_WITH
29584,21,57003,hs-crp,death,ASSOCIATED_WITH
26883,21,58386,c-reactive protein,heart rate variability reduction,ASSOCIATED_WITH
39409,21,69222,fibrinogen gamma chain inhibition,reduced risk of large-artery stroke,ASSOCIATED_WITH
36461,21,55959,tyrosine receptor kinase b,obesity,ASSOCIATED_WITH
32082,21,57003,ck-mb,death,ASSOCIATED_WITH
25873,21,58803,protein c deficiency,increased thrombosis risk,ASSOCIATED_WITH
26264,21,62521,ace2,cardiac injury,ASSOCIATED_WITH
26052,21,60814,hla-b51,behcet's disease susceptibility,ASSOCIATED_WITH
28619,21,56497,sflt1,cardiac dysfunction,ASSOCIATED_WITH
32360,21,61534,protein z level,cryptogenic stroke,ASSOCIATED_WITH
26016,21,55881,crp,cytokine storm,ASSOCIATED_WITH
26030,21,60181,bevacizumab,hemorrhagic toxicities,ASSOCIATED_WITH
26259,21,55635,free tfpi,endothelial dysfunction,ASSOCIATED_WITH
32261,21,56098,ggt,oxidative stress,ASSOCIATED_WITH
25935,21,55867,pai-1,mace,ASSOCIATED_WITH
25920,21,55516,factor v,pulmonary embolism,ASSOCIATED_WITH
30230,21,55821,kl-6,pulmonary fibrosis,ASSOCIATED_WITH
25935,21,56063,pai-1,thrombogenesis,ASSOCIATED_WITH
32643,21,61761,anti-domain i (anti-di) antibodies,clinical symptoms,ASSOCIATED_WITH
25874,21,55516,protein s deficiency,pulmonary embolism,ASSOCIATED_WITH
25935,21,55765,pai-1,thrombotic complications,ASSOCIATED_WITH
25874,21,55529,protein s deficiency,thrombophilia,ASSOCIATED_WITH
26016,21,60536,crp,acute exacerbation of copd,ASSOCIATED_WITH
28192,21,55568,protein c inhibitor,angiogenesis,ASSOCIATED_WITH
26972,21,55807,mmp-2,atherosclerotic lesions,ASSOCIATED_WITH
26012,21,55655,bnp,congestive heart failure,ASSOCIATED_WITH
36233,21,65219,t-psa,pcais,ASSOCIATED_WITH
34767,21,63770,b2-cic,leukopenia,ASSOCIATED_WITH
26016,21,66932,crp,occurrence and progression of breast cancer,ASSOCIATED_WITH
40030,21,68949,alpha-fetoprotein,hcc recurrence,ASSOCIATED_WITH
30673,21,62307,plasma fibrinogen,lymph node involvement,ASSOCIATED_WITH
25858,21,57612,fibrinogen,pulmonary vascular resistance,ASSOCIATED_WITH
25839,21,60479,antiphospholipid antibodies,internal carotid artery occlusion,ASSOCIATED_WITH
39158,21,57267,serum troponin,rv dysfunction,ASSOCIATED_WITH
27653,21,57153,raised α-fetoprotein,placental damage,ASSOCIATED_WITH
33314,21,55959,leptin receptor,obesity,ASSOCIATED_WITH
31448,21,55683,persistent anti-β2gpi,thrombotic events,ASSOCIATED_WITH
34434,21,55575,complement c3,venous thromboembolism risk,ASSOCIATED_WITH
32907,21,55769,big et-1,atrial fibrillation,ASSOCIATED_WITH
25947,21,58641,antiganglioside antibodies,neuropathy,ASSOCIATED_WITH
31285,21,55534,hypoxia-inducible factor 1,thrombus formation,ASSOCIATED_WITH
36747,21,55627,bk1r,nephritis,ASSOCIATED_WITH
25877,21,55773,factor viii,stroke,ASSOCIATED_WITH
25872,21,59209,antithrombin iii deficiency,thrombotic diseases,ASSOCIATED_WITH
26214,21,55802,gas6,mortality,ASSOCIATED_WITH
26061,21,57973,hif-1α,right ventricular hypertrophy,ASSOCIATED_WITH
25911,21,56144,erα,liver fibrosis,ASSOCIATED_WITH
33276,21,62459,ca-125,stress cardiomyopathy,ASSOCIATED_WITH
27011,21,56858,mthfr,blood pressure progression,ASSOCIATED_WITH
35338,21,57153,ctni elevation,placental damage,ASSOCIATED_WITH
26050,21,55693,c reactive protein,joint destruction,ASSOCIATED_WITH
26030,21,55552,bevacizumab,thromboembolism,ASSOCIATED_WITH
30397,21,55513,anti-beta-2-glycoprotein i iga,thrombosis,ASSOCIATED_WITH
40045,21,69983,igg anti-factor xii,miscarriages,ASSOCIATED_WITH
29188,21,55675,sel s,cardiovascular disease,ASSOCIATED_WITH
26052,21,64059,hla-b51,behçet disease,ASSOCIATED_WITH
36538,21,67617,traf3,cerebral ischemia-reperfusion injury,ASSOCIATED_WITH
39438,21,69266,factor ii activity,fetal growth retardation,ASSOCIATED_WITH
25952,21,66234,vcam-1,covid-19 disease severity,ASSOCIATED_WITH
27099,21,63264,desmin,venous leiomyosarcoma,ASSOCIATED_WITH
25874,21,58661,protein s deficiency,thrombotic disorders,ASSOCIATED_WITH
34964,21,63956,16kda-prl,relaxin decrease,ASSOCIATED_WITH
25969,21,56412,p-selectin,decline in peripheral nerve function,ASSOCIATED_WITH
28448,21,57822,type 1 cryoglobulins,noninflammatory thrombosis,ASSOCIATED_WITH
26630,21,58442,afp,bronchopulmonary dysplasia,ASSOCIATED_WITH
25935,21,55675,pai-1,cardiovascular disease,ASSOCIATED_WITH
26173,21,56193,cell-free hemoglobin,pulmonary arterial hypertension,ASSOCIATED_WITH
25873,21,62733,protein c deficiency,recurrent deep venous thrombosis,ASSOCIATED_WITH
25935,21,55544,pai-1,venous thromboembolism,ASSOCIATED_WITH
38841,21,67085,anticardiolipin igg autoantibody,covid-19 severity,ASSOCIATED_WITH
29584,21,61461,hs-crp,bleeding events,ASSOCIATED_WITH
34115,21,59575,tsp2,vaso-occlusive crisis,ASSOCIATED_WITH
25898,21,57895,antithrombin,poor overall survival,ASSOCIATED_WITH
39103,21,68889,anti-nxp-2,younger age,ASSOCIATED_WITH
25908,21,55508,thrombin generation,prothrombotic state,ASSOCIATED_WITH
33573,21,62349,ki67,lymphovascular invasion,ASSOCIATED_WITH
25874,21,56149,protein s deficiency,cerebral vein thrombosis,ASSOCIATED_WITH
26061,21,55786,hif-1α,pulmonary hypertension,ASSOCIATED_WITH
30562,21,63067,sp-selectin,carotid intima-media thickness,ASSOCIATED_WITH
25858,21,56174,fibrinogen,thrombosis risk,ASSOCIATED_WITH
32192,21,55575,allele 18-vwa,venous thromboembolism risk,ASSOCIATED_WITH
38982,21,59869,ccdc80,fmd,ASSOCIATED_WITH
26030,21,55934,bevacizumab,acute lung injury,ASSOCIATED_WITH
38008,21,55980,aβ peptides,alzheimer's disease,ASSOCIATED_WITH
25828,21,58803,anticardiolipin antibodies,increased thrombosis risk,ASSOCIATED_WITH
36896,21,66496,ace2 downregulation,severe covid-19,ASSOCIATED_WITH
27680,21,57031,serpina1,copd,ASSOCIATED_WITH
25858,21,57003,fibrinogen,death,ASSOCIATED_WITH
30538,21,55865,serum albumin,vte,ASSOCIATED_WITH
38220,21,59596,igm anti-phosphatidylserine/prothrombin,severe pre-eclampsia,ASSOCIATED_WITH
36030,21,56252,anti-proteinase 3 antibodies,vasculitis,ASSOCIATED_WITH
28908,21,55725,aps/pt,vascular thrombosis,ASSOCIATED_WITH
28694,21,64060,cd34,inflammatory fibroid polyp,ASSOCIATED_WITH
31088,21,64599,vegf inhibitors,abnormal vasoreactivity,ASSOCIATED_WITH
30131,21,55528,igg aps/pt,venous thrombosis,ASSOCIATED_WITH
26256,21,55639,pf4,inflammation,ASSOCIATED_WITH
34189,21,63293,cox-2 selective nsaids,increased cardiovascular risk,ASSOCIATED_WITH
26790,21,60021,hepcidin,inflammatory conditions,ASSOCIATED_WITH
27579,21,63957,tf-mps,higher risk of vte,ASSOCIATED_WITH
25839,21,55774,antiphospholipid antibodies,diabetes mellitus,ASSOCIATED_WITH
31919,21,61063,anti-rna polymerase i and iii,renal crisis,ASSOCIATED_WITH
25876,21,56899,factor vii,hemorrhage,ASSOCIATED_WITH
26848,21,55569,egfr over-expression,metastasis,ASSOCIATED_WITH
29365,21,58624,rf,pericarditis,ASSOCIATED_WITH
26855,21,56389,hscrp,pulmonary damage,ASSOCIATED_WITH
30964,21,55639,thbs1,inflammation,ASSOCIATED_WITH
25963,21,59511,sicam-1,ae-ipf,ASSOCIATED_WITH
25969,21,55544,p-selectin,venous thromboembolism,ASSOCIATED_WITH
36901,21,59266,anticardiolipin iga,clinical thrombosis,ASSOCIATED_WITH
26016,21,55675,crp,cardiovascular disease,ASSOCIATED_WITH
26052,21,62941,hla-b51,behçet's disease susceptibility,ASSOCIATED_WITH
30087,21,59298,m2-muscarinic receptor autoantibodies,low apgar score,ASSOCIATED_WITH
39595,21,69467,aurka overexpression,increased aneuploidy,ASSOCIATED_WITH
26016,21,56232,crp,dvt risk,ASSOCIATED_WITH
28260,21,57598,uninvolved immunoglobulin reduction,progression of smm,ASSOCIATED_WITH
25873,21,55528,protein c deficiency,venous thrombosis,ASSOCIATED_WITH
26214,21,62671,gas6,multiple myeloma pathogenesis,ASSOCIATED_WITH
25935,21,55513,pai-1,thrombosis,ASSOCIATED_WITH
30160,21,55516,ferritin,pulmonary embolism,ASSOCIATED_WITH
38925,21,68664,pc4d,lower platelet counts,ASSOCIATED_WITH
39671,21,55681,platelet factor 4 antiplatelet antibodies,thrombocytopenia,ASSOCIATED_WITH
26629,21,56250,increased plasma levels of clotting factor viii,recurrent pregnancy loss,ASSOCIATED_WITH
25935,21,58861,pai-1,pro-thrombotic state,ASSOCIATED_WITH
28184,21,55928,dpp-4,tissue factor expression,ASSOCIATED_WITH
30627,21,59842,reduction of amh levels,primary ovarian insufficiency,ASSOCIATED_WITH
29058,21,59792,sr-bi deficiency,deep vein thrombosis susceptibility,ASSOCIATED_WITH
38323,21,57668,p16 positivity,pathologic complete response,ASSOCIATED_WITH
25832,21,55639,thrombin,inflammation,ASSOCIATED_WITH
28616,21,58194,tenascin-c,rheumatic mitral stenosis,ASSOCIATED_WITH
35884,21,64827,stat5b lof mutations,growth hormone insensitivity syndrome,ASSOCIATED_WITH
26161,21,55870,cda expression and activity,survival,ASSOCIATED_WITH
25858,21,55527,fibrinogen,deep venous thrombosis,ASSOCIATED_WITH
26464,21,55841,cxcr4,ulcerative colitis,ASSOCIATED_WITH
26003,21,55605,thrombin-activatable fibrinolysis inhibitor,arterial thrombosis,ASSOCIATED_WITH
26016,21,55527,crp,deep venous thrombosis,ASSOCIATED_WITH
26080,21,56401,e-selectin,vein wall inflammation,ASSOCIATED_WITH
31846,21,55919,high-sensitivity c-reactive protein,coagulation activation,ASSOCIATED_WITH
27191,21,61436,ngal,skin change complications,ASSOCIATED_WITH
39320,21,55528,cd15,venous thrombosis,ASSOCIATED_WITH
29579,21,58833,rnp-a autoantibody,mucocutaneous symptoms,ASSOCIATED_WITH
36997,21,66146,igg4 anti-fviii antibodies,high inhibitor titre,ASSOCIATED_WITH
26317,21,59807,fviii,cognitive impairment,ASSOCIATED_WITH
39915,21,69820,auto-abs against type i ifns,life-threatening covid-19 pneumonia,ASSOCIATED_WITH
28544,21,55683,prothrombin activity,thrombotic events,ASSOCIATED_WITH
34255,21,63356,prealbumin,duration of mechanical ventilation,ASSOCIATED_WITH
29175,21,70089,tat,increased 1-year mortality,ASSOCIATED_WITH
30079,21,56765,d-d,blood coagulation activation,ASSOCIATED_WITH
30080,21,55582,pap,fibrinolysis,ASSOCIATED_WITH
25858,21,61736,fibrinogen,sarcomatoid differentiation,ASSOCIATED_WITH
36613,21,57735,pr3 antibodies,anca-associated vasculitis,ASSOCIATED_WITH
32642,21,62771,s100b,cns injury,ASSOCIATED_WITH
26409,21,56056,antxr2,anthrax disease pathogenesis,ASSOCIATED_WITH
27002,21,56044,trpm4,brugada syndrome,ASSOCIATED_WITH
33755,21,62860,kallistatin,chronic liver diseases,ASSOCIATED_WITH
25983,21,57567,endothelin-1,coronary vasospasm,ASSOCIATED_WITH
27597,21,65766,vimentin,tubulointerstitial inflammation,ASSOCIATED_WITH
26317,21,55773,fviii,stroke,ASSOCIATED_WITH
32308,21,61471,acpas,seropositive rheumatoid arthritis,ASSOCIATED_WITH
39411,21,69220,factor xi inhibition,reduced risk of any ischemic stroke,ASSOCIATED_WITH
26013,21,55655,anp,congestive heart failure,ASSOCIATED_WITH
28641,21,57943,antiphospholipid antibodies recognizing cofactor proteins in complex with phospholipids,clinical manifestations in aps,ASSOCIATED_WITH
35849,21,64801,genetically decreased serum pcsk9,lower risk of coronary heart disease,ASSOCIATED_WITH
29239,21,56431,s100a8/a9,vascular inflammation,ASSOCIATED_WITH
38752,21,68406,tnf expression in intestinal mucosa,response to adalimumab treatment,ASSOCIATED_WITH
25858,21,60768,fibrinogen,memory deficits,ASSOCIATED_WITH
30382,21,57831,apolipoprotein a1,increased risk of venous thrombosis,ASSOCIATED_WITH
25839,21,63872,antiphospholipid antibodies,branch retinal vein occlusion and branch retinal artery occlusion,ASSOCIATED_WITH
26342,21,55672,adamts13,ischemic stroke,ASSOCIATED_WITH
36740,21,65803,toxin shock syndrome toxin 1,dermatological manifestations,ASSOCIATED_WITH
32608,21,55568,tf activation,angiogenesis,ASSOCIATED_WITH
25953,21,61436,mmp-9,skin change complications,ASSOCIATED_WITH
25963,21,59971,sicam-1,increased risk of aids-defining events,ASSOCIATED_WITH
30027,21,55568,serpinb5,angiogenesis,ASSOCIATED_WITH
28217,21,56051,reduced levels of thrombomodulin,increased risk of thrombosis,ASSOCIATED_WITH
25922,21,56917,protein c,hepatic encephalopathy,ASSOCIATED_WITH
37761,21,67104,growth hormone receptor,incident type 2 diabetes,ASSOCIATED_WITH
26080,21,56412,e-selectin,decline in peripheral nerve function,ASSOCIATED_WITH
26568,21,61436,mmp-8,skin change complications,ASSOCIATED_WITH
26883,21,60536,c-reactive protein,acute exacerbation of copd,ASSOCIATED_WITH
29210,21,58453,efalizumab,pml,ASSOCIATED_WITH
33081,21,55551,reduced antithrombin levels,hypercoagulability,ASSOCIATED_WITH
26849,21,55516,panitumumab,pulmonary embolism,ASSOCIATED_WITH
27052,21,59757,α2-antiplasmin,ischemic brain injury,ASSOCIATED_WITH
36720,21,65777,strem-1,thrombotic paps,ASSOCIATED_WITH
35252,21,58419,endothelial nos,pulmonary vascular remodeling,ASSOCIATED_WITH
25858,21,67185,fibrinogen,oxygen desaturation index,ASSOCIATED_WITH
25828,21,55513,anticardiolipin antibodies,thrombosis,ASSOCIATED_WITH
38036,21,66269,ela,coronary artery stenosis severity,ASSOCIATED_WITH
31546,21,62326,c4 deficiency,sle risk,ASSOCIATED_WITH
26181,21,56233,anti-phospholipid antibodies,dvt,ASSOCIATED_WITH
32479,21,55544,immune checkpoint inhibitors,venous thromboembolism,ASSOCIATED_WITH
25887,21,55748,protein s,thromboembolic events,ASSOCIATED_WITH
26016,21,55887,crp,cerebral venous thrombosis,ASSOCIATED_WITH
31258,21,60508,anti-mi2 autoantibodies,dermatomyositis skin manifestations,ASSOCIATED_WITH
32954,21,62063,dysfunctional cftr,gastrointestinal symptoms,ASSOCIATED_WITH
25996,21,68098,nf-κb,pims-ts,ASSOCIATED_WITH
26569,21,56197,protein z,spontaneous preterm labor without intra-amniotic infection/inflammation,ASSOCIATED_WITH
30984,21,68912,serum ldh,severe and critical covid-19,ASSOCIATED_WITH
30562,21,63068,sp-selectin,greater risk of cardiovascular events,ASSOCIATED_WITH
29050,21,67618,traf6,liver ischemia-reperfusion injury,ASSOCIATED_WITH
33396,21,60529,lactic dehydrogenase,venous thromboembolism (vte) risk,ASSOCIATED_WITH
36937,21,66072,ralb,bad prognosis in breast cancer,ASSOCIATED_WITH
27143,21,56722,apo-lipoprotein e4,lv dysfunction,ASSOCIATED_WITH
30537,21,59276,nucleosomes,wbc count,ASSOCIATED_WITH
29239,21,67226,s100a8/a9,risk of icu admission and death,ASSOCIATED_WITH
26883,21,56442,c-reactive protein,arterial endothelial dysfunction,ASSOCIATED_WITH
33167,21,60242,erβ expression,sle disease activity,ASSOCIATED_WITH
32479,21,64675,immune checkpoint inhibitors,takotsubo syndrome,ASSOCIATED_WITH
36823,21,55544,k150del mutation in apc,venous thromboembolism,ASSOCIATED_WITH
27480,21,55707,anti-annexin v antibodies,vascular damage,ASSOCIATED_WITH
32984,21,62119,higher serum lactate dehydrogenase level,acute exacerbation of idiopathic pulmonary fibrosis,ASSOCIATED_WITH
39050,21,57104,aha level,pneumonia,ASSOCIATED_WITH
32444,21,62771,nse,cns injury,ASSOCIATED_WITH
26502,21,55544,α-fibrinogen thr312ala variant,venous thromboembolism,ASSOCIATED_WITH
32432,21,60034,hmox2,vascular disease,ASSOCIATED_WITH
29725,21,56082,c5b-9,vascular injury,ASSOCIATED_WITH
34767,21,63769,b2-cic,sicca,ASSOCIATED_WITH
28691,21,55802,pct,mortality,ASSOCIATED_WITH
28712,21,58012,anti-β2gpi igg,coronary calcification formation,ASSOCIATED_WITH
25881,21,57494,von willebrand factor,thrombotic tendency,ASSOCIATED_WITH
28806,21,55576,syndecan-1,hypercoagulable state,ASSOCIATED_WITH
36747,21,55782,bk1r,inflammatory bowel disease,ASSOCIATED_WITH
26658,21,55636,supar,atherogenesis,ASSOCIATED_WITH
36458,21,55959,melanocortin 4 receptor,obesity,ASSOCIATED_WITH
29755,21,69478,anti-nuclear antibodies,disease progression in buerger's disease,ASSOCIATED_WITH
26030,21,56111,bevacizumab,gastrointestinal perforations,ASSOCIATED_WITH
32178,21,55635,anti-endothelial cell antibodies,endothelial dysfunction,ASSOCIATED_WITH
27672,21,59631,mthfr deficiency,arterial disorders,ASSOCIATED_WITH
32479,21,55595,immune checkpoint inhibitors,atherosclerosis,ASSOCIATED_WITH
25922,21,64849,protein c,burn severity,ASSOCIATED_WITH
30401,21,59596,autoantibodies against β2 adrenoreceptor,severe pre-eclampsia,ASSOCIATED_WITH
25881,21,55544,von willebrand factor,venous thromboembolism,ASSOCIATED_WITH
28071,21,61147,pai-1 levels,diabetic microvascular complications,ASSOCIATED_WITH
26883,21,66857,c-reactive protein,new-onset atrial fibrillation,ASSOCIATED_WITH
26843,21,57031,cyp2e1,copd,ASSOCIATED_WITH
26052,21,58634,hla-b51,ocular manifestations of behçet's disease,ASSOCIATED_WITH
25873,21,56052,protein c deficiency,benign intracranial hypertension,ASSOCIATED_WITH
25877,21,56837,factor viii,increased vte risk,ASSOCIATED_WITH
26539,21,55802,mr-proadm,mortality,ASSOCIATED_WITH
29580,21,58833,rnp-70k autoantibody,mucocutaneous symptoms,ASSOCIATED_WITH
25896,21,55537,lupus anticoagulant,venous and arterial thrombosis tendency,ASSOCIATED_WITH
31546,21,56987,c4 deficiency,sle,ASSOCIATED_WITH
27872,21,57326,anti-phospholipid antibody,cholesterol embolization syndrome,ASSOCIATED_WITH
31663,21,55690,specam-1,sepsis,ASSOCIATED_WITH
25828,21,55528,anticardiolipin antibodies,venous thrombosis,ASSOCIATED_WITH
34419,21,59900,tissue factor (tf) overexpression,increased risk of vte,ASSOCIATED_WITH
38819,21,68557,anti-pc igm,cardiovascular score,ASSOCIATED_WITH
26371,21,56901,p-glycoprotein,multidrug resistance,ASSOCIATED_WITH
30538,21,62346,serum albumin,acute exacerbation of idiopathic interstitial pneumonia,ASSOCIATED_WITH
25896,21,55513,lupus anticoagulant,thrombosis,ASSOCIATED_WITH
26061,21,55568,hif-1α,angiogenesis,ASSOCIATED_WITH
26346,21,64087,protein c activation,fibrinogen loss,ASSOCIATED_WITH
32403,21,66867,h3cit,ischemic outcomes,ASSOCIATED_WITH
26030,21,55515,bevacizumab,deep vein thrombosis,ASSOCIATED_WITH
25896,21,56873,lupus anticoagulant,chorea,ASSOCIATED_WITH
31663,21,55515,specam-1,deep vein thrombosis,ASSOCIATED_WITH
29595,21,55605,low protein s levels,arterial thrombosis,ASSOCIATED_WITH
26016,21,59807,crp,cognitive impairment,ASSOCIATED_WITH
28097,21,67514,procalcitonin,severe microcirculatory ischemia,ASSOCIATED_WITH
30961,21,55639,il6st,inflammation,ASSOCIATED_WITH
29773,21,60441,scd163,hepatic fibrosis,ASSOCIATED_WITH
35577,21,55865,tumor podoplanin expression,vte,ASSOCIATED_WITH
30229,21,57481,galectin-3,atherosclerotic plaque stability,ASSOCIATED_WITH
26846,21,55595,lp-pla2,atherosclerosis,ASSOCIATED_WITH
27747,21,59542,phospholipase a2,fes,ASSOCIATED_WITH
26531,21,56174,fviii:c level,thrombosis risk,ASSOCIATED_WITH
31924,21,61068,anti-u11/u12 rnp,severe lung fibrosis,ASSOCIATED_WITH
26142,21,58376,brain natriuretic peptide,postoperative atrial fibrillation,ASSOCIATED_WITH
25834,21,55802,angiotensin ii,mortality,ASSOCIATED_WITH
26451,21,55911,heparin antibodies,hit,ASSOCIATED_WITH
28055,21,57447,anticardiolipin antibodies igm,left ventricular thrombus formation,ASSOCIATED_WITH
25873,21,56837,protein c deficiency,increased vte risk,ASSOCIATED_WITH
39642,21,56668,pla2r antibody,disease activity,ASSOCIATED_WITH
31379,21,60585,cd31,lymph vascular space involvement,ASSOCIATED_WITH
25839,21,56174,antiphospholipid antibodies,thrombosis risk,ASSOCIATED_WITH
26421,21,55666,fsap,coronary heart disease,ASSOCIATED_WITH
25874,21,55748,protein s deficiency,thromboembolic events,ASSOCIATED_WITH
39733,21,62422,hcmv ul83 and ul94,ssc,ASSOCIATED_WITH
26658,21,57686,supar,organ damage,ASSOCIATED_WITH
31098,21,55940,complement components,amd,ASSOCIATED_WITH
26030,21,55513,bevacizumab,thrombosis,ASSOCIATED_WITH
26238,21,55927,autoantibodies,interstitial lung disease,ASSOCIATED_WITH
25920,21,55576,factor v,hypercoagulable state,ASSOCIATED_WITH
26075,21,55569,selectins,metastasis,ASSOCIATED_WITH
30061,21,55513,pathogenic autoantibodies,thrombosis,ASSOCIATED_WITH
25935,21,55528,pai-1,venous thrombosis,ASSOCIATED_WITH
29578,21,58833,anti-sm autoantibody,mucocutaneous symptoms,ASSOCIATED_WITH
26391,21,60452,coagulation factors,worse prognosis,ASSOCIATED_WITH
40100,21,70078,initial albumin,decreased death,ASSOCIATED_WITH
28072,21,55595,pai-1 activity,atherosclerosis,ASSOCIATED_WITH
26122,21,55513,apolipoprotein c-ii,thrombosis,ASSOCIATED_WITH
25887,21,55528,protein s,venous thrombosis,ASSOCIATED_WITH
32193,21,55575,allele 9-tpox,venous thromboembolism risk,ASSOCIATED_WITH
30034,21,56472,serpinf2,heart failure,ASSOCIATED_WITH
27016,21,56544,protein z deficiency,procoagulant state,ASSOCIATED_WITH
29793,21,55843,tgfβr1,thrombocytosis,ASSOCIATED_WITH
39438,21,69267,factor ii activity,vascular microthromboses,ASSOCIATED_WITH
25896,21,56003,lupus anticoagulant,primary systemic vasculitis,ASSOCIATED_WITH
26911,21,55635,tfpi,endothelial dysfunction,ASSOCIATED_WITH
37607,21,55683,factor ix complex,thrombotic events,ASSOCIATED_WITH
29040,21,65580,α-synuclein,parkinson's disease,ASSOCIATED_WITH
25847,21,58216,proteases,cystic fibrosis disease progression,ASSOCIATED_WITH
36062,21,58811,tfpi level reduction,deep vein thrombosis risk,ASSOCIATED_WITH
28616,21,60819,tenascin-c,cardiovascular tissue remodeling,ASSOCIATED_WITH
25873,21,55513,protein c deficiency,thrombosis,ASSOCIATED_WITH
26106,21,55639,tf,inflammation,ASSOCIATED_WITH
25922,21,59498,protein c,coagulopathy pathogenesis,ASSOCIATED_WITH
29746,21,58434,gdf15,pathological conditions,ASSOCIATED_WITH
37209,21,55927,anti-srp antibodies,interstitial lung disease,ASSOCIATED_WITH
33114,21,56098,anti-oxidant hdl function,oxidative stress,ASSOCIATED_WITH
25839,21,57387,antiphospholipid antibodies,csvt,ASSOCIATED_WITH
35374,21,57609,desphospho-uncarboxylated matrix gla protein,arterial calcification,ASSOCIATED_WITH
30229,21,63010,galectin-3,mesh-like lesions with unclear boundary,ASSOCIATED_WITH
32311,21,60882,iga ab2gpi antibodies,cardiovascular death,ASSOCIATED_WITH
26106,21,56235,tf,vte risk,ASSOCIATED_WITH
25892,21,55605,vwf,arterial thrombosis,ASSOCIATED_WITH
32788,21,61251,apoc-iii concentration,enhanced thrombin generation,ASSOCIATED_WITH
25860,21,55517,igg anti-cardiolipin,clinical manifestations of aps,ASSOCIATED_WITH
26016,21,56296,crp,cardiovascular mortality,ASSOCIATED_WITH
30722,21,58792,bcma,pathogenesis of behcet's disease,ASSOCIATED_WITH
28077,21,57477,ctnt,acute heart failure,ASSOCIATED_WITH
28856,21,58161,factor viic levels,risk of incident ischemic stroke,ASSOCIATED_WITH
38993,21,68738,active form of hpse protein,sepsis-associated mortality,ASSOCIATED_WITH
25960,21,55623,icam-1,preretinal neovascular formation,ASSOCIATED_WITH
32905,21,63436,hdac9,large artery atherosclerosis stroke,ASSOCIATED_WITH
26221,21,55513,aprotinin,thrombosis,ASSOCIATED_WITH
39093,21,59121,autoantibodies to pla2r,primary membranous nephropathy,ASSOCIATED_WITH
26106,21,57360,tf,atherosclerotic plaques,ASSOCIATED_WITH
25876,21,56174,factor vii,thrombosis risk,ASSOCIATED_WITH
25878,21,55513,factor ix,thrombosis,ASSOCIATED_WITH
26317,21,57043,fviii,cteph,ASSOCIATED_WITH
27087,21,56691,complement c4d,giant cell myocarditis,ASSOCIATED_WITH
25874,21,67487,protein s deficiency,retinal changes,ASSOCIATED_WITH
29754,21,58643,rheumatoid factor,heart disease,ASSOCIATED_WITH
37855,21,56282,pai-1 antibodies,thromboembolism risk,ASSOCIATED_WITH
26068,21,61787,protein s activity,provoked pulmonary embolism,ASSOCIATED_WITH
25896,21,58677,lupus anticoagulant,crao-af,ASSOCIATED_WITH
32985,21,62119,higher serum surfactant protein-d level,acute exacerbation of idiopathic pulmonary fibrosis,ASSOCIATED_WITH
25839,21,56325,antiphospholipid antibodies,catastrophic antiphospholipid syndrome,ASSOCIATED_WITH
30926,21,55551,antithrombin ii,hypercoagulability,ASSOCIATED_WITH
28056,21,57447,anticardiolipin antibodies igg,left ventricular thrombus formation,ASSOCIATED_WITH
25832,23,55639,thrombin,inflammation,CONTRIBUTES_TO
25828,23,55865,anticardiolipin antibodies,vte,CONTRIBUTES_TO
28378,23,59850,cathepsin g,suppression of the anticoagulation systems,CONTRIBUTES_TO
29014,23,59850,myeloperoxidase,suppression of the anticoagulation systems,CONTRIBUTES_TO
27237,23,56062,tf:fviia complex,tumor growth,CONTRIBUTES_TO
32249,23,65941,pad-4,inflammatory and immune responses,CONTRIBUTES_TO
25830,23,56216,tissue factor,tissue injury,CONTRIBUTES_TO
28082,23,59850,neutrophil elastase,suppression of the anticoagulation systems,CONTRIBUTES_TO
25830,23,62101,tissue factor,thrombin generation and fibrin deposition,CONTRIBUTES_TO
25832,23,55636,thrombin,atherogenesis,CONTRIBUTES_TO
25953,23,63830,mmp-9,vein wall damage and fibrosis,CONTRIBUTES_TO
26722,23,55534,low protein c levels,thrombus formation,CONTRIBUTES_TO
26391,23,55513,coagulation factors,thrombosis,CONTRIBUTES_TO
27581,23,55569,astf,metastasis,CONTRIBUTES_TO
26972,23,63830,mmp-2,vein wall damage and fibrosis,CONTRIBUTES_TO
27518,23,55513,complement,thrombosis,CONTRIBUTES_TO
25830,23,61757,tissue factor,ev procoagulant activity,CONTRIBUTES_TO
25872,23,55534,antithrombin iii deficiency,thrombus formation,CONTRIBUTES_TO
32879,23,57989,atx,metastasis formation,CONTRIBUTES_TO
25879,23,56738,factor xi,thrombotic disease,CONTRIBUTES_TO
26106,23,55569,tf,metastasis,CONTRIBUTES_TO
25834,23,69796,angiotensin ii,pathological tissue remodelling,CONTRIBUTES_TO
25834,23,59703,angiotensin ii,renal fibrosis,CONTRIBUTES_TO
26744,23,56335,endogenous fxi,arterial thrombus propagation,CONTRIBUTES_TO
25830,23,55534,tissue factor,thrombus formation,CONTRIBUTES_TO
70131,6,35892,genistein,peroxisome proliferator-activated receptor-gamma,TARGETS
70131,6,26365,genistein,protein tyrosine kinases,TARGETS
70143,6,26616,sunitinib,kit,TARGETS
70322,6,28051,pazopanib,pdgfr-α,TARGETS
70447,6,25830,64cu-nota-alt-836,tissue factor,TARGETS
70131,6,35893,genistein,mitogen-activated protein kinase (mapk) a,TARGETS
70322,6,29344,pazopanib,vegfr3,TARGETS
70322,6,26620,pazopanib,vegfr1,TARGETS
70322,6,25930,pazopanib,c-kit,TARGETS
70143,6,27551,sunitinib,pdgfr,TARGETS
70322,6,26155,pazopanib,vegfr2,TARGETS
70131,6,35890,genistein,topoisomerase i and ii,TARGETS
70131,6,34971,genistein,5α-reductase,TARGETS
70143,6,27416,sunitinib,vegfr,TARGETS
70322,6,28052,pazopanib,pdgfr-β,TARGETS
70695,6,36912,direct oral anticoagulants,factor xa (fxa) or thrombin,TARGETS
70494,5,27551,motesanib,pdgfr,INHIBITS
70908,5,34431,anakinra,il-1 receptor,INHIBITS
70690,5,37960,cilostazol,pde-3,INHIBITS
71621,5,31506,abiraterone,cyp17,INHIBITS
71121,5,27687,rucaparib,poly(adp-ribose) polymerase,INHIBITS
70652,5,27149,ponatinib,src,INHIBITS
71635,5,27223,magnolol,p38 phosphorylation,INHIBITS
71797,5,37506,corm-3,pro-caspase-1 interaction with asc,INHIBITS
70772,5,31466,palbociclib,cdk4,INHIBITS
72071,5,39276,g3p-01,gal-3 secretion,INHIBITS
71098,5,26283,len,p53,INHIBITS
70205,5,36637,hydroxychloroquine,platelet gpiib/iiia receptor expression,INHIBITS
70336,5,27028,aqueous extract of danshen,vcam-1 expression,INHIBITS
70095,5,27488,aspirin,cyclooxygenase-1,INHIBITS
70852,5,28607,dovitinib,fgfr,INHIBITS
70432,5,37091,spironolactone,luteinizing hormone (lh) production,INHIBITS
70972,5,25832,sbo4l,thrombin,INHIBITS
71395,5,34995,low-dose naltrexone,mu-opioid receptor,INHIBITS
70509,5,29555,pemetrexed,dihydrofolate reductase,INHIBITS
70336,5,25959,aqueous extract of danshen,icam-1 expression,INHIBITS
70144,5,36478,sorafenib,raf-1 serine/threonine kinase,INHIBITS
70144,5,26677,sorafenib,vegf receptor,INHIBITS
70258,5,27620,enmd-2076,fgfr3,INHIBITS
70226,5,27911,argatroban,factor ii,INHIBITS
70180,5,25908,rivaroxaban,thrombin generation,INHIBITS
70890,5,32142,caffeic acid phenethyl ester,5-lipooxygenase (5-lox) activity,INHIBITS
72202,5,28383,zd1839,tyrosine kinase,INHIBITS
71733,5,26155,anlotinib,vegfr2,INHIBITS
70926,5,26073,eribaxaban,factor xa,INHIBITS
72155,5,30781,trilaciclib,cdk4/6,INHIBITS
71029,5,28383,nintedanib,tyrosine kinase,INHIBITS
70799,5,36037,idelalisib,pi3k delta,INHIBITS
70324,5,27210,vitamin k antagonists,vitamin k epoxide reductase,INHIBITS
70225,5,27352,vegf tyrosine kinase inhibitors,phosphorylation of vegfr receptor tyrosine kinases,INHIBITS
71692,5,31467,abemaciclib,cdk6,INHIBITS
70283,5,26206,lapatinib,egfr,INHIBITS
70143,5,27550,sunitinib,flt3,INHIBITS
70099,5,27642,sildenafil,nadph oxidase activity,INHIBITS
70386,5,34690,ruxolitinib,jak1/2,INHIBITS
70801,5,31531,scolymoside,tnf-alpha-induced pai-1 expression,INHIBITS
70131,5,26365,genistein,protein tyrosine kinases,INHIBITS
71166,5,29344,lenvatinib,vegfr3,INHIBITS
70552,5,27772,fasudil,rho-kinase,INHIBITS
70940,5,32365,dexrazoxane,topoisomerase ii beta,INHIBITS
70448,5,35160,intravenous immunoglobulin,fcγriia receptor,INHIBITS
70095,5,25878,aspirin,factor ix,INHIBITS
70727,5,34927,rilotumumab,hgf/c-met interaction,INHIBITS
70251,5,31687,apixaban,formation of the prothrombinase complex,INHIBITS
71521,5,37157,baricitinib,gak,INHIBITS
70361,5,25832,ppack nanoparticle,thrombin,INHIBITS
70836,5,28120,vkas,vkor,INHIBITS
70500,5,26064,tivozanib,vegfr-2,INHIBITS
70576,5,25985,dinaciclib,cdk2,INHIBITS
70381,5,27303,p2y12 inhibitor,rap1 activation,INHIBITS
71024,5,32810,levoketoconazole,cyp11b1,INHIBITS
70125,5,37812,simvastatin,chloride channels,INHIBITS
71777,5,28329,columbianadin,erk1/2 phosphorylation,INHIBITS
70382,5,28473,ssri,serotonin transporter,INHIBITS
70144,5,26806,sorafenib,mapk,INHIBITS
71150,5,25935,loureirin b,pai-1,INHIBITS
70973,5,34031,nilotinib,pdgfr-beta,INHIBITS
70545,5,27079,everolimus,mtorc1,INHIBITS
70095,5,35162,aspirin,platelet cox-1,INHIBITS
70652,5,28607,ponatinib,fgfr,INHIBITS
70432,5,37090,spironolactone,5-alpha-reductase receptors,INHIBITS
70309,5,27387,atorvastatin,hmg-coa reductase,INHIBITS
70309,5,38316,atorvastatin,nf-κb p65 phosphorylation,INHIBITS
71282,5,25935,mdi-2268,pai-1,INHIBITS
70143,5,29023,sunitinib,platelet-derived growth factor receptor,INHIBITS
71927,5,38281,dstat,hmgb1 activity,INHIBITS
70799,5,31520,idelalisib,pi3kδ,INHIBITS
70205,5,38957,hydroxychloroquine,nadph oxidase induction,INHIBITS
70360,5,25832,ppack,thrombin,INHIBITS
70231,5,25999,ibuprofen,cox-1,INHIBITS
70331,5,28150,ketorolac,cyclooxygenase i,INHIBITS
71763,5,28562,ppis,cyp3a4,INHIBITS
70444,5,32497,anthracyclines,topoisomerase iiβ,INHIBITS
71191,5,33854,ag490,mk-x-induced akt phosphorylation,INHIBITS
70236,5,30201,nsaids,cox enzymes,INHIBITS
71719,5,28674,wj-39,aldose reductase,INHIBITS
71892,5,38141,xc8,gqc,INHIBITS
70973,5,37602,nilotinib,abelson (abl) kinase,INHIBITS
71166,5,27620,lenvatinib,fgfr3,INHIBITS
70231,5,26418,ibuprofen,cox-2,INHIBITS
70160,5,25832,tgn 255,thrombin,INHIBITS
70180,5,31179,rivaroxaban,plasma-evoked mcp-1 expression,INHIBITS
70153,5,26604,aromatase inhibitors,aromatase,INHIBITS
70371,5,27551,imatinib,pdgfr,INHIBITS
70920,5,26073,compound 1g,factor xa,INHIBITS
70695,5,26073,direct oral anticoagulants,factor xa,INHIBITS
72213,5,25999,traditional nsaids,cox-1,INHIBITS
71008,5,27911,acenocoumarol,factor ii,INHIBITS
70322,5,28051,pazopanib,pdgfr-α,INHIBITS
70226,5,37364,argatroban,activation of coagulation factor v,INHIBITS
70800,5,38766,ibrutinib,itk,INHIBITS
70500,5,27469,tivozanib,vegfr-1,INHIBITS
70488,5,34830,dexmedetomidine,noradrenaline release,INHIBITS
71178,5,33762,local anesthetics,voltage-gated sodium channels,INHIBITS
71846,5,26269,alpelisib,pi3k,INHIBITS
70690,5,25953,cilostazol,mmp-9,INHIBITS
70852,5,27551,dovitinib,pdgfr,INHIBITS
71191,5,33853,ag490,mk-x-induced erk1/2 phosphorylation,INHIBITS
72039,5,39036,idasanutlin,p53-mdm2 interaction,INHIBITS
70100,5,27022,imatinib mesylate,bcr-abl,INHIBITS
70144,5,27552,sorafenib,pdgfrs,INHIBITS
70144,5,26678,sorafenib,pdgf receptor,INHIBITS
72183,5,39906,galunisertib,tgfβ-ri,INHIBITS
71456,5,25965,huisheng oral solution,cd44,INHIBITS
70323,5,26714,cyclosporine,tf expression,INHIBITS
70130,5,26363,egcg,aminopeptidase-n,INHIBITS
70770,5,26714,blebbistatin,tf expression,INHIBITS
71901,5,38180,necrostatin-1,mlkl phosphorylation,INHIBITS
70375,5,32258,cape,lipoxygenase,INHIBITS
71346,5,27009,non-anticoagulant heparin,heparanase,INHIBITS
71371,5,26403,indobufen,prothrombin,INHIBITS
71024,5,32808,levoketoconazole,cyp17a1,INHIBITS
71029,5,35321,nintedanib,"vegfr, pdgfr, fgfr",INHIBITS
70365,5,29345,cabozantinib,vegfr2 phosphorylation,INHIBITS
70236,5,31994,nsaids,cox enzyme,INHIBITS
70434,5,28918,um8190,prcp,INHIBITS
70690,5,30779,cilostazol,phosphodiesterase 3,INHIBITS
71304,5,34478,ombitasvir,hcv ns5a,INHIBITS
70592,5,32929,doxorubicin,dt-010-induced grp78 expression,INHIBITS
71133,5,27572,alvelestat,ne,INHIBITS
70131,5,26364,genistein,phosphorylation of egfr,INHIBITS
70322,5,32237,pazopanib,vegfr 3,INHIBITS
70128,5,27000,caffeine,a2a receptor,INHIBITS
70371,5,26678,imatinib,pdgf receptor,INHIBITS
70779,5,28511,azd1480,jak1,INHIBITS
71095,5,33232,km-819,faf1,INHIBITS
71733,5,26619,anlotinib,ret,INHIBITS
71733,5,33727,anlotinib,fgfr1-4,INHIBITS
70370,5,28721,plerixafor,binding of cxcr4 to sdf-1,INHIBITS
70143,5,39610,sunitinib,ribosomal s6 kinase activity,INHIBITS
71024,5,32809,levoketoconazole,cyp11a1,INHIBITS
70095,5,25919,aspirin,factor x,INHIBITS
70143,5,27553,sunitinib,vegfrs,INHIBITS
70189,5,25930,dasatinib,c-kit,INHIBITS
71026,5,25919,noacs,factor x,INHIBITS
71501,5,31729,plx5622,csf1r,INHIBITS
70617,5,28985,anti-sclerostin antibody,sclerostin,INHIBITS
70505,5,30522,smtp-7,soluble epoxide hydrolase,INHIBITS
70612,5,29339,cl-amidine,pad4,INHIBITS
70887,5,32125,propofol,carnitine palmitoyl transferase i,INHIBITS
71810,5,25930,安罗替尼,c-kit,INHIBITS
70182,5,26911,polyphosphate,tfpi,INHIBITS
71391,5,34971,finasteride,5α-reductase,INHIBITS
70143,5,27552,sunitinib,pdgfrs,INHIBITS
70149,5,32154,lenalidomide,igf-1 activity,INHIBITS
71930,5,38310,a1899,kcnk3,INHIBITS
70574,5,33228,ticagrelor,p2y12 receptor activation,INHIBITS
70577,5,26095,dipyridamole,phosphodiesterase,INHIBITS
70711,5,28060,ppg,fxa activity,INHIBITS
70875,5,31326,pentamethylquercetin,gsk3β phosphorylation,INHIBITS
70365,5,36804,cabozantinib,"vegfr1, vegfr2, and vegfr3",INHIBITS
70189,5,27557,dasatinib,src family kinases,INHIBITS
70400,5,25877,factor viii inhibitor,factor viii,INHIBITS
70874,5,32033,ono-1301,thromboxane a2 synthase,INHIBITS
70678,5,26430,monosulfated trimer 24,factor xia,INHIBITS
70322,5,29344,pazopanib,vegfr3,INHIBITS
71029,5,28336,nintedanib,tyrosine kinases,INHIBITS
70199,5,26614,deforolimus,mtor,INHIBITS
70919,5,26073,compound 1a,factor xa,INHIBITS
71813,5,26194,bpi-9016m,c-met,INHIBITS
70180,5,31044,rivaroxaban,xa factor,INHIBITS
70274,5,27716,super-sulfated low molecular weight heparin,intrinsic tenase (factor ixa-factor viiia) complex,INHIBITS
70324,5,34837,vitamin k antagonists,vitamin k-reductase,INHIBITS
70635,5,36469,olanzapine,α1 adrenergic receptor,INHIBITS
71899,5,38175,diprotin a,dpp-4 activity,INHIBITS
70582,5,25911,cyclopia extracts,erα,INHIBITS
71925,5,38268,sesamin,g6pase,INHIBITS
70371,5,26031,imatinib,bcr-abl tyrosine kinase,INHIBITS
71925,5,28226,sesamin,enos uncoupling,INHIBITS
71011,5,32761,fourth-generation progestins,3βhsd2,INHIBITS
70143,5,26461,sunitinib,phosphorylation of platelet derived growth factor receptors,INHIBITS
70635,5,39777,olanzapine,alpha-1 receptor,INHIBITS
71020,5,32810,metyrapone,cyp11b1,INHIBITS
70296,5,26061,temsirolimus,hif-1α,INHIBITS
70748,5,31178,fr171113,plasma-evoked rage expression,INHIBITS
70146,5,32955,eculizumab,c5-9 complex formation,INHIBITS
70143,5,27805,sunitinib,vegfr-3,INHIBITS
70856,5,31863,tkis,bcr-abl oncoprotein,INHIBITS
70281,5,27755,vegf antagonists,nitric-oxide synthase,INHIBITS
71008,5,25876,acenocoumarol,factor vii,INHIBITS
70180,5,27493,rivaroxaban,coagulation factor xa,INHIBITS
71240,5,34105,at1r antagonist,tf level and activity,INHIBITS
71644,5,25954,gyejigachulbutang,inos,INHIBITS
71529,5,35920,tofacitinib,jak phosphorylation,INHIBITS
70095,5,30066,aspirin,cyclo-oxygenase,INHIBITS
71211,5,32211,salvianolic acid b,myeloperoxidase activity,INHIBITS
70180,5,26720,rivaroxaban,pai-1 expression,INHIBITS
71841,5,30596,gsmtx4,piezo1,INHIBITS
72006,5,26073,"apixaban, betrixaban, edoxaban, rivaroxaban",factor xa,INHIBITS
71727,5,37228,salidroside,phosphorylation of gsk3β,INHIBITS
70675,5,27158,tea,bradykinin-stimulated t-pa release,INHIBITS
71175,5,30781,cdk4/6 inhibitors,cdk4/6,INHIBITS
70324,5,30758,vitamin k antagonists,vitamin k epoxyde-reductase,INHIBITS
70322,5,32235,pazopanib,vegfr 1,INHIBITS
70180,5,29014,rivaroxaban,myeloperoxidase,INHIBITS
71166,5,26620,lenvatinib,vegfr1,INHIBITS
70143,5,33066,sunitinib,stem cell factor receptor,INHIBITS
71361,5,34774,terbinafine,cytochrome p450 2d6,INHIBITS
70909,5,27805,regorafenib,vegfr-3,INHIBITS
70144,5,28174,sorafenib,tyrosine kinase receptors,INHIBITS
71901,5,38182,necrostatin-1,oxidized-ldl-induced downregulation of enos,INHIBITS
70604,5,26371,dronedarone,p-glycoprotein,INHIBITS
70682,5,27939,betrixaban,fxiiia,INHIBITS
70973,5,33645,nilotinib,kdr expression,INHIBITS
70875,5,28329,pentamethylquercetin,erk1/2 phosphorylation,INHIBITS
70365,5,26619,cabozantinib,ret,INHIBITS
70182,5,30610,polyphosphate,tfpi inhibition of factor xa,INHIBITS
70509,5,29556,pemetrexed,glycinamide ribonucleotide formyltransferase,INHIBITS
71483,5,27660,amg 232,mdm2,INHIBITS
70099,5,25993,sildenafil,pde5,INHIBITS
71121,5,33694,rucaparib,parp,INHIBITS
70258,5,25930,enmd-2076,c-kit,INHIBITS
71288,5,34381,hydrocortisone,il-1-induced mmp-2 expression,INHIBITS
70688,5,30769,mj33,lung vascular cell adhesion molecule,INHIBITS
70153,5,31061,aromatase inhibitors,aromatase enzyme,INHIBITS
71433,5,35253,sglt2 inhibitors,sglt2,INHIBITS
71434,5,26430,bms-962212,factor xia,INHIBITS
70861,5,31882,vitamin k antagonist,"factors ii, vii, xi, x and proteins c, s, z",INHIBITS
70276,5,26064,xl-184,vegfr-2,INHIBITS
70770,5,31327,blebbistatin,nmmhc iia,INHIBITS
70256,5,27601,sb-743921,kinesin spindle protein,INHIBITS
70241,5,26131,low-molecular-weight heparin,activated factor x,INHIBITS
72023,5,28511,abrocitinib,jak1,INHIBITS
71029,5,32323,nintedanib,lyn,INHIBITS
70130,5,25996,egcg,nf-κb,INHIBITS
70100,5,29023,imatinib mesylate,platelet-derived growth factor receptor,INHIBITS
70875,5,32038,pentamethylquercetin,syk phosphorylation,INHIBITS
71420,5,35165,paunps,collagen-induced fak phosphorylation,INHIBITS
71414,5,35090,tq-3,p38mapks activation,INHIBITS
71331,5,34618,unc2025,mertk phosphorylation,INHIBITS
70189,5,27149,dasatinib,src,INHIBITS
71266,5,25969,hmcef,p-selectin,INHIBITS
72199,5,40002,gemcitabine phosphorylated metabolites,dna polymerases,INHIBITS
70129,5,26365,curcumin,protein tyrosine kinases,INHIBITS
70551,5,26509,sch79797,par-1,INHIBITS
70210,5,27259,trastuzumab,her2,INHIBITS
70716,5,27387,pitavastatin,hmg-coa reductase,INHIBITS
70394,5,28604,sesamol,iκbα degradation,INHIBITS
70710,5,30986,sb203580,endothelial lipase upregulation,INHIBITS
70494,5,27469,motesanib,vegfr-1,INHIBITS
70129,5,26363,curcumin,aminopeptidase-n,INHIBITS
70931,5,32337,foretinib,ron,INHIBITS
70095,5,37716,aspirin,sult1a1,INHIBITS
70602,5,26371,quinidine,p-glycoprotein,INHIBITS
70412,5,27493,edoxaban,coagulation factor xa,INHIBITS
70180,5,31686,rivaroxaban,interaction of factor xa with factor va,INHIBITS
71243,5,38669,4-phenylbutyric acid,src kinase activation,INHIBITS
71929,5,38310,a293,kcnk3,INHIBITS
71175,5,30065,cdk4/6 inhibitors,rb protein phosphorylation,INHIBITS
72031,5,32992,vk-m-cot,vitamin k reductase,INHIBITS
71683,5,36906,fast moving heparin,factor iia (thrombin) activity,INHIBITS
70576,5,30064,dinaciclib,cdk9,INHIBITS
72019,5,38332,csl@hmsns-cs,mmp-3 expression,INHIBITS
70394,5,28606,sesamol,plcγ2 phosphorylation,INHIBITS
70125,5,29588,simvastatin,monocyte tf expression,INHIBITS
70648,5,30474,gnf-351,ahr activity,INHIBITS
71505,5,27939,zed3197,fxiiia,INHIBITS
70209,5,25935,bis-arylsulfonamides and aryl sulfonimides,pai-1,INHIBITS
71141,5,30170,ricolinostat,hdac6,INHIBITS
70786,5,26457,tocilizumab,factor xiii,INHIBITS
71521,5,38358,baricitinib,jak1 and jak2,INHIBITS
70371,5,35502,imatinib,abl1,INHIBITS
70675,5,36400,tea,rennin,INHIBITS
71898,5,38168,ribociclib,i_k(dr) sustained component,INHIBITS
70129,5,39312,curcumin,5-lox,INHIBITS
70494,5,25930,motesanib,c-kit,INHIBITS
70770,5,28604,blebbistatin,iκbα degradation,INHIBITS
70146,5,28012,eculizumab,complement c5,INHIBITS
71534,5,26436,arl67156,cd39,INHIBITS
70129,5,26229,curcumin,fxa,INHIBITS
70404,5,32701,tyrosine kinase inhibitors,bcr-abl1,INHIBITS
72021,5,30604,ex-527,sirt1,INHIBITS
70332,5,28150,paracetamol,cyclooxygenase i,INHIBITS
70095,5,27417,aspirin,cox-1 enzyme,INHIBITS
70412,5,31737,edoxaban,activated coagulation factor x,INHIBITS
70488,5,30825,dexmedetomidine,cx43,INHIBITS
70129,5,25996,curcumin,nf-κb,INHIBITS
70131,5,35897,genistein,cytochrome p450-21hydroxylase,INHIBITS
70538,5,29766,piperlonguminine,factor xa (fxa) activity,INHIBITS
70545,5,26614,everolimus,mtor,INHIBITS
71003,5,36910,low-dose aspirin,cyclooxygenase (cox)-i enzyme,INHIBITS
72038,5,36808,systemic non-steroidal anti-inflammatory drugs,cyclooxygenase enzymes,INHIBITS
70128,5,26418,caffeine,cox-2,INHIBITS
70121,5,25908,fondaparinux,thrombin generation,INHIBITS
71150,5,33673,loureirin b,pai-1/upa complex formation,INHIBITS
71191,5,27413,ag490,stat3,INHIBITS
71329,5,34604,idn-7314,hepatocyte tf procoagulant activity,INHIBITS
70100,5,26032,imatinib mesylate,c-kit tyrosine kinase,INHIBITS
70241,5,26073,low-molecular-weight heparin,factor xa,INHIBITS
70330,5,26691,acetylsalicylic acid,cyclo-oxygenase-2,INHIBITS
70121,5,27493,fondaparinux,coagulation factor xa,INHIBITS
70144,5,25930,sorafenib,c-kit,INHIBITS
70354,5,34326,l-name,no synthase,INHIBITS
70095,5,30389,aspirin,cyclooxygenase enzyme system,INHIBITS
71273,5,34296,inotersen,transthyretin production,INHIBITS
72224,5,40095,ppar-γ agonists,release of resistin from adipose tissue,INHIBITS
70365,5,26155,cabozantinib,vegfr2,INHIBITS
70187,5,26520,doxycycline,matrix metalloproteinases,INHIBITS
71611,5,26236,pci-27483,factor viia,INHIBITS
71623,5,35701,shugan liangxue decoction,steroid sulfatase,INHIBITS
70116,5,26185,way-169916,nf-κb transcriptional activity,INHIBITS
70143,5,26620,sunitinib,vegfr1,INHIBITS
70677,5,26430,monosulfated benzofurans,factor xia,INHIBITS
70653,5,27793,bacitracin,pdi,INHIBITS
71983,5,27226,ani9,tmem16a,INHIBITS
70375,5,32256,cape,5-areductase,INHIBITS
70511,5,28082,sivelestat,neutrophil elastase,INHIBITS
70141,5,26714,celecoxib,tf expression,INHIBITS
70180,5,31180,rivaroxaban,plasma-evoked icam-1 expression,INHIBITS
71029,5,28607,nintedanib,fgfr,INHIBITS
70931,5,26757,foretinib,met,INHIBITS
70776,5,26229,s12-mer,fxa,INHIBITS
70251,5,31737,apixaban,activated coagulation factor x,INHIBITS
71166,5,33726,lenvatinib,vegfr1-3,INHIBITS
71123,5,33500,cobicistat,mate-1 transporter,INHIBITS
71363,5,37446,ophiopogonin d,klf3,INHIBITS
70141,5,30936,celecoxib,carbonic anhydrase-2,INHIBITS
71521,5,34690,baricitinib,jak1/2,INHIBITS
70144,5,27617,sorafenib,flt-3,INHIBITS
71521,5,26345,baricitinib,jak2,INHIBITS
71191,5,33852,ag490,epo-induced stat5 phosphorylation,INHIBITS
70929,5,25832,tanogitran,thrombin,INHIBITS
71907,5,38227,nafamostat,tmprss2 activity,INHIBITS
71020,5,32808,metyrapone,cyp17a1,INHIBITS
71165,5,26418,chikusetsusaponin iv,cox-2,INHIBITS
70753,5,37148,batimastat,camp-2 collagenolytic activity,INHIBITS
70424,5,29765,chloroquine,ido2,INHIBITS
70688,5,30768,mj33,phospholipase a2 activity of peroxiredoxin 6,INHIBITS
70296,5,26614,temsirolimus,mtor,INHIBITS
71333,5,27441,hif stabilizers,hif prolyl-hydroxylase,INHIBITS
70371,5,26616,imatinib,kit,INHIBITS
71355,5,34774,fluoxetine,cytochrome p450 2d6,INHIBITS
71810,5,27551,安罗替尼,pdgfr,INHIBITS
71579,5,27226,benzbromarone,tmem16a,INHIBITS
71777,5,37342,columbianadin,jnk1/2 phosphorylation,INHIBITS
70493,5,29593,tirofiban,gpiib/iiia receptor,INHIBITS
71250,5,34170,dc260126,ffa1,INHIBITS
70180,5,26229,rivaroxaban,fxa,INHIBITS
70325,5,28065,yk-4-279,binding between rna helicase a and ews-fli1,INHIBITS
71233,5,30564,hes,fviii activity,INHIBITS
70210,5,27190,trastuzumab,erbb2,INHIBITS
70698,5,31891,trametinib,mek1/2 activation and kinase activity,INHIBITS
70144,5,27389,sorafenib,"vegfr-1, -2, -3 tyrosine kinase autophosphorylation",INHIBITS
70323,5,29799,cyclosporine,bcrp,INHIBITS
70143,5,33068,sunitinib,colony-stimulating factor receptor,INHIBITS
70563,5,26430,sulfated pentagalloylglucoside,factor xia,INHIBITS
70322,5,32236,pazopanib,vegfr 2,INHIBITS
70602,5,34774,quinidine,cytochrome p450 2d6,INHIBITS
70322,5,29632,pazopanib,pdgfr α/β,INHIBITS
71425,5,28930,pcsk9 inhibitors,pcsk9,INHIBITS
71836,5,37803,midostaurin,flt3 phosphorylation,INHIBITS
70635,5,36468,olanzapine,5-ht2a serotonin receptor,INHIBITS
70099,5,35241,sildenafil,phosphodiesterase-5,INHIBITS
70144,5,27553,sorafenib,vegfrs,INHIBITS
71961,5,27088,rocuronium,p-selectin expression,INHIBITS
71299,5,34463,amg 900,aurora kinases,INHIBITS
70530,5,27293,tin mesoporphyrin,ho-1,INHIBITS
71172,5,29527,braf inhibitors,braf v600e,INHIBITS
70146,5,29725,eculizumab,c5b-9,INHIBITS
71635,5,27222,magnolol,jnk phosphorylation,INHIBITS
71706,5,37086,remdesivir,rna-dependent rna polymerase,INHIBITS
70180,5,31178,rivaroxaban,plasma-evoked rage expression,INHIBITS
71777,5,27088,columbianadin,p-selectin expression,INHIBITS
70399,5,26454,imids,e-selectin expression,INHIBITS
70146,5,26829,eculizumab,c5,INHIBITS
70575,5,26729,promethazine,na+/k+-atpase,INHIBITS
71683,5,27284,fast moving heparin,factor xa activity,INHIBITS
70095,5,25999,aspirin,cox-1,INHIBITS
70754,5,27400,aurin tricarboxylic acid,membrane attack complex (mac) formation,INHIBITS
71154,5,27489,adp receptor inhibitors,p2y12 receptor,INHIBITS
70432,5,39276,spironolactone,gal-3 secretion,INHIBITS
71257,5,27671,nsaid,cyclooxygenase,INHIBITS
70399,5,25959,imids,icam-1 expression,INHIBITS
70770,5,31329,blebbistatin,nmmhc iia expression,INHIBITS
70493,5,25857,tirofiban,gp iib/iiia receptor,INHIBITS
70251,5,31044,apixaban,xa factor,INHIBITS
70129,5,26364,curcumin,phosphorylation of egfr,INHIBITS
70494,5,27805,motesanib,vegfr-3,INHIBITS
70095,5,35061,aspirin,cyclooxygenase (cox) activity,INHIBITS
70180,5,26073,rivaroxaban,factor xa,INHIBITS
70710,5,27223,sb203580,p38 phosphorylation,INHIBITS
70636,5,28317,metformin,prolactin,INHIBITS
70462,5,26067,coumadin,protein c activity,INHIBITS
70180,5,28831,rivaroxaban,activated factor xa,INHIBITS
71972,5,38530,bempedoic acid,adenosine triphosphate (atp) citrate lyase,INHIBITS
70239,5,26073,parnaparin,factor xa,INHIBITS
71029,5,33726,nintedanib,vegfr1-3,INHIBITS
70909,5,26064,regorafenib,vegfr-2,INHIBITS
70420,5,37849,fingolimod,sphingosine 1-phosphate receptor,INHIBITS
71797,5,37505,corm-3,nlrp3 expression,INHIBITS
70324,5,34836,vitamin k antagonists,activity of matrix gla protein (mgp) and growth arrest-specific gene 6,INHIBITS
71215,5,26229,compound 6l,fxa,INHIBITS
71521,5,28511,baricitinib,jak1,INHIBITS
70271,5,25832,dabigatran etexilate,thrombin,INHIBITS
71026,5,38913,noacs,factor iia or xa,INHIBITS
70095,5,28464,aspirin,protein phosphatase 2a,INHIBITS
70274,5,27720,super-sulfated low molecular weight heparin,factor x activation by intrinsic tenase,INHIBITS
70189,5,33728,dasatinib,pdgfrβ,INHIBITS
70403,5,25908,tinzaparin,thrombin generation,INHIBITS
70404,5,37700,tyrosine kinase inhibitors,pdgf receptors,INHIBITS
70251,5,26073,apixaban,factor xa,INHIBITS
70095,5,30281,aspirin,platelet cyclooxygenase,INHIBITS
70383,5,26064,axitinib,vegfr-2,INHIBITS
70322,5,27805,pazopanib,vegfr-3,INHIBITS
70276,5,26757,xl-184,met,INHIBITS
70251,5,26229,apixaban,fxa,INHIBITS
70852,5,27617,dovitinib,flt-3,INHIBITS
70258,5,26155,enmd-2076,vegfr2,INHIBITS
70354,5,26145,l-name,enos,INHIBITS
71313,5,25979,methylene blue,guanylate cyclase,INHIBITS
70588,5,32026,valproic acid,hdac activity,INHIBITS
72015,5,38796,cinanserin,sars-cov 3c-like protease,INHIBITS
70412,5,26229,edoxaban,fxa,INHIBITS
71414,5,28131,tq-3,akt activation,INHIBITS
71360,5,34774,pimozide,cytochrome p450 2d6,INHIBITS
71228,5,34066,schisandrin b,nf-κb p65 activation,INHIBITS
70236,5,30991,nsaids,cox1,INHIBITS
72213,5,26418,traditional nsaids,cox-2,INHIBITS
70403,5,26074,tinzaparin,factor iia,INHIBITS
70189,5,34031,dasatinib,pdgfr-beta,INHIBITS
71166,5,33728,lenvatinib,pdgfrβ,INHIBITS
71666,5,25832,ve-1902,thrombin,INHIBITS
71233,5,27487,hes,antithrombin activity,INHIBITS
70251,5,31686,apixaban,interaction of factor xa with factor va,INHIBITS
70771,5,26887,chir99021,gsk3β,INHIBITS
70748,5,31180,fr171113,plasma-evoked icam-1 expression,INHIBITS
70459,5,27944,fenofibrate,inos expression,INHIBITS
70837,5,25832,doacs,thrombin,INHIBITS
70929,5,26073,tanogitran,factor xa,INHIBITS
71529,5,36393,tofacitinib,tyk2,INHIBITS
70450,5,27640,statin,rock activity,INHIBITS
70394,5,28605,sesamol,p65 phosphorylation,INHIBITS
70189,5,34030,dasatinib,pdgfr-alpha,INHIBITS
71682,5,31521,btk inhibitors,btk,INHIBITS
70652,5,27551,ponatinib,pdgfr,INHIBITS
70144,5,27416,sorafenib,vegfr,INHIBITS
70187,5,37121,doxycycline,sars-cov-2 papain-like protease,INHIBITS
70143,5,27551,sunitinib,pdgfr,INHIBITS
71287,5,34382,methylprednisone,il-1-induced mmp-9 expression,INHIBITS
70364,5,25832,ep217609,thrombin,INHIBITS
70236,5,26418,nsaids,cox-2,INHIBITS
71806,5,27787,sb202190,p38,INHIBITS
70210,5,30089,trastuzumab,her2 activation,INHIBITS
70345,5,28184,sitagliptin,dpp-4,INHIBITS
71825,5,37836,ivermectin,ns3 helicase activity,INHIBITS
70322,5,31228,pazopanib,interleukin 2-inducible t-cell kinase,INHIBITS
70494,5,26064,motesanib,vegfr-2,INHIBITS
70251,5,33963,apixaban,factor xa enzymatic activity,INHIBITS
71216,5,26229,compound 6a-b,fxa,INHIBITS
71261,5,28321,aganirsen,irs-1,INHIBITS
71558,5,36176,雷莫芦单抗,vegf与vegfr2结合,INHIBITS
70538,5,25908,piperlonguminine,thrombin generation,INHIBITS
70129,5,25832,curcumin,thrombin,INHIBITS
71220,5,25908,"compounds 5, 9, and 21-23",thrombin generation,INHIBITS
70187,5,25953,doxycycline,mmp-9,INHIBITS
70636,5,38490,metformin,gpdh,INHIBITS
70229,5,29569,rosuvastatin,hmg-coa reductase enzyme,INHIBITS
70144,5,37818,sorafenib,vegf-r1,INHIBITS
70180,5,26131,rivaroxaban,activated factor x,INHIBITS
70930,5,26073,sar107375,factor xa,INHIBITS
72096,5,26904,bms-724296,fxia,INHIBITS
71915,5,34116,merimepodib,inosine monophosphate dehydrogenase,INHIBITS
70187,5,26972,doxycycline,mmp-2,INHIBITS
72088,5,39357,sp-8356,cya-induced upregulation of p-erk1/2,INHIBITS
71925,5,25959,sesamin,icam-1 expression,INHIBITS
70928,5,26073,letaxaban,factor xa,INHIBITS
71165,5,26633,chikusetsusaponin iv,et,INHIBITS
70635,5,39776,olanzapine,histamine-1 receptor,INHIBITS
70274,5,27719,super-sulfated low molecular weight heparin,factor x activation by factor ixa-pl complex,INHIBITS
70144,5,26155,sorafenib,vegfr2,INHIBITS
70412,5,25908,edoxaban,thrombin generation,INHIBITS
70236,5,35944,nsaids,cox-1 activity,INHIBITS
71026,5,33427,noacs,activated factor ii,INHIBITS
70616,5,26896,anti-rankl antibody,rankl,INHIBITS
70876,5,26074,non-vitamin k oral anticoagulant,factor iia,INHIBITS
70226,5,37365,argatroban,activation of coagulation factor vii,INHIBITS
70288,5,30805,ffa,zn2+ binding to hsa,INHIBITS
70652,5,26616,ponatinib,kit,INHIBITS
70772,5,31467,palbociclib,cdk6,INHIBITS
70973,5,35918,nilotinib,p-selectin membrane expression,INHIBITS
70844,5,31783,adtm,erp57 redox activity,INHIBITS
71493,5,35717,honokiol,protein tyrosine phosphorylation of syk,INHIBITS
70444,5,32390,anthracyclines,topoisomerase 2-α,INHIBITS
70095,5,26418,aspirin,cox-2,INHIBITS
70134,5,26394,17β-estradiol,tfpi production,INHIBITS
71900,5,34090,inhibitor 1,fxia-antithrombin complex formation,INHIBITS
72088,5,39358,sp-8356,cya-induced upregulation of p-p65,INHIBITS
70543,5,29809,ck2 inhibitor,activated protein c (apc) cofactor activity of protein s,INHIBITS
70146,5,27401,eculizumab,complement protein c5,INHIBITS
70182,5,38245,polyphosphate,anticoagulant activity of tfpi,INHIBITS
70365,5,28336,cabozantinib,tyrosine kinases,INHIBITS
71925,5,35312,sesamin,nox2 expression,INHIBITS
71029,5,27361,nintedanib,vascular endothelial growth factor receptor,INHIBITS
70149,5,32150,lenalidomide,apoptin-2,INHIBITS
70329,5,28137,tlr4 antagonist,tf up-regulation,INHIBITS
70159,5,26655,ym155,survivin,INHIBITS
70921,5,26073,compound 1s,factor xa,INHIBITS
71692,5,30064,abemaciclib,cdk9,INHIBITS
70095,5,33787,aspirin,cyclo-oxygenase-1,INHIBITS
70973,5,27022,nilotinib,bcr-abl,INHIBITS
70229,5,27387,rosuvastatin,hmg-coa reductase,INHIBITS
71029,5,35602,nintedanib,fgfr1-3,INHIBITS
70143,5,25930,sunitinib,c-kit,INHIBITS
70146,5,33108,eculizumab,complement protein 5,INHIBITS
70326,5,37024,ace-inhibitors,ace1,INHIBITS
70395,5,27551,bibf 1120,pdgfr,INHIBITS
71586,5,36314,garcinia cambogia,intestinal alpha-glucosidase,INHIBITS
70881,5,32069,nf-κb inhibitor,neutrophil mmp-8 secretion,INHIBITS
70095,5,36973,aspirin,platelet cyclooxygenase-1,INHIBITS
70909,5,27469,regorafenib,vegfr-1,INHIBITS
70683,5,30747,ly2157299,tgfβri kinase,INHIBITS
70197,5,31201,nitrite,activated gpiib/iiia expression on platelet membrane,INHIBITS
72087,5,39352,leptomycin b,ku70 cytoplasmic translocation,INHIBITS
71733,5,25930,anlotinib,c-kit,INHIBITS
70143,5,33067,sunitinib,glial cell line-derived neurotrophic factor receptor,INHIBITS
70786,5,31042,tocilizumab,il-6 receptor,INHIBITS
70699,5,30896,danshensu,cox-2 activity,INHIBITS
70143,5,26678,sunitinib,pdgf receptor,INHIBITS
71166,5,26155,lenvatinib,vegfr2,INHIBITS
70575,5,30058,promethazine,h1 receptor,INHIBITS
70909,5,29255,regorafenib,raf,INHIBITS
71838,5,29807,cyclosporin,cyp3a4 activity,INHIBITS
70952,5,29528,vemurafenib,braf,INHIBITS
70412,5,32860,edoxaban,αsma,INHIBITS
70371,5,37702,imatinib,c-kit receptors,INHIBITS
70652,5,38343,ponatinib,multiple kinases,INHIBITS
70144,5,26064,sorafenib,vegfr-2,INHIBITS
70386,5,29750,ruxolitinib,jak-1 and jak-2,INHIBITS
70187,5,37284,doxycycline,mmp-8 activity,INHIBITS
70371,5,28562,imatinib,cyp3a4,INHIBITS
70574,5,32354,ticagrelor,p2y12 adp receptor,INHIBITS
70144,5,27805,sorafenib,vegfr-3,INHIBITS
71471,5,34194,entrectinib,trkb,INHIBITS
70583,5,28562,tacrolimus,cyp3a4,INHIBITS
71251,5,34170,gw1100,ffa1,INHIBITS
70270,5,26073,direct fxa inhibitors,factor xa,INHIBITS
70330,5,25999,acetylsalicylic acid,cox-1,INHIBITS
70574,5,27489,ticagrelor,p2y12 receptor,INHIBITS
70121,5,26131,fondaparinux,activated factor x,INHIBITS
71330,5,28073,qing-dai,nitric oxide synthase,INHIBITS
70545,5,29826,everolimus,mammalian target of rapamycin,INHIBITS
71529,5,34810,tofacitinib,jak3,INHIBITS
70324,5,28135,vitamin k antagonists,synthesis of vitamin k-dependent clotting factors,INHIBITS
71664,5,28985,romosozumab,sclerostin,INHIBITS
70143,5,27676,sunitinib,vascular endothelial growth factor receptors,INHIBITS
71208,5,34010,acetazolamide,carbonic anhydrase expression,INHIBITS
70236,5,36808,nsaids,cyclooxygenase enzymes,INHIBITS
71652,5,27489,"p2y12 receptor antagonists (ticlopidine, clopidogrel, prasugrel, ticagrelor)",p2y12 receptor,INHIBITS
70143,5,27361,sunitinib,vascular endothelial growth factor receptor,INHIBITS
70100,5,25930,imatinib mesylate,c-kit,INHIBITS
70143,5,26155,sunitinib,vegfr2,INHIBITS
72064,5,30898,tdfa,histone h3 citrullination,INHIBITS
70241,5,25908,low-molecular-weight heparin,thrombin generation,INHIBITS
70986,5,32655,dids,slc26a9-mediated cl- currents,INHIBITS
70130,5,31997,egcg,oatp1b1,INHIBITS
70282,5,26206,erlotinib,egfr,INHIBITS
71597,5,30891,anti-psychotic drugs,histone deacetylase,INHIBITS
70973,5,34030,nilotinib,pdgfr-alpha,INHIBITS
70251,5,25908,apixaban,thrombin generation,INHIBITS
70972,5,32592,sbo4l,murine thrombin activity,INHIBITS
70583,5,26779,tacrolimus,calcineurin,INHIBITS
71601,5,35253,canagliflozin,sglt2,INHIBITS
70323,5,28562,cyclosporine,cyp3a4,INHIBITS
70635,5,36473,olanzapine,5-ht2c serotonin receptor,INHIBITS
72056,5,39161,idronoxil,enox2,INHIBITS
70143,5,26677,sunitinib,vegf receptor,INHIBITS
70555,5,29904,sulfated quinazolin-4(3h)-ones,factor xia (fxia) enzyme activity,INHIBITS
70844,5,31785,adtm,adp-induced αiibβ3 integrin activation,INHIBITS
71826,5,26277,navitoclax,bcl-2,INHIBITS
72059,5,35450,selinexor,xpo1,INHIBITS
71287,5,34381,methylprednisone,il-1-induced mmp-2 expression,INHIBITS
70197,5,31200,nitrite,p-selectin expression on platelet membrane,INHIBITS
70194,5,34774,cinacalcet,cytochrome p450 2d6,INHIBITS
70271,5,27939,dabigatran etexilate,fxiiia,INHIBITS
71521,5,37156,baricitinib,bike,INHIBITS
71529,5,35921,tofacitinib,stat activation,INHIBITS
70214,5,27224,aliskiren,hs-pra,INHIBITS
70322,5,25930,pazopanib,c-kit,INHIBITS
70143,5,28174,sunitinib,tyrosine kinase receptors,INHIBITS
70095,5,38252,aspirin,cox 1 enzyme,INHIBITS
70095,5,30044,aspirin,platelet cox,INHIBITS
71503,5,35750,tyk2 inhibitors,tyk2 function,INHIBITS
70371,5,25930,imatinib,c-kit,INHIBITS
70276,5,26386,xl-184,tek,INHIBITS
70143,5,26460,sunitinib,phosphorylation of vegf receptors,INHIBITS
70612,5,30955,cl-amidine,peptidylarginine deiminase,INHIBITS
70996,5,32705,wib-801ce,txas activity,INHIBITS
70973,5,25930,nilotinib,c-kit,INHIBITS
71166,5,35413,lenvatinib,fgfr4,INHIBITS
71397,5,33925,ilorasertib,aurora b kinase,INHIBITS
70095,5,32021,aspirin,mitochondrial complex i activity,INHIBITS
70375,5,32257,cape,protease,INHIBITS
71357,5,34774,duloxetine,cytochrome p450 2d6,INHIBITS
70331,5,25999,ketorolac,cox-1,INHIBITS
70284,5,26725,carbamazepine,adenylate cyclase,INHIBITS
70690,5,32743,cilostazol,cyclic nucleotide phosphodiesterase 3,INHIBITS
71528,5,27210,superwarfarin,vitamin k epoxide reductase,INHIBITS
70339,5,28158,sal b,caspase-3 activity,INHIBITS
70095,5,32353,aspirin,cyclooxygenase 1,INHIBITS
70144,5,27390,sorafenib,pdgfr-β tyrosine kinase autophosphorylation,INHIBITS
71192,5,27727,prisma® skin,nf-κb nuclear translocation,INHIBITS
70365,5,32428,cabozantinib,ros1 autophosphorylation,INHIBITS
70546,5,27944,muraglitazar,inos expression,INHIBITS
70330,5,39367,acetylsalicylic acid,epidermal growth factor receptor (egfr) expression,INHIBITS
70251,5,27650,apixaban,vitamin k-dependent coagulation factors,INHIBITS
70168,5,26061,hsp90 inhibitors,hif-1α,INHIBITS
70241,5,27937,low-molecular-weight heparin,histones,INHIBITS
70574,5,37765,ticagrelor,equilibrative nucleoside transporter 1,INHIBITS
70690,5,35652,cilostazol,phosphodiesterase-3,INHIBITS
71866,5,37979,psb0739,akt1 phosphorylation,INHIBITS
70114,5,25935,tiplaxtinin,pai-1,INHIBITS
71828,5,38693,lopinavir/ritonavir,3clpro,INHIBITS
70924,5,27747,anagrelide,phospholipase a2,INHIBITS
70371,5,27022,imatinib,bcr-abl,INHIBITS
71546,5,36081,rg-13577,fgf2 mitogenic activity,INHIBITS
70375,5,27671,cape,cyclooxygenase,INHIBITS
70288,5,26532,ffa,cacc,INHIBITS
70621,5,25858,paeoniflorin,fibrinogen,INHIBITS
70121,5,26073,fondaparinux,factor xa,INHIBITS
71195,5,27644,nsc 23766,rac1,INHIBITS
70129,5,39311,curcumin,pge2 synthase 1,INHIBITS
71029,5,37930,nintedanib,lck,INHIBITS
70585,5,27205,methotrexate,dhfr,INHIBITS
70353,5,33655,apocynin,nadph oxidase enzyme activation,INHIBITS
70115,5,30759,cocaine,voltage-specific sodium channels,INHIBITS
71166,5,27618,lenvatinib,fgfr1,INHIBITS
70258,5,27615,enmd-2076,aurora kinase a,INHIBITS
71733,5,29344,anlotinib,vegfr3,INHIBITS
70283,5,27767,lapatinib,her2/neu,INHIBITS
70095,5,29078,aspirin,cox,INHIBITS
70371,5,27552,imatinib,pdgfrs,INHIBITS
70283,5,27259,lapatinib,her2,INHIBITS
70880,5,32059,arsenic trioxide,cancer procoagulant activity,INHIBITS
70772,5,34967,palbociclib,cdk 4/6,INHIBITS
70143,5,26064,sunitinib,vegfr-2,INHIBITS
70786,5,34458,tocilizumab,interleukin-6 receptor,INHIBITS
71586,5,36313,garcinia cambogia,pancreatic alpha-amylase,INHIBITS
70189,5,27023,dasatinib,src-family kinases,INHIBITS
70709,5,30986,pdtc,endothelial lipase upregulation,INHIBITS
70141,5,30937,celecoxib,carbonic anhydrase-9,INHIBITS
71110,5,33341,ml355,12-lox,INHIBITS
71171,5,32368,xiaopi formula,β-catenin expression,INHIBITS
70299,5,27864,virus,hepatic cyp3a activity,INHIBITS
70899,5,32180,granisetron,5-ht3 receptor,INHIBITS
70103,5,33762,lidocaine,voltage-gated sodium channels,INHIBITS
70180,5,27284,rivaroxaban,factor xa activity,INHIBITS
70962,5,25908,"(1 r ,3 s )‐1‐methyl‐1,2,3,4‐tetrahydro‐β‐carboline‐3‐carboxylic acid",thrombin generation,INHIBITS
71166,5,26619,lenvatinib,ret,INHIBITS
70309,5,31129,atorvastatin,c5b-9 deposition,INHIBITS
70970,5,32585,anthracycline,myocardial topoisomerase-2β,INHIBITS
71183,5,27489,p2y12 receptor inhibitors,p2y12 receptor,INHIBITS
71782,5,37384,fezolinetant,neurokinin 3 receptor,INHIBITS
70192,5,27036,defibrotide,heparanase expression/function,INHIBITS
71521,5,37155,baricitinib,aak1,INHIBITS
71395,5,34996,low-dose naltrexone,kappa-opioid receptor,INHIBITS
70337,5,28154,tan iia,nf-κb-dna complex,INHIBITS
71265,5,34249,sdss,p38 mapk activation,INHIBITS
70459,5,29704,fenofibrate,tnf-α-induced vcam-1 expression,INHIBITS
71305,5,34479,dasabuvir,hcv ns5b,INHIBITS
70763,5,31166,nitrous oxide,methionine synthase,INHIBITS
71727,5,37227,salidroside,phosphorylation of c-src,INHIBITS
71280,5,34342,dna-linked protease inhibitor,sk-pg* complex,INHIBITS
70576,5,29530,dinaciclib,cdk1,INHIBITS
70251,5,26131,apixaban,activated factor x,INHIBITS
71898,5,38169,ribociclib,i_k(erg) in hl-1 cells,INHIBITS
71487,5,35668,pacritinib,irak1,INHIBITS
70280,5,26073,direct factor xa inhibitors,factor xa,INHIBITS
70276,5,26616,xl-184,kit,INHIBITS
70135,5,26394,17α-ethinylestradiol,tfpi production,INHIBITS
70180,5,25830,rivaroxaban,tissue factor,INHIBITS
71166,5,38936,lenvatinib,vegf receptors 1-3,INHIBITS
70117,5,26193,hai-1,hepsin,INHIBITS
71625,5,26004,aav-shrnas,fxii,INHIBITS
71412,5,35089,tq-5,jnk1 phosphorylation,INHIBITS
70236,5,29112,nsaids,cox2,INHIBITS
70144,5,28052,sorafenib,pdgfr-β,INHIBITS
70337,5,28153,tan iia,inos production,INHIBITS
71397,5,26155,ilorasertib,vegfr2,INHIBITS
71356,5,34774,bupropion,cytochrome p450 2d6,INHIBITS
70205,5,37808,hydroxychloroquine,tlr7/8/9,INHIBITS
70158,5,26640,17aag,hsp90,INHIBITS
71029,5,35603,nintedanib,pdgfrα/β,INHIBITS
70973,5,27551,nilotinib,pdgfr,INHIBITS
71898,5,31467,ribociclib,cdk6,INHIBITS
70369,5,40058,hydroxyurea,ribonucleoside reductase,INHIBITS
70804,5,29687,pad4 inhibitor,histone citrullination,INHIBITS
70682,5,26073,betrixaban,factor xa,INHIBITS
71487,5,26345,pacritinib,jak2,INHIBITS
70852,5,25930,dovitinib,c-kit,INHIBITS
70927,5,26073,fidexaban,factor xa,INHIBITS
71810,5,26064,安罗替尼,vegfr-2,INHIBITS
71329,5,34606,idn-7314,jo2-induced caspase-3/7 activity,INHIBITS
71018,5,26037,α2-pi,plasmin,INHIBITS
70330,5,26418,acetylsalicylic acid,cox-2,INHIBITS
71744,5,25996,alpha lipoic acid,nf-κb,INHIBITS
71175,5,37102,cdk4/6 inhibitors,cdk4/6 activity,INHIBITS
72125,5,34085,ibudilast,phosphodiesterases,INHIBITS
70300,5,31997,rifampin,oatp1b1,INHIBITS
70143,5,27416,sunitinib,vegfr,INHIBITS
71375,5,40001,epirubicin,topoisomerase ii activity,INHIBITS
70095,5,28843,aspirin,thromboxane synthase,INHIBITS
70236,5,35162,nsaids,platelet cox-1,INHIBITS
70180,5,28196,rivaroxaban,prothrombin fragment 1+2,INHIBITS
71727,5,35973,salidroside,phosphorylation of syk,INHIBITS
70386,5,28511,ruxolitinib,jak1,INHIBITS
70635,5,36472,olanzapine,h1 histamine receptor,INHIBITS
70377,5,36736,tolvaptan,vasopressin v2 receptor,INHIBITS
71358,5,34774,thioridazine,cytochrome p450 2d6,INHIBITS
71022,5,32810,mitotane,cyp11b1,INHIBITS
70831,5,31729,gw2580,csf1r,INHIBITS
71003,5,25999,low-dose aspirin,cox-1,INHIBITS
71259,5,34198,gossypol,mdm2 expression,INHIBITS
70143,5,26619,sunitinib,ret,INHIBITS
71529,5,26345,tofacitinib,jak2,INHIBITS
70952,5,32468,vemurafenib,braf v600,INHIBITS
70296,5,32900,temsirolimus,cyp2a,INHIBITS
70592,5,32365,doxorubicin,topoisomerase ii beta,INHIBITS
70698,5,28113,trametinib,mek,INHIBITS
70095,5,32981,aspirin,cox-1 and cox-2,INHIBITS
70192,5,27037,defibrotide,adhesion molecules expression/function,INHIBITS
70993,5,27088,nd-1,p-selectin expression,INHIBITS
71826,5,26204,navitoclax,bcl-xl,INHIBITS
70565,5,26206,tak-285,egfr,INHIBITS
71422,5,35191,tanshinol,expression of cox-2,INHIBITS
70337,5,28159,tan iia,gfap expression,INHIBITS
71692,5,31466,abemaciclib,cdk4,INHIBITS
71977,5,38466,daprodustat,phd enzymes,INHIBITS
70330,5,30066,acetylsalicylic acid,cyclo-oxygenase,INHIBITS
70120,5,26206,gefitinib,egfr,INHIBITS
71706,5,38062,remdesivir,rna polymerase,INHIBITS
70695,5,25832,direct oral anticoagulants,thrombin,INHIBITS
70800,5,33379,ibrutinib,tec,INHIBITS
70180,5,27675,rivaroxaban,prothrombinase,INHIBITS
71925,5,27028,sesamin,vcam-1 expression,INHIBITS
70481,5,26632,tm5275,fibronectin expression,INHIBITS
70337,5,28155,tan iia,iκbα phosphorylation,INHIBITS
71153,5,33693,veliparib,parp-2,INHIBITS
71022,5,32809,mitotane,cyp11a1,INHIBITS
70459,5,29162,fenofibrate,cell adhesion molecule expression,INHIBITS
71023,5,32811,osilodrostat,cyp11b2,INHIBITS
71079,5,33138,compound 4,activated factor x activity,INHIBITS
71277,5,34305,mir-155 mimic,bdnf protein levels,INHIBITS
72031,5,38968,vk-m-cot,γ-carboxylase,INHIBITS
70328,5,28137,nfκb inhibitor,tf up-regulation,INHIBITS
70322,5,31230,pazopanib,colony-stimulating factor 1 receptor,INHIBITS
70371,5,29023,imatinib,platelet-derived growth factor receptor,INHIBITS
70931,5,26114,foretinib,tie-2,INHIBITS
70317,5,27727,mesoglycan,nf-κb nuclear translocation,INHIBITS
70371,5,30818,imatinib,protein product of the col1a1-pdgfb fusion transcript,INHIBITS
70509,5,28602,pemetrexed,thymidylate synthase,INHIBITS
71008,5,25878,acenocoumarol,factor ix,INHIBITS
71844,5,37843,hif-phi,hif-ph enzymes,INHIBITS
71118,5,28977,avacopan,c5a receptor,INHIBITS
71008,5,25919,acenocoumarol,factor x,INHIBITS
71727,5,33666,salidroside,phosphorylation of plcγ2,INHIBITS
70786,5,37107,tocilizumab,interleukin 6 receptor,INHIBITS
71931,5,38310,ml365,kcnk3,INHIBITS
71683,5,25908,fast moving heparin,thrombin generation,INHIBITS
72031,5,27210,vk-m-cot,vitamin k epoxide reductase,INHIBITS
71046,5,32930,dt-010 and dox,grp78 expression,INHIBITS
70258,5,27617,enmd-2076,flt-3,INHIBITS
71927,5,38282,dstat,pf4 activity,INHIBITS
70327,5,28137,p38mapk inhibitor,tf up-regulation,INHIBITS
70338,5,26016,triterpenoids-enriched extract of danshen,crp,INHIBITS
70547,5,27944,gw1929,inos expression,INHIBITS
70973,5,35502,nilotinib,abl1,INHIBITS
72069,5,27761,mcc950,nlrp3 inflammasome activation,INHIBITS
70322,5,29631,pazopanib,vegfr 1-3,INHIBITS
70189,5,27022,dasatinib,bcr-abl,INHIBITS
70965,5,36704,telotristat,tryptophan hydroxylase,INHIBITS
70182,5,29310,polyphosphate,tissue-type plasminogen activator binding,INHIBITS
70852,5,27416,dovitinib,vegfr,INHIBITS
70365,5,26757,cabozantinib,met,INHIBITS
70652,5,33240,ponatinib,bcr/abl,INHIBITS
70141,5,26418,celecoxib,cox-2,INHIBITS
70575,5,30059,promethazine,mitochondrial permeability transition pore,INHIBITS
71208,5,34012,acetazolamide,carbonic anhydrase activity,INHIBITS
71218,5,26229,compound 6k-a,fxa,INHIBITS
70565,5,27259,tak-285,her2,INHIBITS
71029,5,26678,nintedanib,pdgf receptor,INHIBITS
70801,5,27284,scolymoside,factor xa activity,INHIBITS
70573,5,35034,bisphosphonates,farnesyl pp (fpp) synthase,INHIBITS
70322,5,28645,pazopanib,vegfr-2 phosphorylation,INHIBITS
70395,5,28607,bibf 1120,fgfr,INHIBITS
70852,5,32270,dovitinib,pdgfr β,INHIBITS
70853,5,31852,gsnp-6,p-selectin/psgl-1 interaction,INHIBITS
71051,5,30604,sirt1 inhibitor,sirt1,INHIBITS
70945,5,32416,cibr peptide,icam-1 interactions with lfa-1 receptor,INHIBITS
70099,5,26712,sildenafil,phosphodiesterase type 5,INHIBITS
71176,5,33751,jj1,catalytic activity of human α-thrombin,INHIBITS
71153,5,30556,veliparib,parp-1,INHIBITS
71208,5,34307,acetazolamide,carbonic anhydrase,INHIBITS
70403,5,25832,tinzaparin,thrombin,INHIBITS
71529,5,36802,tofacitinib,jak1 and jak3,INHIBITS
70763,5,27624,nitrous oxide,mthfr enzyme activity,INHIBITS
71176,5,33752,jj1,activity of thrombin,INHIBITS
71219,5,26229,compound 6k-b,fxa,INHIBITS
71166,5,33727,lenvatinib,fgfr1-4,INHIBITS
71648,5,36374,arbs,at1r,INHIBITS
70552,5,26773,fasudil,rho kinase,INHIBITS
70296,5,29287,temsirolimus,s6 phosphorylation,INHIBITS
70587,5,28184,dpp-4 inhibitors,dpp-4,INHIBITS
71175,5,38940,cdk4/6 inhibitors,cdk4/6-cyclin d1 complex,INHIBITS
70282,5,30454,erlotinib,egfr tyrosine kinase activity,INHIBITS
70280,5,27168,direct factor xa inhibitors,prothrombinase complex,INHIBITS
71541,5,26277,venetoclax,bcl-2,INHIBITS
72187,5,34988,guizhi-fuling capsule,cyclooxygenase 2,INHIBITS
70144,5,30358,sorafenib,b-raf,INHIBITS
70931,5,28094,foretinib,axl,INHIBITS
70095,5,36386,aspirin,platelet cyclo-oxygenase-1,INHIBITS
70125,5,27944,simvastatin,inos expression,INHIBITS
70809,5,26904,fxia inhibitor,fxia,INHIBITS
71086,5,33182,fxa inhibitor,hsp27 phosphorylation,INHIBITS
71212,5,26229,compound 6a,fxa,INHIBITS
71047,5,26229,"rivaroxaban, apixaban, edoxaban",fxa,INHIBITS
71008,5,27210,acenocoumarol,vitamin k epoxide reductase,INHIBITS
70180,5,25919,rivaroxaban,factor x,INHIBITS
71023,5,32810,osilodrostat,cyp11b1,INHIBITS
70336,5,28157,aqueous extract of danshen,angiotensin converting enzyme activity,INHIBITS
71733,5,29334,anlotinib,vegfr2/3,INHIBITS
71660,5,36777,chloramidine,pad,INHIBITS
71810,5,27416,安罗替尼,vegfr,INHIBITS
70509,5,29557,pemetrexed,aminoimidazole carboxamide ribonucleotide formyltransferase,INHIBITS
70772,5,30781,palbociclib,cdk4/6,INHIBITS
71471,5,35550,entrectinib,trka,INHIBITS
70585,5,29555,methotrexate,dihydrofolate reductase,INHIBITS
70930,5,25832,sar107375,thrombin,INHIBITS
70322,5,28607,pazopanib,fgfr,INHIBITS
70768,5,25999,thiourea compounds,cox-1,INHIBITS
71742,5,37278,pr-39,p47phox activity,INHIBITS
70754,5,26815,aurin tricarboxylic acid,c3 convertase,INHIBITS
70143,5,26616,sunitinib,kit,INHIBITS
70131,5,35896,genistein,adrenocortical 3β-hydroxysteroid dehydrogenase,INHIBITS
70346,5,28204,bromocriptine,prolactin activity,INHIBITS
70095,5,27671,aspirin,cyclooxygenase,INHIBITS
70143,5,28051,sunitinib,pdgfr-α,INHIBITS
71569,5,27493,xa factor inhibitors,coagulation factor xa,INHIBITS
70985,5,32655,niflumic acid,slc26a9-mediated cl- currents,INHIBITS
71021,5,32808,etomidate,cyp17a1,INHIBITS
70412,5,26073,edoxaban,factor xa,INHIBITS
70146,5,33011,eculizumab,c5a formation,INHIBITS
70966,5,32569,roxadustat,hif prolyl hydroxylase,INHIBITS
71399,5,26756,fostamatinib,syk,INHIBITS
70652,5,27416,ponatinib,vegfr,INHIBITS
71166,5,27619,lenvatinib,fgfr2,INHIBITS
70493,5,25851,tirofiban,gpiib/iiia receptors,INHIBITS
70331,5,26418,ketorolac,cox-2,INHIBITS
71898,5,31466,ribociclib,cdk4,INHIBITS
70283,5,33189,lapatinib,autophosphorylation of egfr,INHIBITS
70180,5,33712,rivaroxaban,tafi expression,INHIBITS
70226,5,25832,argatroban,thrombin,INHIBITS
71217,5,26229,compound 6a-e,fxa,INHIBITS
70887,5,29456,propofol,beta-adrenergic receptors,INHIBITS
70383,5,38005,axitinib,bcr-abl1 kinase,INHIBITS
70097,5,25832,s 18326,thrombin,INHIBITS
70371,5,37701,imatinib,platelet-derived growth factor (pdgf) receptors,INHIBITS
70632,5,30378,glycoprotein iib/iiia receptor antagonists,platelet gp iib/iiia receptor,INHIBITS
70500,5,27805,tivozanib,vegfr-3,INHIBITS
70652,5,26619,ponatinib,ret,INHIBITS
70358,5,28327,raf-1 inhibitor,mcl-1,INHIBITS
71029,5,27551,nintedanib,pdgfr,INHIBITS
71086,5,33183,fxa inhibitor,p44/p42 map kinase phosphorylation,INHIBITS
70395,5,27416,bibf 1120,vegfr,INHIBITS
72136,5,26131,"apixaban, edoxaban, rivaroxaban",activated factor x,INHIBITS
70283,5,27190,lapatinib,erbb2,INHIBITS
70322,5,27416,pazopanib,vegfr,INHIBITS
70782,5,25830,ahr antagonists,tissue factor,INHIBITS
71029,5,32847,nintedanib,platelet derived growth factor receptor,INHIBITS
71968,5,38505,td-1473,jak proteins,INHIBITS
70235,5,30241,u0126,p-erk1/2,INHIBITS
71839,5,29807,diltiazem,cyp3a4 activity,INHIBITS
71166,5,38938,lenvatinib,platelet-derived growth factor receptor α,INHIBITS
70143,5,35653,sunitinib,pdgf-b receptor,INHIBITS
70592,5,36248,doxorubicin,top2b function,INHIBITS
70107,5,37196,pentoxifylline,angiotensin 1 receptor (at1r) expression,INHIBITS
70214,5,27225,aliskiren,renin,INHIBITS
70330,5,33787,acetylsalicylic acid,cyclo-oxygenase-1,INHIBITS
70180,5,33184,rivaroxaban,release of phosphorylated hsp27,INHIBITS
71623,5,26604,shugan liangxue decoction,aromatase,INHIBITS
70143,5,28850,sunitinib,csf-1,INHIBITS
71359,5,34774,perphenazine,cytochrome p450 2d6,INHIBITS
70214,5,27206,aliskiren,ang ii,INHIBITS
70618,5,27583,cathepsin k inhibitor,cathepsin k,INHIBITS
70254,5,25908,anticoagulation therapy,thrombin generation,INHIBITS
70322,5,26064,pazopanib,vegfr-2,INHIBITS
70627,5,39027,ginsenoside rg1,mmps proteolysis,INHIBITS
70371,5,35058,imatinib,bcr-abl fusion protein,INHIBITS
71029,5,26677,nintedanib,vegf receptor,INHIBITS
70125,5,32496,simvastatin,caspase-3 expression,INHIBITS
71022,5,32811,mitotane,cyp11b2,INHIBITS
70144,5,37819,sorafenib,vegf-r3,INHIBITS
71191,5,33851,ag490,mk-x-induced stat5 phosphorylation,INHIBITS
70323,5,29798,cyclosporine,p-gp,INHIBITS
70239,5,26074,parnaparin,factor iia,INHIBITS
71050,5,26464,amd3100,cxcr4,INHIBITS
70844,5,31786,adtm,erp57/αiibβ3 interaction,INHIBITS
70276,5,26619,xl-184,ret,INHIBITS
70713,5,31000,epicatechin plus catechin,scams release,INHIBITS
70451,5,29049,rock inhibitors,rocks,INHIBITS
71925,5,27774,sesamin,fas,INHIBITS
71898,5,38167,ribociclib,i_k(dr) peak component,INHIBITS
70961,5,25908,5‐hydroxyindolin‐2‐one,thrombin generation,INHIBITS
70481,5,29281,tm5275,α–smooth muscle actin expression,INHIBITS
70887,5,33710,propofol,l-type voltage-operated calcium channels,INHIBITS
71821,5,37693,ruscogenin,phosphorylation of nf-κb p65,INHIBITS
71400,5,29907,antimalarials,cytochrome p450 enzymes,INHIBITS
70862,5,27088,caffeic acid,p-selectin expression,INHIBITS
70637,5,26614,mtor inhibitors,mtor,INHIBITS
72111,5,27442,hif-ph inhibitors,hif-prolyl hydroxylases,INHIBITS
71529,5,37347,tofacitinib,phosphorylation of jak2 induced by il-23,INHIBITS
70973,5,34032,nilotinib,phosphoinositide-3-kinase,INHIBITS
70296,5,32899,temsirolimus,hif-1α upregulation,INHIBITS
70143,5,27677,sunitinib,platelet-derived growth factor receptors,INHIBITS
70095,5,33889,aspirin,cyclooxygenase (cox) enzymes,INHIBITS
70371,5,32701,imatinib,bcr-abl1,INHIBITS
70688,5,25996,mj33,nf-κb,INHIBITS
70146,5,33012,eculizumab,c5b-9 formation,INHIBITS
70403,5,26229,tinzaparin,fxa,INHIBITS
71166,5,30942,lenvatinib,pdgfrα,INHIBITS
70577,5,38487,dipyridamole,phosphodiesterase-5 (pde-5) activity,INHIBITS
70309,5,27642,atorvastatin,nadph oxidase activity,INHIBITS
70167,5,26773,y27632,rho kinase,INHIBITS
71901,5,38183,necrostatin-1,oxidized-ldl-induced upregulation of vascular adhesion markers,INHIBITS
70652,5,35502,ponatinib,abl1,INHIBITS
25995,27,55114,tlr4,card9 signal pathway,PARTICIPATES_IN
26548,27,53573,par2,tlr4 signaling,PARTICIPATES_IN
33178,27,53332,factor d,alternative complement pathway,PARTICIPATES_IN
35509,27,55114,dectin-1,card9 signal pathway,PARTICIPATES_IN
40153,2,25989,mcp-1,adhesion molecules,ACTIVATES
40128,2,26155,vegf,vegfr2,ACTIVATES
40117,2,26155,vegf-a,vegfr2,ACTIVATES
40270,2,26284,tnfα,caspases,ACTIVATES
40128,2,26806,vegf,mapk,ACTIVATES
40332,2,26345,tpo,jak2,ACTIVATES
40128,2,26520,vegf,matrix metalloproteinases,ACTIVATES
40387,2,29695,m-csf,c-jun,ACTIVATES
40119,2,26810,tnf-α,jnk,ACTIVATES
40221,2,26734,tgf-β1,pp60 c-src,ACTIVATES
40326,2,29271,il-13,slc26a9,ACTIVATES
40432,2,35572,fgf2,mekk2,ACTIVATES
40128,2,27470,vegf,rtk activity,ACTIVATES
40523,2,29514,ccl22,ccr4,ACTIVATES
41170,2,26514,kko/pf4 complexes,calpain,ACTIVATES
40412,2,30166,glp-1,glp-1 receptor,ACTIVATES
40119,2,26646,tnf-α,p38 mapk,ACTIVATES
40571,2,29751,nps,pgc,ACTIVATES
40128,2,25996,vegf,nf-κb,ACTIVATES
40128,2,26757,vegf,met,ACTIVATES
40905,2,26206,hmw-egf,egfr,ACTIVATES
40122,2,38249,thrombopoietin,mpl receptor,ACTIVATES
40128,2,25998,vegf,mmps,ACTIVATES
40412,2,28717,glp-1,gpcr,ACTIVATES
40234,2,27021,erythropoietin,erythropoietin receptor,ACTIVATES
40118,2,26391,il-6,coagulation factors,ACTIVATES
40118,2,27413,il-6,stat3,ACTIVATES
40201,2,26736,tgf-β,smad2/3,ACTIVATES
40119,2,25996,tnf-α,nf-κb,ACTIVATES
40236,2,31507,chemokines,β2 integrins,ACTIVATES
40233,2,26269,c5a,pi3k,ACTIVATES
40158,2,26087,adiponectin,pparγ,ACTIVATES
40264,2,26206,amphiregulin,egfr,ACTIVATES
40414,2,26269,igf,pi3k,ACTIVATES
40158,2,28842,adiponectin,pparα,ACTIVATES
40218,2,26700,death ligands,death receptors,ACTIVATES
40119,2,37926,tnf-α,iκb kinase,ACTIVATES
40155,2,26757,hgf,met,ACTIVATES
40135,2,26269,cytokines,pi3k,ACTIVATES
40801,2,27021,epoetin beta,erythropoietin receptor,ACTIVATES
40298,2,27659,ifn-α,tp53,ACTIVATES
40128,2,27045,vegf,erk,ACTIVATES
40119,2,26278,tnf-α,caspase-8,ACTIVATES
40155,2,26194,hgf,c-met,ACTIVATES
40233,2,30678,c5a,ca2+ currents,ACTIVATES
40202,2,27987,igf-1,maltase,ACTIVATES
40119,2,27045,tnf-α,erk,ACTIVATES
41210,2,36709,osm,gp130 receptors,ACTIVATES
41451,2,32417,cytokine ligand,jak,ACTIVATES
40158,2,38239,adiponectin,e-nos,ACTIVATES
40119,2,25830,tnf-α,tissue factor,ACTIVATES
41229,2,26619,gdnf,ret,ACTIVATES
40118,2,33880,il-6,pai,ACTIVATES
40194,2,35865,il-3,stat5a/b,ACTIVATES
40201,2,38708,tgf-β,smad-2,ACTIVATES
41341,2,29059,cytokine ligands,jaks,ACTIVATES
40234,2,25996,erythropoietin,nf-κb,ACTIVATES
40221,2,30106,tgf-β1,tβr1 kinase,ACTIVATES
40128,2,26064,vegf,vegfr-2,ACTIVATES
40131,2,25953,il-1β,mmp-9,ACTIVATES
40118,2,25996,il-6,nf-κb,ACTIVATES
40415,2,31704,interleukins,ido1,ACTIVATES
40237,2,36374,angiotensin-ii,at1r,ACTIVATES
40131,2,27787,il-1β,p38,ACTIVATES
40177,2,38699,leptin,leptin receptors in the lungs,ACTIVATES
40122,2,26345,thrombopoietin,jak2,ACTIVATES
40135,2,32417,cytokines,jak,ACTIVATES
40119,2,26429,tnf-α,mmp-13,ACTIVATES
40294,2,25998,fgf,mmps,ACTIVATES
40141,2,25903,il-8,protein kinase c,ACTIVATES
40326,2,39121,il-13,jak1/jak3/tyk2,ACTIVATES
40123,2,25832,inflammatory cytokines,thrombin,ACTIVATES
40182,2,26343,cxcl12,αiibβ3 integrin,ACTIVATES
40221,2,29460,tgf-β1,smad2,ACTIVATES
40123,2,32417,inflammatory cytokines,jak,ACTIVATES
40119,2,33546,tnf-α,rip kinase,ACTIVATES
40202,2,28813,igf-1,igf-1r,ACTIVATES
40643,2,39882,fgf-23,24-hydroxylase,ACTIVATES
40138,2,34762,tnf,ripk1,ACTIVATES
40118,2,35501,il-6,system a amino acid transporter,ACTIVATES
40343,2,25996,rank ligand,nf-κb,ACTIVATES
40465,2,28813,igf-2,igf-1r,ACTIVATES
40128,2,26767,vegf,mmp,ACTIVATES
40233,2,27141,c5a,erk1/2,ACTIVATES
40233,2,26106,c5a,tf,ACTIVATES
40701,2,31120,interferon γ,"indoleamine 2,3-dioxygenase (ido) activity",ACTIVATES
40146,2,26205,il-2,stat5,ACTIVATES
40221,2,26206,tgf-β1,egfr,ACTIVATES
40425,2,26520,angiopoietin,matrix metalloproteinases,ACTIVATES
40237,2,36792,angiotensin-ii,nhe1,ACTIVATES
40730,2,31587,platelet-derived sdf1,cxcr4 on pulmonary capillary endothelial cells,ACTIVATES
40158,2,30432,adiponectin,ampk,ACTIVATES
40820,2,32423,ifn alpha,stat-1 phosphorylation,ACTIVATES
40234,2,26954,erythropoietin,stat-5,ACTIVATES
40131,2,25830,il-1β,tissue factor,ACTIVATES
40235,2,26513,tgf-α,enac,ACTIVATES
41287,2,37796,chemokine,jak-receptor,ACTIVATES
40174,2,29391,substance p,nk1r,ACTIVATES
40128,2,26269,vegf,pi3k,ACTIVATES
40158,2,25996,adiponectin,nf-κb,ACTIVATES
40128,2,37110,vegf,vegf-receptor tyrosine kinases,ACTIVATES
40202,2,26270,igf-1,akt,ACTIVATES
40270,2,27107,tnfα,rhoa,ACTIVATES
40326,2,35687,il-13,epithelial inducible nitric oxide synthase,ACTIVATES
40158,2,26806,adiponectin,mapk,ACTIVATES
40486,2,26284,trail,caspases,ACTIVATES
40119,2,30317,tnf-α,tnf receptors,ACTIVATES
40168,2,26513,egf,enac,ACTIVATES
40221,2,38448,tgf-β1,smad,ACTIVATES
40246,2,26205,gh,stat5,ACTIVATES
40177,2,35501,leptin,system a amino acid transporter,ACTIVATES
40119,2,28998,tnf-α,mmp-1,ACTIVATES
40135,2,26016,cytokines,crp,ACTIVATES
40402,2,26284,fasl,caspases,ACTIVATES
41100,2,26270,aggf1,akt,ACTIVATES
40168,2,26206,egf,egfr,ACTIVATES
40730,2,31588,platelet-derived sdf1,cxcr7 on pulmonary capillary endothelial cells,ACTIVATES
40298,2,31611,ifn-α,jak1 and tk2,ACTIVATES
40137,2,28755,proinflammatory cytokines,"indoleamine 2,3-dioxygenase",ACTIVATES
40289,2,25996,strail,nf-κb,ACTIVATES
40117,2,26269,vegf-a,pi3k,ACTIVATES
40137,2,28756,proinflammatory cytokines,kynurenine monoxygenase,ACTIVATES
41587,2,33090,ifn-1,stat1 phosphorylation,ACTIVATES
40234,2,26806,erythropoietin,mapk,ACTIVATES
40123,2,25989,inflammatory cytokines,adhesion molecules,ACTIVATES
40131,2,27141,il-1β,erk1/2,ACTIVATES
40457,2,29421,cxcl11,cxcr3,ACTIVATES
40119,2,27141,tnf-α,erk1/2,ACTIVATES
40348,2,27976,cytokines and chemokines,pattern recognition receptors,ACTIVATES
40202,2,27988,igf-1,leucine aminopeptidase,ACTIVATES
40297,2,25911,insulin-like growth factor,erα,ACTIVATES
40246,2,31226,gh,5α reductase,ACTIVATES
41497,2,26619,nrtn,ret,ACTIVATES
40117,2,26064,vegf-a,vegfr-2,ACTIVATES
40294,2,28607,fgf,fgfr,ACTIVATES
40202,2,27986,igf-1,sucrase,ACTIVATES
40119,2,35501,tnf-α,system a amino acid transporter,ACTIVATES
40177,2,35085,leptin,mtor complex,ACTIVATES
40128,2,31758,vegf,fak and p38,ACTIVATES
40570,2,25996,pro-inflammatory stimuli,nf-κb,ACTIVATES
41239,4,21581,il-1 and il-6,hepcidin expression,UPREGULATES
40128,4,24156,vegf,cd55 expression,UPREGULATES
40116,4,24389,ifn-γ,c1qa/b/c expression,UPREGULATES
41465,4,24674,ifn-α2,ace2 expression,UPREGULATES
40744,4,22696,eg-vegf,hoxd8,UPREGULATES
40868,4,24345,bmp2,runx2 gene expression,UPREGULATES
40234,4,21078,erythropoietin,enos expression,UPREGULATES
40299,4,21371,type i ifns,isgs,UPREGULATES
40744,4,22693,eg-vegf,hoxc8,UPREGULATES
40131,4,22024,il-1β,st2l mrna transcription,UPREGULATES
40297,4,20928,insulin-like growth factor,epo,UPREGULATES
40221,4,24413,tgf-β1,lncrna hotair,UPREGULATES
40406,4,25773,interferon-gamma,mhc2ta expression,UPREGULATES
40206,4,24375,bfgf,ligament-related genes,UPREGULATES
40380,4,21586,rhil-11,platelet vwf mrna,UPREGULATES
40326,4,24651,il-13,clca1,UPREGULATES
40221,4,22840,tgf-β1,xylt1 mrna expression,UPREGULATES
40744,4,22694,eg-vegf,hoxc10,UPREGULATES
40270,4,20928,tnfα,epo,UPREGULATES
40116,4,24674,ifn-γ,ace2 expression,UPREGULATES
40744,4,22695,eg-vegf,hoxd1,UPREGULATES
40111,4,25366,interleukin-1β,slc44a3 expression,UPREGULATES
40116,4,23628,ifn-γ,chi3l1,UPREGULATES
40118,4,21581,il-6,hepcidin expression,UPREGULATES
40246,4,22067,gh,lox mrna,UPREGULATES
40744,4,22698,eg-vegf,hoxd11,UPREGULATES
40868,4,24344,bmp2,col1a1 gene expression,UPREGULATES
40868,4,24342,bmp2,id1 gene expression,UPREGULATES
40818,4,23046,tme secretome,mir-26a,UPREGULATES
40118,4,21582,il-6,hepcidin transcription,UPREGULATES
40246,4,22065,gh,igf-1ea/ec expression,UPREGULATES
41415,4,24674,type ii interferons,ace2 expression,UPREGULATES
40131,4,25146,il-1β,mmp-3 mrna expression,UPREGULATES
40201,4,25181,tgf-β,foxp3 gene,UPREGULATES
40674,4,24674,type i interferons,ace2 expression,UPREGULATES
40119,4,25643,tnf-α,cx3cr1 expression,UPREGULATES
40118,4,20928,il-6,epo,UPREGULATES
40868,4,24343,bmp2,opg gene expression,UPREGULATES
40744,4,22697,eg-vegf,hoxd9,UPREGULATES
40246,4,22066,gh,col1a1/3a1 expression,UPREGULATES
40141,4,25643,il-8,cx3cr1 expression,UPREGULATES
40459,4,22844,cxcl10,ednra,UPREGULATES
40135,4,21258,cytokines,cox-2 expression,UPREGULATES
40131,4,25147,il-1β,mmp-13 mrna expression,UPREGULATES
40214,4,21044,"tnf-α, il-1β, ifn-γ",et-1 mrna expression,UPREGULATES
40118,4,22676,il-6,anxa5,UPREGULATES
40270,4,22934,tnfα,pu.1,UPREGULATES
41491,4,25351,tnf-α/il-17a/ifn-γ,"vcam-1, cxcl10",UPREGULATES
41177,4,22149,cytomix,anti-inflammatory genes,UPREGULATES
40135,4,21469,cytokines,podoplanin expression,UPREGULATES
40221,4,22842,tgf-β1,acta2 mrna expression,UPREGULATES
40221,4,22841,tgf-β1,col3a1 mrna expression,UPREGULATES
41113,4,24294,bk,trpm7,UPREGULATES
40465,3,55568,igf-2,angiogenesis,ASSOCIATED_WITH
40119,3,66579,tnf-α,severity of covid-19,ASSOCIATED_WITH
40128,3,56250,vegf,recurrent pregnancy loss,ASSOCIATED_WITH
40119,3,60242,tnf-α,sle disease activity,ASSOCIATED_WITH
40536,3,67190,il1,immune toxicities severity,ASSOCIATED_WITH
40643,3,59711,fgf-23,ckd progression,ASSOCIATED_WITH
40118,3,57114,il-6,venous disease severity,ASSOCIATED_WITH
40139,3,68933,il-18,postoperative deep vein thrombosis,ASSOCIATED_WITH
40771,3,61101,oncostatin m,cardiac inflammation,ASSOCIATED_WITH
40128,3,61001,vegf,advanced-stage gastric cancer,ASSOCIATED_WITH
40177,3,65745,leptin,non-response to afatinib/gemcitabine/cisplatin therapy,ASSOCIATED_WITH
40126,3,55527,g-csf,deep venous thrombosis,ASSOCIATED_WITH
40446,3,55786,ifn-alpha,pulmonary hypertension,ASSOCIATED_WITH
41116,3,66234,granulocyte-colony stimulating factor,covid-19 disease severity,ASSOCIATED_WITH
40239,3,59079,gdf-15,prognosis in acute myocardial infarction,ASSOCIATED_WITH
40133,3,56825,scd40l,increased risk of thrombotic events,ASSOCIATED_WITH
41164,3,55802,mip-1α/ccl3,mortality,ASSOCIATED_WITH
40199,3,62931,il-17,pathogenesis of behçet's disease,ASSOCIATED_WITH
40118,3,67015,il-6,leukemoid reaction,ASSOCIATED_WITH
40151,3,62931,il-12,pathogenesis of behçet's disease,ASSOCIATED_WITH
40335,3,57290,granulocyte colony-stimulating factor,cm pathogenesis,ASSOCIATED_WITH
40118,3,61683,il-6,aortic stenosis,ASSOCIATED_WITH
40432,3,69737,fgf2,fuhrman grade g3-4,ASSOCIATED_WITH
40118,3,55639,il-6,inflammation,ASSOCIATED_WITH
40118,3,69210,il-6,disease-free survival,ASSOCIATED_WITH
40119,3,55528,tnf-α,venous thrombosis,ASSOCIATED_WITH
40597,3,59290,fgf21,apache ii score,ASSOCIATED_WITH
40119,3,59965,tnf-α,myocardial fibrosis,ASSOCIATED_WITH
40119,3,56047,tnf-α,systemic inflammation,ASSOCIATED_WITH
40479,3,57231,ang2,disease progression,ASSOCIATED_WITH
40119,3,68500,tnf-α,clotting alterations,ASSOCIATED_WITH
40119,3,55853,tnf-α,myocardial depression,ASSOCIATED_WITH
40128,3,55940,vegf,amd,ASSOCIATED_WITH
40201,3,55821,tgf-β,pulmonary fibrosis,ASSOCIATED_WITH
40326,3,57176,il-13,aki,ASSOCIATED_WITH
40183,3,62185,ccl20,osteolysis,ASSOCIATED_WITH
40446,3,70012,ifn-alpha,inflammatory and vascular intraocular disorders,ASSOCIATED_WITH
40131,3,67745,il-1β,postoperative pain development,ASSOCIATED_WITH
40546,3,56798,eotaxin-3,hypereosinophilia,ASSOCIATED_WITH
40141,3,61195,il-8,acute inflammatory reactions,ASSOCIATED_WITH
40128,3,56431,vegf,vascular inflammation,ASSOCIATED_WITH
40269,3,55568,macrophage chemoattractant protein-3,angiogenesis,ASSOCIATED_WITH
41082,3,58278,decreased levels of tgf-beta,premature atherosclerosis,ASSOCIATED_WITH
40131,3,55942,il-1β,coagulopathy,ASSOCIATED_WITH
40339,3,63627,ccl2,lipid features of primary hypercholesterolemia,ASSOCIATED_WITH
40119,3,55639,tnf-α,inflammation,ASSOCIATED_WITH
40339,3,67545,ccl2,extensive lung tissue damage,ASSOCIATED_WITH
40114,3,68561,il-10,severity of covid-19 disease,ASSOCIATED_WITH
40199,3,59143,il-17,colitis,ASSOCIATED_WITH
40128,3,58177,vegf,poor prognosis,ASSOCIATED_WITH
40177,3,57154,leptin,post-thrombotic syndrome,ASSOCIATED_WITH
40472,3,59238,il-17a,allograft rejection,ASSOCIATED_WITH
40131,3,66830,il-1β,keratoconus,ASSOCIATED_WITH
40270,3,67745,tnfα,postoperative pain development,ASSOCIATED_WITH
40118,3,62651,il-6,cerebrovascular damage,ASSOCIATED_WITH
40118,3,65506,il-6,iron homeostasis disorders,ASSOCIATED_WITH
40400,3,63313,mip-1α,longer disease duration in als,ASSOCIATED_WITH
40490,3,56987,cxcl13,sle,ASSOCIATED_WITH
40206,3,55568,bfgf,angiogenesis,ASSOCIATED_WITH
40118,3,55760,il-6,fibrosis,ASSOCIATED_WITH
40118,3,56252,il-6,vasculitis,ASSOCIATED_WITH
40131,3,58059,il-1β,3-month mortality,ASSOCIATED_WITH
40126,3,55835,g-csf,reduced bacterial load,ASSOCIATED_WITH
40128,3,63313,vegf,longer disease duration in als,ASSOCIATED_WITH
40114,3,55544,il-10,venous thromboembolism,ASSOCIATED_WITH
40118,3,55942,il-6,coagulopathy,ASSOCIATED_WITH
40426,3,63216,angiopoietin-2,increased vascular leakage,ASSOCIATED_WITH
40239,3,58678,gdf-15,stroke severity,ASSOCIATED_WITH
40119,3,56041,tnf-α,fever,ASSOCIATED_WITH
40118,3,58678,il-6,stroke severity,ASSOCIATED_WITH
40291,3,68286,il-6 levels,covid-19 mortality,ASSOCIATED_WITH
40199,3,57220,il-17,chronic vascular inflammation of atherosclerosis,ASSOCIATED_WITH
41467,3,68561,mip1a,severity of covid-19 disease,ASSOCIATED_WITH
40117,3,55544,vegf-a,venous thromboembolism,ASSOCIATED_WITH
40116,3,55627,ifn-γ,nephritis,ASSOCIATED_WITH
40159,3,65558,resistin,vascular involvement in systemic sclerosis,ASSOCIATED_WITH
40139,3,57941,il-18,severe disease,ASSOCIATED_WITH
40118,3,64606,il-6,ards mortality,ASSOCIATED_WITH
41549,3,69326,cxcl10/ip10,severe mers infection,ASSOCIATED_WITH
40128,3,60092,vegf,poems syndrome,ASSOCIATED_WITH
40128,3,55881,vegf,cytokine storm,ASSOCIATED_WITH
40119,3,64098,tnf-α,cytokine release syndrome,ASSOCIATED_WITH
40119,3,64795,tnf-α,catabolic response,ASSOCIATED_WITH
40118,3,57031,il-6,copd,ASSOCIATED_WITH
40128,3,60392,vegf,esophageal cancer progression,ASSOCIATED_WITH
40222,3,62931,il-23,pathogenesis of behçet's disease,ASSOCIATED_WITH
41446,3,68270,interferon alfa,reduced incidence of vte,ASSOCIATED_WITH
40444,3,55865,erythropoiesis-stimulating agents,vte,ASSOCIATED_WITH
40114,3,67085,il-10,covid-19 severity,ASSOCIATED_WITH
40337,3,55802,fgf-2,mortality,ASSOCIATED_WITH
40182,3,58211,cxcl12,left ventricular hypertrophy,ASSOCIATED_WITH
40199,3,65180,il-17,alopecia areata,ASSOCIATED_WITH
40119,3,68615,tnf-α,copd phenotype,ASSOCIATED_WITH
40146,3,67545,il-2,extensive lung tissue damage,ASSOCIATED_WITH
40118,3,58856,il-6,crs,ASSOCIATED_WITH
40114,3,68196,il-10,disease severity progression,ASSOCIATED_WITH
40126,3,64657,g-csf,engraftment syndrome,ASSOCIATED_WITH
40128,3,58819,vegf,precapillary pulmonary hypertension,ASSOCIATED_WITH
40114,3,55667,il-10,restenosis,ASSOCIATED_WITH
40221,3,55760,tgf-β1,fibrosis,ASSOCIATED_WITH
40159,3,57114,resistin,venous disease severity,ASSOCIATED_WITH
40118,3,57516,il-6,infarct volume,ASSOCIATED_WITH
40141,3,59407,il-8,frequent exacerbator phenotype,ASSOCIATED_WITH
40128,3,63314,vegf,slower disease progression in als,ASSOCIATED_WITH
41163,3,65309,ip-10/cxcl10,disseminated tuberculosis,ASSOCIATED_WITH
40222,3,56201,il-23,metabolic syndrome,ASSOCIATED_WITH
40119,3,57374,tnf-α,microvascular permeability,ASSOCIATED_WITH
40608,3,64061,igf-i,increased risk of cancer,ASSOCIATED_WITH
40118,3,55809,il-6,insulin resistance,ASSOCIATED_WITH
40233,3,55639,c5a,inflammation,ASSOCIATED_WITH
40135,3,63395,cytokines,severity of hypertensive disorders complicating pregnancy,ASSOCIATED_WITH
40319,3,55710,plgf,preeclampsia,ASSOCIATED_WITH
40118,3,59251,il-6,thyrotoxicosis,ASSOCIATED_WITH
40118,3,67574,il-6,pro-coagulant profile,ASSOCIATED_WITH
41055,3,59182,apelin-13,coronary artery ectasia,ASSOCIATED_WITH
40118,3,70077,il-6,elevated mortality,ASSOCIATED_WITH
40117,3,58795,vegf-a,wet age-related macular degeneration,ASSOCIATED_WITH
40326,3,55802,il-13,mortality,ASSOCIATED_WITH
40141,3,58289,il-8,delirium,ASSOCIATED_WITH
40118,3,55615,il-6,inflammatory response,ASSOCIATED_WITH
40119,3,61886,tnf-α,perihematomal neurolysis and edema,ASSOCIATED_WITH
40138,3,57191,tnf,tb-iris,ASSOCIATED_WITH
40129,3,58342,mif,bapwv,ASSOCIATED_WITH
40118,3,55675,il-6,cardiovascular disease,ASSOCIATED_WITH
40118,3,55976,il-6,rheumatoid arthritis,ASSOCIATED_WITH
40141,3,61196,il-8,tumour invasion,ASSOCIATED_WITH
40507,3,56235,ccl3,vte risk,ASSOCIATED_WITH
40347,3,64276,baff,development of sle,ASSOCIATED_WITH
40297,3,64129,insulin-like growth factor,development of ohss,ASSOCIATED_WITH
40118,3,60285,il-6,malaria severity,ASSOCIATED_WITH
40123,3,56816,inflammatory cytokines,infarct progression,ASSOCIATED_WITH
40141,3,69645,il-8,deterioration of sepsis,ASSOCIATED_WITH
40133,3,66578,scd40l,icu admission,ASSOCIATED_WITH
40141,3,57831,il-8,increased risk of venous thrombosis,ASSOCIATED_WITH
40118,3,57867,il-6,survival time,ASSOCIATED_WITH
40118,3,56544,il-6,procoagulant state,ASSOCIATED_WITH
40138,3,60285,tnf,malaria severity,ASSOCIATED_WITH
40119,3,65403,tnf-α,immune dysregulation,ASSOCIATED_WITH
40118,3,69768,il-6,disease progression in covid-19,ASSOCIATED_WITH
40199,3,56175,il-17,active disease in multiple sclerosis,ASSOCIATED_WITH
40119,3,55942,tnf-α,coagulopathy,ASSOCIATED_WITH
40552,3,62931,il-33,pathogenesis of behçet's disease,ASSOCIATED_WITH
40459,3,67545,cxcl10,extensive lung tissue damage,ASSOCIATED_WITH
40118,3,60020,il-6,anemia in the elderly,ASSOCIATED_WITH
40135,3,57231,cytokines,disease progression,ASSOCIATED_WITH
40199,3,58160,il-17,psoriasis,ASSOCIATED_WITH
40135,3,56419,cytokines,vascular dysfunction,ASSOCIATED_WITH
40118,3,55513,il-6,thrombosis,ASSOCIATED_WITH
40748,3,61943,increased il-6 levels,frailty,ASSOCIATED_WITH
40128,3,55605,vegf,arterial thrombosis,ASSOCIATED_WITH
40118,3,57290,il-6,cm pathogenesis,ASSOCIATED_WITH
40118,3,66190,il-6,poor disease outcome in ards,ASSOCIATED_WITH
40118,3,57019,il-6,coronary heart disease events,ASSOCIATED_WITH
40118,3,57191,il-6,tb-iris,ASSOCIATED_WITH
40118,3,64795,il-6,catabolic response,ASSOCIATED_WITH
40128,3,57895,vegf,poor overall survival,ASSOCIATED_WITH
40119,3,58077,tnf-α,uveitis,ASSOCIATED_WITH
40551,3,58879,mip-2,neutrophil-induced organ injury,ASSOCIATED_WITH
40148,3,55639,pro-inflammatory cytokines,inflammation,ASSOCIATED_WITH
40118,3,57374,il-6,microvascular permeability,ASSOCIATED_WITH
40432,3,69739,fgf2,venous wall tumor invasion,ASSOCIATED_WITH
40119,3,61683,tnf-α,aortic stenosis,ASSOCIATED_WITH
40118,3,57001,il-6,cardiogenic shock,ASSOCIATED_WITH
40118,3,55544,il-6,venous thromboembolism,ASSOCIATED_WITH
40118,3,66565,il-6,increased disease severity in covid-19,ASSOCIATED_WITH
40131,3,55881,il-1β,cytokine storm,ASSOCIATED_WITH
40119,3,65614,tnf-α,decreased recanalization rate,ASSOCIATED_WITH
40117,3,68812,vegf-a,cd/fnd,ASSOCIATED_WITH
40119,3,56798,tnf-α,hypereosinophilia,ASSOCIATED_WITH
40234,3,55544,erythropoietin,venous thromboembolism,ASSOCIATED_WITH
40118,3,62521,il-6,cardiac injury,ASSOCIATED_WITH
40598,3,66234,fractalkine,covid-19 disease severity,ASSOCIATED_WITH
40119,3,67756,tnf-α,cognitive deterioration,ASSOCIATED_WITH
40118,3,67189,il-6,nt,ASSOCIATED_WITH
40573,3,69305,interferon-alpha,less severe covid-19 infection,ASSOCIATED_WITH
40118,3,57416,il-6,behçet's disease activity,ASSOCIATED_WITH
40128,3,60335,vegf,ovarian cancer progression,ASSOCIATED_WITH
40195,3,63627,il-4,lipid features of primary hypercholesterolemia,ASSOCIATED_WITH
40120,3,69415,il-1beta,atherosclerotic plaque progression and instability,ASSOCIATED_WITH
40119,3,57516,tnf-α,infarct volume,ASSOCIATED_WITH
40118,3,57737,il-6,depressive symptoms,ASSOCIATED_WITH
40456,3,57231,cxcl9,disease progression,ASSOCIATED_WITH
40131,3,59511,il-1β,ae-ipf,ASSOCIATED_WITH
40481,3,56098,il-1 beta,oxidative stress,ASSOCIATED_WITH
40128,3,59628,vegf,aggressive phenotype,ASSOCIATED_WITH
41164,3,65309,mip-1α/ccl3,disseminated tuberculosis,ASSOCIATED_WITH
40117,3,55568,vegf-a,angiogenesis,ASSOCIATED_WITH
40608,3,59421,igf-i,malignant growth of osteosarcoma,ASSOCIATED_WITH
40119,3,57686,tnf-α,organ damage,ASSOCIATED_WITH
40259,3,57290,rantes,cm pathogenesis,ASSOCIATED_WITH
40116,3,57191,ifn-γ,tb-iris,ASSOCIATED_WITH
40137,3,60915,proinflammatory cytokines,mpns,ASSOCIATED_WITH
40119,3,65623,tnf-α,tuberculous exudates,ASSOCIATED_WITH
40128,3,56635,vegf,invasive disease and shorter survival in hcc,ASSOCIATED_WITH
40118,3,60452,il-6,worse prognosis,ASSOCIATED_WITH
40119,3,55812,tnf-α,coronary artery disease,ASSOCIATED_WITH
40141,3,60658,il-8,reduced progression-free survival,ASSOCIATED_WITH
40118,3,56459,il-6,higher mortality rate,ASSOCIATED_WITH
40128,3,68277,vegf,portal vein tumor thrombus,ASSOCIATED_WITH
40114,3,65403,il-10,immune dysregulation,ASSOCIATED_WITH
40118,3,67435,il-6,severity of pneumonia,ASSOCIATED_WITH
40119,3,59014,tnf-α,cardiac fibrosis,ASSOCIATED_WITH
40114,3,62459,il-10,stress cardiomyopathy,ASSOCIATED_WITH
40128,3,66948,vegf,thromboangiitis obliterans,ASSOCIATED_WITH
40119,3,57114,tnf-α,venous disease severity,ASSOCIATED_WITH
40141,3,55568,il-8,angiogenesis,ASSOCIATED_WITH
40135,3,55595,cytokines,atherosclerosis,ASSOCIATED_WITH
40118,3,57877,il-6,stroke risk,ASSOCIATED_WITH
40582,3,55870,sdf1α,survival,ASSOCIATED_WITH
40231,3,60066,vegf expression,tumor vascular density,ASSOCIATED_WITH
40119,3,64217,tnf-α,hidradenitis suppurativa,ASSOCIATED_WITH
40199,3,57222,il-17,autoimmune vasculitides,ASSOCIATED_WITH
40201,3,64129,tgf-β,development of ohss,ASSOCIATED_WITH
40118,3,69664,il-6,vascular thrombosis and vte,ASSOCIATED_WITH
40119,3,60536,tnf-α,acute exacerbation of copd,ASSOCIATED_WITH
40118,3,68057,il-6,deep vein thrombosis incidence,ASSOCIATED_WITH
40128,3,60550,vegf,neovascular glaucoma,ASSOCIATED_WITH
40118,3,56047,il-6,systemic inflammation,ASSOCIATED_WITH
41162,3,55802,mip-1β/ccl4,mortality,ASSOCIATED_WITH
40128,3,56914,vegf,tumor metastasis,ASSOCIATED_WITH
40119,3,58815,tnf-α,infectious and malignant pleural effusions,ASSOCIATED_WITH
40320,3,56651,tsh,bmi,ASSOCIATED_WITH
40118,3,67607,il-6,worsened condition of patients,ASSOCIATED_WITH
40326,3,60380,il-13,febrile non-hemolytic transfusion reaction,ASSOCIATED_WITH
40118,3,66579,il-6,severity of covid-19,ASSOCIATED_WITH
40119,3,61101,tnf-α,cardiac inflammation,ASSOCIATED_WITH
40141,3,64795,il-8,catabolic response,ASSOCIATED_WITH
40128,3,56499,vegf,ohss,ASSOCIATED_WITH
40201,3,66288,tgf-β,pnh clone size,ASSOCIATED_WITH
40202,3,64941,igf-1,acne lesions,ASSOCIATED_WITH
40131,3,69995,il-1β,apnea duration,ASSOCIATED_WITH
40873,3,68669,ip10,iso↓dlco,ASSOCIATED_WITH
40128,3,56668,vegf,disease activity,ASSOCIATED_WITH
40507,3,62185,ccl3,osteolysis,ASSOCIATED_WITH
40114,3,56041,il-10,fever,ASSOCIATED_WITH
41024,3,63785,serum vascular endothelial growth factor d,lymphangioleiomyomatosis,ASSOCIATED_WITH
40118,3,66288,il-6,pnh clone size,ASSOCIATED_WITH
40141,3,55569,il-8,metastasis,ASSOCIATED_WITH
40118,3,64129,il-6,development of ohss,ASSOCIATED_WITH
41258,3,60452,high levels of il-6,worse prognosis,ASSOCIATED_WITH
40239,3,60629,gdf-15,heart failure progression,ASSOCIATED_WITH
40128,3,63549,vegf,resistance to egfr inhibition,ASSOCIATED_WITH
40128,3,57231,vegf,disease progression,ASSOCIATED_WITH
40155,3,61566,hgf,glioma grade,ASSOCIATED_WITH
40118,3,68921,il-6,development of critical disease,ASSOCIATED_WITH
40507,3,56330,ccl3,pulmonary inflammation,ASSOCIATED_WITH
40155,3,58984,hgf,prostate cancer progression,ASSOCIATED_WITH
40977,3,63318,bfgf in csf,better prognosis in als,ASSOCIATED_WITH
40119,3,59972,tnf-α,increased risk of non-aids events,ASSOCIATED_WITH
40337,3,64695,fgf-2,advanced tumour stage,ASSOCIATED_WITH
40153,3,68920,mcp-1,viral load in serum,ASSOCIATED_WITH
40118,3,67749,il-6,aosd,ASSOCIATED_WITH
40128,3,62311,vegf,neoplastic growth,ASSOCIATED_WITH
40131,3,55745,il-1β,sirs,ASSOCIATED_WITH
40980,3,63319,ifn-γ in csf,shorter overall survival in als,ASSOCIATED_WITH
40114,3,66134,il-10,severe covid-19 infection,ASSOCIATED_WITH
40118,3,56363,il-6,tissue damage,ASSOCIATED_WITH
40133,3,58597,scd40l,cardiovascular risk,ASSOCIATED_WITH
40118,3,58961,il-6,pneumonitis,ASSOCIATED_WITH
40200,3,57350,pdgf,pulmonary hypertension pathogenesis,ASSOCIATED_WITH
40118,3,56250,il-6,recurrent pregnancy loss,ASSOCIATED_WITH
40119,3,56431,tnf-α,vascular inflammation,ASSOCIATED_WITH
40119,3,57047,tnf-α,toxicity,ASSOCIATED_WITH
40260,3,64129,platelet-derived growth factor,development of ohss,ASSOCIATED_WITH
40116,3,63317,ifn-γ,disease progression in als,ASSOCIATED_WITH
40131,3,61159,il-1β,mucocutaneous involvement in behçet's disease,ASSOCIATED_WITH
40118,3,69753,il-6,fatality,ASSOCIATED_WITH
40141,3,61911,il-8,pregnancy morbidity,ASSOCIATED_WITH
40123,3,55513,inflammatory cytokines,thrombosis,ASSOCIATED_WITH
40118,3,58808,il-6,clinical severity,ASSOCIATED_WITH
40118,3,56963,il-6,worse outcome after stroke,ASSOCIATED_WITH
40305,3,59892,tgfβ,dupuytren's disease,ASSOCIATED_WITH
40118,3,69415,il-6,atherosclerotic plaque progression and instability,ASSOCIATED_WITH
40119,3,67749,tnf-α,aosd,ASSOCIATED_WITH
40118,3,68034,il-6,af risk,ASSOCIATED_WITH
40131,3,55895,il-1β,septic shock,ASSOCIATED_WITH
41585,3,69572,high il-1β levels,hypercoagulation and disseminated intravascular coagulation,ASSOCIATED_WITH
40118,3,58363,il-6,acute coronary syndromes,ASSOCIATED_WITH
40199,3,57218,il-17,host defense,ASSOCIATED_WITH
40141,3,55802,il-8,mortality,ASSOCIATED_WITH
40118,3,68205,il-6,complicated disease course,ASSOCIATED_WITH
40223,3,65745,vegf-c,non-response to afatinib/gemcitabine/cisplatin therapy,ASSOCIATED_WITH
40118,3,66496,il-6,severe covid-19,ASSOCIATED_WITH
40119,3,55982,tnf-α,autoimmune diseases,ASSOCIATED_WITH
40118,3,70087,il-6,loss of mobility and disability,ASSOCIATED_WITH
40552,3,62208,il-33,tissue factor (tf) expression in atherosclerotic plaques,ASSOCIATED_WITH
40490,3,58419,cxcl13,pulmonary vascular remodeling,ASSOCIATED_WITH
40118,3,57742,il-6,acute rejection,ASSOCIATED_WITH
40748,3,69358,increased il-6 levels,comorbidity,ASSOCIATED_WITH
40118,3,67545,il-6,extensive lung tissue damage,ASSOCIATED_WITH
40199,3,55821,il-17,pulmonary fibrosis,ASSOCIATED_WITH
40239,3,56364,gdf-15,atrial fibrosis,ASSOCIATED_WITH
40128,3,66283,vegf,persistent haemorrhages,ASSOCIATED_WITH
40139,3,58280,il-18,plaque instability,ASSOCIATED_WITH
40573,3,69306,interferon-alpha,development of pernio-like lesions,ASSOCIATED_WITH
40133,3,56826,scd40l,"increased risk of death, myocardial infarction and congestive heart failure",ASSOCIATED_WITH
40222,3,65181,il-23,vitiligo,ASSOCIATED_WITH
40131,3,69015,il-1β,progression of valve vegetations,ASSOCIATED_WITH
40131,3,68500,il-1β,clotting alterations,ASSOCIATED_WITH
40119,3,67545,tnf-α,extensive lung tissue damage,ASSOCIATED_WITH
40118,3,55516,il-6,pulmonary embolism,ASSOCIATED_WITH
40206,3,63313,bfgf,longer disease duration in als,ASSOCIATED_WITH
40748,3,55802,increased il-6 levels,mortality,ASSOCIATED_WITH
40490,3,69311,cxcl13,mg,ASSOCIATED_WITH
40128,3,56643,vegf,advanced clinical stage,ASSOCIATED_WITH
41487,3,68634,insulin-like growth factor 1,delirium severity,ASSOCIATED_WITH
40133,3,55635,scd40l,endothelial dysfunction,ASSOCIATED_WITH
40221,3,59815,tgf-β1,ischemic retinal vein occlusion,ASSOCIATED_WITH
40118,3,55878,il-6,fev1% predicted,ASSOCIATED_WITH
40118,3,60293,il-6,poor outcome,ASSOCIATED_WITH
40128,3,57911,vegf,decreased survival,ASSOCIATED_WITH
40128,3,56193,vegf,pulmonary arterial hypertension,ASSOCIATED_WITH
40153,3,55528,mcp-1,venous thrombosis,ASSOCIATED_WITH
40128,3,61745,vegf,pttm,ASSOCIATED_WITH
40114,3,63627,il-10,lipid features of primary hypercholesterolemia,ASSOCIATED_WITH
40199,3,57411,il-17,hypothyroidism,ASSOCIATED_WITH
40139,3,62418,il-18,ledvt,ASSOCIATED_WITH
40713,3,57031,pigf,copd,ASSOCIATED_WITH
40118,3,55982,il-6,autoimmune diseases,ASSOCIATED_WITH
40118,3,66326,il-6,hyperinflammation,ASSOCIATED_WITH
40131,3,69649,il-1β,multi-organ dysfunction,ASSOCIATED_WITH
40118,3,63831,il-6,pts severity,ASSOCIATED_WITH
40153,3,56431,mcp-1,vascular inflammation,ASSOCIATED_WITH
40136,3,56193,tumor necrosis factor,pulmonary arterial hypertension,ASSOCIATED_WITH
40118,3,68196,il-6,disease severity progression,ASSOCIATED_WITH
40783,3,61181,thrombopoietin-receptor agonists,cirrhosis-related thrombocytopenia,ASSOCIATED_WITH
40114,3,62931,il-10,pathogenesis of behçet's disease,ASSOCIATED_WITH
40177,3,55959,leptin,obesity,ASSOCIATED_WITH
40712,3,61215,circulating il-6,liver cancer risk,ASSOCIATED_WITH
40118,3,56137,il-6,vascular remodeling,ASSOCIATED_WITH
40152,3,69311,gm-csf,mg,ASSOCIATED_WITH
40128,3,65036,vegf,vascular hyperdilation,ASSOCIATED_WITH
40177,3,62200,leptin,osteoarthritis progression,ASSOCIATED_WITH
40119,3,66830,tnf-α,keratoconus,ASSOCIATED_WITH
40119,3,67927,tnf-α,tbm pathogenesis,ASSOCIATED_WITH
40141,3,63627,il-8,lipid features of primary hypercholesterolemia,ASSOCIATED_WITH
40216,3,56264,th1 and th2 cytokines,clinical courses,ASSOCIATED_WITH
40117,3,55545,vegf-a,retinal vein occlusion,ASSOCIATED_WITH
40117,3,55569,vegf-a,metastasis,ASSOCIATED_WITH
40119,3,56330,tnf-α,pulmonary inflammation,ASSOCIATED_WITH
41190,3,65560,chemerin,impaired renal function and development of skin sclerosis,ASSOCIATED_WITH
40481,3,61350,il-1 beta,pfapa disease activity,ASSOCIATED_WITH
40133,3,65838,scd40l,covid-19,ASSOCIATED_WITH
40336,3,57290,interferon inducible protein-10,cm pathogenesis,ASSOCIATED_WITH
40347,3,55792,baff,antiphospholipid syndrome,ASSOCIATED_WITH
40139,3,56250,il-18,recurrent pregnancy loss,ASSOCIATED_WITH
41550,3,69326,ccl2/mcp-1,severe mers infection,ASSOCIATED_WITH
40426,3,63215,angiopoietin-2,destabilization of endothelium,ASSOCIATED_WITH
40137,3,56105,proinflammatory cytokines,coagulation disorders,ASSOCIATED_WITH
40131,3,56047,il-1β,systemic inflammation,ASSOCIATED_WITH
40118,3,58451,il-6,acute kidney injury,ASSOCIATED_WITH
40201,3,57411,tgf-β,hypothyroidism,ASSOCIATED_WITH
40118,3,55551,il-6,hypercoagulability,ASSOCIATED_WITH
40118,3,67550,il-6,poor outcome in ards,ASSOCIATED_WITH
40119,3,64606,tnf-α,ards mortality,ASSOCIATED_WITH
40415,3,56193,interleukins,pulmonary arterial hypertension,ASSOCIATED_WITH
40153,3,63315,mcp-1,worse disease severity in als,ASSOCIATED_WITH
40118,3,59971,il-6,increased risk of aids-defining events,ASSOCIATED_WITH
40118,3,62459,il-6,stress cardiomyopathy,ASSOCIATED_WITH
40853,3,55959,brain-derived neurotrophic factor,obesity,ASSOCIATED_WITH
40141,3,55843,il-8,thrombocytosis,ASSOCIATED_WITH
40148,3,55513,pro-inflammatory cytokines,thrombosis,ASSOCIATED_WITH
40597,3,58326,fgf21,shock,ASSOCIATED_WITH
40119,3,68561,tnf-α,severity of covid-19 disease,ASSOCIATED_WITH
40135,3,59388,cytokines,macular edema,ASSOCIATED_WITH
40129,3,69165,mif,thrombosis of the microanastomosis,ASSOCIATED_WITH
40118,3,55527,il-6,deep venous thrombosis,ASSOCIATED_WITH
40400,3,60381,mip-1α,atypical allergic transfusion reaction,ASSOCIATED_WITH
40118,3,55600,il-6,portal vein thrombosis,ASSOCIATED_WITH
40118,3,67564,il-6,po-mmlr,ASSOCIATED_WITH
40128,3,60419,vegf,venous thrombosis predisposition,ASSOCIATED_WITH
40199,3,69015,il-17,progression of valve vegetations,ASSOCIATED_WITH
40118,3,66008,il-6,processing speed change,ASSOCIATED_WITH
40119,3,58401,tnf-α,chronic recurrent multifocal osteomyelitis,ASSOCIATED_WITH
40118,3,68668,il-6,dlco% predicted,ASSOCIATED_WITH
40251,3,55568,basic fibroblast growth factor,angiogenesis,ASSOCIATED_WITH
40117,3,65303,vegf-a,tumor grade,ASSOCIATED_WITH
40119,3,57048,tnf-α,relapse,ASSOCIATED_WITH
40114,3,67545,il-10,extensive lung tissue damage,ASSOCIATED_WITH
40177,3,55862,leptin,arterial and venous thrombosis,ASSOCIATED_WITH
40139,3,55802,il-18,mortality,ASSOCIATED_WITH
40141,3,60536,il-8,acute exacerbation of copd,ASSOCIATED_WITH
40118,3,66296,il-6,severity of covid-19 infection,ASSOCIATED_WITH
40133,3,60380,scd40l,febrile non-hemolytic transfusion reaction,ASSOCIATED_WITH
40459,3,56330,cxcl10,pulmonary inflammation,ASSOCIATED_WITH
40119,3,56357,tnf-α,lung injury,ASSOCIATED_WITH
40282,3,57287,hyperinsulinaemia,impaired fibrinolysis,ASSOCIATED_WITH
40118,3,56314,il-6,all-cause mortality,ASSOCIATED_WITH
40118,3,56041,il-6,fever,ASSOCIATED_WITH
40141,3,55528,il-8,venous thrombosis,ASSOCIATED_WITH
41317,3,67007,il-17 and il-18 co-expression,pss severity,ASSOCIATED_WITH
40251,3,64129,basic fibroblast growth factor,development of ohss,ASSOCIATED_WITH
40121,3,57290,ifn-gamma,cm pathogenesis,ASSOCIATED_WITH
40118,3,68597,il-6,clinical features and poor prognosis of multiple myeloma,ASSOCIATED_WITH
40334,3,57290,monocyte chemoattractant protein,cm pathogenesis,ASSOCIATED_WITH
40138,3,67342,tnf,thrombotic primary antiphospholipid syndrome,ASSOCIATED_WITH
40118,3,56079,il-6,infection,ASSOCIATED_WITH
40155,3,60660,hgf,decreased susceptibility to irreversible egfr tyrosine kinase inhibition,ASSOCIATED_WITH
40137,3,65242,proinflammatory cytokines,deleterious events in sepsis,ASSOCIATED_WITH
40114,3,66234,il-10,covid-19 disease severity,ASSOCIATED_WITH
40158,3,58775,adiponectin,sbasalvr,ASSOCIATED_WITH
40213,3,58246,inflammatory cytokines and chemokines,disease severity,ASSOCIATED_WITH
40128,3,55568,vegf,angiogenesis,ASSOCIATED_WITH
40221,3,59290,tgf-β1,apache ii score,ASSOCIATED_WITH
40146,3,66234,il-2,covid-19 disease severity,ASSOCIATED_WITH
40199,3,69269,il-17,severe asthma,ASSOCIATED_WITH
40119,3,67737,tnf-α,sarcopenia in ibd,ASSOCIATED_WITH
40146,3,57411,il-2,hypothyroidism,ASSOCIATED_WITH
40177,3,57114,leptin,venous disease severity,ASSOCIATED_WITH
41318,3,67015,granulocyte macrophage-csf,leukemoid reaction,ASSOCIATED_WITH
40773,3,63672,th2 cytokines,nmo progression,ASSOCIATED_WITH
40119,3,61486,tnf-α,frontotemporal dementia,ASSOCIATED_WITH
40797,3,62931,il-21,pathogenesis of behçet's disease,ASSOCIATED_WITH
40152,3,67085,gm-csf,covid-19 severity,ASSOCIATED_WITH
40118,3,55786,il-6,pulmonary hypertension,ASSOCIATED_WITH
40118,3,66613,il-6,covid-19 severe outcomes,ASSOCIATED_WITH
40118,3,69649,il-6,multi-organ dysfunction,ASSOCIATED_WITH
40117,3,60549,vegf-a,prostate cancer,ASSOCIATED_WITH
40148,3,55845,pro-inflammatory cytokines,severe sars,ASSOCIATED_WITH
40128,3,60583,vegf,cervical cancer,ASSOCIATED_WITH
40337,3,56500,fgf-2,cancer progression,ASSOCIATED_WITH
41386,3,55515,mip1α,deep vein thrombosis,ASSOCIATED_WITH
40141,3,68561,il-8,severity of covid-19 disease,ASSOCIATED_WITH
40270,3,57287,tnfα,impaired fibrinolysis,ASSOCIATED_WITH
40873,3,68668,ip10,dlco% predicted,ASSOCIATED_WITH
40128,3,60894,vegf,diabetic macular edema,ASSOCIATED_WITH
40119,3,62931,tnf-α,pathogenesis of behçet's disease,ASSOCIATED_WITH
40339,3,56330,ccl2,pulmonary inflammation,ASSOCIATED_WITH
40239,3,64904,gdf-15,1-year mortality in acute heart failure,ASSOCIATED_WITH
40452,3,57200,esa,venous thrombotic events,ASSOCIATED_WITH
40141,3,57031,il-8,copd,ASSOCIATED_WITH
40118,3,58246,il-6,disease severity,ASSOCIATED_WITH
41001,3,63644,high igf-1 levels,hemostatic parameters,ASSOCIATED_WITH
40118,3,57515,il-6,postoperative morbidity,ASSOCIATED_WITH
40119,3,55615,tnf-α,inflammatory response,ASSOCIATED_WITH
40199,3,65181,il-17,vitiligo,ASSOCIATED_WITH
40119,3,58739,tnf-α,behcet's disease,ASSOCIATED_WITH
40118,3,64682,il-6,lower limb vein thrombus,ASSOCIATED_WITH
40206,3,63314,bfgf,slower disease progression in als,ASSOCIATED_WITH
40400,3,60380,mip-1α,febrile non-hemolytic transfusion reaction,ASSOCIATED_WITH
40128,3,65835,vegf,left heart disease,ASSOCIATED_WITH
40119,3,57173,tnf-α,renal failure,ASSOCIATED_WITH
40151,3,69649,il-12,multi-organ dysfunction,ASSOCIATED_WITH
40232,3,64302,c3a,increased rv afterload,ASSOCIATED_WITH
40865,3,62137,catestatin,coronary collateral development,ASSOCIATED_WITH
40119,3,58246,tnf-α,disease severity,ASSOCIATED_WITH
40118,3,56859,il-6,incident hypertension,ASSOCIATED_WITH
40118,3,66727,il-6,procoagulant profile,ASSOCIATED_WITH
40119,3,67376,tnf-α,vte adverse prognosis,ASSOCIATED_WITH
40119,3,57416,tnf-α,behçet's disease activity,ASSOCIATED_WITH
40447,3,63268,fgf-1,shorter survival,ASSOCIATED_WITH
40118,3,55528,il-6,venous thrombosis,ASSOCIATED_WITH
40432,3,69738,fgf2,paranephric fat tumor invasion,ASSOCIATED_WITH
40131,3,55639,il-1β,inflammation,ASSOCIATED_WITH
40118,3,55802,il-6,mortality,ASSOCIATED_WITH
40335,3,66234,granulocyte colony-stimulating factor,covid-19 disease severity,ASSOCIATED_WITH
40337,3,57925,fgf-2,metastatic disease,ASSOCIATED_WITH
40128,3,60379,vegf,malignant ascites development,ASSOCIATED_WITH
40231,3,58244,vegf expression,development of malignant ascites,ASSOCIATED_WITH
40118,3,60395,il-6,postoperative infection,ASSOCIATED_WITH
40118,3,59490,il-6,inner central macular thickness in non-ischemic group,ASSOCIATED_WITH
40114,3,55782,il-10,inflammatory bowel disease,ASSOCIATED_WITH
40552,3,56250,il-33,recurrent pregnancy loss,ASSOCIATED_WITH
40119,3,55881,tnf-α,cytokine storm,ASSOCIATED_WITH
40796,3,62931,il-22,pathogenesis of behçet's disease,ASSOCIATED_WITH
40138,3,66134,tnf,severe covid-19 infection,ASSOCIATED_WITH
40128,3,57031,vegf,copd,ASSOCIATED_WITH
40146,3,62931,il-2,pathogenesis of behçet's disease,ASSOCIATED_WITH
41579,3,66234,interferon-y,covid-19 disease severity,ASSOCIATED_WITH
40118,3,55575,il-6,venous thromboembolism risk,ASSOCIATED_WITH
40209,3,56201,mcp1,metabolic syndrome,ASSOCIATED_WITH
40155,3,55568,hgf,angiogenesis,ASSOCIATED_WITH
40141,3,55545,il-8,retinal vein occlusion,ASSOCIATED_WITH
40119,3,70008,tnf-α,increased risk of first venous thrombosis,ASSOCIATED_WITH
40118,3,61943,il-6,frailty,ASSOCIATED_WITH
40119,3,56250,tnf-α,recurrent pregnancy loss,ASSOCIATED_WITH
40177,3,57424,leptin,gestational diabetes mellitus,ASSOCIATED_WITH
40472,3,56431,il-17a,vascular inflammation,ASSOCIATED_WITH
40118,3,57003,il-6,death,ASSOCIATED_WITH
40118,3,56201,il-6,metabolic syndrome,ASSOCIATED_WITH
40137,3,58246,proinflammatory cytokines,disease severity,ASSOCIATED_WITH
40201,3,59139,tgf-β,pathogenesis of hypothermia,ASSOCIATED_WITH
40201,3,56137,tgf-β,vascular remodeling,ASSOCIATED_WITH
40119,3,56562,tnf-α,celiac disease,ASSOCIATED_WITH
40131,3,58402,il-1β,chronic recurrent multifocal osteomyelitis (crmo) pathogenesis,ASSOCIATED_WITH
40118,3,55881,il-6,cytokine storm,ASSOCIATED_WITH
40177,3,65047,leptin,pulmonary small vessel cross-sectional area alteration,ASSOCIATED_WITH
40128,3,56965,vegf,metastases,ASSOCIATED_WITH
40319,3,57232,plgf,resistance to bevacizumab,ASSOCIATED_WITH
40135,3,56804,cytokines,abdominal aortic aneurysm,ASSOCIATED_WITH
40119,3,57231,tnf-α,disease progression,ASSOCIATED_WITH
40490,3,64682,cxcl13,lower limb vein thrombus,ASSOCIATED_WITH
40141,3,67085,il-8,covid-19 severity,ASSOCIATED_WITH
40118,3,68561,il-6,severity of covid-19 disease,ASSOCIATED_WITH
40141,3,55615,il-8,inflammatory response,ASSOCIATED_WITH
40145,3,57154,inflammatory mediators,post-thrombotic syndrome,ASSOCIATED_WITH
40118,3,59407,il-6,frequent exacerbator phenotype,ASSOCIATED_WITH
40118,3,69015,il-6,progression of valve vegetations,ASSOCIATED_WITH
40832,3,57289,il-10 to tnf ratio,increased mortality,ASSOCIATED_WITH
40118,3,62931,il-6,pathogenesis of behçet's disease,ASSOCIATED_WITH
40444,3,55544,erythropoiesis-stimulating agents,venous thromboembolism,ASSOCIATED_WITH
40206,3,59488,bfgf,inner central macular thickness in brvo patients,ASSOCIATED_WITH
40119,3,55802,tnf-α,mortality,ASSOCIATED_WITH
40131,3,55545,il-1β,retinal vein occlusion,ASSOCIATED_WITH
40141,3,69646,il-8,progression of sepsis,ASSOCIATED_WITH
40119,3,57527,tnf-α,increased viral load,ASSOCIATED_WITH
40263,3,57643,heparin-binding egf-like growth factor,in-stent restenosis,ASSOCIATED_WITH
40267,3,55568,hepatocyte growth factor,angiogenesis,ASSOCIATED_WITH
40116,3,66830,ifn-γ,keratoconus,ASSOCIATED_WITH
40118,3,61467,il-6,febrile reactions,ASSOCIATED_WITH
40326,3,68916,il-13,impairment of the intestinal barrier function,ASSOCIATED_WITH
41584,3,57043,"il-6, il-8, ip-10",cteph,ASSOCIATED_WITH
40993,3,63485,interleukin-27,elevated ldl-c,ASSOCIATED_WITH
40118,3,59457,il-6,coronary atherosclerosis,ASSOCIATED_WITH
40116,3,57959,ifn-γ,arthritis,ASSOCIATED_WITH
40137,3,55508,proinflammatory cytokines,prothrombotic state,ASSOCIATED_WITH
40129,3,58059,mif,3-month mortality,ASSOCIATED_WITH
40177,3,63393,leptin,oa severity,ASSOCIATED_WITH
40133,3,57684,scd40l,disease activity in wegener's granulomatosis,ASSOCIATED_WITH
41292,3,58246,"il-1β, il-6, tnf-α",disease severity,ASSOCIATED_WITH
40138,3,59661,tnf,ibd,ASSOCIATED_WITH
40400,3,55605,mip-1α,arterial thrombosis,ASSOCIATED_WITH
40337,3,63268,fgf-2,shorter survival,ASSOCIATED_WITH
40146,3,57331,il-2,ppcm,ASSOCIATED_WITH
40128,3,69015,vegf,progression of valve vegetations,ASSOCIATED_WITH
40201,3,55545,tgf-β,retinal vein occlusion,ASSOCIATED_WITH
40118,3,57289,il-6,increased mortality,ASSOCIATED_WITH
40118,3,58177,il-6,poor prognosis,ASSOCIATED_WITH
40118,3,64098,il-6,cytokine release syndrome,ASSOCIATED_WITH
40507,3,55575,ccl3,venous thromboembolism risk,ASSOCIATED_WITH
40118,3,57466,il-6,tumor recurrence,ASSOCIATED_WITH
40117,3,58796,vegf-a,diabetic macular oedema,ASSOCIATED_WITH
40114,3,60073,il-10,decreased risk of deep venous thrombosis,ASSOCIATED_WITH
40236,3,62843,chemokines,medial degeneration,ASSOCIATED_WITH
40319,3,62325,plgf,diseased vessels,ASSOCIATED_WITH
40199,3,56250,il-17,recurrent pregnancy loss,ASSOCIATED_WITH
41535,3,58079,macrophage-associated cytokines,ards,ASSOCIATED_WITH
40116,3,55605,ifn-γ,arterial thrombosis,ASSOCIATED_WITH
40223,3,56398,vegf-c,melanoma metastasis to sentinel lymph nodes,ASSOCIATED_WITH
40152,3,56987,gm-csf,sle,ASSOCIATED_WITH
40136,3,66997,tumor necrosis factor,extraintestinal manifestations,ASSOCIATED_WITH
40118,3,57231,il-6,disease progression,ASSOCIATED_WITH
40119,3,58733,tnf-α,cognitive deficits,ASSOCIATED_WITH
40241,3,56511,bdnf,intervertebral disc degeneration,ASSOCIATED_WITH
40459,3,57231,cxcl10,disease progression,ASSOCIATED_WITH
40206,3,55870,bfgf,survival,ASSOCIATED_WITH
40158,3,55959,adiponectin,obesity,ASSOCIATED_WITH
40118,3,59221,il-6,constitutional symptoms,ASSOCIATED_WITH
40131,3,55865,il-1β,vte,ASSOCIATED_WITH
40118,3,56330,il-6,pulmonary inflammation,ASSOCIATED_WITH
40545,3,57113,th17-derived cytokines,autoimmunity,ASSOCIATED_WITH
40136,3,55745,tumor necrosis factor,sirs,ASSOCIATED_WITH
40116,3,69015,ifn-γ,progression of valve vegetations,ASSOCIATED_WITH
40222,3,62696,il-23,atherosclerotic plaque in common femoral arteries,ASSOCIATED_WITH
40122,3,55843,thrombopoietin,thrombocytosis,ASSOCIATED_WITH
40481,3,64217,il-1 beta,hidradenitis suppurativa,ASSOCIATED_WITH
40199,3,65838,il-17,covid-19,ASSOCIATED_WITH
40119,3,66234,tnf-α,covid-19 disease severity,ASSOCIATED_WITH
40206,3,55545,bfgf,retinal vein occlusion,ASSOCIATED_WITH
40127,3,55664,interleukin-1-alpha,migraine,ASSOCIATED_WITH
40118,3,59900,il-6,increased risk of vte,ASSOCIATED_WITH
40128,3,60262,vegf,mm activity,ASSOCIATED_WITH
40139,3,67749,il-18,aosd,ASSOCIATED_WITH
40333,3,57290,mip-1beta,cm pathogenesis,ASSOCIATED_WITH
40119,3,69651,tnf-α,septic shock and multiorgan failure,ASSOCIATED_WITH
41162,3,65309,mip-1β/ccl4,disseminated tuberculosis,ASSOCIATED_WITH
41371,3,55786,ifn-beta,pulmonary hypertension,ASSOCIATED_WITH
40118,3,65614,il-6,decreased recanalization rate,ASSOCIATED_WITH
40239,3,59077,gdf-15,increased risk of death in ards,ASSOCIATED_WITH
40118,3,55843,il-6,thrombocytosis,ASSOCIATED_WITH
40128,3,60227,vegf,retinal vascular permeability,ASSOCIATED_WITH
40135,3,56805,cytokines,varicose veins,ASSOCIATED_WITH
40118,3,55769,il-6,atrial fibrillation,ASSOCIATED_WITH
40201,3,55760,tgf-β,fibrosis,ASSOCIATED_WITH
40140,3,62843,interferon-γ,medial degeneration,ASSOCIATED_WITH
40118,3,56098,il-6,oxidative stress,ASSOCIATED_WITH
41000,3,57643,interleukin-17a,in-stent restenosis,ASSOCIATED_WITH
40139,3,55667,il-18,restenosis,ASSOCIATED_WITH
40222,3,58693,il-23,lupus nephritis,ASSOCIATED_WITH
40146,3,55769,il-2,atrial fibrillation,ASSOCIATED_WITH
40890,3,62474,plasma leptin,abdominal aortic aneurysm occurrence,ASSOCIATED_WITH
40118,3,65759,il-6,severe covid-19 illness,ASSOCIATED_WITH
40573,3,68784,interferon-alpha,type i interferonopathy,ASSOCIATED_WITH
40177,3,56651,leptin,bmi,ASSOCIATED_WITH
40979,3,63318,vegf in serum,better prognosis in als,ASSOCIATED_WITH
40141,3,55769,il-8,atrial fibrillation,ASSOCIATED_WITH
41133,3,55881,cxcl-10,cytokine storm,ASSOCIATED_WITH
40119,3,55809,tnf-α,insulin resistance,ASSOCIATED_WITH
40114,3,58289,il-10,delirium,ASSOCIATED_WITH
40910,3,55865,tnf-a,vte,ASSOCIATED_WITH
40201,3,56633,tgf-β,tissue repair,ASSOCIATED_WITH
40141,3,66134,il-8,severe covid-19 infection,ASSOCIATED_WITH
40118,3,58079,il-6,ards,ASSOCIATED_WITH
41536,3,57176,t cell immunity related cytokines,aki,ASSOCIATED_WITH
40133,3,55688,scd40l,mucosal inflammation,ASSOCIATED_WITH
40119,3,58342,tnf-α,bapwv,ASSOCIATED_WITH
40444,3,55773,erythropoiesis-stimulating agents,stroke,ASSOCIATED_WITH
40807,3,61444,"il-1β, tnf-α, ifn-γ",immune deficiency,ASSOCIATED_WITH
40925,3,62931,il-37,pathogenesis of behçet's disease,ASSOCIATED_WITH
40118,3,57831,il-6,increased risk of venous thrombosis,ASSOCIATED_WITH
40114,3,57290,il-10,cm pathogenesis,ASSOCIATED_WITH
40174,3,60257,substance p,delayed cinv,ASSOCIATED_WITH
40153,3,66234,mcp-1,covid-19 disease severity,ASSOCIATED_WITH
40119,3,58562,tnf-α,hemorrhagic manifestations,ASSOCIATED_WITH
40128,3,55545,vegf,retinal vein occlusion,ASSOCIATED_WITH
40255,3,55568,placental growth factor,angiogenesis,ASSOCIATED_WITH
40128,3,60893,vegf,proliferative diabetic retinopathy,ASSOCIATED_WITH
40128,3,70019,vegf,inferior outcomes,ASSOCIATED_WITH
40114,3,70009,il-10,decreased risk of venous thrombosis,ASSOCIATED_WITH
40119,3,55980,tnf-α,alzheimer's disease,ASSOCIATED_WITH
40118,3,63627,il-6,lipid features of primary hypercholesterolemia,ASSOCIATED_WITH
40128,3,63420,vegf,wet amd,ASSOCIATED_WITH
41065,3,64129,transforming growth factor alpha,development of ohss,ASSOCIATED_WITH
40426,3,55842,angiopoietin-2,disseminated intravascular coagulation,ASSOCIATED_WITH
40231,3,59605,vegf expression,recurrence,ASSOCIATED_WITH
40158,3,57154,adiponectin,post-thrombotic syndrome,ASSOCIATED_WITH
40319,3,55870,plgf,survival,ASSOCIATED_WITH
40141,3,65309,il-8,disseminated tuberculosis,ASSOCIATED_WITH
40128,3,56860,vegf,tumor progression,ASSOCIATED_WITH
41163,3,55802,ip-10/cxcl10,mortality,ASSOCIATED_WITH
40128,3,60848,vegf,adverse prognosis,ASSOCIATED_WITH
40186,3,64449,cxcl5,lung function decline,ASSOCIATED_WITH
40426,3,67534,angiopoietin-2,severe cytokine release syndrome,ASSOCIATED_WITH
40231,3,61612,vegf expression,hemorrhage presence,ASSOCIATED_WITH
40356,3,70088,insulin-like growth factor-1,sarcopenic obesity,ASSOCIATED_WITH
40199,3,64217,il-17,hidradenitis suppurativa,ASSOCIATED_WITH
40120,3,55853,il-1beta,myocardial depression,ASSOCIATED_WITH
40118,3,68315,il-6,worse outcome of covid-19,ASSOCIATED_WITH
40185,3,63627,cx3cl1,lipid features of primary hypercholesterolemia,ASSOCIATED_WITH
40119,3,55693,tnf-α,joint destruction,ASSOCIATED_WITH
40215,3,56798,il-5,hypereosinophilia,ASSOCIATED_WITH
40400,3,63314,mip-1α,slower disease progression in als,ASSOCIATED_WITH
40118,3,65864,il-6,cardiovascular injury,ASSOCIATED_WITH
40114,3,56330,il-10,pulmonary inflammation,ASSOCIATED_WITH
40873,3,56668,ip10,disease activity,ASSOCIATED_WITH
40199,3,65377,il-17,pacns,ASSOCIATED_WITH
40119,3,58792,tnf-α,pathogenesis of behcet's disease,ASSOCIATED_WITH
40198,3,56674,growth factors,decreased risk of cdad,ASSOCIATED_WITH
40117,3,57231,vegf-a,disease progression,ASSOCIATED_WITH
40114,3,58908,il-10,immune suppression,ASSOCIATED_WITH
40114,3,56250,il-10,recurrent pregnancy loss,ASSOCIATED_WITH
40201,3,62843,tgf-β,medial degeneration,ASSOCIATED_WITH
40199,3,57219,il-17,inflammatory tissue destruction,ASSOCIATED_WITH
40118,3,58623,il-6,ra,ASSOCIATED_WITH
40114,3,68920,il-10,viral load in serum,ASSOCIATED_WITH
40978,3,63318,vegf in csf,better prognosis in als,ASSOCIATED_WITH
40641,3,55527,pdgf-b,deep venous thrombosis,ASSOCIATED_WITH
40118,3,66389,il-6,sudden death,ASSOCIATED_WITH
40177,3,55711,leptin,intrauterine growth restriction,ASSOCIATED_WITH
40119,3,56232,tnf-α,dvt risk,ASSOCIATED_WITH
40335,3,67015,granulocyte colony-stimulating factor,leukemoid reaction,ASSOCIATED_WITH
41580,3,66234,tumour necrosis factor-alpha,covid-19 disease severity,ASSOCIATED_WITH
40119,3,67085,tnf-α,covid-19 severity,ASSOCIATED_WITH
40674,3,56193,type i interferons,pulmonary arterial hypertension,ASSOCIATED_WITH
40138,3,62521,tnf,cardiac injury,ASSOCIATED_WITH
40118,3,55812,il-6,coronary artery disease,ASSOCIATED_WITH
45794,1,32011,hwj-mscs,nestin,EXPRESSES
42669,1,26145,epc,enos,EXPRESSES
41678,1,26464,macrophages,cxcr4,EXPRESSES
43967,1,29363,fibroblast,tlr9,EXPRESSES
45561,1,31704,tumor endothelial cells,ido1,EXPRESSES
49589,1,29021,n2 neutrophil,arginase,EXPRESSES
42403,1,27185,circulating tumour cells,tissue factors,EXPRESSES
43199,1,25830,tumor cell,tissue factor,EXPRESSES
42034,1,25830,macrophages/foam cells,tissue factor,EXPRESSES
41655,1,25995,platelets,tlr4,EXPRESSES
41678,1,27043,macrophages,cathepsin b,EXPRESSES
45794,1,31890,hwj-mscs,gfap,EXPRESSES
41655,1,26957,platelets,tlr2,EXPRESSES
43085,1,25830,activated endothelial cells,tissue factor,EXPRESSES
41655,1,26264,platelets,ace2,EXPRESSES
47518,1,25830,mesenchymal stem cell,tissue factor,EXPRESSES
53215,1,40053,subpopulation of infiltrating cells,kv1.3,EXPRESSES
43085,1,25989,activated endothelial cells,adhesion molecules,EXPRESSES
52611,1,29192,antigen-presenting cafs,mhc class ii,EXPRESSES
42171,1,25830,microparticles,tissue factor,EXPRESSES
52522,1,29714,m2b macrophage,cd86,EXPRESSES
41655,1,25830,platelets,tissue factor,EXPRESSES
52028,1,25830,activated endothelial cells and monocytes,tissue factor,EXPRESSES
45561,1,31703,tumor endothelial cells,pdl1,EXPRESSES
43085,1,26075,activated endothelial cells,selectins,EXPRESSES
48846,1,26082,leptin receptor-positive stromal cells,vcam1,EXPRESSES
42601,1,26155,tumor-associated endothelial cells,vegfr2,EXPRESSES
52609,1,27472,myofibroblast-like cafs,α-sma,EXPRESSES
44111,1,25830,activated monocytes,tissue factor,EXPRESSES
41655,1,25969,platelets,p-selectin,EXPRESSES
44789,0,65245,staphylococcus aureus,cervical spinal epidural abscess,ASSOCIATED_WITH
45106,0,60627,evs,disease risk,ASSOCIATED_WITH
42946,0,55683,neutrophil extracellular traps,thrombotic events,ASSOCIATED_WITH
41655,0,68397,platelets,inflammation in myocarditis,ASSOCIATED_WITH
43863,0,56668,b cells,disease activity,ASSOCIATED_WITH
41631,0,57658,neutrophils,bd development,ASSOCIATED_WITH
44501,0,55762,platelet hyperaggregability,fetal loss,ASSOCIATED_WITH
53174,0,66326,th17/treg imbalance,hyperinflammation,ASSOCIATED_WITH
47581,0,64470,visceral adipose tissue,unsuspected pulmonary embolism,ASSOCIATED_WITH
49591,0,56431,m4 macrophages,vascular inflammation,ASSOCIATED_WITH
42583,0,56434,neutrophil infiltration,ulcerative colitis severity,ASSOCIATED_WITH
41633,0,55802,platelet activation,mortality,ASSOCIATED_WITH
41716,0,56646,leukocytosis,thromboembolic or hemorrhagic complication,ASSOCIATED_WITH
45724,0,56431,visceral fat area,vascular inflammation,ASSOCIATED_WITH
41678,0,59179,macrophages,inflamed atherosclerotic plaques,ASSOCIATED_WITH
43059,0,57565,low platelet counts,increasing injury severity score,ASSOCIATED_WITH
46549,0,55639,pmvs,inflammation,ASSOCIATED_WITH
42025,0,56214,strong functional t-cell response,clinical outcome of acute viral recrudescence,ASSOCIATED_WITH
49309,0,65182,th17.1 cells,active vitiligo,ASSOCIATED_WITH
42583,0,58607,neutrophil infiltration,af inducibility,ASSOCIATED_WITH
41678,0,55589,macrophages,multifocal demyelinating disorder,ASSOCIATED_WITH
49429,0,65277,gm-mφ polarization,soluble endoglin production,ASSOCIATED_WITH
41631,0,55513,neutrophils,thrombosis,ASSOCIATED_WITH
48175,0,63890,t-cell abnormalities,fsgs,ASSOCIATED_WITH
41909,0,68011,platelet count,stress-softening behavior,ASSOCIATED_WITH
41764,0,57043,platelet dysfunction,cteph,ASSOCIATED_WITH
42171,0,60220,microparticles,tumor invasion and metastasis,ASSOCIATED_WITH
41658,0,55559,altered regulation of endothelial functions,inherited primary hypercoagulable states,ASSOCIATED_WITH
51432,0,55515,abnormally low platelet count,deep vein thrombosis,ASSOCIATED_WITH
42520,0,62932,regulatory t cells,immunopathogenesis of behçet's disease,ASSOCIATED_WITH
42171,0,60219,microparticles,immune evasion,ASSOCIATED_WITH
42191,0,56174,leukocyte,thrombosis risk,ASSOCIATED_WITH
42171,0,55513,microparticles,thrombosis,ASSOCIATED_WITH
51235,0,55534,inflammatory elements,thrombus formation,ASSOCIATED_WITH
48735,0,57354,m2b monocytes,infection risk,ASSOCIATED_WITH
42483,0,58569,lymphocytes,severity of infection,ASSOCIATED_WITH
44726,0,55513,cytomegalovirus,thrombosis,ASSOCIATED_WITH
51029,0,67379,decreased levels of regulatory t cells,autoreactivity in aiha,ASSOCIATED_WITH
43043,0,57534,nk cell absence,viraemia,ASSOCIATED_WITH
47954,0,55513,platelet-leukocyte aggregates,thrombosis,ASSOCIATED_WITH
52881,0,58842,increased muscle catabolism,hyperammonemia,ASSOCIATED_WITH
42689,0,57140,elevated absolute neutrophil count,early mortality,ASSOCIATED_WITH
53205,0,69975,leucocyte-platelet complex formation,acute symptomatic carotid stenosis,ASSOCIATED_WITH
43805,0,55765,catheter tip position (brachiocephalic vein and upper third of svc),thrombotic complications,ASSOCIATED_WITH
41633,0,62737,platelet activation,ischemic stroke susceptibility,ASSOCIATED_WITH
53219,0,57031,decreased alveolar macrophage phagocytosis,copd,ASSOCIATED_WITH
45555,0,61914,circulating tumor cells,increased risk of deep venous thrombosis,ASSOCIATED_WITH
42691,0,55865,persistent leukocytosis,vte,ASSOCIATED_WITH
51431,0,55515,abnormally high platelet count,deep vein thrombosis,ASSOCIATED_WITH
41732,0,63980,neutrophil activation,anaphylaxis severity,ASSOCIATED_WITH
42171,0,55576,microparticles,hypercoagulable state,ASSOCIATED_WITH
50054,0,55528,cd4+ t cell depletion,venous thrombosis,ASSOCIATED_WITH
43585,0,55527,mean platelet volume,deep venous thrombosis,ASSOCIATED_WITH
43572,0,55544,pre-chemotherapy platelet count,venous thromboembolism,ASSOCIATED_WITH
52307,0,67085,th17 cell frequency,covid-19 severity,ASSOCIATED_WITH
44983,0,58592,innate immune activation,tissue destruction,ASSOCIATED_WITH
44252,0,59157,thrombin receptor activation on maternal platelets,placental developmental failure,ASSOCIATED_WITH
42171,0,55568,microparticles,angiogenesis,ASSOCIATED_WITH
41655,0,55809,platelets,insulin resistance,ASSOCIATED_WITH
46078,0,64084,tregs,slow als progression,ASSOCIATED_WITH
48773,0,64509,proteus mirabilis,mastoiditis related venous thrombophlebitis,ASSOCIATED_WITH
52859,0,69601,reduced nk cell activity,cytokine storm progression,ASSOCIATED_WITH
45973,0,65448,decreased platelet reactivity,high risk of venous thromboembolism,ASSOCIATED_WITH
41716,0,55605,leukocytosis,arterial thrombosis,ASSOCIATED_WITH
42802,0,55942,platelet hyperreactivity,coagulopathy,ASSOCIATED_WITH
42946,0,60907,neutrophil extracellular traps,thrombi,ASSOCIATED_WITH
42171,0,55786,microparticles,pulmonary hypertension,ASSOCIATED_WITH
50903,0,58246,neutrophil–platelet aggregates,disease severity,ASSOCIATED_WITH
44443,0,58489,tf-bearing mvs,cancer-associated thrombosis,ASSOCIATED_WITH
47637,0,63236,cd56 dim and cd16 + unk cells,refractory apa-mediated recurrent pregnancy loss,ASSOCIATED_WITH
45568,0,61895,thrombocytopaenia,hit-related thrombosis,ASSOCIATED_WITH
42666,0,57106,proinflammatory activation of endothelium,venous thrombus genesis,ASSOCIATED_WITH
41716,0,55544,leukocytosis,venous thromboembolism,ASSOCIATED_WITH
42552,0,55544,white blood cells,venous thromboembolism,ASSOCIATED_WITH
41909,0,55865,platelet count,vte,ASSOCIATED_WITH
43586,0,61036,platelet distribution width,pulmonary embolism (pe) occurrence,ASSOCIATED_WITH
41633,0,55607,platelet activation,myocardial infarction,ASSOCIATED_WITH
46334,0,61796,decreased neutrophils and monocytes,slowed dvt formation,ASSOCIATED_WITH
47204,0,68394,cd8+ t lymphocytes,favorable prognosis in lung adenocarcinoma,ASSOCIATED_WITH
49522,0,57073,augmented function of helper t-cells,disease pathogenesis,ASSOCIATED_WITH
46791,0,65388,high platelet counts,acquired von willebrand disease,ASSOCIATED_WITH
42260,0,61460,endothelial cell apoptosis,emphysema pathogenesis,ASSOCIATED_WITH
42483,0,57567,lymphocytes,coronary vasospasm,ASSOCIATED_WITH
42833,0,57725,platelet-monocyte aggregates,vein graft stenosis,ASSOCIATED_WITH
47405,0,55772,b lymphocytes,hypertension,ASSOCIATED_WITH
42191,0,56446,leukocyte,haemorrhagic stroke,ASSOCIATED_WITH
46916,0,62434,t-cell lymphocytes,demyelinating neuropathies pathogenesis,ASSOCIATED_WITH
48544,0,69883,regulatory b cells,behçet’s syndrome activity score,ASSOCIATED_WITH
42123,0,57959,neutrophil recruitment,arthritis,ASSOCIATED_WITH
48851,0,56201,gut microbiota,metabolic syndrome,ASSOCIATED_WITH
41713,0,56252,monocytes,vasculitis,ASSOCIATED_WITH
48368,0,68197,cd3 cell count,disease deterioration,ASSOCIATED_WITH
42584,0,56948,apoptosis of plaque macrophages,plaque destabilization and rupture,ASSOCIATED_WITH
42946,0,68858,neutrophil extracellular traps,symptomatic severe carotid stenosis,ASSOCIATED_WITH
43236,0,55831,capillary endothelium apoptosis,emphysema,ASSOCIATED_WITH
43542,0,55552,granulocyte clone size,thromboembolism,ASSOCIATED_WITH
53113,0,55802,tpa insensitivity,mortality,ASSOCIATED_WITH
42766,0,56252,cd8+ t cells,vasculitis,ASSOCIATED_WITH
44726,0,55528,cytomegalovirus,venous thrombosis,ASSOCIATED_WITH
48507,0,64199,high monocyte count,nasopharyngeal carcinoma prognosis,ASSOCIATED_WITH
51476,0,57231,poor t cell responses,disease progression,ASSOCIATED_WITH
49188,0,64043,cecs,behçet's syndrome,ASSOCIATED_WITH
43141,0,57307,donor t cells,chronic gvhd,ASSOCIATED_WITH
49521,0,57073,aberrant t-regulatory activity,disease pathogenesis,ASSOCIATED_WITH
42622,0,59980,th2 response,extent of pulmonary vascular remodeling,ASSOCIATED_WITH
41631,0,55534,neutrophils,thrombus formation,ASSOCIATED_WITH
42171,0,55544,microparticles,venous thromboembolism,ASSOCIATED_WITH
51926,0,67219,nk cell count reduction,severe cases of covid-19,ASSOCIATED_WITH
45460,0,60706,senescent cell development,frailty phenotype,ASSOCIATED_WITH
49212,0,65025,low cd34+ cell level,cvd death,ASSOCIATED_WITH
46078,0,64712,tregs,systemic chemotherapy resistance,ASSOCIATED_WITH
41712,0,59588,tumor cells,intimal fibrosis,ASSOCIATED_WITH
51537,0,68024,erythrocyte content,low apparent diffusion coefficient,ASSOCIATED_WITH
44208,0,59120,diminished numbers and function of regulatory t cells,loss of immune tolerance,ASSOCIATED_WITH
42561,0,59985,platelet-derived microparticles,cancer biological activity,ASSOCIATED_WITH
41909,0,68012,platelet count,stress-stiffening behavior,ASSOCIATED_WITH
44065,0,58900,cd4 t cells,hiv-related cardiac disease,ASSOCIATED_WITH
46549,0,56195,pmvs,diabetes,ASSOCIATED_WITH
41634,0,55773,platelet aggregation,stroke,ASSOCIATED_WITH
42101,0,56880,leukemic cells,venous rupture,ASSOCIATED_WITH
42348,0,56686,anaerobic bacillus,lemierre syndrome,ASSOCIATED_WITH
46642,0,65355,lactobacillus,parasite burden,ASSOCIATED_WITH
42682,0,59044,monocyte activation,hiv pathogenesis,ASSOCIATED_WITH
44128,0,57073,epithelial cells,disease pathogenesis,ASSOCIATED_WITH
48038,0,55527,hematocrit,deep venous thrombosis,ASSOCIATED_WITH
48952,0,64716,phosphatidylserine (ps)-exposed platelets,high procoagulant activity,ASSOCIATED_WITH
48194,0,63928,ifn-γ producing cells,prolonged survival,ASSOCIATED_WITH
45190,0,60933,eosinophil count,clot permeability,ASSOCIATED_WITH
42820,0,57276,thrombasthenic platelets,defect in factor xii activation,ASSOCIATED_WITH
45241,0,55552,choriocarcinoma,thromboembolism,ASSOCIATED_WITH
47548,0,55887,t-all,cerebral venous thrombosis,ASSOCIATED_WITH
51849,0,56232,reduced lymphocyte count,dvt risk,ASSOCIATED_WITH
42353,0,67942,white blood cell count,pulmonary embolism in covid-19,ASSOCIATED_WITH
44196,0,58987,monocytosis,overall survival,ASSOCIATED_WITH
46081,0,69441,m2 macrophages,advanced stage lymph node metastasis,ASSOCIATED_WITH
46481,0,61946,neutrophil dominated inflammation,bronchiectasis,ASSOCIATED_WITH
41631,0,66929,neutrophils,tumor stage and poor prognosis in gastric cancer,ASSOCIATED_WITH
52134,0,57516,immune cell infiltration density,infarct volume,ASSOCIATED_WITH
49524,0,57073,abnormal b-cell activation,disease pathogenesis,ASSOCIATED_WITH
43585,0,61036,mean platelet volume,pulmonary embolism (pe) occurrence,ASSOCIATED_WITH
41883,0,59707,cd4+ t cells,low pt,ASSOCIATED_WITH
43584,0,59508,mitochondrial function,sarcopenia,ASSOCIATED_WITH
42948,0,57396,fusobacterium species,lemierre’s syndrome,ASSOCIATED_WITH
43369,0,67324,platelet hyperactivity,thrombotic/ischemic complications,ASSOCIATED_WITH
41633,0,60279,platelet activation,severity of illness,ASSOCIATED_WITH
48822,0,64583,reactivated t cells,cat onset,ASSOCIATED_WITH
43632,0,55639,stored erythrocytes,inflammation,ASSOCIATED_WITH
42946,0,60557,neutrophil extracellular traps,microthrombi,ASSOCIATED_WITH
41678,0,65436,macrophages,atherothrombotic risk,ASSOCIATED_WITH
49188,0,55707,cecs,vascular damage,ASSOCIATED_WITH
45973,0,55544,decreased platelet reactivity,venous thromboembolism,ASSOCIATED_WITH
51763,0,58246,th2 cell response,disease severity,ASSOCIATED_WITH
43573,0,55544,leukocyte count,venous thromboembolism,ASSOCIATED_WITH
43299,0,59603,mast cells,aortic valve stenosis severity,ASSOCIATED_WITH
50904,0,58246,monocyte–platelet aggregates,disease severity,ASSOCIATED_WITH
52308,0,67085,th1/treg ratio,covid-19 severity,ASSOCIATED_WITH
48234,0,63967,cellular response mediated by th1 lymphocytes,cardiac involvement predominates,ASSOCIATED_WITH
42766,0,58776,cd8+ t cells,inflammatory status,ASSOCIATED_WITH
42689,0,55865,elevated absolute neutrophil count,vte,ASSOCIATED_WITH
41964,0,56837,clear cell carcinoma,increased vte risk,ASSOCIATED_WITH
45744,0,58737,cardiomyocyte degeneration,myocardial dysfunction,ASSOCIATED_WITH
42273,0,55513,eosinophils,thrombosis,ASSOCIATED_WITH
51390,0,67872,defective macrophage function,malakoplakia,ASSOCIATED_WITH
43364,0,55552,platelet activation abnormalities,thromboembolism,ASSOCIATED_WITH
45311,0,60582,p53-like subtype,bone metastases,ASSOCIATED_WITH
44789,0,59884,staphylococcus aureus,infection-related dvt,ASSOCIATED_WITH
44680,0,55881,immune cell activation,cytokine storm,ASSOCIATED_WITH
42944,0,55527,endothelial cell dysfunction,deep venous thrombosis,ASSOCIATED_WITH
46321,0,61792,neutrophil extracellular traps/extracellular nucleosomes,thrombosis and vaso-occlusive pathologies,ASSOCIATED_WITH
42724,0,56079,th1 cells,infection,ASSOCIATED_WITH
41655,0,56544,platelets,procoagulant state,ASSOCIATED_WITH
49511,0,65355,akkermansia muciniphila,parasite burden,ASSOCIATED_WITH
41716,0,55865,leukocytosis,vte,ASSOCIATED_WITH
41782,0,58454,endothelial activation,pres,ASSOCIATED_WITH
43089,0,57600,aberrant plasma cells,risk of progression to multiple myeloma,ASSOCIATED_WITH
41633,0,57380,platelet activation,cerebrovascular disease,ASSOCIATED_WITH
44040,0,69835,b cell depletion,favorable renal outcome,ASSOCIATED_WITH
41716,0,57140,leukocytosis,early mortality,ASSOCIATED_WITH
41747,0,65155,inflammatory cells,tarlov cyst wall,ASSOCIATED_WITH
42207,0,56496,abnormally structured clots,risk of bleeding or thrombosis,ASSOCIATED_WITH
41865,0,55513,activation of platelets,thrombosis,ASSOCIATED_WITH
51043,0,67392,platelet-induced tissue factor expression in monocytes,worse severity and mortality,ASSOCIATED_WITH
49900,0,55552,adp aggregability,thromboembolism,ASSOCIATED_WITH
42300,0,56615,rpe atrophy,cc degeneration,ASSOCIATED_WITH
44680,0,56013,immune cell activation,systemic inflammatory response syndrome,ASSOCIATED_WITH
46549,0,57959,pmvs,arthritis,ASSOCIATED_WITH
42802,0,57205,platelet hyperreactivity,hyper-inflammatory response,ASSOCIATED_WITH
49899,0,55552,trap aggregability,thromboembolism,ASSOCIATED_WITH
42603,0,63028,nk cell cytotoxicity,reduced cancer risk,ASSOCIATED_WITH
45106,0,55568,evs,angiogenesis,ASSOCIATED_WITH
42403,0,55544,circulating tumour cells,venous thromboembolism,ASSOCIATED_WITH
51692,0,68191,decrease in platelets,acs development,ASSOCIATED_WITH
52175,0,59256,proinflammatory cd68+ m1 macrophages,takotsubo cardiomyopathy,ASSOCIATED_WITH
43207,0,57791,tumor-associated macrophages,poor outcome in breast cancer,ASSOCIATED_WITH
43521,0,67136,neutrophil extracellular trap formation,skeletal muscle fibrosis,ASSOCIATED_WITH
43040,0,63928,nk cell activation,prolonged survival,ASSOCIATED_WITH
52309,0,67085,th17/treg ratio,covid-19 severity,ASSOCIATED_WITH
42159,0,56369,cd4 t cell activation,opportunistic infection-related death,ASSOCIATED_WITH
41675,0,55765,platelet,thrombotic complications,ASSOCIATED_WITH
42691,0,57140,persistent leukocytosis,early mortality,ASSOCIATED_WITH
41716,0,58246,leukocytosis,disease severity,ASSOCIATED_WITH
43465,0,56386,infiltrating macrophages,interstitial pulmonary fibrosis,ASSOCIATED_WITH
49994,0,65957,low cd4 t cell count,severe diseases,ASSOCIATED_WITH
42690,0,57140,elevated absolute monocyte count,early mortality,ASSOCIATED_WITH
47791,0,59351,ferroptosis,neurodegenerative diseases,ASSOCIATED_WITH
42917,0,55528,activation of the endothelium,venous thrombosis,ASSOCIATED_WITH
43299,0,64207,mast cells,pruritis,ASSOCIATED_WITH
43320,0,57907,leukocytosis above 15 × 10^9/l,increased thrombotic risk,ASSOCIATED_WITH
44303,0,68423,th17 cells,sars-cov-2-related cytokine release syndrome,ASSOCIATED_WITH
42353,0,68662,white blood cell count,30-day mortality in acute mesenteric ischemia,ASSOCIATED_WITH
45725,0,56431,subcutaneous fat area,vascular inflammation,ASSOCIATED_WITH
41631,0,65303,neutrophils,tumor grade,ASSOCIATED_WITH
43446,0,55865,low cd4+ cell count,vte,ASSOCIATED_WITH
50327,0,66489,inflammatory cell infiltrates,organizing thrombus,ASSOCIATED_WITH
41782,0,55528,endothelial activation,venous thrombosis,ASSOCIATED_WITH
45723,0,56431,pericardial adipose tissue,vascular inflammation,ASSOCIATED_WITH
41633,0,55683,platelet activation,thrombotic events,ASSOCIATED_WITH
46379,0,64679,etosis,thrombus aging,ASSOCIATED_WITH
51056,0,67085,cd19+ b cell frequency,covid-19 severity,ASSOCIATED_WITH
41975,0,55942,macrophage activation,coagulopathy,ASSOCIATED_WITH
49974,0,55760,myocardial inflammatory cell infiltration,fibrosis,ASSOCIATED_WITH
45106,0,55513,evs,thrombosis,ASSOCIATED_WITH
43025,0,57507,decrease in ans activity,severe cardiac and cerebral complications,ASSOCIATED_WITH
52085,0,68707,hypometabolic neurons,long-covid visual and cognitive deficits,ASSOCIATED_WITH
45232,0,60493,cd163 immunoreactive microglia,aβ plaques,ASSOCIATED_WITH
51112,0,67454,activated ilc profile,soluble inflammatory markers,ASSOCIATED_WITH
42169,0,65313,leukocytes,sepsis progression,ASSOCIATED_WITH
51157,0,66496,megakaryocyte and erythroid cell responses,severe covid-19,ASSOCIATED_WITH
43867,0,58609,effector memory t cells,carotid intimal medial thickness,ASSOCIATED_WITH
41732,0,59348,neutrophil activation,painful sickle cell crisis,ASSOCIATED_WITH
48369,0,56235,cd4 cell count,vte risk,ASSOCIATED_WITH
52477,0,69264,high tumor-infiltrating neutrophils,worse recurrence-free survival,ASSOCIATED_WITH
45619,0,56262,baso%,lung metastasis,ASSOCIATED_WITH
41655,0,55980,platelets,alzheimer's disease,ASSOCIATED_WITH
43661,0,58493,netosis,venous thrombi in the lung,ASSOCIATED_WITH
45568,0,55513,thrombocytopaenia,thrombosis,ASSOCIATED_WITH
45568,0,58451,thrombocytopaenia,acute kidney injury,ASSOCIATED_WITH
49795,0,64514,nk cell count decrease,herpes zoster,ASSOCIATED_WITH
42946,0,57113,neutrophil extracellular traps,autoimmunity,ASSOCIATED_WITH
51095,0,67429,t-cell exhaustion,worsened clinical outcomes,ASSOCIATED_WITH
41716,0,55551,leukocytosis,hypercoagulability,ASSOCIATED_WITH
46145,0,58280,myeloid cell accumulation,plaque instability,ASSOCIATED_WITH
41909,0,69975,platelet count,acute symptomatic carotid stenosis,ASSOCIATED_WITH
45106,0,63682,evs,inflammation-associated disorders,ASSOCIATED_WITH
43299,0,59946,mast cells,disease stage,ASSOCIATED_WITH
45471,0,60707,t h 17 cells,active disease,ASSOCIATED_WITH
48210,0,55515,soleal vein diameter,deep vein thrombosis,ASSOCIATED_WITH
42946,0,68340,neutrophil extracellular traps,hypercoagulation and endothelial injury,ASSOCIATED_WITH
44601,0,59654,circulating platelet-monocyte aggregates,stable coronary heart disease and acute coronary syndromes,ASSOCIATED_WITH
41633,0,62396,platelet activation,coronary vascular disease,ASSOCIATED_WITH
41655,0,58557,platelets,thromboembolic disease,ASSOCIATED_WITH
52517,0,69292,increased occurrence of nets,hypercoagulation and endothelial damage,ASSOCIATED_WITH
50061,0,66479,t lymphocyte infiltration,type iv hypersensitivity reaction,ASSOCIATED_WITH
43585,0,59182,mean platelet volume,coronary artery ectasia,ASSOCIATED_WITH
43630,0,60293,macrophage infiltration,poor outcome,ASSOCIATED_WITH
42353,0,57877,white blood cell count,stroke risk,ASSOCIATED_WITH
42873,0,62108,myofibroblasts,fibrogenesis,ASSOCIATED_WITH
41716,0,57458,leukocytosis,increased risk of major vascular events,ASSOCIATED_WITH
44111,0,63088,activated monocytes,hemostasis and thrombosis,ASSOCIATED_WITH
42662,0,55503,mscs,immune response,ASSOCIATED_WITH
50097,0,58987,cd4+ th2 cells,overall survival,ASSOCIATED_WITH
41631,0,55595,neutrophils,atherosclerosis,ASSOCIATED_WITH
41664,0,60706,apoptosis,frailty phenotype,ASSOCIATED_WITH
42347,0,57034,tf-positive microparticles,activation of coagulation,ASSOCIATED_WITH
50096,0,58987,nk (cd56-) cells,overall survival,ASSOCIATED_WITH
52478,0,69264,high tumor-infiltrating macrophages,worse recurrence-free survival,ASSOCIATED_WITH
48175,0,60830,t-cell abnormalities,sarcoidosis,ASSOCIATED_WITH
49069,0,56000,fibrin thrombi,ischemic injury,ASSOCIATED_WITH
41655,0,55516,platelets,pulmonary embolism,ASSOCIATED_WITH
52256,0,68998,low platelet level,urgency,ASSOCIATED_WITH
43661,0,55513,netosis,thrombosis,ASSOCIATED_WITH
42123,0,55538,neutrophil recruitment,multiple sclerosis,ASSOCIATED_WITH
50682,0,66930,tumor-infiltrating lymphocytes,prognosis of gastric cancer,ASSOCIATED_WITH
41716,0,57386,leukocytosis,right ventricular failure,ASSOCIATED_WITH
43622,0,63050,net formation,increased plasma dna,ASSOCIATED_WITH
45934,0,55513,pdmp,thrombosis,ASSOCIATED_WITH
52301,0,69059,macrophage hyperactivity,hyperhemolysis syndrome,ASSOCIATED_WITH
48515,0,64210,edmp,inr,ASSOCIATED_WITH
42353,0,55575,white blood cell count,venous thromboembolism risk,ASSOCIATED_WITH
49512,0,65355,allobaculum,parasite burden,ASSOCIATED_WITH
46623,0,62119,higher neutrophil percentage in bronchoalveolar lavage fluid,acute exacerbation of idiopathic pulmonary fibrosis,ASSOCIATED_WITH
41631,0,56252,neutrophils,vasculitis,ASSOCIATED_WITH
42833,0,55802,platelet-monocyte aggregates,mortality,ASSOCIATED_WITH
52479,0,69264,macrophage extracellular traps,worse recurrence-free survival,ASSOCIATED_WITH
46081,0,69442,m2 macrophages,poor patient outcome,ASSOCIATED_WITH
45994,0,61490,t fh cells,cytokine milieu overexpression,ASSOCIATED_WITH
41678,0,58246,macrophages,disease severity,ASSOCIATED_WITH
50315,0,66472,cd19+ b cell repopulation,disease relapse,ASSOCIATED_WITH
42802,0,55605,platelet hyperreactivity,arterial thrombosis,ASSOCIATED_WITH
45020,0,60167,tumor-derived microparticles,cancer-related venous thromboembolism,ASSOCIATED_WITH
41909,0,55544,platelet count,venous thromboembolism,ASSOCIATED_WITH
41964,0,56152,clear cell carcinoma,vte development,ASSOCIATED_WITH
42662,0,59758,mscs,lung injury in ards,ASSOCIATED_WITH
44766,0,59848,rmps,denv disease severity,ASSOCIATED_WITH
52677,0,56037,ps+ bcmps expression,procoagulant activity,ASSOCIATED_WITH
45311,0,56902,p53-like subtype,chemoresistance,ASSOCIATED_WITH
51622,0,68104,decreased t cell dna methylation,lupus t cell defects,ASSOCIATED_WITH
42301,0,56617,rpe loss,cc loss,ASSOCIATED_WITH
44987,0,60146,elevated neutrophil counts,poorer cancer-specific survival,ASSOCIATED_WITH
41655,0,55959,platelets,obesity,ASSOCIATED_WITH
43170,0,57735,neutrophil microparticles,anca-associated vasculitis,ASSOCIATED_WITH
46791,0,62297,high platelet counts,osteonecrosis susceptibility,ASSOCIATED_WITH
41633,0,56523,platelet activation,myocardial injury,ASSOCIATED_WITH
45461,0,60706,necroptosis,frailty phenotype,ASSOCIATED_WITH
42893,0,58987,dendritic cell,overall survival,ASSOCIATED_WITH
44196,0,60659,monocytosis,progression-free survival,ASSOCIATED_WITH
41622,0,55576,endothelial cells,hypercoagulable state,ASSOCIATED_WITH
44776,0,55786,intimal proliferation,pulmonary hypertension,ASSOCIATED_WITH
41883,0,65378,cd4+ t cells,vasculitic conditions,ASSOCIATED_WITH
41675,0,55527,platelet,deep venous thrombosis,ASSOCIATED_WITH
52586,0,68330,macrophage phenotype switch,inflammation resolution,ASSOCIATED_WITH
42946,0,55569,neutrophil extracellular traps,metastasis,ASSOCIATED_WITH
49523,0,57073,lymphoneogenesis,disease pathogenesis,ASSOCIATED_WITH
46404,0,60219,lth,immune evasion,ASSOCIATED_WITH
50766,0,64170,epcs number alteration,inflammation responses,ASSOCIATED_WITH
46867,0,63929,inkt cells,objective clinical responses,ASSOCIATED_WITH
42946,0,55513,neutrophil extracellular traps,thrombosis,ASSOCIATED_WITH
41732,0,58447,neutrophil activation,acute chest syndrome,ASSOCIATED_WITH
41633,0,56174,platelet activation,thrombosis risk,ASSOCIATED_WITH
43573,0,55666,leukocyte count,coronary heart disease,ASSOCIATED_WITH
41631,0,55615,neutrophils,inflammatory response,ASSOCIATED_WITH
42561,0,55527,platelet-derived microparticles,deep venous thrombosis,ASSOCIATED_WITH
48369,0,68197,cd4 cell count,disease deterioration,ASSOCIATED_WITH
46978,0,62708,endothelial cell barrier function,ccm,ASSOCIATED_WITH
43419,0,65719,exosomes,blood vessel thrombosis,ASSOCIATED_WITH
44585,0,59634,eosinophilic infiltrates,coronary artery dissection,ASSOCIATED_WITH
44196,0,56965,monocytosis,metastases,ASSOCIATED_WITH
41655,0,56500,platelets,cancer progression,ASSOCIATED_WITH
44096,0,58947,ccr7+ cells,fibrotic areas,ASSOCIATED_WITH
42752,0,55513,platelet-leukocyte interactions,thrombosis,ASSOCIATED_WITH
42690,0,55865,elevated absolute monocyte count,vte,ASSOCIATED_WITH
48175,0,63889,t-cell abnormalities,intravascular lymphoma,ASSOCIATED_WITH
50386,0,66595,lymphocyte decrease,adverse outcomes in covid-19,ASSOCIATED_WITH
51032,0,67380,increased il-17 secretion,disease activity in aiha,ASSOCIATED_WITH
42946,0,69264,neutrophil extracellular traps,worse recurrence-free survival,ASSOCIATED_WITH
44533,0,55942,endothelial cell damage/activation,coagulopathy,ASSOCIATED_WITH
41633,0,55513,platelet activation,thrombosis,ASSOCIATED_WITH
45139,0,60362,platelet mitochondrial membrane depolarization,sepsis severity,ASSOCIATED_WITH
46940,0,57948,cd68-immunoreactive macrophages/microglia infiltration,hemorrhagic infarction,ASSOCIATED_WITH
42273,0,59946,eosinophils,disease stage,ASSOCIATED_WITH
43128,0,57668,circulating mdsc level,pathologic complete response,ASSOCIATED_WITH
43051,0,57550,t-lymphocytes dysfunction,pathophysiology of behçet’s disease,ASSOCIATED_WITH
41673,0,67310,endothelial cell injury,vlu pathogenesis,ASSOCIATED_WITH
43632,0,56098,stored erythrocytes,oxidative stress,ASSOCIATED_WITH
46549,0,56791,pmvs,cvd,ASSOCIATED_WITH
50137,0,66182,ec senescence,dysfunctional coagulation,ASSOCIATED_WITH
45899,0,61339,mediastinal large b-cell lymphoma,jugular-subclavian deep vein thrombosis,ASSOCIATED_WITH
52302,0,69059,suppression of erythropoiesis,hyperhemolysis syndrome,ASSOCIATED_WITH
46081,0,55760,m2 macrophages,fibrosis,ASSOCIATED_WITH
42860,0,56037,platelet-derived microvesicles,procoagulant activity,ASSOCIATED_WITH
43630,0,58737,macrophage infiltration,myocardial dysfunction,ASSOCIATED_WITH
42071,0,66931,peripheral blood mononuclear cells,progression of malignant tumors,ASSOCIATED_WITH
43521,0,55513,neutrophil extracellular trap formation,thrombosis,ASSOCIATED_WITH
46549,0,60349,pmvs,tissue regeneration,ASSOCIATED_WITH
42583,0,69263,neutrophil infiltration,who grade,ASSOCIATED_WITH
49212,0,64088,low cd34+ cell level,major adverse cardiovascular events,ASSOCIATED_WITH
43900,0,58674,cd8+ t-lymphocyte infiltration,intimal thickness,ASSOCIATED_WITH
42561,0,55555,platelet-derived microparticles,pulmonary thromboembolism,ASSOCIATED_WITH
51538,0,68025,smooth muscle cell content,high apparent diffusion coefficient,ASSOCIATED_WITH
43836,0,55527,neutrophil,deep venous thrombosis,ASSOCIATED_WITH
42552,0,67601,white blood cells,alt elevation,ASSOCIATED_WITH
47167,0,62729,abnormal thrombocytes,secondary headache,ASSOCIATED_WITH
45747,0,55710,increased th17 cells,preeclampsia,ASSOCIATED_WITH
52444,0,69217,coated-platelet levels,death risk,ASSOCIATED_WITH
42353,0,68663,white blood cell count,non-survivable bowel necrosis,ASSOCIATED_WITH
41716,0,58252,leukocytosis,vascular events,ASSOCIATED_WITH
44727,0,55534,neutrophil-derived microparticles,thrombus formation,ASSOCIATED_WITH
41631,0,55544,neutrophils,venous thromboembolism,ASSOCIATED_WITH
52765,0,66579,endothelial cell hyperactivation,severity of covid-19,ASSOCIATED_WITH
45113,0,58908,cd4+cd25 high regulatory t cells,immune suppression,ASSOCIATED_WITH
44447,0,55544,clear cell histology,venous thromboembolism,ASSOCIATED_WITH
51691,0,68191,increase in leukocytes,acs development,ASSOCIATED_WITH
72545,18,55765,oral oestrogen,thrombotic complications,ASSOCIATED_WITH
74847,18,65075,serum iron,carotid plaque,ASSOCIATED_WITH
75210,18,66691,cell-free netosis-derived products,clinical inflammatory parameters,ASSOCIATED_WITH
75707,18,69194,u11-dh-txb2,longer hospitalization,ASSOCIATED_WITH
72261,18,67672,d-dimer,need for intubation,ASSOCIATED_WITH
72418,18,57912,thrombin-antithrombin complex,increased toxicity,ASSOCIATED_WITH
72271,18,59230,malondialdehyde,left atrial thrombus formation,ASSOCIATED_WITH
72248,18,55812,testosterone,coronary artery disease,ASSOCIATED_WITH
72421,18,64335,d-dimer concentration,composite cardiovascular endpoint,ASSOCIATED_WITH
73905,18,61274,normalized lactate load,development of acute kidney injury,ASSOCIATED_WITH
74199,18,67359,novel oral anticoagulants,hemorrhage events,ASSOCIATED_WITH
72350,18,69544,corticosteroids,kaposi’s sarcoma,ASSOCIATED_WITH
73509,18,59837,tf-bearing pmps,substantial bleeding,ASSOCIATED_WITH
72261,18,55976,d-dimer,rheumatoid arthritis,ASSOCIATED_WITH
72716,18,57125,moderate alcohol consumption,incidence of diabetes,ASSOCIATED_WITH
72231,18,61417,homocysteine,brain atrophy,ASSOCIATED_WITH
73251,18,58839,taurine deficiency,neurological dysfunction,ASSOCIATED_WITH
72727,18,60163,lactate,neutrophil count,ASSOCIATED_WITH
74821,18,64973,high factor viii/protein c ratio,pro-thrombotic status,ASSOCIATED_WITH
72261,18,58678,d-dimer,stroke severity,ASSOCIATED_WITH
72261,18,55772,d-dimer,hypertension,ASSOCIATED_WITH
72241,18,58941,levonorgestrel,elevated breast cancer risk,ASSOCIATED_WITH
72278,18,56291,reactive oxygen species,dna damage,ASSOCIATED_WITH
72246,18,64003,estrogen,cardiovascular manifestation,ASSOCIATED_WITH
73902,18,58103,pufa,atherosclerosis progression,ASSOCIATED_WITH
72261,18,55576,d-dimer,hypercoagulable state,ASSOCIATED_WITH
72261,18,67085,d-dimer,covid-19 severity,ASSOCIATED_WITH
72379,18,55528,hcy,venous thrombosis,ASSOCIATED_WITH
72261,18,63989,d-dimer,severity of sap,ASSOCIATED_WITH
72379,18,57035,hcy,multiple organ failure,ASSOCIATED_WITH
72261,18,57154,d-dimer,post-thrombotic syndrome,ASSOCIATED_WITH
72450,18,55639,d-dimer level,inflammation,ASSOCIATED_WITH
75599,18,65314,pre-operative d-dimer concentration,patient survival,ASSOCIATED_WITH
73212,18,55922,estrogen dose,thrombogenicity,ASSOCIATED_WITH
74054,18,68912,serum ferritin,severe and critical covid-19,ASSOCIATED_WITH
72246,18,59322,estrogen,central venous thrombosis,ASSOCIATED_WITH
72261,18,58062,d-dimer,tumor burden and stage,ASSOCIATED_WITH
74684,18,64364,serum cortisol,false lumen thrombosis,ASSOCIATED_WITH
73754,18,56865,cell-free dna,thrombotic risk,ASSOCIATED_WITH
73849,18,55887,oral contraception,cerebral venous thrombosis,ASSOCIATED_WITH
72264,18,56522,thalidomide,eosinophilic pneumonia,ASSOCIATED_WITH
75438,18,67671,piperacillin/tazobactam,atn,ASSOCIATED_WITH
72246,18,67199,estrogen,lesser predisposition to thromboembolism,ASSOCIATED_WITH
75278,18,55710,oxidized-ldl,preeclampsia,ASSOCIATED_WITH
73904,18,61272,plasma d-dimer level,poor overall survival in advanced nsclc,ASSOCIATED_WITH
72340,18,55528,gpi deficiency,venous thrombosis,ASSOCIATED_WITH
73794,18,60941,asn,diabetes risk,ASSOCIATED_WITH
75400,18,56523,elevated catecholamine,myocardial injury,ASSOCIATED_WITH
72443,18,55639,atp,inflammation,ASSOCIATED_WITH
73695,18,55569,tn antigen,metastasis,ASSOCIATED_WITH
72248,18,55675,testosterone,cardiovascular disease,ASSOCIATED_WITH
72724,18,55890,choline,vasculopathy,ASSOCIATED_WITH
75872,18,69934,arteriovenous nicking,retinal branch vein occlusion prevalence,ASSOCIATED_WITH
75462,18,67766,blood copper level,osteoarthrosis,ASSOCIATED_WITH
72888,18,55865,txa,vte,ASSOCIATED_WITH
75569,18,64840,d-dimer surge,prolonged prothrombin time,ASSOCIATED_WITH
73946,18,63025,d-dimer elevation,pulmonary microthrombosis,ASSOCIATED_WITH
72838,18,55516,d-dimer levels,pulmonary embolism,ASSOCIATED_WITH
74959,18,65526,rivaroxaban concentration,amplitude after 5 min,ASSOCIATED_WITH
74847,18,55544,serum iron,venous thromboembolism,ASSOCIATED_WITH
73878,18,61205,quin level,unfavourable outcome,ASSOCIATED_WITH
72366,18,55515,thcy level,deep vein thrombosis,ASSOCIATED_WITH
72295,18,61082,warfarin,higher bone formation rate/bone surface,ASSOCIATED_WITH
72231,18,61416,homocysteine,white matter hyperintensities,ASSOCIATED_WITH
74326,18,55639,pipecolate,inflammation,ASSOCIATED_WITH
75335,18,67222,xylitol,hepatocellular leakage,ASSOCIATED_WITH
72564,18,55513,calcium deposits,thrombosis,ASSOCIATED_WITH
72231,18,55982,homocysteine,autoimmune diseases,ASSOCIATED_WITH
72231,18,55617,homocysteine,endothelial damage,ASSOCIATED_WITH
73251,18,56497,taurine deficiency,cardiac dysfunction,ASSOCIATED_WITH
73946,18,58177,d-dimer elevation,poor prognosis,ASSOCIATED_WITH
74000,18,61652,ua,dm,ASSOCIATED_WITH
72626,18,64448,tranexamic acid,thromboembolic event,ASSOCIATED_WITH
72261,18,55842,d-dimer,disseminated intravascular coagulation,ASSOCIATED_WITH
73558,18,55528,thcy,venous thrombosis,ASSOCIATED_WITH
72233,18,55515,lipoprotein,deep vein thrombosis,ASSOCIATED_WITH
72657,18,59182,hdl-c,coronary artery ectasia,ASSOCIATED_WITH
72764,18,60690,bilirubin,coronary heart disease mortality,ASSOCIATED_WITH
74771,18,64722,propylene glycol and glycerol,increased distal airway injury,ASSOCIATED_WITH
73833,18,56342,elevated d-dimer,in-hospital mortality,ASSOCIATED_WITH
72250,18,55544,tamoxifen,venous thromboembolism,ASSOCIATED_WITH
72233,18,57387,lipoprotein,csvt,ASSOCIATED_WITH
73376,18,55528,glucer,venous thrombosis,ASSOCIATED_WITH
73872,18,56057,aas,polycythemia,ASSOCIATED_WITH
72810,18,57790,vitamin e,inflammatory disorders,ASSOCIATED_WITH
74901,18,56845,high calcitriol levels,hypercalcemia,ASSOCIATED_WITH
74194,18,62272,aptt prolongation,hematoma formation,ASSOCIATED_WITH
72418,18,57911,thrombin-antithrombin complex,decreased survival,ASSOCIATED_WITH
74238,18,55773,tmao,stroke,ASSOCIATED_WITH
73112,18,58302,trans fatty acids,coronary atherosclerosis progression,ASSOCIATED_WITH
72231,18,55529,homocysteine,thrombophilia,ASSOCIATED_WITH
72400,18,55607,hdl cholesterol,myocardial infarction,ASSOCIATED_WITH
72261,18,69050,d-dimer,new-onset arrhythmic event,ASSOCIATED_WITH
74531,18,55842,mpo-dna,disseminated intravascular coagulation,ASSOCIATED_WITH
73055,18,55528,abo blood group,venous thrombosis,ASSOCIATED_WITH
72450,18,55544,d-dimer level,venous thromboembolism,ASSOCIATED_WITH
73772,18,56951,elevated d-dimer level,increased risk of thromboembolism,ASSOCIATED_WITH
72459,18,57567,thromboxane a2,coronary vasospasm,ASSOCIATED_WITH
72421,18,66849,d-dimer concentration,decreasing estimated glomerular filtration rate,ASSOCIATED_WITH
74083,18,66867,cfdna,ischemic outcomes,ASSOCIATED_WITH
73055,18,55710,abo blood group,preeclampsia,ASSOCIATED_WITH
72718,18,55678,vitamin c,cancer,ASSOCIATED_WITH
72231,18,55772,homocysteine,hypertension,ASSOCIATED_WITH
75065,18,60781,heme concentration,clot size,ASSOCIATED_WITH
72261,18,67936,d-dimer,acute ischemic stroke-like symptoms,ASSOCIATED_WITH
72261,18,62261,d-dimer,kidney injury,ASSOCIATED_WITH
73091,18,66119,fibrin degradation products,severe symptoms and death,ASSOCIATED_WITH
72261,18,63799,d-dimer,crcis,ASSOCIATED_WITH
72317,18,55666,total cholesterol,coronary heart disease,ASSOCIATED_WITH
72261,18,67515,d-dimer,dry gangrene with arteriosclerosis obliterans,ASSOCIATED_WITH
73212,18,56282,estrogen dose,thromboembolism risk,ASSOCIATED_WITH
72261,18,55881,d-dimer,cytokine storm,ASSOCIATED_WITH
72450,18,57293,d-dimer level,venous malformation,ASSOCIATED_WITH
72261,18,55865,d-dimer,vte,ASSOCIATED_WITH
74499,18,55515,low iron,deep vein thrombosis,ASSOCIATED_WITH
72946,18,55772,elevated triglycerides,hypertension,ASSOCIATED_WITH
73752,18,57958,l-ornithine,pulmonary vascular remodelling,ASSOCIATED_WITH
73204,18,58643,hba1c levels,heart disease,ASSOCIATED_WITH
72250,18,56993,tamoxifen,deep-vein thrombosis,ASSOCIATED_WITH
72261,18,58246,d-dimer,disease severity,ASSOCIATED_WITH
73234,18,56435,lipoprotein (a) [lp(a)],osteonecrosis,ASSOCIATED_WITH
73446,18,58079,increased d-dimer levels,ards,ASSOCIATED_WITH
73803,18,60966,mitomycin c,hemolytic-uremic syndrome,ASSOCIATED_WITH
72261,18,55672,d-dimer,ischemic stroke,ASSOCIATED_WITH
72461,18,55513,elevated homocysteine levels,thrombosis,ASSOCIATED_WITH
72390,18,55786,fenfluramine,pulmonary hypertension,ASSOCIATED_WITH
73032,18,67823,factor xa inhibitors,biphasic thrombin generation curve,ASSOCIATED_WITH
72248,18,56105,testosterone,coagulation disorders,ASSOCIATED_WITH
75089,18,59322,azithromycin,central venous thrombosis,ASSOCIATED_WITH
72261,18,66539,d-dimer,illness severity,ASSOCIATED_WITH
74873,18,65179,circulating neutrophil-derived dna,pancreatic ductal adenocarcinoma stage,ASSOCIATED_WITH
72340,18,55513,gpi deficiency,thrombosis,ASSOCIATED_WITH
74642,18,64182,sphinganine,severe cap,ASSOCIATED_WITH
72231,18,60034,homocysteine,vascular disease,ASSOCIATED_WITH
74171,18,58061,d-dimer levels >4000 ng/ml,occult cancer,ASSOCIATED_WITH
73786,18,55865,aa,vte,ASSOCIATED_WITH
72838,18,66579,d-dimer levels,severity of covid-19,ASSOCIATED_WITH
75461,18,67765,blood iron level,lipid metabolism disorders,ASSOCIATED_WITH
72237,18,59308,heparin,adrenal haemorrhage,ASSOCIATED_WITH
72607,18,55513,eptifibatide,thrombosis,ASSOCIATED_WITH
73654,18,60420,serum phosphate,red cell distribution width,ASSOCIATED_WITH
73670,18,55510,low serum iron,ischaemic stroke,ASSOCIATED_WITH
72587,18,58221,dabigatran,reduced risk of stroke and venous thromboembolism,ASSOCIATED_WITH
74452,18,55513,desialylation,thrombosis,ASSOCIATED_WITH
72248,18,55774,testosterone,diabetes mellitus,ASSOCIATED_WITH
73904,18,69966,plasma d-dimer level,prosthetic valve thrombus,ASSOCIATED_WITH
73549,18,55773,folate,stroke,ASSOCIATED_WITH
72261,18,56235,d-dimer,vte risk,ASSOCIATED_WITH
72718,18,57790,vitamin c,inflammatory disorders,ASSOCIATED_WITH
74651,18,55544,fibrin degradation product,venous thromboembolism,ASSOCIATED_WITH
72261,18,63472,d-dimer,thrombosis recurrence,ASSOCIATED_WITH
72382,18,55842,fdp,disseminated intravascular coagulation,ASSOCIATED_WITH
72277,18,61342,lps,prothrombin fragment f1+2,ASSOCIATED_WITH
72237,18,55514,heparin,heparin-induced thrombocytopenia,ASSOCIATED_WITH
72261,18,55551,d-dimer,hypercoagulability,ASSOCIATED_WITH
72231,18,55516,homocysteine,pulmonary embolism,ASSOCIATED_WITH
75752,18,69377,serum metabolites,"behavioral scores, brain water content and hemorheology",ASSOCIATED_WITH
72261,18,55555,d-dimer,pulmonary thromboembolism,ASSOCIATED_WITH
73127,18,58342,legfat%,bapwv,ASSOCIATED_WITH
72421,18,66848,d-dimer concentration,increasing creatinine levels,ASSOCIATED_WITH
72237,18,69965,heparin,heparin induced thrombocytopenia and thrombosis,ASSOCIATED_WITH
73812,18,60089,vincristine,neutropenia,ASSOCIATED_WITH
72626,18,61281,tranexamic acid,lower postoperative blood loss,ASSOCIATED_WITH
72463,18,55527,vitamin b6,deep venous thrombosis,ASSOCIATED_WITH
72586,18,59711,adma,ckd progression,ASSOCIATED_WITH
72921,18,58990,low-density lipoprotein cholesterol,increased chd risk from hormone therapy,ASSOCIATED_WITH
73946,18,68884,d-dimer elevation,poor survival rates,ASSOCIATED_WITH
75750,18,69374,low serum magnesium level,increased risk of acute copd exacerbation,ASSOCIATED_WITH
72491,18,56338,low cholesterol levels,intracerebral hemorrhage,ASSOCIATED_WITH
73060,18,60054,ldl-cholesterol,pathogenesis of preeclampsia,ASSOCIATED_WITH
75569,18,55842,d-dimer surge,disseminated intravascular coagulation,ASSOCIATED_WITH
73609,18,60232,high-protein tpn,subclavian vein thrombosis,ASSOCIATED_WITH
72453,18,55514,highly sulfated domain,heparin-induced thrombocytopenia,ASSOCIATED_WITH
72297,18,55615,cml,inflammatory response,ASSOCIATED_WITH
72231,18,55773,homocysteine,stroke,ASSOCIATED_WITH
72248,18,55516,testosterone,pulmonary embolism,ASSOCIATED_WITH
72261,18,60957,d-dimer,bowel necrosis,ASSOCIATED_WITH
72371,18,55957,raised serum sialic acid,severity of coronary lesions,ASSOCIATED_WITH
74431,18,63465,transdermal estrogen,lower vte risk,ASSOCIATED_WITH
72231,18,58849,homocysteine,chronic venous ulcers,ASSOCIATED_WITH
72886,18,58053,oral contraceptives,cerebral venous sinus thrombosis,ASSOCIATED_WITH
72261,18,57005,d-dimer,arterial thrombotic events,ASSOCIATED_WITH
72463,18,55672,vitamin b6,ischemic stroke,ASSOCIATED_WITH
72261,18,58177,d-dimer,poor prognosis,ASSOCIATED_WITH
72636,18,56819,serum markers,long-term outcome,ASSOCIATED_WITH
72261,18,67700,d-dimer,clot embolism,ASSOCIATED_WITH
74389,18,55544,circulating platelet microvesicles,venous thromboembolism,ASSOCIATED_WITH
73209,18,64830,mda,clinical deterioration,ASSOCIATED_WITH
72278,18,63633,reactive oxygen species,genomic instability,ASSOCIATED_WITH
72727,18,64182,lactate,severe cap,ASSOCIATED_WITH
72261,18,70006,d-dimer,active systemic sclerosis,ASSOCIATED_WITH
72231,18,66421,homocysteine,hemorrhagic strokes,ASSOCIATED_WITH
72261,18,55527,d-dimer,deep venous thrombosis,ASSOCIATED_WITH
72261,18,60293,d-dimer,poor outcome,ASSOCIATED_WITH
75544,18,68160,smvap index,invasive mechanical ventilation,ASSOCIATED_WITH
72838,18,66121,d-dimer levels,risk of covid-19 pneumonia,ASSOCIATED_WITH
74000,18,57345,ua,nafld,ASSOCIATED_WITH
72250,18,63660,tamoxifen,increased risk of deep vein thrombosis,ASSOCIATED_WITH
72735,18,55639,lp,inflammation,ASSOCIATED_WITH
74663,18,56899,lower egfr,hemorrhage,ASSOCIATED_WITH
72306,18,55635,cyclophosphamide,endothelial dysfunction,ASSOCIATED_WITH
75575,18,57231,cfdna concentration,disease progression,ASSOCIATED_WITH
72231,18,55812,homocysteine,coronary artery disease,ASSOCIATED_WITH
72401,18,58346,ros,autoimmune disease pathogenesis,ASSOCIATED_WITH
72261,18,68202,d-dimer,severe respiratory failure,ASSOCIATED_WITH
72231,18,55918,homocysteine,cancer development,ASSOCIATED_WITH
72459,18,55710,thromboxane a2,preeclampsia,ASSOCIATED_WITH
74558,18,55675,advanced glycation end products,cardiovascular disease,ASSOCIATED_WITH
75736,18,58079,labile heme,ards,ASSOCIATED_WITH
75038,18,65896,creatinine clearance less than 50 ml/min,higher risk of recurrent vte,ASSOCIATED_WITH
72250,18,55683,tamoxifen,thrombotic events,ASSOCIATED_WITH
72802,18,70023,low molecular weight heparin,rectus sheath haematoma,ASSOCIATED_WITH
72233,18,59536,lipoprotein,euglobulin lysis time,ASSOCIATED_WITH
74083,18,60933,cfdna,clot permeability,ASSOCIATED_WITH
72261,18,60291,d-dimer,distant metastasis,ASSOCIATED_WITH
73015,18,58678,glutamate,stroke severity,ASSOCIATED_WITH
74171,18,56864,d-dimer levels >4000 ng/ml,metastatic cancer,ASSOCIATED_WITH
73087,18,64854,uric acid,nonalcoholic fatty liver disease,ASSOCIATED_WITH
72231,18,55551,homocysteine,hypercoagulability,ASSOCIATED_WITH
74083,18,68390,cfdna,admission to icu,ASSOCIATED_WITH
73718,18,60607,serum iron level,pulmonary exacerbation,ASSOCIATED_WITH
72617,18,64302,serotonin,increased rv afterload,ASSOCIATED_WITH
72246,18,58256,estrogen,aps,ASSOCIATED_WITH
72261,18,56233,d-dimer,dvt,ASSOCIATED_WITH
73875,18,61204,hcy level elevation,overall cancer risk,ASSOCIATED_WITH
72240,18,55518,acidosis,growth failure,ASSOCIATED_WITH
72735,18,61589,lp,three vessel and/or left main disease,ASSOCIATED_WITH
73251,18,56146,taurine deficiency,immune dysfunction,ASSOCIATED_WITH
74663,18,63911,lower egfr,cvd risk,ASSOCIATED_WITH
72261,18,56918,d-dimer,ascites,ASSOCIATED_WITH
73004,18,57910,isotretinoin,vascular thrombi,ASSOCIATED_WITH
72801,18,69000,low serum albumin level,urge incontinence,ASSOCIATED_WITH
72528,18,55500,vitamin d,hypoxia,ASSOCIATED_WITH
72261,18,55666,d-dimer,coronary heart disease,ASSOCIATED_WITH
72727,18,68361,lactate,severe ischemic brain injury,ASSOCIATED_WITH
72261,18,55575,d-dimer,venous thromboembolism risk,ASSOCIATED_WITH
73007,18,57917,ergotamine,non-occlusive mesenteric ischemia,ASSOCIATED_WITH
73112,18,55773,trans fatty acids,stroke,ASSOCIATED_WITH
74303,18,62728,oestrogen fluctuations,primary headache disorders,ASSOCIATED_WITH
72281,18,63559,endotoxin,severity of enteropathy,ASSOCIATED_WITH
75740,18,69344,inflammation biomarkers,cytokine storm and rapid deterioration of clinical situation,ASSOCIATED_WITH
73087,18,56201,uric acid,metabolic syndrome,ASSOCIATED_WITH
72764,18,56156,bilirubin,cardiovascular diseases,ASSOCIATED_WITH
73162,18,58443,ω-6 pufas,fatigue,ASSOCIATED_WITH
72231,18,55528,homocysteine,venous thrombosis,ASSOCIATED_WITH
72231,18,55675,homocysteine,cardiovascular disease,ASSOCIATED_WITH
73803,18,56386,mitomycin c,interstitial pulmonary fibrosis,ASSOCIATED_WITH
73269,18,55515,25-hydroxyvitamin d,deep vein thrombosis,ASSOCIATED_WITH
72261,18,68983,d-dimer,lung injury in covid-19 pneumonia,ASSOCIATED_WITH
75707,18,55683,u11-dh-txb2,thrombotic events,ASSOCIATED_WITH
72261,18,69005,d-dimer,live birth rate,ASSOCIATED_WITH
72735,18,61586,lp,noncalcified plaque volume,ASSOCIATED_WITH
72683,18,66100,colchicine,management of acute myopericarditis,ASSOCIATED_WITH
72349,18,55878,8-isoprostane,fev1% predicted,ASSOCIATED_WITH
72370,18,55956,serum sialic acid,atherosclerotic process,ASSOCIATED_WITH
72838,18,57393,d-dimer levels,fibrinolysis suppression,ASSOCIATED_WITH
72250,18,58118,tamoxifen,increased risk of venous thromboembolism,ASSOCIATED_WITH
72668,18,55513,txa2,thrombosis,ASSOCIATED_WITH
72882,18,55916,glucocorticoid,intestinal perforation,ASSOCIATED_WITH
72246,18,60648,estrogen,vte recurrence,ASSOCIATED_WITH
72261,18,59465,d-dimer,prognosis,ASSOCIATED_WITH
72735,18,61587,lp,calcified plaque volume,ASSOCIATED_WITH
73616,18,55802,d-dimer >500 ng/dl,mortality,ASSOCIATED_WITH
72261,18,55769,d-dimer,atrial fibrillation,ASSOCIATED_WITH
74015,18,61728,heparin type,hitt risk,ASSOCIATED_WITH
72261,18,70005,d-dimer,diffuse cutaneous systemic sclerosis,ASSOCIATED_WITH
73446,18,57003,increased d-dimer levels,death,ASSOCIATED_WITH
74327,18,55639,ornithine,inflammation,ASSOCIATED_WITH
74196,18,62272,hematocrit decrease,hematoma formation,ASSOCIATED_WITH
72261,18,56769,d-dimer,hematogenous metastasis,ASSOCIATED_WITH
72900,18,60106,5-fu,leucoencephalopathy syndrome,ASSOCIATED_WITH
72253,18,55576,progesterone,hypercoagulable state,ASSOCIATED_WITH
74390,18,55544,activated platelet microvesicles,venous thromboembolism,ASSOCIATED_WITH
72735,18,56199,lp,atherothrombosis,ASSOCIATED_WITH
72231,18,55524,homocysteine,central retinal vein occlusion,ASSOCIATED_WITH
72421,18,64336,d-dimer concentration,clinically relevant bleeding,ASSOCIATED_WITH
72231,18,55552,homocysteine,thromboembolism,ASSOCIATED_WITH
73244,18,57003,increased d-dimer,death,ASSOCIATED_WITH
72261,18,55516,d-dimer,pulmonary embolism,ASSOCIATED_WITH
74083,18,68391,cfdna,need for mechanical ventilation,ASSOCIATED_WITH
72735,18,65436,lp,atherothrombotic risk,ASSOCIATED_WITH
73269,18,58211,25-hydroxyvitamin d,left ventricular hypertrophy,ASSOCIATED_WITH
75143,18,66359,androgen action,higher prevalence of covid-19,ASSOCIATED_WITH
72838,18,56174,d-dimer levels,thrombosis risk,ASSOCIATED_WITH
75544,18,68161,smvap index,composite adverse outcomes,ASSOCIATED_WITH
73204,18,58644,hba1c levels,retinopathy,ASSOCIATED_WITH
72586,18,64187,adma,altered lung function,ASSOCIATED_WITH
75216,18,66719,virulence effectors,immune balance,ASSOCIATED_WITH
72450,18,55657,d-dimer level,thromboembolic complications,ASSOCIATED_WITH
72715,18,55922,heavy alcohol consumption,thrombogenicity,ASSOCIATED_WITH
72231,18,57380,homocysteine,cerebrovascular disease,ASSOCIATED_WITH
72520,18,57469,estradiol,transient ischemic attack,ASSOCIATED_WITH
72261,18,68171,d-dimer,disease severity and mortality,ASSOCIATED_WITH
73549,18,55812,folate,coronary artery disease,ASSOCIATED_WITH
73837,18,55516,clozapine,pulmonary embolism,ASSOCIATED_WITH
74209,18,56114,elevated hcy,vascular diseases,ASSOCIATED_WITH
72287,18,55669,cortisol excess,immunological impairment,ASSOCIATED_WITH
74000,18,61650,ua,kidney stones,ASSOCIATED_WITH
74615,18,64081,abnormal metabolites,cardiac diseases,ASSOCIATED_WITH
72231,18,56235,homocysteine,vte risk,ASSOCIATED_WITH
72617,18,55513,serotonin,thrombosis,ASSOCIATED_WITH
75108,18,66132,l-arg/adma ratio,interatrial septum phenotype,ASSOCIATED_WITH
72261,18,62703,d-dimer,neurological complications,ASSOCIATED_WITH
73893,18,61250,decreased serum serotonin levels,severe sle,ASSOCIATED_WITH
72261,18,55582,d-dimer,fibrinolysis,ASSOCIATED_WITH
72248,18,68938,testosterone,"increased right ventricular mass, volume, and fibrosis",ASSOCIATED_WITH
72231,18,55513,homocysteine,thrombosis,ASSOCIATED_WITH
72261,18,55515,d-dimer,deep vein thrombosis,ASSOCIATED_WITH
72586,18,64186,adma,nitrosative stress,ASSOCIATED_WITH
74172,18,55513,elevated homocysteine,thrombosis,ASSOCIATED_WITH
72295,18,61083,warfarin,higher activation frequency,ASSOCIATED_WITH
73558,18,55773,thcy,stroke,ASSOCIATED_WITH
72450,18,55516,d-dimer level,pulmonary embolism,ASSOCIATED_WITH
72250,18,56253,tamoxifen,pulmonary emboli,ASSOCIATED_WITH
73291,18,59056,nitric oxide dysfunction,dysregulation of cerebral blood flow,ASSOCIATED_WITH
73896,18,55867,fasting glucose,mace,ASSOCIATED_WITH
72231,18,55545,homocysteine,retinal vein occlusion,ASSOCIATED_WITH
72261,18,69819,d-dimer,depth of tumor invasion,ASSOCIATED_WITH
72261,18,55513,d-dimer,thrombosis,ASSOCIATED_WITH
72326,18,55922,elevated d-dimer levels,thrombogenicity,ASSOCIATED_WITH
72237,18,55681,heparin,thrombocytopenia,ASSOCIATED_WITH
72326,18,56234,elevated d-dimer levels,pts risk,ASSOCIATED_WITH
73073,18,58779,leukotriene b4,pulmonary disease,ASSOCIATED_WITH
72617,18,60638,serotonin,ischaemic optic neuropathy,ASSOCIATED_WITH
72246,18,55975,estrogen,venous stasis,ASSOCIATED_WITH
72323,18,59256,catecholamines,takotsubo cardiomyopathy,ASSOCIATED_WITH
75822,18,58079,low l-arginine availability,ards,ASSOCIATED_WITH
72571,18,67357,homocysteine level,extent of clot contraction,ASSOCIATED_WITH
72231,18,70074,homocysteine,retinal arteriosclerosis,ASSOCIATED_WITH
75405,18,55600,high homocysteine level,portal vein thrombosis,ASSOCIATED_WITH
72382,18,66579,fdp,severity of covid-19,ASSOCIATED_WITH
72261,18,60292,d-dimer,early tumor recurrence,ASSOCIATED_WITH
72323,18,61025,catecholamines,lactic acidosis,ASSOCIATED_WITH
74531,18,66790,mpo-dna,myocardial injury severity,ASSOCIATED_WITH
72528,18,60956,vitamin d,type 2 diabetes risk,ASSOCIATED_WITH
73749,18,67067,oxidized-low density lipoprotein,ascvd,ASSOCIATED_WITH
74269,18,55639,crystalloid,inflammation,ASSOCIATED_WITH
72261,18,62702,d-dimer,poor outcomes,ASSOCIATED_WITH
72231,18,56442,homocysteine,arterial endothelial dysfunction,ASSOCIATED_WITH
72350,18,64983,corticosteroids,disseminated cutaneous infection,ASSOCIATED_WITH
72231,18,59715,homocysteine,chronic kidney disease,ASSOCIATED_WITH
74531,18,56497,mpo-dna,cardiac dysfunction,ASSOCIATED_WITH
75561,18,68306,serum crp levels,leptin levels,ASSOCIATED_WITH
72521,18,60053,anabolic androgenic steroids,ischemic heart disease,ASSOCIATED_WITH
72264,18,55513,thalidomide,thrombosis,ASSOCIATED_WITH
72418,18,58722,thrombin-antithrombin complex,thrombotic event,ASSOCIATED_WITH
72838,18,55513,d-dimer levels,thrombosis,ASSOCIATED_WITH
74357,18,55551,pufas,hypercoagulability,ASSOCIATED_WITH
73946,18,55534,d-dimer elevation,thrombus formation,ASSOCIATED_WITH
72801,18,65501,low serum albumin level,increased risk of thromboembolic events,ASSOCIATED_WITH
73412,18,57552,cystathionine,cardiovascular disease risk,ASSOCIATED_WITH
75134,18,66269,cer (d18:1/24:1) / cer (d18:1/24:0) ratio,coronary artery stenosis severity,ASSOCIATED_WITH
72231,18,55696,homocysteine,retinal vascular occlusion,ASSOCIATED_WITH
72617,18,61401,serotonin,hiccups,ASSOCIATED_WITH
74888,18,60089,lomustine,neutropenia,ASSOCIATED_WITH
72261,18,68196,d-dimer,disease severity progression,ASSOCIATED_WITH
72290,18,55772,oxldl,hypertension,ASSOCIATED_WITH
72261,18,67673,d-dimer,need for hemodialysis,ASSOCIATED_WITH
72727,18,61720,lactate,"deterioration (composite of acute renal failure, non-elective intubation, vasopressor administration or in-hospital mortality)",ASSOCIATED_WITH
72261,18,60837,d-dimer,thromboembolic risk,ASSOCIATED_WITH
72237,18,55798,heparin,haemorrhagic myositis,ASSOCIATED_WITH
72461,18,55528,elevated homocysteine levels,venous thrombosis,ASSOCIATED_WITH
73959,18,61533,serum uric acid,coronary microvascular endothelial dysfunction,ASSOCIATED_WITH
72261,18,64323,d-dimer,severe community-acquired pneumonia,ASSOCIATED_WITH
72727,18,58177,lactate,poor prognosis,ASSOCIATED_WITH
72261,18,55748,d-dimer,thromboembolic events,ASSOCIATED_WITH
74700,18,64399,fluorodeoxyglucose,thrombus-associated inflammation,ASSOCIATED_WITH
72553,18,58317,cholesterol,cardio-protective effects,ASSOCIATED_WITH
73204,18,58641,hba1c levels,neuropathy,ASSOCIATED_WITH
72261,18,70089,d-dimer,increased 1-year mortality,ASSOCIATED_WITH
73833,18,67521,elevated d-dimer,non-survivors,ASSOCIATED_WITH
72838,18,58246,d-dimer levels,disease severity,ASSOCIATED_WITH
75042,18,57907,estradiol dose,increased thrombotic risk,ASSOCIATED_WITH
73946,18,66134,d-dimer elevation,severe covid-19 infection,ASSOCIATED_WITH
72261,18,56668,d-dimer,disease activity,ASSOCIATED_WITH
72250,18,61340,tamoxifen,venous sinus thrombosis,ASSOCIATED_WITH
72231,18,55607,homocysteine,myocardial infarction,ASSOCIATED_WITH
72261,18,66579,d-dimer,severity of covid-19,ASSOCIATED_WITH
72261,18,55600,d-dimer,portal vein thrombosis,ASSOCIATED_WITH
72450,18,55605,d-dimer level,arterial thrombosis,ASSOCIATED_WITH
73946,18,67718,d-dimer elevation,hospital mortality,ASSOCIATED_WITH
72284,18,55867,ldl cholesterol,mace,ASSOCIATED_WITH
72261,18,66658,d-dimer,reocclusion,ASSOCIATED_WITH
74238,18,55595,tmao,atherosclerosis,ASSOCIATED_WITH
72250,18,55516,tamoxifen,pulmonary embolism,ASSOCIATED_WITH
73269,18,65984,25-hydroxyvitamin d,maximum amplitude,ASSOCIATED_WITH
73772,18,60687,elevated d-dimer level,poor clinical outcome,ASSOCIATED_WITH
72586,18,58669,adma,vascular access dysfunction,ASSOCIATED_WITH
72250,18,55748,tamoxifen,thromboembolic events,ASSOCIATED_WITH
73771,18,55515,elevated plasma thcy levels,deep vein thrombosis,ASSOCIATED_WITH
74521,18,63683,bilirubin concentration,lower risk of ckd and cvd,ASSOCIATED_WITH
72797,18,57289,low nitric oxide levels,increased mortality,ASSOCIATED_WITH
72450,18,55513,d-dimer level,thrombosis,ASSOCIATED_WITH
73091,18,55552,fibrin degradation products,thromboembolism,ASSOCIATED_WITH
72286,18,55515,corticosteroid therapy,deep vein thrombosis,ASSOCIATED_WITH
73550,18,60054,high triglyceride,pathogenesis of preeclampsia,ASSOCIATED_WITH
75426,18,67641,high homocysteine (hcy) level,higher mortality in intracerebral hemorrhage,ASSOCIATED_WITH
75557,18,68291,d-dimer levels > 1 μg/ml,increased mortality in covid-19,ASSOCIATED_WITH
72652,18,56842,zn2+ content,ps-direct anticoagulant activity,ASSOCIATED_WITH
72237,18,55870,heparin,survival,ASSOCIATED_WITH
73415,18,56811,cobalt,mitochondrial injury,ASSOCIATED_WITH
72233,18,55595,lipoprotein,atherosclerosis,ASSOCIATED_WITH
73021,18,56847,liver iron concentration,osteoporosis,ASSOCIATED_WITH
72727,18,56505,lactate,edema,ASSOCIATED_WITH
72645,18,64080,gsh,ovarian torsion,ASSOCIATED_WITH
73142,18,55527,intravenous lipid emulsion,deep venous thrombosis,ASSOCIATED_WITH
72626,18,55934,tranexamic acid,acute lung injury,ASSOCIATED_WITH
73551,18,60055,lipid levels,severity of preeclampsia,ASSOCIATED_WITH
72261,18,69878,d-dimer,dic formation,ASSOCIATED_WITH
72586,18,65031,adma,fazekas score,ASSOCIATED_WITH
72261,18,55552,d-dimer,thromboembolism,ASSOCIATED_WITH
73872,18,67349,aas,behavioral disorders,ASSOCIATED_WITH
73649,18,60612,mitochondrial damps,pathogenesis of various diseases,ASSOCIATED_WITH
73291,18,59055,nitric oxide dysfunction,bbb injury,ASSOCIATED_WITH
72385,18,57435,adenosine,ischaemia,ASSOCIATED_WITH
73814,18,61010,high-dose methylprednisolone,wound infections,ASSOCIATED_WITH
72250,18,58281,tamoxifen,increased intimal and total vessel wall thickness,ASSOCIATED_WITH
74335,18,58428,decline in d dimer,portal vein recanalization,ASSOCIATED_WITH
75877,18,59350,herbal phytoestrogen preparation,retinal vein thrombosis,ASSOCIATED_WITH
72261,18,57516,d-dimer,infarct volume,ASSOCIATED_WITH
72586,18,61416,adma,white matter hyperintensities,ASSOCIATED_WITH
74848,18,65075,transferrin saturation,carotid plaque,ASSOCIATED_WITH
72233,18,55666,lipoprotein,coronary heart disease,ASSOCIATED_WITH
72261,18,63806,d-dimer,activation of fibrinolysis and hemostasis,ASSOCIATED_WITH
72261,18,55765,d-dimer,thrombotic complications,ASSOCIATED_WITH
72379,18,55513,hcy,thrombosis,ASSOCIATED_WITH
72382,18,55527,fdp,deep venous thrombosis,ASSOCIATED_WITH
72492,18,56338,heavy alcohol intake,intracerebral hemorrhage,ASSOCIATED_WITH
72231,18,55828,homocysteine,carotid intimal thickness,ASSOCIATED_WITH
72886,18,61340,oral contraceptives,venous sinus thrombosis,ASSOCIATED_WITH
75474,18,66225,glutathione (gsh) levels,covid-19 pathogenesis,ASSOCIATED_WITH
73959,18,57523,serum uric acid,increased neutrophil count,ASSOCIATED_WITH
73251,18,58841,taurine deficiency,retinal dysfunction,ASSOCIATED_WITH
73643,18,55515,platelet lipids,deep vein thrombosis,ASSOCIATED_WITH
73952,18,55865,epa,vte,ASSOCIATED_WITH
72261,18,55569,d-dimer,metastasis,ASSOCIATED_WITH
73696,18,55569,sialyl-tn antigen,metastasis,ASSOCIATED_WITH
72261,18,63705,d-dimer,early death,ASSOCIATED_WITH
72735,18,61588,lp,total affected vessel length,ASSOCIATED_WITH
73074,18,58162,polyglucosan bodies,astrogliosis,ASSOCIATED_WITH
72231,18,56804,homocysteine,abdominal aortic aneurysm,ASSOCIATED_WITH
72727,18,57144,lactate,microhemorrhages,ASSOCIATED_WITH
75462,18,67765,blood copper level,lipid metabolism disorders,ASSOCIATED_WITH
72735,18,55606,lp,acute myocardial infarction,ASSOCIATED_WITH
72250,18,55515,tamoxifen,deep vein thrombosis,ASSOCIATED_WITH
72261,18,57912,d-dimer,increased toxicity,ASSOCIATED_WITH
72256,18,55498,total plasma homocysteine,retinal vascular occlusive disease,ASSOCIATED_WITH
73764,18,55544,oral oestrogen-containing contraceptives,venous thromboembolism,ASSOCIATED_WITH
72735,18,55528,lp,venous thrombosis,ASSOCIATED_WITH
74000,18,61649,ua,gout,ASSOCIATED_WITH
74959,18,65527,rivaroxaban concentration,amplitude after 10 min,ASSOCIATED_WITH
75607,18,68672,platinum-based chemotherapy regimens,higher thromboembolism risk,ASSOCIATED_WITH
73904,18,61273,plasma d-dimer level,shorter progression-free survival in advanced nsclc,ASSOCIATED_WITH
72261,18,67601,d-dimer,alt elevation,ASSOCIATED_WITH
72261,18,62848,d-dimer,poor survival,ASSOCIATED_WITH
72261,18,57655,d-dimer,recurrent venous thromboembolism,ASSOCIATED_WITH
74357,18,55635,pufas,endothelial dysfunction,ASSOCIATED_WITH
72261,18,55919,d-dimer,coagulation activation,ASSOCIATED_WITH
73061,18,55639,citrulline,inflammation,ASSOCIATED_WITH
72261,18,58301,d-dimer,renal insufficiency,ASSOCIATED_WITH
72261,18,68336,d-dimer,death events,ASSOCIATED_WITH
75462,18,55962,blood copper level,hyperlipidemia,ASSOCIATED_WITH
72233,18,55516,lipoprotein,pulmonary embolism,ASSOCIATED_WITH
72740,18,55675,free iron,cardiovascular disease,ASSOCIATED_WITH
72450,18,56235,d-dimer level,vte risk,ASSOCIATED_WITH
72735,18,68460,lp,acute cardiovascular events,ASSOCIATED_WITH
74651,18,58177,fibrin degradation product,poor prognosis,ASSOCIATED_WITH
74976,18,56174,combined hormonal contraceptive,thrombosis risk,ASSOCIATED_WITH
73332,18,59230,protein-bound sialic acid,left atrial thrombus formation,ASSOCIATED_WITH
72426,18,55513,free hemoglobin,thrombosis,ASSOCIATED_WITH
75874,18,69962,urinary ctx-ii,rapidly destructive hip osteoarthritis,ASSOCIATED_WITH
72250,18,55773,tamoxifen,stroke,ASSOCIATED_WITH
75461,18,55962,blood iron level,hyperlipidemia,ASSOCIATED_WITH
73021,18,55786,liver iron concentration,pulmonary hypertension,ASSOCIATED_WITH
72400,18,56085,hdl cholesterol,cad,ASSOCIATED_WITH
72385,18,56472,adenosine,heart failure,ASSOCIATED_WITH
72370,18,55666,serum sialic acid,coronary heart disease,ASSOCIATED_WITH
72233,18,66085,lipoprotein,portal and/or splenic vein thrombosis,ASSOCIATED_WITH
72890,18,55528,d-dimers,venous thrombosis,ASSOCIATED_WITH
74664,18,63911,higher acr,cvd risk,ASSOCIATED_WITH
72426,18,55639,free hemoglobin,inflammation,ASSOCIATED_WITH
72587,18,61516,dabigatran,retinal hemorrhage,ASSOCIATED_WITH
72735,18,55675,lp,cardiovascular disease,ASSOCIATED_WITH
72566,18,59542,free fatty acids,fes,ASSOCIATED_WITH
72261,18,67406,d-dimer,vascular embolism,ASSOCIATED_WITH
72231,18,56419,homocysteine,vascular dysfunction,ASSOCIATED_WITH
72231,18,57416,homocysteine,behçet's disease activity,ASSOCIATED_WITH
72478,18,64977,high d-dimer levels,recurrent ischemic stroke,ASSOCIATED_WITH
72370,18,55955,serum sialic acid,stroke mortality,ASSOCIATED_WITH
74738,18,55802,dd corr,mortality,ASSOCIATED_WITH
72261,18,60350,d-dimer,anca-associated vasculitis disease activity,ASSOCIATED_WITH
72261,18,61256,d-dimer,acute c1-inh-hae attack,ASSOCIATED_WITH
74781,18,55710,tg,preeclampsia,ASSOCIATED_WITH
72350,18,61465,corticosteroids,diabetes occurrence,ASSOCIATED_WITH
72691,18,55528,cee,venous thrombosis,ASSOCIATED_WITH
73818,18,68193,ldl-c level,cardiovascular event risk,ASSOCIATED_WITH
72474,18,55528,hdl,venous thrombosis,ASSOCIATED_WITH
72264,18,58118,thalidomide,increased risk of venous thromboembolism,ASSOCIATED_WITH
75888,18,70065,deacylation product of gl-3,fabry disease severity,ASSOCIATED_WITH
73803,18,55681,mitomycin c,thrombocytopenia,ASSOCIATED_WITH
72261,18,67017,d-dimer,poor pregnancy outcomes,ASSOCIATED_WITH
72277,18,67484,lps,severe acute pancreatitis,ASSOCIATED_WITH
73512,18,59863,pp,liver disease risk,ASSOCIATED_WITH
73086,18,55513,indoxyl sulfate,thrombosis,ASSOCIATED_WITH
73069,18,55675,chronic hyperglycemia,cardiovascular disease,ASSOCIATED_WITH
74669,18,64301,serum ph < 7.0,serum troponin elevation,ASSOCIATED_WITH
72261,18,55529,d-dimer,thrombophilia,ASSOCIATED_WITH
73521,18,55544,blood glucose,venous thromboembolism,ASSOCIATED_WITH
75365,18,55544,4-hne,venous thromboembolism,ASSOCIATED_WITH
72261,18,56018,d-dimer,venous thromboembolic events,ASSOCIATED_WITH
73797,18,68683,8-ohdg,adverse events,ASSOCIATED_WITH
73061,18,67260,citrulline,late toxicity,ASSOCIATED_WITH
73222,18,55802,low leptin level,mortality,ASSOCIATED_WITH
73833,18,57289,elevated d-dimer,increased mortality,ASSOCIATED_WITH
72295,18,61515,warfarin,choroidal hemorrhage,ASSOCIATED_WITH
72261,18,68877,d-dimer,comorbidities,ASSOCIATED_WITH
74549,18,63836,procoag-ppl,vte occurrence,ASSOCIATED_WITH
72269,18,55615,no,inflammatory response,ASSOCIATED_WITH
73872,18,67348,aas,tendon rupture of the upper extremity,ASSOCIATED_WITH
74416,18,55639,phosphatidylcholine,inflammation,ASSOCIATED_WITH
73269,18,61857,25-hydroxyvitamin d,interventricular septal hypertrophy,ASSOCIATED_WITH
72231,18,57387,homocysteine,csvt,ASSOCIATED_WITH
73329,18,55544,hypernatremia,venous thromboembolism,ASSOCIATED_WITH
72724,18,56505,choline,edema,ASSOCIATED_WITH
72560,18,58103,carbohydrates,atherosclerosis progression,ASSOCIATED_WITH
72281,18,62336,endotoxin,septic thrombus formation,ASSOCIATED_WITH
73021,18,55513,liver iron concentration,thrombosis,ASSOCIATED_WITH
73006,18,55635,rlp cholesterol,endothelial dysfunction,ASSOCIATED_WITH
72764,18,59918,bilirubin,tumor multifocality,ASSOCIATED_WITH
72278,18,55551,reactive oxygen species,hypercoagulability,ASSOCIATED_WITH
72261,18,55802,d-dimer,mortality,ASSOCIATED_WITH
72727,18,59861,lactate,necrotizing fasciitis,ASSOCIATED_WITH
72252,18,59740,raloxifene,increased risk of pulmonary embolism,ASSOCIATED_WITH
72261,18,55665,d-dimer,coronary events,ASSOCIATED_WITH
72261,18,68914,d-dimer,critical covid-19,ASSOCIATED_WITH
72261,18,64764,d-dimer,in-hospital ischemic stroke,ASSOCIATED_WITH
75462,18,56206,blood copper level,iron deficiency anemia,ASSOCIATED_WITH
72295,18,59716,warfarin,warfarin-related nephropathy,ASSOCIATED_WITH
72261,18,60648,d-dimer,vte recurrence,ASSOCIATED_WITH
73252,18,58842,arginine deficiency,hyperammonemia,ASSOCIATED_WITH
72450,18,56668,d-dimer level,disease activity,ASSOCIATED_WITH
73746,18,60711,antifibrinolytics,fatal postoperative pulmonary emboli,ASSOCIATED_WITH
72261,18,55606,d-dimer,acute myocardial infarction,ASSOCIATED_WITH
73588,18,62203,lpa,coronary endothelial dysfunction,ASSOCIATED_WITH
72248,18,70088,testosterone,sarcopenic obesity,ASSOCIATED_WITH
72385,18,55936,adenosine,immunosuppression,ASSOCIATED_WITH
72588,18,57083,prasugrel,major bleeding,ASSOCIATED_WITH
74860,18,55922,mean blood glucose level change,thrombogenicity,ASSOCIATED_WITH
72348,18,55877,feno,δn2,ASSOCIATED_WITH
72373,18,55544,oral contraceptive pills,venous thromboembolism,ASSOCIATED_WITH
72261,18,65685,d-dimer,28-day mortality,ASSOCIATED_WITH
72666,18,55576,d dimer,hypercoagulable state,ASSOCIATED_WITH
72326,18,55802,elevated d-dimer levels,mortality,ASSOCIATED_WITH
72261,18,55822,d-dimer,coagulation,ASSOCIATED_WITH
72264,18,55528,thalidomide,venous thrombosis,ASSOCIATED_WITH
72248,18,55544,testosterone,venous thromboembolism,ASSOCIATED_WITH
72735,18,56791,lp,cvd,ASSOCIATED_WITH
72317,18,55513,total cholesterol,thrombosis,ASSOCIATED_WITH
72231,18,57552,homocysteine,cardiovascular disease risk,ASSOCIATED_WITH
74238,18,55513,tmao,thrombosis,ASSOCIATED_WITH
72809,18,57317,cremophor-el,complement system activation,ASSOCIATED_WITH
72264,18,55544,thalidomide,venous thromboembolism,ASSOCIATED_WITH
72261,18,56544,d-dimer,procoagulant state,ASSOCIATED_WITH
72261,18,56407,d-dimer,intravascular thrombosis,ASSOCIATED_WITH
73204,18,58645,hba1c levels,nephropathy,ASSOCIATED_WITH
75107,18,66126,thiobarbituric acid reactive substances,maximum aortic gradient,ASSOCIATED_WITH
73814,18,55516,high-dose methylprednisolone,pulmonary embolism,ASSOCIATED_WITH
72801,18,55576,low serum albumin level,hypercoagulable state,ASSOCIATED_WITH
73901,18,61263,free dna,fungal colonization,ASSOCIATED_WITH
75890,18,56474,endothelial heparin concentration,thrombotic incidence,ASSOCIATED_WITH
73246,18,56747,5% ethanolamine oleate iopamidol,thrombus development,ASSOCIATED_WITH
72261,18,55528,d-dimer,venous thrombosis,ASSOCIATED_WITH
72356,18,63266,thrombin inhibitors,venous thromboembolism treatment,ASSOCIATED_WITH
72586,18,55639,adma,inflammation,ASSOCIATED_WITH
74620,18,65758,elevated d-dimers,mortality in covid-19,ASSOCIATED_WITH
74229,18,62466,no insufficiency,aps pathogenesis,ASSOCIATED_WITH
73357,18,56841,neopterin,postoperative infectious complications,ASSOCIATED_WITH
72261,18,60496,d-dimer,acute ischemic stroke,ASSOCIATED_WITH
72233,18,66243,lipoprotein,peripheral artery disease events,ASSOCIATED_WITH
72735,18,55605,lp,arterial thrombosis,ASSOCIATED_WITH
75596,18,55635,elevated circulating chemerin levels,endothelial dysfunction,ASSOCIATED_WITH
73308,18,59106,oxpl/apob,"death, myocardial infarction (mi), and stroke",ASSOCIATED_WITH
73053,18,55666,high-density lipoprotein cholesterol,coronary heart disease,ASSOCIATED_WITH
74365,18,57831,apolipoprotein b,increased risk of venous thrombosis,ASSOCIATED_WITH
72240,18,55527,acidosis,deep venous thrombosis,ASSOCIATED_WITH
73558,18,60074,thcy,retinal vein occlusion risk,ASSOCIATED_WITH
73328,18,57289,higher d-dimer,increased mortality,ASSOCIATED_WITH
72377,18,55513,vitamin b12,thrombosis,ASSOCIATED_WITH
73220,18,58688,narcotic analgesics,serious infection,ASSOCIATED_WITH
74274,18,58451,vancomycin serum troughs > 15 µg/ml,acute kidney injury,ASSOCIATED_WITH
72450,18,62812,d-dimer level,arterial thromboembolism,ASSOCIATED_WITH
72231,18,56986,homocysteine,crvo,ASSOCIATED_WITH
72450,18,57155,d-dimer level,massive pulmonary embolism,ASSOCIATED_WITH
74238,18,55675,tmao,cardiovascular disease,ASSOCIATED_WITH
72450,18,55865,d-dimer level,vte,ASSOCIATED_WITH
72277,18,55513,lps,thrombosis,ASSOCIATED_WITH
72571,18,69096,homocysteine level,contraction lag time,ASSOCIATED_WITH
74000,18,57275,ua,ckd,ASSOCIATED_WITH
73748,18,55515,fasting blood glucose,deep vein thrombosis,ASSOCIATED_WITH
73895,18,61252,low fasting glycemia,prolonged clot lysis time,ASSOCIATED_WITH
72657,18,56853,hdl-c,unprovoked vte,ASSOCIATED_WITH
72261,18,62250,d-dimer,trousseau's syndrome,ASSOCIATED_WITH
73161,18,55678,selenium deficiency,cancer,ASSOCIATED_WITH
74195,18,62272,pt prolongation,hematoma formation,ASSOCIATED_WITH
72261,18,66014,d-dimer,covid-19-associated coagulopathy,ASSOCIATED_WITH
72231,18,55666,homocysteine,coronary heart disease,ASSOCIATED_WITH
72587,18,58753,dabigatran,vitreous hemorrhage,ASSOCIATED_WITH
74231,18,62473,fasting serum glucose,abdominal aortic aneurysm risk,ASSOCIATED_WITH
73235,18,61277,low iron levels,venous and arterial thromboses,ASSOCIATED_WITH
72233,18,65195,lipoprotein,stroke recurrence,ASSOCIATED_WITH
72382,18,68984,fdp,pvst,ASSOCIATED_WITH
75404,18,55600,low folate concentration,portal vein thrombosis,ASSOCIATED_WITH
73884,18,61217,hcy-thiolactone,"atherosclerosis, coronary heart disease",ASSOCIATED_WITH
73258,18,58864,non-hdl cholesterol,future cardiovascular events,ASSOCIATED_WITH
75552,18,68211,shortened activated partial thromboplastin time,stage iii-iv endometriosis,ASSOCIATED_WITH
75717,18,55765,fibrinogen/fibrin degradation products,thrombotic complications,ASSOCIATED_WITH
73446,18,66578,increased d-dimer levels,icu admission,ASSOCIATED_WITH
72261,18,57223,d-dimer,activated coagulation,ASSOCIATED_WITH
75335,18,58936,xylitol,cholestasis,ASSOCIATED_WITH
74328,18,55639,3'-sialyllactose,inflammation,ASSOCIATED_WITH
75461,18,56805,blood iron level,varicose veins,ASSOCIATED_WITH
72727,18,68663,lactate,non-survivable bowel necrosis,ASSOCIATED_WITH
72261,18,65219,d-dimer,pcais,ASSOCIATED_WITH
74238,18,55607,tmao,myocardial infarction,ASSOCIATED_WITH
75862,18,56342,d-dimer levels >2 uln,in-hospital mortality,ASSOCIATED_WITH
75707,18,55802,u11-dh-txb2,mortality,ASSOCIATED_WITH
74865,18,55666,plasma sodium,coronary heart disease,ASSOCIATED_WITH
72250,18,55528,tamoxifen,venous thrombosis,ASSOCIATED_WITH
72807,18,57954,selenium,prostate cancer risk,ASSOCIATED_WITH
72865,18,67671,gemcitabine,atn,ASSOCIATED_WITH
74238,18,64999,tmao,age-related senescence and cognitive decline,ASSOCIATED_WITH
72350,18,55774,corticosteroids,diabetes mellitus,ASSOCIATED_WITH
72988,18,64070,paf,asthma pathophysiology,ASSOCIATED_WITH
74357,18,55516,pufas,pulmonary embolism,ASSOCIATED_WITH
72261,18,56993,d-dimer,deep-vein thrombosis,ASSOCIATED_WITH
72838,18,55657,d-dimer levels,thromboembolic complications,ASSOCIATED_WITH
74681,18,55544,tissue factor-bearing mps,venous thromboembolism,ASSOCIATED_WITH
72318,18,55812,triglycerides,coronary artery disease,ASSOCIATED_WITH
72261,18,57003,d-dimer,death,ASSOCIATED_WITH
72231,18,58328,homocysteine,neurodegenerative disease,ASSOCIATED_WITH
73895,18,61251,low fasting glycemia,enhanced thrombin generation,ASSOCIATED_WITH
72261,18,60549,d-dimer,prostate cancer,ASSOCIATED_WITH
72246,18,55513,estrogen,thrombosis,ASSOCIATED_WITH
72727,18,55580,lactate,necrosis,ASSOCIATED_WITH
75873,18,69934,focal arteriolar narrowing,retinal branch vein occlusion prevalence,ASSOCIATED_WITH
73269,18,60529,25-hydroxyvitamin d,venous thromboembolism (vte) risk,ASSOCIATED_WITH
72233,18,56561,lipoprotein,neonatal renal vein thrombosis,ASSOCIATED_WITH
72522,18,56847,ufh,osteoporosis,ASSOCIATED_WITH
72326,18,55513,elevated d-dimer levels,thrombosis,ASSOCIATED_WITH
72231,18,66077,homocysteine,peripheral microvascular endothelial dysfunction,ASSOCIATED_WITH
72735,18,55812,lp,coronary artery disease,ASSOCIATED_WITH
72261,18,56342,d-dimer,in-hospital mortality,ASSOCIATED_WITH
72231,18,56431,homocysteine,vascular inflammation,ASSOCIATED_WITH
73446,18,58177,increased d-dimer levels,poor prognosis,ASSOCIATED_WITH
73073,18,61016,leukotriene b4,lung injury score,ASSOCIATED_WITH
72379,18,61217,hcy,"atherosclerosis, coronary heart disease",ASSOCIATED_WITH
75340,18,67249,vitamin k concentration,clinical severity of covid-19,ASSOCIATED_WITH
72261,18,56500,d-dimer,cancer progression,ASSOCIATED_WITH
72261,18,61962,d-dimer,active cancer,ASSOCIATED_WITH
72240,18,55516,acidosis,pulmonary embolism,ASSOCIATED_WITH
72261,18,68813,d-dimer,cardiovascular manifestations,ASSOCIATED_WITH
72261,18,57071,d-dimer,cardioembolic stroke,ASSOCIATED_WITH
73608,18,60232,high-osmolarity tpn,subclavian vein thrombosis,ASSOCIATED_WITH
74238,18,65000,tmao,hippocampal aβ plaques and neuronal loss,ASSOCIATED_WITH
72735,18,61585,lp,total coronary plaque volume,ASSOCIATED_WITH
73814,18,55690,high-dose methylprednisolone,sepsis,ASSOCIATED_WITH
72385,18,61642,adenosine,priapism,ASSOCIATED_WITH
72350,18,61466,corticosteroids,hypertension reduction,ASSOCIATED_WITH
72231,18,60902,homocysteine,egfr decline,ASSOCIATED_WITH
73208,18,55544,tbars,venous thromboembolism,ASSOCIATED_WITH
72450,18,56152,d-dimer level,vte development,ASSOCIATED_WITH
74132,18,62148,utxb2,vein graft thrombosis,ASSOCIATED_WITH
75461,18,56206,blood iron level,iron deficiency anemia,ASSOCIATED_WITH
72264,18,58580,thalidomide,venothromboembolism,ASSOCIATED_WITH
72326,18,66272,elevated d-dimer levels,severity of sars-cov-2 illness,ASSOCIATED_WITH
72788,18,61401,dopamine,hiccups,ASSOCIATED_WITH
72261,18,68589,d-dimer,vascular ec injury,ASSOCIATED_WITH
72801,18,68999,low serum albumin level,nocturia,ASSOCIATED_WITH
72248,18,55809,testosterone,insulin resistance,ASSOCIATED_WITH
72231,18,65879,homocysteine,microvasculopathy severity,ASSOCIATED_WITH
72233,18,55675,lipoprotein,cardiovascular disease,ASSOCIATED_WITH
72261,18,67699,d-dimer,death in patients with liver diseases,ASSOCIATED_WITH
72261,18,67674,d-dimer,need for vasopressors,ASSOCIATED_WITH
72318,18,55675,triglycerides,cardiovascular disease,ASSOCIATED_WITH
72689,18,67605,age,pe without identifiable risk factor,ASSOCIATED_WITH
73386,18,62666,total homocysteine,microembolic signals (mes) count,ASSOCIATED_WITH
72854,18,69969,retinoids,gastrointestinal cancer,ASSOCIATED_WITH
72261,18,57911,d-dimer,decreased survival,ASSOCIATED_WITH
72886,18,55600,oral contraceptives,portal vein thrombosis,ASSOCIATED_WITH
74000,18,61651,ua,htn,ASSOCIATED_WITH
73553,18,62863,bleomycin,bleomycin pulmonary toxicity,ASSOCIATED_WITH
72687,18,63784,clopidogrel,postoperative bleeding,ASSOCIATED_WITH
72735,18,55666,lp,coronary heart disease,ASSOCIATED_WITH
75569,18,68349,d-dimer surge,reduced platelet count,ASSOCIATED_WITH
72574,18,56694,hydroxycarbamide,lower incidence of rejection and engraftment failure,ASSOCIATED_WITH
74620,18,56018,elevated d-dimers,venous thromboembolic events,ASSOCIATED_WITH
73212,18,60529,estrogen dose,venous thromboembolism (vte) risk,ASSOCIATED_WITH
72318,18,55513,triglycerides,thrombosis,ASSOCIATED_WITH
72405,18,58682,prostaglandins,heavy menstrual bleeding,ASSOCIATED_WITH
72296,18,55705,ages,amyloidogenesis,ASSOCIATED_WITH
72248,18,55513,testosterone,thrombosis,ASSOCIATED_WITH
74538,18,60089,chemotherapy drugs,neutropenia,ASSOCIATED_WITH
72626,18,62922,tranexamic acid,reduced thromboembolic effects,ASSOCIATED_WITH
74244,18,61911,low vitamin d,pregnancy morbidity,ASSOCIATED_WITH
73964,18,56144,secretions from dysfunctional monocytes,liver fibrosis,ASSOCIATED_WITH
72715,18,55506,heavy alcohol consumption,hyperhomocysteinemia,ASSOCIATED_WITH
72517,18,63906,serum estradiol,osteoporotic vertebral compression fracture,ASSOCIATED_WITH
73304,18,55934,cigarette smoke extract,acute lung injury,ASSOCIATED_WITH
72373,18,55527,oral contraceptive pills,deep venous thrombosis,ASSOCIATED_WITH
72762,18,61253,hydrogen sulfide,pathological disturbances,ASSOCIATED_WITH
72252,18,63957,raloxifene,higher risk of vte,ASSOCIATED_WITH
75674,18,69086,elevated level of angiotensin ii,"vasoconstriction, oxidative process and apoptosis leading to neurodegeneration",ASSOCIATED_WITH
72231,18,55515,homocysteine,deep vein thrombosis,ASSOCIATED_WITH
74199,18,67358,novel oral anticoagulants,venous thrombotic events recurrence,ASSOCIATED_WITH
72586,18,68133,adma,major adverse cardiovascular event,ASSOCIATED_WITH
72261,18,57919,d-dimer,renal dysfunction,ASSOCIATED_WITH
72261,18,58451,d-dimer,acute kidney injury,ASSOCIATED_WITH
72838,18,68583,d-dimer levels,occurrence of death,ASSOCIATED_WITH
72523,18,56474,endothelial heparin content,thrombotic incidence,ASSOCIATED_WITH
74960,18,55544,bun/cr ratio,venous thromboembolism,ASSOCIATED_WITH
72246,18,55615,estrogen,inflammatory response,ASSOCIATED_WITH
72838,18,68286,d-dimer levels,covid-19 mortality,ASSOCIATED_WITH
72261,18,58722,d-dimer,thrombotic event,ASSOCIATED_WITH
72382,18,55516,fdp,pulmonary embolism,ASSOCIATED_WITH
74417,18,55639,sphingomyelin,inflammation,ASSOCIATED_WITH
72233,18,70074,lipoprotein,retinal arteriosclerosis,ASSOCIATED_WITH
74172,18,55516,elevated homocysteine,pulmonary embolism,ASSOCIATED_WITH
72231,18,55672,homocysteine,ischemic stroke,ASSOCIATED_WITH
72231,18,55867,homocysteine,mace,ASSOCIATED_WITH
73306,18,58988,oxidized phospholipids (oxpl) on apolipoprotein b-100,cardiovascular disease (cvd) events,ASSOCIATED_WITH
72838,18,67413,d-dimer levels,heightened risk of thrombotic diseases,ASSOCIATED_WITH
73400,18,59438,aspirin and clopidogrel combination,bleeding tendency,ASSOCIATED_WITH
72520,18,55773,estradiol,stroke,ASSOCIATED_WITH
72350,18,60448,corticosteroids,glucose intolerance,ASSOCIATED_WITH
72379,18,55639,hcy,inflammation,ASSOCIATED_WITH
72373,18,59495,oral contraceptive pills,peripheral arterial disease,ASSOCIATED_WITH
74901,18,65337,high calcitriol levels,hypercalciuria,ASSOCIATED_WITH
74471,18,64830,tac,clinical deterioration,ASSOCIATED_WITH
72261,18,68668,d-dimer,dlco% predicted,ASSOCIATED_WITH
72587,18,57821,dabigatran,leukocytoclastic vasculitis,ASSOCIATED_WITH
72690,18,57024,lipoprotein a,intracranial stenosis,ASSOCIATED_WITH
74447,18,63959,sdma,poorer survival,ASSOCIATED_WITH
72246,18,67198,estrogen,less pronounced systemic inflammation,ASSOCIATED_WITH
73964,18,55976,secretions from dysfunctional monocytes,rheumatoid arthritis,ASSOCIATED_WITH
72788,18,62599,dopamine,malignancy in pheochromocytoma and paraganglioma,ASSOCIATED_WITH
73649,18,60613,mitochondrial damps,severity and prognosis of human diseases,ASSOCIATED_WITH
72401,18,55675,ros,cardiovascular disease,ASSOCIATED_WITH
73107,18,56098,ascorbic acid,oxidative stress,ASSOCIATED_WITH
72333,18,57152,glucose levels,pre-eclampsia,ASSOCIATED_WITH
72626,18,55544,tranexamic acid,venous thromboembolism,ASSOCIATED_WITH
73706,18,67671,vancomycin,atn,ASSOCIATED_WITH
72493,18,56338,cocaine use,intracerebral hemorrhage,ASSOCIATED_WITH
78927,19,60783,mv-pgc,mortality in septic shock,ASSOCIATED_WITH
78682,19,56079,mitochondrial dna,infection,ASSOCIATED_WITH
79386,19,63504,fxi level reduction,reduced vte risk,ASSOCIATED_WITH
76491,19,57145,cyp2c19 function decrease,increased risk of cardiovascular events,ASSOCIATED_WITH
79969,19,55513,elevated hematocrit,thrombosis,ASSOCIATED_WITH
77558,19,60299,met overexpression,diminished survival,ASSOCIATED_WITH
78288,19,62787,thrombin peak,clinical worsening,ASSOCIATED_WITH
76162,19,60412,ecm degradation,aaa,ASSOCIATED_WITH
78284,19,62297,poor collateral circulation,osteonecrosis susceptibility,ASSOCIATED_WITH
80752,19,69934,pulse pressure,retinal branch vein occlusion prevalence,ASSOCIATED_WITH
77558,19,59628,met overexpression,aggressive phenotype,ASSOCIATED_WITH
77799,19,55555,up-regulation of pro-coagulant proteins,pulmonary thromboembolism,ASSOCIATED_WITH
78925,19,62056,portal vein flow,portal venous system thrombosis,ASSOCIATED_WITH
76324,19,62319,endogenous thrombin potential,risk of vte,ASSOCIATED_WITH
78755,19,66124,protein carbonylation,aortic stenosis severity,ASSOCIATED_WITH
76152,19,56669,folate deficiency,abnormal dna methylation,ASSOCIATED_WITH
79762,19,56235,increased ci value,vte risk,ASSOCIATED_WITH
77043,19,55552,vitamin d deficiency,thromboembolism,ASSOCIATED_WITH
78248,19,55982,net degradation impairment,autoimmune diseases,ASSOCIATED_WITH
77043,19,55635,vitamin d deficiency,endothelial dysfunction,ASSOCIATED_WITH
77457,19,55544,immunothrombosis,venous thromboembolism,ASSOCIATED_WITH
80753,19,69934,ocular perfusion pressure,retinal branch vein occlusion prevalence,ASSOCIATED_WITH
76220,19,56079,iron overload,infection,ASSOCIATED_WITH
77043,19,64425,vitamin d deficiency,atrophy of type ii muscle fibres,ASSOCIATED_WITH
76999,19,55513,reduced binding of thrombin to fibrin,thrombosis,ASSOCIATED_WITH
80595,19,69557,discontinuation or subtherapeutic levels of asparaginase,inferior disease-free survival,ASSOCIATED_WITH
79778,19,63508,over activation of cytokine/interferon response,macrophage activation syndrome,ASSOCIATED_WITH
79632,19,58395,abnormal mineral metabolism,vascular calcification,ASSOCIATED_WITH
78754,19,61431,right-to-left shunt,migraine with aura,ASSOCIATED_WITH
78767,19,56873,striatal hypermetabolism,chorea,ASSOCIATED_WITH
78755,19,66125,protein carbonylation,lysis time,ASSOCIATED_WITH
76170,19,55513,fibrinolytic system,thrombosis,ASSOCIATED_WITH
76217,19,56193,iron deficiency,pulmonary arterial hypertension,ASSOCIATED_WITH
76112,19,55517,annexin v inhibition,clinical manifestations of aps,ASSOCIATED_WITH
76854,19,58289,cerebral oxygen saturation,delirium,ASSOCIATED_WITH
78063,19,61686,low paf-ah activity,severe anaphylaxis,ASSOCIATED_WITH
79222,19,58722,high hematocrit level,thrombotic event,ASSOCIATED_WITH
76148,19,55544,fibrinolytic activity,venous thromboembolism,ASSOCIATED_WITH
76119,19,55812,hyperhomocysteinaemia,coronary artery disease,ASSOCIATED_WITH
76234,19,56234,persistent coagulation activation,pts risk,ASSOCIATED_WITH
78288,19,62319,thrombin peak,risk of vte,ASSOCIATED_WITH
76120,19,61117,hypercholesterolemia,hypercoagulatory states,ASSOCIATED_WITH
76324,19,55528,endogenous thrombin potential,venous thrombosis,ASSOCIATED_WITH
77366,19,59731,rivaroxaban use,increased risk of ischemic and cardiovascular events upon discontinuation,ASSOCIATED_WITH
76152,19,55506,folate deficiency,hyperhomocysteinemia,ASSOCIATED_WITH
80496,19,69313,exosome generation,trim,ASSOCIATED_WITH
78145,19,61901,selective er binding,therapeutic potential,ASSOCIATED_WITH
78050,19,61666,higher target hemoglobin levels,increased risk of tve,ASSOCIATED_WITH
76652,19,67963,ace2 inhibition,reduced lung pathological alterations,ASSOCIATED_WITH
76153,19,55506,vitamin b12 deficiency,hyperhomocysteinemia,ASSOCIATED_WITH
78228,19,55666,biosynthetic process,coronary heart disease,ASSOCIATED_WITH
76520,19,63395,lipid profile,severity of hypertensive disorders complicating pregnancy,ASSOCIATED_WITH
77493,19,57612,pulmonary arterial distensibility,pulmonary vascular resistance,ASSOCIATED_WITH
76152,19,61204,folate deficiency,overall cancer risk,ASSOCIATED_WITH
76217,19,55843,iron deficiency,thrombocytosis,ASSOCIATED_WITH
77043,19,67085,vitamin d deficiency,covid-19 severity,ASSOCIATED_WITH
76119,19,55595,hyperhomocysteinaemia,atherosclerosis,ASSOCIATED_WITH
76119,19,55513,hyperhomocysteinaemia,thrombosis,ASSOCIATED_WITH
79801,19,55551,reduced synthesis of protein s,hypercoagulability,ASSOCIATED_WITH
77606,19,60432,control of platelet count,progression of cteph,ASSOCIATED_WITH
77043,19,64440,vitamin d deficiency,prothrombotic profile,ASSOCIATED_WITH
77043,19,64820,vitamin d deficiency,increased thrombosis,ASSOCIATED_WITH
76220,19,56497,iron overload,cardiac dysfunction,ASSOCIATED_WITH
77043,19,63953,vitamin d deficiency,st-elevation myocardial infarction,ASSOCIATED_WITH
77949,19,66209,anticoagulation,improved limb salvage rates,ASSOCIATED_WITH
76863,19,57370,increasing age,thrombo-embolic complications,ASSOCIATED_WITH
76279,19,56423,aging,increased levels of subclinical systemic inflammatory markers,ASSOCIATED_WITH
76324,19,55683,endogenous thrombin potential,thrombotic events,ASSOCIATED_WITH
80662,19,69694,anticoagulant pathways impairment,trauma-induced hypercoagulopathy,ASSOCIATED_WITH
76626,19,69694,excessive thrombin generation,trauma-induced hypercoagulopathy,ASSOCIATED_WITH
76119,19,55528,hyperhomocysteinaemia,venous thrombosis,ASSOCIATED_WITH
76505,19,55765,plasma viscosity,thrombotic complications,ASSOCIATED_WITH
76220,19,62303,iron overload,porphyria cutanea tarda,ASSOCIATED_WITH
76153,19,63369,vitamin b12 deficiency,nervous system demyelination,ASSOCIATED_WITH
80373,19,60219,s1p overexpression,immune evasion,ASSOCIATED_WITH
78018,19,55937,anti-fxa activity,blood loss,ASSOCIATED_WITH
77493,19,60101,pulmonary arterial distensibility,mean pulmonary arterial pressure,ASSOCIATED_WITH
77445,19,60764,antibody response,severe cerebral edema,ASSOCIATED_WITH
80147,19,68243,nitric oxide (no) activity deficiency,coronary spastic angina,ASSOCIATED_WITH
78607,19,55528,decrease in antithrombin iii,venous thrombosis,ASSOCIATED_WITH
76152,19,56670,folate deficiency,dna strand breaks,ASSOCIATED_WITH
78806,19,63804,higher hematocrit,higher incidence of stroke,ASSOCIATED_WITH
78331,19,62437,molecular mimicry process,autoimmune polyneuropathy,ASSOCIATED_WITH
77570,19,60319,lean body mass,severe ohss,ASSOCIATED_WITH
76685,19,55941,pregnancy,portal hypertension,ASSOCIATED_WITH
76931,19,58451,aptt,acute kidney injury,ASSOCIATED_WITH
78854,19,63903,hgf decrease,aggravation of renal fibrosis and chronic renal failure,ASSOCIATED_WITH
78486,19,55865,epa/aa ratio,vte,ASSOCIATED_WITH
76120,19,57259,hypercholesterolemia,prothrombotic phenotype,ASSOCIATED_WITH
76902,19,58376,fluid balance,postoperative atrial fibrillation,ASSOCIATED_WITH
76685,19,56051,pregnancy,increased risk of thrombosis,ASSOCIATED_WITH
80827,19,70093,blunted hypoxic ventilatory response,hape susceptibility,ASSOCIATED_WITH
76120,19,55524,hypercholesterolemia,central retinal vein occlusion,ASSOCIATED_WITH
76486,19,69594,coagulation system activation,arvc,ASSOCIATED_WITH
77043,19,61708,vitamin d deficiency,myocardial hypertrophy,ASSOCIATED_WITH
76217,19,55510,iron deficiency,ischaemic stroke,ASSOCIATED_WITH
77798,19,55555,down-regulation of anticoagulants,pulmonary thromboembolism,ASSOCIATED_WITH
76298,19,59380,reactive oxygen species production,thrombophilic status,ASSOCIATED_WITH
76301,19,56296,arterial pulse wave velocity,cardiovascular mortality,ASSOCIATED_WITH
78761,19,59203,axl activation,tissue fibrosis,ASSOCIATED_WITH
76324,19,68529,endogenous thrombin potential,pe-related death risk,ASSOCIATED_WITH
76120,19,55544,hypercholesterolemia,venous thromboembolism,ASSOCIATED_WITH
79650,19,66496,increased neutrophil extracellular traps,severe covid-19,ASSOCIATED_WITH
80283,19,68666,myc/bcl2-high expression,improved efs with ibrutinib,ASSOCIATED_WITH
78687,19,63504,normal bmi,reduced vte risk,ASSOCIATED_WITH
77043,19,57724,vitamin d deficiency,acute respiratory distress syndrome,ASSOCIATED_WITH
76497,19,60706,autophagy,frailty phenotype,ASSOCIATED_WITH
80135,19,68208,downregulation of fxi,lack of prothrombotic tendency,ASSOCIATED_WITH
77949,19,58601,anticoagulation,increased blood loss,ASSOCIATED_WITH
76153,19,63368,vitamin b12 deficiency,impaired erythropoiesis,ASSOCIATED_WITH
76685,19,55600,pregnancy,portal vein thrombosis,ASSOCIATED_WITH
77365,19,59730,rivaroxaban discontinuation,pro-thrombotic rebound effect,ASSOCIATED_WITH
77121,19,59018,decreased gr-α expression,dysregulation of hpa axis in suicide,ASSOCIATED_WITH
80311,19,68763,low vitamin k status,incidence and progression of knee osteoarthritis,ASSOCIATED_WITH
76685,19,55551,pregnancy,hypercoagulability,ASSOCIATED_WITH
76220,19,58219,iron overload,increased risk of infection,ASSOCIATED_WITH
76152,19,56672,folate deficiency,aberrant chromosome segregation,ASSOCIATED_WITH
76152,19,56671,folate deficiency,altered chromosome recombination,ASSOCIATED_WITH
79433,19,62243,local immune responses in situ,interstitial nephritis,ASSOCIATED_WITH
