UMAP1,UMAP2,cell_type,condition
8.578701,0.570984,Endothelial,Control
2.9160514,-6.1378875,Fibroblast,Control
8.979836,1.3288201,Endothelial,Control
2.22534,-6.7939816,Fibroblast,Control
-2.4142215,6.394454,Fibroblast,Control
8.980332,4.0057673,Endothelial,Control
-0.06328935,-8.343148,Fibroblast,Control
7.0818243,0.51434124,Endothelial,Control
7.7478533,0.3019714,Endothelial,Control
8.456783,1.7366467,Endothelial,Control
9.849511,1.7724162,Endothelial,Control
2.3948524,-7.073701,Fibroblast,Control
-0.3844577,-8.431905,Erythrocyte,Control
8.046819,0.9959716,Endothelial,Control
8.4005785,2.0345492,Endothelial,Control
7.1805696,0.7377547,Endothelial,Control
0.7524285,-7.88353,Fibroblast,Control
9.535045,2.4839613,Endothelial,Control
7.13348,1.1483134,Endothelial,Control
7.647931,1.5868031,Endothelial,Control
9.425475,1.7406404,Endothelial,Control
-2.959089,8.136263,Fibroblast,Control
3.6691732,-6.4361696,Fibroblast,Control
8.637767,1.3526435,Endothelial,Control
0.96638334,-7.0261183,Fibroblast,Control
3.9153593,-6.30259,Fibroblast,Control
3.835147,-6.337817,Fibroblast,Control
8.182133,0.9225742,Endothelial,Control
8.420772,3.5657218,Endothelial,Control
9.252004,0.7660384,Endothelial,Control
7.890842,1.4545661,Endothelial,Control
8.888009,1.8538815,Endothelial,Control
0.81785554,-7.418974,Fibroblast,Control
7.3860745,2.1269674,Endothelial,Control
8.623338,0.57529145,Endothelial,Control
-6.510344,11.811536,Neutrophil,Control
9.180123,0.67398244,Endothelial,Control
8.256977,0.9046991,Endothelial,Control
1.1219199,-8.984636,Fibroblast,Control
9.193344,1.8338473,Endothelial,Control
4.080268,2.109339,Endothelial,Control
-5.7008977,0.89556545,VSMC,Control
7.428769,1.2736123,Endothelial,Control
0.052082736,-9.096185,Fibroblast,Control
7.881111,1.3029178,Endothelial,Control
8.866997,1.6936657,Endothelial,Control
0.34224087,-8.145327,Fibroblast,Control
3.0868008,-6.494602,Fibroblast,Control
7.5662518,4.323452,Endothelial,Control
0.16920951,12.249753,Fibroblast,Control
8.7521305,0.45541307,Endothelial,Control
9.423847,1.4184709,Endothelial,Control
9.363832,1.1876051,Endothelial,Control
7.4276595,1.0559034,Endothelial,Control
8.109495,1.0964087,Endothelial,Control
3.5834386,-6.2550473,Fibroblast,Control
0.39622033,12.516232,Fibroblast,Control
8.324442,2.7936616,Endothelial,Control
-2.0091224,7.3659487,Fibroblast,Control
0.64598024,-8.228094,Fibroblast,Control
8.405515,0.5414062,Endothelial,Control
0.17008282,-9.214188,Fibroblast,Control
2.3883846,-7.3498034,Fibroblast,Control
7.858087,0.44590074,Endothelial,Control
4.010674,2.0998847,Endothelial,Control
8.783,4.298837,Endothelial,Control
-10.885135,4.2316413,Fibroblast,Control
0.75811774,-8.559308,Fibroblast,Control
8.36908,2.123065,Endothelial,Control
8.555607,0.6398562,Endothelial,Control
9.741454,2.908339,Endothelial,Control
8.309861,2.3007448,Endothelial,Control
7.8435693,1.8625382,Endothelial,Control
3.8847253,-5.9644403,Fibroblast,Control
-3.12943,9.581028,Monocyte,Control
1.2094619,-7.9372425,Fibroblast,Control
-4.8118815,4.4888616,Fibroblast,Control
8.091278,0.38837028,Endothelial,Control
-0.0028626819,-7.8926277,Fibroblast,Control
9.665462,1.3160198,Endothelial,Control
1.7185917,-7.771891,Fibroblast,Control
9.595386,1.6258345,Endothelial,Control
-0.15981416,-7.973427,Fibroblast,Control
5.234821,9.811978,B_cell,Control
1.2427859,-8.051274,Fibroblast,Control
7.8017964,1.2421713,Endothelial,Control
8.737195,2.9618099,Endothelial,Control
0.5815031,-8.318216,Fibroblast,Control
8.833735,0.6871786,Endothelial,Control
5.225458,10.095512,B_cell,Control
7.6921906,1.0608038,Endothelial,Control
4.5625587,-4.9208302,Fibroblast,Control
0.87903947,-9.6332655,Fibroblast,Control
7.659975,0.6976324,Endothelial,Control
0.19224553,-8.490564,Fibroblast,Control
-11.720722,0.3061967,Erythrocyte,Control
2.922247,-6.7615333,Fibroblast,Control
8.290201,1.6351194,Endothelial,Control
9.548975,2.9753294,Endothelial,Control
2.2904236,-7.6602,Fibroblast,Control
1.99701,-8.060771,Fibroblast,Control
3.4580226,-6.246724,Fibroblast,Control
4.019927,-5.9850283,Fibroblast,Control
0.9422104,-7.209472,Fibroblast,Control
8.253482,1.1562555,Endothelial,Control
3.0081558,-6.728439,Fibroblast,Control
8.222375,3.0475647,Endothelial,Control
7.369355,0.6681883,Endothelial,Control
1.0237907,-8.983369,Fibroblast,Control
0.49770007,-8.885296,Fibroblast,Control
7.1556706,1.2454246,Endothelial,Control
3.7454865,-6.4539943,Fibroblast,Control
8.616555,1.3576472,Endothelial,Control
9.331183,1.97744,Endothelial,Control
8.108725,0.42035967,Endothelial,Control
5.180761,9.809397,B_cell,Control
7.9454203,1.7062709,Endothelial,Control
7.5385437,0.30052608,Endothelial,Control
6.050406,0.3608858,Endothelial,Control
7.5176597,1.4787481,Endothelial,Control
1.8270983,-7.5158234,Fibroblast,Control
8.182058,4.300737,Endothelial,Control
7.6069884,1.755947,Endothelial,Control
-6.7423954,-1.2460182,VSMC,Control
0.6750153,-7.086408,Fibroblast,Control
2.278946,-7.017982,Fibroblast,Control
-5.1770225,4.2734966,Fibroblast,Control
8.010085,2.995761,Endothelial,Control
4.727444,-5.251709,Fibroblast,Control
7.5672994,2.7375565,Endothelial,Control
1.1297115,-7.3577065,Fibroblast,Control
7.978399,2.3629966,Endothelial,Control
8.071591,3.7437766,Endothelial,Control
9.239931,0.38874876,Endothelial,Control
5.204075,1.9119174,Endothelial,Control
1.9286267,-7.7989388,Fibroblast,Control
7.011674,2.0365996,Endothelial,Control
3.4213984,-5.9048753,Fibroblast,Control
5.71024,2.0253184,Endothelial,Control
9.260563,3.115794,Endothelial,Control
8.084972,3.7168047,Endothelial,Control
8.924161,2.1290565,Endothelial,Control
7.808199,1.4372478,Endothelial,Control
0.35397282,-7.5272546,Fibroblast,Control
7.4453793,1.670759,Endothelial,Control
8.449586,3.7788436,Endothelial,Control
8.1672125,0.18138023,Endothelial,Control
4.726212,1.9960569,Endothelial,Control
8.408891,4.6480627,Endothelial,Control
8.848727,0.10231682,Endothelial,Control
9.266774,2.7164018,Endothelial,Control
9.193973,1.4883841,Endothelial,Control
1.420142,2.3552876,Endothelial,Control
-0.103295654,12.339703,Fibroblast,Control
6.181495,1.4264257,Endothelial,Control
2.5887504,-6.89379,Fibroblast,Control
0.2360352,-9.097722,Fibroblast,Control
8.704609,0.69263816,Endothelial,Control
-0.23539726,-8.492439,Fibroblast,Control
-2.0485084,7.1444907,Fibroblast,Control
1.2687812,-7.683376,Fibroblast,Control
9.0536785,3.5369911,Endothelial,Control
0.6087265,-8.592652,Fibroblast,Control
8.849223,1.7968633,Endothelial,Control
-0.21910739,3.4824002,Endothelial,Control
9.250383,1.5052785,Endothelial,Control
7.737716,1.4415708,Endothelial,Control
8.077208,2.682758,Endothelial,Control
8.587804,0.9450168,Endothelial,Control
-0.03136304,14.190146,Fibroblast,Control
9.46008,2.3887286,Endothelial,Control
7.457499,0.27462986,Endothelial,Control
7.5105743,1.3401428,Endothelial,Control
1.2622555,3.2344098,Endothelial,Control
-0.079778954,-8.561052,Fibroblast,Control
0.5696445,-7.715731,Fibroblast,Control
-0.28217417,-7.5013633,Fibroblast,Control
8.358399,2.4728458,Endothelial,Control
0.66583234,-9.150975,Fibroblast,Control
8.814245,2.169189,Endothelial,Control
5.9788084,-1.004178,Fibroblast,Control
8.680849,0.18606953,Endothelial,Control
0.27456236,-8.415745,Fibroblast,Control
9.126579,2.5231004,Endothelial,Control
1.8490075,-7.896696,Fibroblast,Control
6.673962,0.42102352,Endothelial,Control
0.3532611,12.385795,Fibroblast,Control
0.97739345,-8.551901,Fibroblast,Control
4.732972,-4.989804,Fibroblast,Control
8.607342,0.4863245,Endothelial,Control
8.550199,1.0945826,Endothelial,Control
8.437208,2.0336626,Endothelial,Control
1.0795741,-7.7302055,Fibroblast,Control
4.1136293,-5.6533794,Fibroblast,Control
9.511997,1.3010151,Endothelial,Control
8.239154,2.2059293,Endothelial,Control
9.2268915,1.2863779,Endothelial,Control
3.3543823,-6.634364,Fibroblast,Control
3.9276,2.1543355,Endothelial,Control
0.35617194,-8.378718,Fibroblast,Control
1.1232256,-7.7322154,Fibroblast,Control
9.414466,1.1397539,Endothelial,Control
8.284913,2.557033,Endothelial,Control
8.600483,2.4965363,Endothelial,Control
0.6851324,-9.338758,Fibroblast,Control
1.1514784,-7.288156,Fibroblast,Control
6.811458,1.1554217,Endothelial,Control
8.071365,0.22345902,Endothelial,Control
8.543133,3.2717636,Endothelial,Control
9.096916,2.2854667,Endothelial,Control
9.370374,1.6104484,Endothelial,Control
9.504811,1.4262043,Endothelial,Control
0.40632567,-8.29243,Fibroblast,Control
-2.7976382,7.470371,Fibroblast,Control
0.34839466,-8.8339,Fibroblast,Control
9.088129,4.178886,Endothelial,Control
1.9513339,-7.5249624,Fibroblast,Control
8.396817,1.4562944,Endothelial,Control
1.4308982,-7.729965,Fibroblast,Control
8.7247095,1.3853384,Endothelial,Control
8.105175,2.920635,Endothelial,Control
9.352362,1.4128468,Endothelial,Control
0.99513525,-7.9531255,Fibroblast,Control
0.064547546,-8.775478,Fibroblast,Control
0.24466719,-8.833457,Fibroblast,Control
1.6618297,2.9931123,Endothelial,Control
8.108135,3.923846,Endothelial,Control
0.2699167,-7.1325636,Fibroblast,Control
8.757093,4.260875,Endothelial,Control
9.079554,1.2494938,Endothelial,Control
9.05292,1.6253358,Endothelial,Control
7.5337915,1.6645098,Endothelial,Control
1.8096794,-6.6092215,Fibroblast,Control
8.668877,4.158998,Endothelial,Control
0.93348825,-7.880949,Fibroblast,Control
9.482008,2.9184797,Endothelial,Control
9.179204,3.0485504,Endothelial,Control
2.1633124,15.520582,Fibroblast,Control
8.503594,4.404242,Endothelial,Control
9.067164,0.7639489,Endothelial,Control
8.411928,4.318263,Endothelial,Control
5.73365,-0.9866122,Fibroblast,Control
9.063719,2.6175752,Endothelial,Control
8.539766,4.9131694,Endothelial,Control
1.3144089,-7.651761,Fibroblast,Control
7.9418564,2.5375423,Endothelial,Control
3.288846,-6.428686,Fibroblast,Control
8.277692,1.3884127,Endothelial,Control
5.0193467,9.437753,B_cell,Control
8.649943,2.355111,Endothelial,Control
-0.3262739,-5.04549,Fibroblast,Control
5.8976073,-1.4528084,Fibroblast,Control
1.5815376,-7.4666905,Fibroblast,Control
8.28458,1.545163,Endothelial,Control
-11.746767,0.32486925,Erythrocyte,Control
5.5924892,-1.0589237,Fibroblast,Control
8.082952,0.7390795,Endothelial,Control
1.3427035,-7.4489937,Fibroblast,Control
9.352978,0.96392715,Endothelial,Control
8.371912,0.673725,Endothelial,Control
8.578139,0.23409986,Endothelial,Control
7.712232,0.34686023,Endothelial,Control
9.4320755,1.8242575,Endothelial,Control
8.284597,0.5739917,Endothelial,Control
8.449619,2.9728901,Endothelial,Control
8.330389,3.2482018,Endothelial,Control
5.956131,-1.1436851,Fibroblast,Control
0.11882257,-8.200949,Fibroblast,Control
8.865051,0.58582234,Endothelial,Control
6.316371,-0.08711881,Erythrocyte,Control
0.2873617,-7.2143993,Fibroblast,Control
8.595092,3.4750235,Endothelial,Control
8.681128,3.7286892,Endothelial,Control
5.1795163,9.838545,B_cell,Control
8.084678,1.7898636,Endothelial,Control
0.19716413,-8.14623,Fibroblast,Control
8.962632,3.7498584,Endothelial,Control
2.1840355,-6.593101,Fibroblast,Control
7.823427,2.4671218,Endothelial,Control
7.645769,3.2054641,Endothelial,Control
8.716686,1.8916456,Endothelial,Control
8.4955,2.6999452,Endothelial,Control
8.407594,2.3204305,Endothelial,Control
5.5317354,10.422107,B_cell,Control
6.6749783,1.1307713,Endothelial,Control
3.8822732,-5.6907473,Fibroblast,Control
3.5021312,3.954457,Endothelial,Control
0.16214865,-7.679246,Fibroblast,Control
0.37380186,-7.809698,Fibroblast,Control
4.870484,1.9634541,Endothelial,Control
2.3054051,-6.5435605,Fibroblast,Control
8.39352,3.8675048,Endothelial,Control
8.099988,2.1539276,Endothelial,Control
-0.78359014,13.004394,Fibroblast,Control
-0.17266256,-8.396844,Fibroblast,Control
9.111403,0.5160721,Endothelial,Control
3.2732909,3.8472068,Endothelial,Control
0.51498264,-8.475578,Fibroblast,Control
7.7355475,2.970035,Endothelial,Control
8.266307,2.9371572,Endothelial,Control
-4.1416106,6.263818,Fibroblast,Control
7.463397,1.5047758,Endothelial,Control
9.406041,2.1487906,Endothelial,Control
0.6469229,-8.136378,Fibroblast,Control
8.9133625,1.1640465,Endothelial,Control
8.491854,1.5899208,Endothelial,Control
3.2678313,-6.3136525,Fibroblast,Control
-4.604932,5.430333,Fibroblast,Control
7.9227147,0.0909951,Endothelial,Control
8.546208,1.6163557,Endothelial,Control
2.3692555,-7.525167,Fibroblast,Control
-0.31340092,-7.5193324,Fibroblast,Control
0.65631664,-7.9569883,Fibroblast,Control
4.819647,1.9091611,Endothelial,Control
9.773075,1.9243076,Endothelial,Control
2.6568744,8.113647,Fibroblast,Control
5.6965194,-1.2507102,Fibroblast,Control
1.3464113,-7.741698,Fibroblast,Control
9.444373,1.7291073,Endothelial,Control
9.1890955,2.0365036,Endothelial,Control
0.7250363,-7.242508,Fibroblast,Control
7.560853,0.95842534,Endothelial,Control
8.664216,0.54339087,Endothelial,Control
8.736584,0.48249894,Endothelial,Control
8.765157,2.485946,Endothelial,Control
6.336934,-0.6823131,Fibroblast,Control
8.915847,0.14249413,Endothelial,Control
8.454208,2.7011943,Endothelial,Control
7.8910475,3.1263218,Endothelial,Control
8.480921,1.8432875,Endothelial,Control
-11.012339,4.0963626,Fibroblast,Control
9.139246,3.1688373,Endothelial,Control
9.624946,2.188615,Endothelial,Control
8.891061,2.7462392,Endothelial,Control
7.8617015,0.9094253,Endothelial,Control
4.169053,-5.5616117,Fibroblast,Control
9.079909,3.6206372,Endothelial,Control
-11.410246,0.089068174,Erythrocyte,Control
2.3977137,-7.596895,Fibroblast,Control
-2.1576552,6.7410994,Fibroblast,Control
-6.5316415,11.859539,Neutrophil,Control
8.190364,1.0420027,Endothelial,Control
-0.85448635,13.042867,Fibroblast,Control
8.319777,3.041859,Endothelial,Control
7.4773498,1.0174317,Endothelial,Control
9.417374,1.3812374,Endothelial,Control
7.6993027,0.36008415,Endothelial,Control
-1.231304,6.76753,Fibroblast,Control
7.93132,3.3516054,Endothelial,Control
8.453793,2.005593,Endothelial,Control
7.9739113,3.5961075,Endothelial,Control
8.796177,1.5009162,Endothelial,Control
5.800532,-1.2072206,Fibroblast,Control
3.7694874,2.2121224,Endothelial,Control
1.7370492,-7.813611,Fibroblast,Control
9.102712,2.3414783,Endothelial,Control
1.855533,-8.342875,Fibroblast,Control
5.580132,10.47476,B_cell,Control
1.7896804,-5.960436,Fibroblast,Control
3.5987427,20.296867,Fibroblast,Control
-2.9372787,7.8606873,Fibroblast,Control
-1.1315144,7.1821356,Fibroblast,Control
4.432445,-5.3178816,Fibroblast,Control
7.57268,1.175188,Endothelial,Control
1.344178,-7.8453865,Fibroblast,Control
-0.17897233,3.4045556,Endothelial,Control
5.393303,1.9982098,Endothelial,Control
8.934358,2.3150063,Endothelial,Control
8.425453,0.921594,Endothelial,Control
8.995562,0.42258316,Endothelial,Control
0.92418635,-8.946485,Fibroblast,Control
0.8037866,-6.980298,Fibroblast,Control
0.108003214,-8.313824,Fibroblast,Control
7.4749727,0.3580229,Endothelial,Control
0.82652724,-7.317118,Fibroblast,Control
8.815676,1.673769,Endothelial,Control
4.5652194,-6.0137534,Fibroblast,Control
9.385307,0.792733,Endothelial,Control
-0.29302084,12.359995,Fibroblast,Control
-6.0413227,7.445766,Macrophage,Control
7.764662,1.59009,Endothelial,Control
9.0177555,1.980687,Endothelial,Control
6.9379234,2.6697323,Endothelial,Control
5.128948,9.863796,B_cell,Control
0.9726749,3.1409042,Endothelial,Control
9.273374,3.9466095,Endothelial,Control
0.84788597,-8.362336,Fibroblast,Control
0.44863653,-6.9079614,Fibroblast,Control
1.6534488,-7.8659315,Fibroblast,Control
8.620481,0.57112396,Endothelial,Control
0.098070174,13.356378,Fibroblast,Control
9.431579,0.8273256,Endothelial,Control
8.248551,5.406694,Endothelial,Control
0.60103315,-8.543676,Fibroblast,Control
-4.9085326,4.384911,Fibroblast,Control
-0.2861912,-5.762773,Fibroblast,Control
7.8545456,0.53681546,Endothelial,Control
1.666474,-7.835199,Fibroblast,Control
5.1629415,1.9395014,Endothelial,Control
8.027193,1.1404274,Endothelial,Control
8.366199,1.9915868,Endothelial,Control
7.564249,1.2500653,Endothelial,Control
7.8243294,2.5809767,Endothelial,Control
8.463233,3.105591,Endothelial,Control
8.784649,2.7545967,Endothelial,Control
-0.29981244,-7.6591234,Fibroblast,Control
8.776859,4.256861,Endothelial,Control
8.431571,1.1723496,Endothelial,Control
7.3214345,0.9154961,Endothelial,Control
0.039743353,-7.607809,Fibroblast,Control
9.17128,1.3074151,Endothelial,Control
0.16988671,-8.390966,Fibroblast,Control
1.4367006,-8.677024,Fibroblast,Control
5.057452,9.519115,B_cell,Control
9.741741,1.8536882,Endothelial,Control
2.711789,2.454402,Endothelial,Control
0.19484322,-7.0658965,Fibroblast,Control
8.460641,2.3561568,Endothelial,Control
0.7408484,-8.059734,Fibroblast,Control
2.0012455,-7.8387284,Fibroblast,Control
0.4134034,-7.519433,Fibroblast,Control
0.3937151,-7.1770754,Fibroblast,Control
1.578086,-7.3505306,Fibroblast,Control
7.8985066,1.1445174,Endothelial,Control
8.076674,1.8929917,Endothelial,Control
-1.0303949,-8.393724,Erythrocyte,Control
8.653159,0.6564366,Endothelial,Control
7.2348194,0.44597802,Endothelial,Control
5.4859147,-1.4536694,Fibroblast,Control
9.614995,1.9504708,Endothelial,Control
5.7353616,-1.4560713,Fibroblast,Control
-4.5904207,4.967655,Fibroblast,Control
8.06708,2.6645765,Endothelial,Control
9.858383,2.2124164,Endothelial,Control
-5.338651,0.48017615,VSMC,Control
7.517334,1.7057514,Endothelial,Control
1.7800971,2.917237,Endothelial,Control
1.7527643,-7.4523163,Fibroblast,Control
8.138293,2.5881958,Endothelial,Control
1.6377589,-7.6004095,Fibroblast,Control
8.696119,1.85137,Endothelial,Control
8.102011,0.5484895,Endothelial,Control
1.1297687,-7.5373926,Fibroblast,Control
0.14277034,-6.9000096,Fibroblast,Control
0.9185158,-8.953782,Fibroblast,Control
8.025238,3.7903776,Endothelial,Control
8.771955,0.5095295,Endothelial,Control
-11.524495,0.20255257,Erythrocyte,Control
9.411874,0.7517729,Endothelial,Control
0.3418518,-9.319109,Fibroblast,Control
8.728648,2.2067065,Endothelial,Control
8.991237,0.9416192,Endothelial,Control
7.6774726,1.264407,Endothelial,Control
2.573373,-6.5613213,Fibroblast,Control
7.6156135,0.9369474,Endothelial,Control
7.596362,1.7844809,Endothelial,Control
0.5587385,-7.441366,Fibroblast,Control
0.5566614,-7.336306,Fibroblast,Control
9.845507,2.3502371,Endothelial,Control
8.017553,0.14933324,Endothelial,Control
9.01626,3.3892543,Endothelial,Control
4.5976954,-5.5655546,Fibroblast,Control
7.6825905,0.63192874,Endothelial,Control
9.145995,1.1422443,Endothelial,Control
2.5217526,-6.7054715,Fibroblast,Control
8.03532,0.63851035,Endothelial,Control
6.2024117,2.355446,Endothelial,Control
-11.718617,0.30693626,Erythrocyte,Control
2.338536,-6.9686785,Fibroblast,Control
9.343357,1.886212,Endothelial,Control
8.2890005,0.8228116,Endothelial,Control
8.115474,0.27600256,Endothelial,Control
9.034607,1.4665755,Endothelial,Control
8.582203,1.64789,Endothelial,Control
0.7985454,-6.5808315,Fibroblast,Control
0.6024119,-6.9286366,Fibroblast,Control
8.264751,3.9101548,Endothelial,Control
-11.495068,4.448638,Fibroblast,Control
0.028479917,-7.3060884,Fibroblast,Control
0.2007135,-7.9002743,Fibroblast,Control
2.073733,-7.09754,Fibroblast,Control
9.567468,1.9853015,Endothelial,Control
8.152421,1.0837234,Endothelial,Control
9.581168,1.0595106,Endothelial,Control
9.375488,2.239049,Endothelial,Control
-4.82744,4.5749283,Fibroblast,Control
0.46815982,-7.8560905,Fibroblast,Control
0.78785956,-7.1740384,Fibroblast,Control
2.267442,-7.1871333,Fibroblast,Control
0.34826413,-8.170999,Fibroblast,Control
-0.22181034,12.366327,Fibroblast,Control
1.4420896,-7.4724174,Fibroblast,Control
4.8235536,1.875426,Endothelial,Control
-0.12109954,-7.0628157,Fibroblast,Control
9.508142,2.9538689,Endothelial,Control
7.3664484,1.2770396,Endothelial,Control
0.41984013,-8.264991,Fibroblast,Control
-2.9754493,-5.135203,Fibroblast,Control
8.420358,3.2821844,Endothelial,Control
3.5845544,-6.504799,Fibroblast,Control
-11.432542,0.120056175,Erythrocyte,Control
8.295847,4.9577446,Endothelial,Control
-9.865632,3.4594874,Fibroblast,Control
-0.08665006,-7.6271977,Fibroblast,Control
9.5755005,1.9094843,Endothelial,Control
8.973948,4.0776525,Endothelial,Control
0.28785184,-8.832266,Fibroblast,Control
2.1876824,-8.168269,Fibroblast,Control
2.7499335,-6.5749364,Fibroblast,Control
4.598983,-5.8357043,Fibroblast,Control
8.956553,1.3017398,Endothelial,Control
-4.1717234,5.2850537,Fibroblast,Control
7.3170233,1.2879249,Endothelial,Control
8.861626,4.354061,Endothelial,Control
9.170395,2.9006763,Endothelial,Control
8.672923,0.3463441,Endothelial,Control
8.82826,4.320993,Endothelial,Control
9.48418,1.1761274,Endothelial,Control
0.50550807,-8.365393,Fibroblast,Control
9.359873,1.9886705,Endothelial,Control
4.5645766,-4.609412,Fibroblast,Control
0.33687547,-7.6970043,Fibroblast,Control
9.488867,3.2231574,Endothelial,Control
8.231864,5.494614,Endothelial,Control
8.063877,0.110574216,Endothelial,Control
8.641629,3.8074472,Endothelial,Control
9.278699,0.74659204,Endothelial,Control
0.8451167,-7.835549,Fibroblast,Control
8.720657,2.5065515,Endothelial,Control
7.966597,0.57224745,Endothelial,Control
-0.17099516,3.4287863,Endothelial,Control
-0.9165287,13.204298,Fibroblast,Control
9.231483,2.135174,Endothelial,Control
-0.30319706,-8.344534,Fibroblast,Control
8.018071,1.4971948,Endothelial,Control
1.8300725,-7.4209676,Fibroblast,Control
8.130317,1.1861131,Endothelial,Control
3.0745573,-6.5008364,Fibroblast,Control
8.423269,2.225251,Endothelial,Control
5.368712,-0.85276914,Fibroblast,Control
2.2448242,-6.5647836,Fibroblast,Control
7.1819453,0.8696881,Endothelial,Control
1.1624417,-8.571738,Fibroblast,Control
1.5493629,-7.855999,Fibroblast,Control
7.5365343,0.4325061,Endothelial,Control
6.3665624,1.8459525,Endothelial,Control
8.471055,4.890241,Endothelial,Control
0.4181441,-7.0298986,Fibroblast,Control
0.9307061,14.7143545,Fibroblast,Control
9.385969,0.7250483,Endothelial,Control
0.44450983,-8.479155,Fibroblast,Control
8.813053,0.331921,Endothelial,Control
9.553804,1.603302,Endothelial,Control
4.6360536,-5.4294157,Fibroblast,Control
8.735332,1.3271788,Endothelial,Control
2.91441,2.4450147,Endothelial,Control
8.696573,3.113352,Endothelial,Control
8.492974,1.6642017,Endothelial,Control
0.040057562,-9.018858,Fibroblast,Control
0.3654449,-9.068513,Fibroblast,Control
-3.157439,6.138426,Fibroblast,Control
9.474428,1.9724516,Endothelial,Control
2.119279,-7.9154034,Fibroblast,Control
1.9628195,-6.993133,Fibroblast,Control
4.563234,-5.0628395,Fibroblast,Control
8.174773,3.224374,Endothelial,Control
-9.779607,3.5713437,Fibroblast,Control
0.34186155,-7.8156724,Fibroblast,Control
8.273335,3.408093,Endothelial,Control
7.077119,0.6671869,Endothelial,Control
7.656916,2.15553,Endothelial,Control
9.629943,1.8161474,Endothelial,Control
1.0240122,-7.5494695,Fibroblast,Control
8.634686,3.428238,Endothelial,Control
8.165538,4.9130554,Endothelial,Control
3.6205857,-5.8888216,Fibroblast,Control
6.6976404,1.1362023,Endothelial,Control
0.43763995,-6.9841876,Fibroblast,Control
8.354535,2.148649,Endothelial,Control
1.0099479,-8.374375,Fibroblast,Control
0.88022333,-7.571786,Fibroblast,Control
9.846801,2.9083912,Endothelial,Control
-0.43128657,-6.2515593,Fibroblast,Control
8.611952,2.036237,Endothelial,Control
1.6738681,-7.9033136,Fibroblast,Control
9.103306,0.6514446,Endothelial,Control
-0.25295192,12.325804,Fibroblast,Control
9.606435,1.6126338,Endothelial,Control
1.1627342,3.16067,Endothelial,Control
8.271489,1.5265185,Endothelial,Control
7.9597983,1.3350894,Endothelial,Control
7.2838826,0.35204935,Endothelial,Control
0.39510047,-6.955536,Fibroblast,Control
-2.9467013,8.264132,Fibroblast,Control
-11.306309,4.4290648,Fibroblast,Control
7.8848286,3.0904286,Endothelial,Control
-0.22742103,-8.549539,Fibroblast,Control
1.9411945,-6.4964046,Fibroblast,Control
8.586191,2.4564962,Endothelial,Control
9.491555,2.035109,Endothelial,Control
5.84611,-0.25867328,Erythrocyte,Control
9.478265,1.4762809,Endothelial,Control
5.200276,1.959304,Endothelial,Control
5.004704,9.45672,B_cell,Control
9.275886,1.4801166,Endothelial,Control
7.977174,1.1120876,Endothelial,Control
-4.885405,4.3691883,Fibroblast,Control
9.202269,0.5263514,Endothelial,Control
9.047011,1.6721419,Endothelial,Control
4.328909,3.2667584,Endothelial,Control
4.969598,1.9150323,Endothelial,Control
4.7815886,-5.2884755,Fibroblast,Control
8.880967,2.0059047,Endothelial,Control
0.40034187,-8.417912,Fibroblast,Control
-0.9499694,13.0389595,Fibroblast,Control
0.08048953,-7.059952,Fibroblast,Control
8.798744,1.0241601,Endothelial,Control
0.2330006,-8.096932,Fibroblast,Control
8.800146,0.4513867,Endothelial,Control
9.616443,3.2989106,Endothelial,Control
-2.9791062,8.041755,Fibroblast,Control
1.7404459,2.9379041,Endothelial,Control
8.316911,4.080038,Endothelial,Control
8.852151,2.3987625,Endothelial,Control
3.8073463,-6.3595667,Fibroblast,Control
2.3082876,-7.4271317,Fibroblast,Control
5.6993895,-1.1642406,Fibroblast,Control
0.88570243,-8.874739,Fibroblast,Control
-0.21856996,-8.625424,Fibroblast,Control
7.9686213,2.2961867,Endothelial,Control
4.9524684,9.306047,B_cell,Control
4.007124,-6.3802695,Fibroblast,Control
5.157168,2.7014194,Endothelial,Control
8.791025,2.1440709,Endothelial,Control
8.467548,1.4599385,Endothelial,Control
8.451552,1.1683002,Endothelial,Control
8.072437,0.3279042,Endothelial,Control
9.183119,0.42973536,Endothelial,Control
8.495812,3.450354,Endothelial,Control
1.7761308,-8.485979,Fibroblast,Control
4.7323947,-5.1060214,Fibroblast,Control
6.180769,3.426095,Endothelial,Control
9.710262,1.4191982,Endothelial,Control
-0.7451514,-6.497663,Fibroblast,Control
9.367819,2.7917492,Endothelial,Control
7.747145,1.1307274,Endothelial,Control
2.0372646,-6.748492,Fibroblast,Control
8.59496,3.648937,Endothelial,Control
0.71397555,-8.958835,Fibroblast,Control
2.993256,-6.768195,Fibroblast,Control
2.7808094,4.0440903,Endothelial,Control
9.301971,0.4099127,Endothelial,Control
7.4926925,0.48423046,Endothelial,Control
8.785121,2.2231376,Endothelial,Control
3.1447682,-6.6021028,Fibroblast,Control
8.672686,3.7011027,Endothelial,Control
-5.0032263,4.3413844,Fibroblast,Control
2.2443373,-7.7644353,Fibroblast,Control
7.5879307,2.533397,Endothelial,Control
9.190845,2.6458786,Endothelial,Control
1.447483,-8.196386,Fibroblast,Control
2.411274,-6.6199846,Fibroblast,Control
8.064437,3.3489597,Endothelial,Control
9.061443,2.1149433,Endothelial,Control
5.708356,-1.5063368,Fibroblast,Control
7.7588816,2.2952156,Endothelial,Control
5.1474695,1.8696721,Endothelial,Control
8.350901,3.6051738,Endothelial,Control
9.362217,0.5104291,Endothelial,Control
9.315697,2.0218115,Endothelial,Control
1.4079621,-0.853159,Fibroblast,Control
3.4227805,-6.449841,Fibroblast,Control
8.4137945,0.8534329,Endothelial,Control
7.2276416,1.1644535,Endothelial,Control
8.953702,2.5573342,Endothelial,Control
7.7725945,1.6053684,Endothelial,Control
8.932892,2.728206,Endothelial,Control
9.392446,0.7638942,Endothelial,Control
8.768564,1.3874832,Endothelial,Control
3.9752834,-6.4367394,Fibroblast,Control
2.1852236,-6.6607857,Fibroblast,Control
8.194278,0.95076764,Endothelial,Control
9.803556,2.2025776,Endothelial,Control
1.863871,-7.966667,Fibroblast,Control
8.434454,0.33186206,Endothelial,Control
7.655306,0.38490903,Endothelial,Control
9.27256,1.8365524,Endothelial,Control
0.9344965,-8.321297,Fibroblast,Control
7.778947,0.5169645,Endothelial,Control
8.727078,4.393307,Endothelial,Control
8.449644,5.150116,Endothelial,Control
2.236381,-6.7510242,Fibroblast,Control
8.38303,3.5836232,Endothelial,Control
5.948664,-0.7217353,Erythrocyte,Control
9.736941,1.5865061,Endothelial,Control
9.583325,2.348258,Endothelial,Control
8.398837,1.7999231,Endothelial,Control
7.215466,1.4988168,Endothelial,Control
-0.37200972,12.37766,Fibroblast,Control
8.189153,1.2459496,Endothelial,Control
0.4397969,-8.585195,Fibroblast,Control
7.87473,2.9530602,Endothelial,Control
2.1933818,-7.392219,Fibroblast,Control
9.947833,2.1000307,Endothelial,Control
-1.5935979,13.908309,Fibroblast,Control
-2.8608937,7.6105475,Fibroblast,Control
1.3145345,3.1502907,Endothelial,Control
-4.2568455,5.1907654,Fibroblast,Control
8.129398,0.18978257,Endothelial,Control
9.579685,3.3512645,Endothelial,Control
2.1818125,-6.7181063,Fibroblast,Control
0.42595667,-8.1713505,Fibroblast,Control
1.9528217,-7.4990506,Fibroblast,Control
9.171185,2.0950284,Endothelial,Control
8.493291,1.8904296,Endothelial,Control
-0.9906897,7.3304315,Fibroblast,Control
5.2443275,9.8993435,B_cell,Control
9.128153,2.3928604,Endothelial,Control
9.844749,1.6864531,Endothelial,Control
-4.807933,4.7328987,Fibroblast,Control
7.8700523,3.0626876,Endothelial,Control
4.2980356,-5.76259,Fibroblast,Control
8.058882,3.1945279,Endothelial,Control
8.244479,4.746248,Endothelial,Control
2.837894,-6.7161865,Fibroblast,Control
-2.9080307,7.5599766,Fibroblast,Control
8.79432,2.458024,Endothelial,Control
7.6322494,0.2814626,Endothelial,Control
8.439934,1.6705256,Endothelial,Control
-1.2117276,-8.399326,Erythrocyte,Control
0.97834766,-7.6911035,Fibroblast,Control
-4.8702493,4.437236,Fibroblast,Control
0.7668493,-9.661852,Fibroblast,Control
-0.53025204,-7.5468173,Fibroblast,Control
0.0053278957,-8.080213,Fibroblast,Control
-4.109979,5.134829,Fibroblast,Control
6.874836,0.6284187,Endothelial,Control
-3.0168004,8.221052,Fibroblast,Control
9.483799,3.6037107,Endothelial,Control
1.5433602,-7.232529,Fibroblast,Control
1.4212348,-8.752032,Fibroblast,Control
1.8203418,-6.688628,Fibroblast,Control
-9.866598,3.351222,Fibroblast,Control
8.852302,2.616695,Endothelial,Control
2.3443284,-7.1130776,Fibroblast,Control
4.374442,-5.9005322,Fibroblast,Control
1.3221449,-7.1303363,Fibroblast,Control
7.6134768,0.7547574,Endothelial,Control
3.398963,-6.2711124,Fibroblast,Control
7.530939,2.7800705,Endothelial,Control
9.027218,2.0198672,Endothelial,Control
1.2230842,-7.396841,Fibroblast,Control
2.2297945,-7.1674156,Fibroblast,Control
6.9523797,0.9211236,Endothelial,Control
7.2949595,2.0538268,Endothelial,Control
8.4638195,1.6103268,Endothelial,Control
9.733857,2.1946635,Endothelial,Control
7.6372156,3.7339506,Endothelial,Control
1.2307037,-7.3462477,Fibroblast,Control
5.3922563,3.5436153,Endothelial,Control
-0.2579294,-8.7021475,Fibroblast,Control
1.8171792,-8.091684,Fibroblast,Control
8.598754,1.528072,Endothelial,Control
0.24509715,-8.523806,Fibroblast,Control
-4.6962905,6.4171033,Fibroblast,Control
7.8332667,0.81640065,Endothelial,Control
7.883974,1.5602298,Endothelial,Control
7.8048286,1.1228552,Endothelial,Control
8.909441,1.806492,Endothelial,Control
4.062041,3.5885186,Endothelial,Control
9.772257,2.2411704,Endothelial,Control
1.9510015,2.8324857,Endothelial,Control
0.41897744,-8.284644,Fibroblast,Control
5.8519716,-1.222588,Fibroblast,Control
8.379974,3.2695568,Endothelial,Control
1.922781,-6.5630126,Fibroblast,Control
3.9530473,-6.30186,Fibroblast,Control
0.119527265,-7.0115533,Fibroblast,Control
0.81631446,-8.513739,Fibroblast,Control
7.6088886,1.879924,Endothelial,Control
0.92276454,-8.278719,Fibroblast,Control
8.326375,4.272373,Endothelial,Control
1.9027724,-6.0954223,Fibroblast,Control
1.4408474,-8.57693,Fibroblast,Control
7.279557,1.0702196,Endothelial,Control
0.03201741,-8.234745,Fibroblast,Control
8.046224,3.963006,Endothelial,Control
8.847747,0.28621504,Endothelial,Control
1.7755172,-7.6115384,Fibroblast,Control
7.954783,4.06421,Endothelial,Control
-0.9626466,7.2988687,Fibroblast,Control
8.729466,0.81897306,Endothelial,Control
7.8856053,2.122554,Endothelial,Control
2.0528667,-8.130034,Fibroblast,Control
2.6187813,-7.483008,Fibroblast,Control
8.169574,1.2199031,Endothelial,Control
-1.7967112,7.390866,Fibroblast,Control
1.646825,-7.554459,Fibroblast,Control
8.630309,2.1050828,Endothelial,Control
7.964477,0.17155479,Endothelial,Control
-2.9367101,7.6524963,Fibroblast,Control
8.038295,3.1596513,Endothelial,Control
9.05792,2.4891305,Endothelial,Control
8.477953,1.4600496,Endothelial,Control
7.990237,0.3155229,Endothelial,Control
8.954701,1.4675577,Endothelial,Control
1.0912095,-8.610619,Fibroblast,Control
0.084652774,-8.083533,Fibroblast,Control
2.1327045,-6.5705686,Fibroblast,Control
6.981794,1.7486911,Endothelial,Control
-4.705826,4.539149,Fibroblast,Control
8.241488,2.218552,Endothelial,Control
-5.9777536,11.905841,Neutrophil,Control
9.5141535,1.5487164,Endothelial,Control
1.5465294,-8.583136,Fibroblast,Control
-5.1350994,4.4372673,Fibroblast,Control
5.927522,1.4082321,Endothelial,Control
10.010871,2.3532286,Endothelial,Control
-10.993526,0.15267968,Erythrocyte,Control
-2.9150934,7.627226,Fibroblast,Control
9.27217,1.9708955,Endothelial,Control
2.1415982,-7.504687,Fibroblast,Control
9.129732,1.6542803,Endothelial,Control
5.6351748,-1.3487407,Fibroblast,Control
8.09787,0.4426152,Endothelial,Control
8.611252,1.6395037,Endothelial,Control
8.195065,1.5835316,Endothelial,Control
8.652181,3.717874,Endothelial,Control
-0.21048142,-7.7454286,Fibroblast,Control
9.105196,1.7666353,Endothelial,Control
5.914893,-0.80456674,Fibroblast,Control
8.984493,1.0887398,Endothelial,Control
0.2357976,-7.8704195,Fibroblast,Control
7.8868036,3.221209,Endothelial,Control
9.337596,2.2517793,Endothelial,Control
9.146028,0.95725214,Endothelial,Control
2.1994276,-7.406797,Fibroblast,Control
1.063952,-7.2296457,Fibroblast,Control
9.598548,3.106411,Endothelial,Control
0.5474847,-8.251325,Fibroblast,Control
2.807731,4.0958886,Endothelial,Control
9.049437,2.3775861,Endothelial,Control
0.19818963,-7.2423325,Fibroblast,Control
-0.5234837,-8.465686,Erythrocyte,Control
5.767598,-0.34439197,Erythrocyte,Control
7.8995223,0.34058824,Endothelial,Control
-4.895903,4.54867,Fibroblast,Control
0.46673983,-8.341645,Fibroblast,Control
0.8179831,-8.576916,Fibroblast,Control
0.58600813,-8.757793,Fibroblast,Control
8.958734,2.0589092,Endothelial,Control
3.907227,-6.2892046,Fibroblast,Control
3.5468001,20.24216,Fibroblast,Control
-0.94707954,13.335317,Fibroblast,Control
0.50922984,-8.160552,Fibroblast,Control
3.1119044,3.9173799,Endothelial,Control
9.412363,2.1829088,Endothelial,Control
-5.039879,4.3956537,Fibroblast,Control
9.725125,2.5010383,Endothelial,Control
7.2606554,1.0496345,Endothelial,Control
2.3522935,-7.679407,Fibroblast,Control
-5.7302814,11.334734,Neutrophil,Control
7.9881105,1.7415136,Endothelial,Control
9.241036,1.0994127,Endothelial,Control
-11.458536,4.381605,Fibroblast,Control
0.7311422,-8.401723,Fibroblast,Control
8.386094,1.7023622,Endothelial,Control
0.3326963,-7.6997466,Fibroblast,Control
9.860879,1.4258245,Endothelial,Control
-4.7919817,4.7895913,Fibroblast,Control
7.857863,3.5345113,Endothelial,Control
0.26815072,-8.275052,Fibroblast,Control
3.0351496,-6.8665986,Fibroblast,Control
2.4110963,-6.9389186,Fibroblast,Control
-5.231808,4.133715,Fibroblast,Control
0.24985518,-8.818507,Fibroblast,Control
8.945228,0.20591824,Endothelial,Control
-11.26963,4.2470574,Fibroblast,Control
8.0072,3.8041294,Endothelial,Control
-0.065398164,12.269003,Fibroblast,Control
7.7189384,6.0433474,Endothelial,Control
9.266446,2.8341331,Endothelial,Control
8.9091835,0.8896983,Endothelial,Control
-2.910701,7.901502,Fibroblast,Control
5.2692995,9.6137085,B_cell,Control
0.95238245,-8.63629,Fibroblast,Control
1.2711465,-7.929878,Fibroblast,Control
7.4940877,3.2181933,Endothelial,Control
9.043113,2.5162933,Endothelial,Control
-1.4754237,13.810124,Fibroblast,Control
7.345797,0.5370794,Endothelial,Control
-0.33666167,13.752028,Fibroblast,Control
7.9289393,1.0291574,Endothelial,Control
2.0571513,15.394484,Fibroblast,Control
2.745995,-6.4837055,Fibroblast,Control
1.4968076,-8.27419,Fibroblast,Control
0.07727448,-8.890547,Fibroblast,Control
-0.6347952,13.392251,Fibroblast,Control
8.785217,2.479267,Endothelial,Control
7.98064,0.86934155,Endothelial,Control
8.843341,1.5131049,Endothelial,Control
-0.21913952,-8.229384,Fibroblast,Control
2.8782697,-6.881996,Fibroblast,Control
7.2690573,1.0175637,Endothelial,Control
5.116035,1.9061635,Endothelial,Control
8.00836,1.7412537,Endothelial,Control
7.833546,2.1334424,Endothelial,Control
2.8739412,6.646872,Fibroblast,Control
3.0315528,-6.380437,Fibroblast,Control
6.3012094,-0.15056396,Erythrocyte,Control
-0.073523834,-7.957983,Fibroblast,Control
0.45162514,-8.158732,Fibroblast,Control
-4.705613,5.057316,Fibroblast,Control
-0.5790409,-6.6490993,Fibroblast,Control
9.950406,2.4008877,Endothelial,Control
8.092678,1.213632,Endothelial,Control
7.657831,1.5459987,Endothelial,Control
-0.32372347,-6.5397277,Fibroblast,Control
8.851595,4.112234,Endothelial,Control
2.1495407,-7.70298,Fibroblast,Control
0.48264235,-6.800554,Fibroblast,Control
1.1824976,-8.03851,Fibroblast,Control
3.802199,-6.3104434,Fibroblast,Control
8.126178,3.9229352,Endothelial,Control
9.384309,3.222604,Endothelial,Control
9.4751425,2.0862918,Endothelial,Control
0.70045996,-8.199165,Fibroblast,Control
5.350135,8.979226,B_cell,Control
9.959003,2.6703906,Endothelial,Control
8.074011,2.69793,Endothelial,Control
0.42586473,-7.413889,Fibroblast,Control
9.656975,1.0625058,Endothelial,Control
1.008508,-8.346374,Fibroblast,Control
0.15527694,12.240978,Fibroblast,Control
8.665871,3.9545083,Endothelial,Control
0.077060685,-7.162812,Fibroblast,Control
9.679963,3.0491574,Endothelial,Control
7.1885047,0.64461136,Endothelial,Control
3.288164,-6.355784,Fibroblast,Control
8.672377,3.6227758,Endothelial,Control
9.550109,1.1751273,Endothelial,Control
3.2949846,-6.5243077,Fibroblast,Control
0.4416254,-7.3746476,Fibroblast,Control
7.8132386,1.2990441,Endothelial,Control
8.097447,2.9216664,Endothelial,Control
-4.8039503,4.4598517,Fibroblast,Control
7.334345,1.4394113,Endothelial,Control
6.572534,0.24085008,Erythrocyte,Control
5.7904735,2.1210673,Endothelial,Control
2.858602,-6.8968062,Fibroblast,Control
0.7683325,-8.650103,Fibroblast,Control
3.60204,20.300026,Fibroblast,Control
8.1466,0.52087694,Endothelial,Control
4.044378,-5.864053,Fibroblast,Control
0.3513065,-8.4442625,Fibroblast,Control
1.0609572,-8.327495,Fibroblast,Control
4.9701643,9.294489,B_cell,Control
8.454794,1.3153067,Endothelial,Control
1.294838,-8.2552395,Fibroblast,Control
8.467267,1.1089122,Endothelial,Control
5.672918,-1.871869,Fibroblast,Control
2.6723545,-6.8578787,Fibroblast,Control
-11.165223,0.0754312,Erythrocyte,Control
-11.546338,0.22381417,Erythrocyte,Control
7.4244685,2.2088776,Endothelial,Control
8.127388,1.6644386,Endothelial,Control
4.954105,1.9189533,Endothelial,Control
8.785014,3.2651217,Endothelial,Control
-0.7471049,13.493632,Fibroblast,Control
8.647558,4.037134,Endothelial,Control
0.8131959,-7.7192135,Fibroblast,Control
9.493195,0.7109778,Endothelial,Control
0.47084096,-8.416849,Fibroblast,Control
-5.5924926,-1.1000674,VSMC,Control
9.3209305,0.7535507,Endothelial,Control
-4.068847,6.456829,Fibroblast,Control
8.500012,3.9780748,Endothelial,Control
8.020644,0.68946743,Endothelial,Control
2.500485,-6.819045,Fibroblast,Control
9.02552,2.4677117,Endothelial,Control
-5.233988,4.1364107,Fibroblast,Control
-2.003043,7.457999,Fibroblast,Control
9.290621,1.8861616,Endothelial,Control
8.976359,1.5134002,Endothelial,Control
9.46423,2.885645,Endothelial,Control
5.1226006,3.5176234,Endothelial,Control
7.5913486,1.8681453,Endothelial,Control
3.2172048,-6.782071,Fibroblast,Control
3.8146126,-5.739474,Fibroblast,Control
9.963542,1.9750671,Endothelial,Control
2.5904298,-6.4728136,Fibroblast,Control
8.71131,3.622201,Endothelial,Control
9.9792,2.5472825,Endothelial,Control
3.2337306,-6.600877,Fibroblast,Control
0.5329744,-7.172715,Fibroblast,Control
7.7656693,0.1107944,Endothelial,Control
4.62155,-5.607166,Fibroblast,Control
-3.424017,-5.3151374,Fibroblast,Control
-11.440153,0.11101382,Erythrocyte,Control
7.7942524,2.1288617,Endothelial,Control
5.814597,-1.6465007,Fibroblast,Control
-4.6552033,4.848419,Fibroblast,Control
0.87844115,-7.4532585,Fibroblast,Control
9.057576,0.3095252,Endothelial,Control
8.8742075,3.6792188,Endothelial,Control
-6.5334306,12.279238,Neutrophil,Control
9.506316,3.7226164,Endothelial,Control
0.57705325,-7.740464,Fibroblast,Control
8.562365,4.1979823,Endothelial,Control
5.0264645,9.4560585,B_cell,Control
8.79932,1.6930969,Endothelial,Control
0.296528,-8.714866,Fibroblast,Control
8.873973,2.7311308,Endothelial,Control
8.701089,1.0707816,Endothelial,Control
-6.278525,11.655468,Neutrophil,Control
5.5935454,1.8296907,Endothelial,Control
-0.33375853,-7.800536,Fibroblast,Control
7.9121494,0.21839465,Endothelial,Control
0.7349768,-6.919833,Fibroblast,Control
0.14308201,-6.9208894,Fibroblast,Control
1.5408356,-8.068076,Fibroblast,Control
5.509166,1.8466315,Endothelial,Control
9.80152,2.0673368,Endothelial,Control
0.06883701,-8.645123,Fibroblast,Control
5.5202694,-0.83751,Fibroblast,Control
8.289059,0.5768047,Endothelial,Control
9.396174,3.1646214,Endothelial,Control
8.585323,2.703799,Endothelial,Control
0.7725958,-8.428058,Fibroblast,Control
8.770269,2.1779761,Endothelial,Control
-11.215975,4.160181,Fibroblast,Control
0.6316758,-8.610384,Fibroblast,Control
3.317314,-6.471041,Fibroblast,Control
-6.6172585,11.953816,Neutrophil,Control
7.95488,1.5596212,Endothelial,Control
-0.030458976,-8.719046,Fibroblast,Control
7.578716,2.3443508,Endothelial,Control
2.124031,-7.0270567,Fibroblast,Control
5.9220467,-1.2279547,Fibroblast,Control
8.095769,0.47727036,Endothelial,Control
3.0796373,-6.6829944,Fibroblast,Control
9.088829,2.4377973,Endothelial,Control
9.003017,1.0878489,Endothelial,Control
0.87179005,-8.282853,Fibroblast,Control
9.250991,1.378038,Endothelial,Control
-0.9870734,7.3958316,Fibroblast,Control
7.8302703,0.28579888,Endothelial,Control
7.912686,3.4826999,Endothelial,Control
1.139478,-9.025207,Fibroblast,Control
5.0049686,1.7983779,Endothelial,Control
1.8716772,-6.76422,Fibroblast,Control
7.2506313,1.0643452,Endothelial,Control
0.5687812,-9.319661,Fibroblast,Control
8.644488,4.45005,Endothelial,Control
7.7077627,0.71755403,Endothelial,Control
9.369589,1.6581006,Endothelial,Control
0.82524914,-8.198258,Fibroblast,Control
5.224775,10.1621895,B_cell,Control
-0.1513038,12.260817,Fibroblast,Control
3.854527,-5.5840774,Fibroblast,Control
2.1544056,2.5787606,Endothelial,Control
7.9300036,3.597919,Endothelial,Control
1.7207851,-8.051952,Fibroblast,Control
8.480413,2.9660435,Endothelial,Control
8.523317,3.0558794,Endothelial,Control
3.1606283,-6.747341,Fibroblast,Control
7.5781984,1.6547248,Endothelial,Control
7.948539,0.64557844,Endothelial,Control
7.5099745,0.44745544,Endothelial,Control
-11.046526,4.203308,Fibroblast,Control
8.380137,2.3335047,Endothelial,Control
8.58874,2.0213308,Endothelial,Control
-11.230157,4.260575,Fibroblast,Control
5.675486,-1.4189773,Fibroblast,Control
2.2687838,-0.45320752,Fibroblast,Control
0.3879196,-7.777948,Fibroblast,Control
3.9825017,-6.474583,Fibroblast,Control
0.29123396,-7.8271675,Fibroblast,Control
9.196122,0.73082757,Endothelial,Control
2.7181323,-6.93891,Fibroblast,Control
6.4111648,1.5920584,Endothelial,Control
9.352396,2.539207,Endothelial,Control
5.1686687,1.811742,Endothelial,Control
0.87051314,-7.944371,Fibroblast,Control
0.27985796,-8.273498,Fibroblast,Control
-0.8940644,14.023443,Fibroblast,Control
8.144072,3.116311,Endothelial,Control
5.3177953,9.961794,B_cell,Control
8.840525,3.1786733,Endothelial,Control
9.453103,1.6770985,Endothelial,Control
9.5838,1.3533921,Endothelial,Control
8.543531,3.1896262,Endothelial,Control
8.6573305,2.0462077,Endothelial,Control
1.1395468,-7.895392,Fibroblast,Control
0.6286997,-8.199179,Fibroblast,Control
5.736496,-1.9460918,Fibroblast,Control
7.8664827,1.6616244,Endothelial,Control
-10.9707155,4.274801,Fibroblast,Control
8.419528,2.8871534,Endothelial,Control
6.2916703,1.9571257,Endothelial,Control
8.833703,4.3443804,Endothelial,Control
4.02365,3.5411375,Endothelial,Control
3.301311,-6.6814823,Fibroblast,Control
-11.370161,0.09879476,Erythrocyte,Control
7.793683,0.55005205,Endothelial,Control
4.6071715,-4.869818,Fibroblast,Control
0.15357247,-7.5044456,Fibroblast,Control
7.854197,5.554998,Endothelial,Control
0.7088092,-7.852165,Fibroblast,Control
9.340512,1.3963957,Endothelial,Control
1.2422645,-8.762064,Fibroblast,Control
-11.090199,4.481632,Fibroblast,Control
7.464748,0.62883127,Endothelial,Control
0.25241438,-8.334826,Fibroblast,Control
9.188927,0.6504597,Endothelial,Control
8.159133,1.3186358,Endothelial,Control
9.110309,1.2784537,Endothelial,Control
-3.9987907,5.367511,Fibroblast,Control
8.192538,3.5919168,Endothelial,Control
8.652577,1.3648078,Endothelial,Control
9.944303,2.0914383,Endothelial,Control
-0.17757401,14.012654,Fibroblast,Control
9.013456,2.6675627,Endothelial,Control
8.362646,3.3278682,Endothelial,Control
-5.035581,4.457285,Fibroblast,Control
7.7664433,4.075498,Endothelial,Control
4.8580885,1.9812456,Endothelial,Control
7.238662,1.2126343,Endothelial,Control
-5.198333,4.1780124,Fibroblast,Control
-9.943044,3.3781168,Fibroblast,Control
-0.041810248,-8.556573,Fibroblast,Control
-5.9644394,11.420421,Neutrophil,Control
-6.5614595,12.031947,Neutrophil,Control
6.164261,-0.39185226,Fibroblast,Control
5.08893,1.9248376,Endothelial,Control
9.081489,1.3910842,Endothelial,Control
0.1992406,-9.009624,Fibroblast,Control
8.988898,1.3557947,Endothelial,Control
8.58975,3.0234566,Endothelial,Control
0.104368955,-6.8166256,Fibroblast,Control
9.300279,0.85540026,Endothelial,Control
8.549684,2.2097445,Endothelial,Control
0.64048,-8.083057,Fibroblast,Control
3.8437073,3.4908981,Endothelial,Control
7.473404,0.82882494,Endothelial,Control
9.508062,1.3997408,Endothelial,Control
8.555039,4.761464,Endothelial,Control
9.099309,3.2064233,Endothelial,Control
8.373769,0.935779,Endothelial,Control
0.038437765,12.241519,Fibroblast,Control
8.552141,3.1294086,Endothelial,Control
7.4538417,1.3205549,Endothelial,Control
2.2673972,-7.7589765,Fibroblast,Control
9.456514,1.9618279,Endothelial,Control
0.07361962,-8.924985,Fibroblast,Control
8.20233,0.8869324,Endothelial,Control
9.494341,1.7875907,Endothelial,Control
2.1358237,-7.956864,Fibroblast,Control
8.179523,2.7279012,Endothelial,Control
8.574492,2.0851865,Endothelial,Control
8.570052,0.29580936,Endothelial,Control
5.820465,1.7402911,Endothelial,Control
9.175871,1.7176306,Endothelial,Control
0.60800266,-8.58603,Fibroblast,Control
5.4952264,1.9243821,Endothelial,Control
8.361499,1.3553499,Endothelial,Control
9.064242,2.259716,Endothelial,Control
8.277616,1.4201311,Endothelial,Control
7.9190903,3.5549855,Endothelial,Control
1.9288694,-7.208849,Fibroblast,Control
8.01231,1.6080612,Endothelial,Control
7.540826,2.1443381,Endothelial,Control
0.18509935,-6.9207735,Fibroblast,Control
8.526474,2.4699028,Endothelial,Control
-2.0973444,6.986518,Fibroblast,Control
5.838278,-0.31651497,Erythrocyte,Control
1.9500388,-7.786529,Fibroblast,Control
0.22886842,-7.4564314,Fibroblast,Control
0.29295626,-8.808839,Fibroblast,Control
-2.7929056,7.4707956,Fibroblast,Control
8.4648905,2.7261884,Endothelial,Control
8.2151985,3.3504846,Endothelial,Control
7.3619547,0.8599866,Endothelial,Control
9.198117,1.5489444,Endothelial,Control
9.148517,3.0505548,Endothelial,Control
9.366324,2.1567092,Endothelial,Control
2.0382822,-7.0624127,Fibroblast,Control
8.507489,4.4881744,Endothelial,Control
8.324961,0.70692414,Endothelial,Control
-3.016456,8.152365,Fibroblast,Control
1.9247527,-8.295334,Fibroblast,Control
5.7890954,1.9403341,Endothelial,Control
5.029758,9.436025,B_cell,Control
8.530532,0.9252146,Endothelial,Control
5.4980617,2.031866,Endothelial,Control
-3.4344985,5.9624186,Fibroblast,Control
0.6905915,-9.618557,Fibroblast,Control
0.030550836,-8.9992285,Fibroblast,Control
1.4042782,-8.171391,Fibroblast,Control
-4.7300477,5.0000534,Fibroblast,Control
5.109194,9.962964,B_cell,Control
2.0193338,-7.8308377,Fibroblast,Control
9.014031,4.3665113,Endothelial,Control
4.205859,-5.8249607,Fibroblast,Control
7.084509,1.8845593,Endothelial,Control
8.54553,3.5542362,Endothelial,Control
7.4895387,0.19023821,Endothelial,Control
9.229309,1.4658829,Endothelial,Control
3.560445,-6.4968147,Fibroblast,Control
9.775173,2.655608,Endothelial,Control
8.848775,0.4723274,Endothelial,Control
0.3712598,3.435689,Endothelial,Control
2.54578,-7.636283,Fibroblast,Control
0.5240127,-7.349364,Fibroblast,Control
-1.0036749,13.425123,Fibroblast,Control
0.7945529,-7.1583467,Fibroblast,Control
3.4757872,3.9282858,Endothelial,Control
4.950852,1.8523579,Endothelial,Control
3.9234612,-5.622654,Fibroblast,Control
8.685734,0.27435976,Endothelial,Control
-4.689334,4.831072,Fibroblast,Control
8.455438,3.3446105,Endothelial,Control
1.8245599,-7.804964,Fibroblast,Control
8.075599,4.851906,Endothelial,Control
8.280544,4.1845956,Endothelial,Control
7.723436,1.4238893,Endothelial,Control
0.9583218,-7.302307,Fibroblast,Control
4.6762776,-5.4968996,Fibroblast,Control
8.74704,0.96194714,Endothelial,Control
0.1162382,-8.301323,Fibroblast,Control
8.398858,2.4709697,Endothelial,Control
8.326679,3.528683,Endothelial,Control
8.191477,4.462958,Endothelial,Control
0.2356936,-8.912874,Fibroblast,Control
7.5720468,2.4637752,Endothelial,Control
0.8920074,-8.396251,Fibroblast,Control
5.5986176,-1.2898008,Fibroblast,Control
4.395412,-5.6879473,Fibroblast,Control
8.948145,1.4818997,Endothelial,Control
1.4437438,-8.020834,Fibroblast,Control
6.045484,1.8720902,Endothelial,Control
-10.793261,4.5171704,Fibroblast,Control
8.955382,2.6293046,Endothelial,Control
9.1219425,2.6735826,Endothelial,Control
8.844442,0.72359943,Endothelial,Control
7.346894,1.0062805,Endothelial,Control
9.4276905,3.154204,Endothelial,Control
8.991848,0.282436,Endothelial,Control
0.80511546,-9.186667,Fibroblast,Control
8.765812,4.211222,Endothelial,Control
8.741542,0.4366116,Endothelial,Control
4.013092,-5.945381,Fibroblast,Control
0.52294326,-9.286083,Fibroblast,Control
0.43928158,-9.23905,Fibroblast,Control
9.769507,1.4263461,Endothelial,Control
0.7076154,-9.650014,Fibroblast,Control
0.016182616,-7.4093304,Fibroblast,Control
0.80709165,-8.985066,Fibroblast,Control
2.9562244,3.9684892,Endothelial,Control
-5.08862,4.3396664,Fibroblast,Control
0.67633504,-8.650629,Fibroblast,Control
8.906741,1.8820862,Endothelial,Control
1.7231808,-6.0898323,Fibroblast,Control
7.9804196,0.3752213,Endothelial,Control
8.859607,0.9027275,Endothelial,Control
9.199399,1.3500997,Endothelial,Control
0.1720055,-8.798565,Fibroblast,Control
-2.941551,7.663541,Fibroblast,Control
7.839862,0.90914816,Endothelial,Control
1.7897071,-7.547474,Fibroblast,Control
6.021096,1.9001507,Endothelial,Control
0.10241081,-8.183091,Fibroblast,Control
-5.001743,5.5116534,Fibroblast,Control
5.2278957,9.826566,B_cell,Control
5.6819882,1.8973757,Endothelial,Control
9.472834,3.0128741,Endothelial,Control
8.485502,0.38199705,Endothelial,Control
9.622514,1.5892038,Endothelial,Control
-11.418462,0.12486614,Erythrocyte,Control
8.362839,1.3884088,Endothelial,Control
8.40819,0.528376,Endothelial,Control
2.0555637,-7.370799,Fibroblast,Control
8.47536,1.099131,Endothelial,Control
9.330186,1.932801,Endothelial,Control
6.3932376,2.0614576,Endothelial,Control
2.4126644,-7.2116876,Fibroblast,Control
0.52719903,-9.172753,Fibroblast,Control
-0.7540804,13.321241,Fibroblast,Control
7.4651284,1.7409886,Endothelial,Control
-0.20695986,-6.7091894,Fibroblast,Control
-0.30027664,-8.171171,Fibroblast,Control
8.776971,4.145416,Endothelial,Control
8.863999,2.0525398,Endothelial,Control
5.3911033,2.0068386,Endothelial,Control
1.1331737,-8.035603,Fibroblast,Control
7.8053694,1.6453701,Endothelial,Control
2.3947387,-7.6611304,Fibroblast,Control
7.820541,0.73914057,Endothelial,Control
9.41241,1.4017181,Endothelial,Control
1.088094,-9.073051,Fibroblast,Control
0.78395534,-8.922162,Fibroblast,Control
8.272892,4.28459,Endothelial,Control
9.428265,1.0228059,Endothelial,Control
-0.78556436,-6.4728265,Fibroblast,Control
8.744212,0.66514367,Endothelial,Control
3.668879,3.64789,Endothelial,Control
3.4009342,-6.0139194,Fibroblast,Control
7.5601196,0.67595667,Endothelial,Control
8.453534,2.2805576,Endothelial,Control
-4.687988,4.6201634,Fibroblast,Control
-4.944472,4.798562,Fibroblast,Control
5.5516663,8.638973,B_cell,Control
4.667213,-5.0497546,Fibroblast,Control
8.45438,0.5644357,Endothelial,Control
1.0330781,2.460481,Endothelial,Control
9.760873,1.754803,Endothelial,Control
3.9419224,-5.8357153,Fibroblast,Control
5.8451357,2.0492,Endothelial,Control
0.01243737,-8.396118,Fibroblast,Control
9.295997,2.532491,Endothelial,Control
-0.1703937,-7.903222,Fibroblast,Control
8.901166,2.1527748,Endothelial,Control
8.0008,2.4781945,Endothelial,Control
9.407525,0.61631876,Endothelial,Control
8.649434,0.837037,Endothelial,Control
8.033516,0.5935302,Endothelial,Control
8.431876,1.9305252,Endothelial,Control
0.03218942,-7.2667217,Fibroblast,Control
0.4490852,-9.348737,Fibroblast,Control
4.852699,9.140621,B_cell,Control
8.61322,3.1949358,Endothelial,Control
-0.46418023,13.602139,Fibroblast,Control
0.95746404,-7.7422304,Fibroblast,Control
-3.6904829,6.6554017,Fibroblast,Control
8.8975115,3.6810553,Endothelial,Control
8.352734,0.22585079,Endothelial,Control
2.239642,-7.6271377,Fibroblast,Control
7.3186083,0.9799383,Endothelial,Control
-11.568054,0.23270755,Erythrocyte,Control
-2.5201888,7.2286496,Fibroblast,Control
1.4728196,-0.75382733,Fibroblast,Control
8.628813,3.4065313,Endothelial,Control
-6.2243986,11.790635,Neutrophil,Control
8.49285,0.91745806,Endothelial,Control
4.492774,3.1352694,Endothelial,Control
1.6017889,-7.863728,Fibroblast,Control
-6.5283427,11.966423,Neutrophil,Control
0.25516334,-7.5767045,Fibroblast,Control
-4.6108036,6.027378,Fibroblast,Control
0.6131996,-9.138126,Fibroblast,Control
4.6977196,-5.2134027,Fibroblast,Control
4.2508683,-5.3162837,Fibroblast,Control
9.290145,2.2716007,Endothelial,Control
8.527571,2.1901248,Endothelial,Control
8.753726,2.1246514,Endothelial,Control
7.726773,4.0772986,Endothelial,Control
2.2842972,-6.955133,Fibroblast,Control
1.0127262,-8.282327,Fibroblast,Control
3.392495,-6.535852,Fibroblast,Control
8.808305,3.8898084,Endothelial,Control
-11.452594,0.1569843,Erythrocyte,Control
8.8168745,0.92366546,Endothelial,Control
8.041711,4.601541,Endothelial,Control
9.678575,1.7663131,Endothelial,Control
5.7640915,2.156189,Endothelial,Control
9.024261,2.9251282,Endothelial,Control
8.461209,1.3398169,Endothelial,Control
9.549477,1.3511177,Endothelial,Control
7.9241867,0.25683966,Endothelial,Control
6.187533,1.2624649,Endothelial,Control
1.9357508,-8.146867,Fibroblast,Control
0.32699358,12.417346,Fibroblast,Control
2.227164,-0.4844867,Fibroblast,Control
2.0832498,-7.7818413,Fibroblast,Control
8.229162,1.5131466,Endothelial,Control
1.7773637,-7.6788607,Fibroblast,Control
-5.652022,11.1762,Neutrophil,Control
0.17383146,-7.4585333,Fibroblast,Control
1.272647,-7.0974216,Fibroblast,Control
7.6083717,2.41227,Endothelial,Control
8.626816,1.1058792,Endothelial,Control
1.4709822,2.9836047,Endothelial,Control
3.5948846,-6.084104,Fibroblast,Control
8.412219,2.360355,Endothelial,Control
2.8983436,-6.6279087,Fibroblast,Control
0.23990814,-7.9405937,Fibroblast,Control
9.070386,0.61600035,Endothelial,Control
2.8804762,-6.4730153,Fibroblast,Control
7.183819,1.6010349,Endothelial,Control
-3.9051788,6.2219496,Fibroblast,Control
-4.5820866,5.077018,Fibroblast,Control
2.9005446,-6.658087,Fibroblast,Control
4.9194326,1.8894069,Endothelial,Control
7.23408,1.3135006,Endothelial,Control
10.009492,1.8674195,Endothelial,Control
7.8921657,1.9261117,Endothelial,Control
1.8201555,2.8451102,Endothelial,Control
9.275054,0.8713635,Endothelial,Control
7.6825852,1.0187011,Endothelial,Control
8.642395,4.2399354,Endothelial,Control
1.995656,-7.745187,Fibroblast,Control
1.1051044,-7.509986,Fibroblast,Control
8.661172,1.8656207,Endothelial,Control
0.5324685,-8.843301,Fibroblast,Control
-5.2112293,4.1911316,Fibroblast,Control
9.927647,2.2003396,Endothelial,Control
8.792302,2.7022734,Endothelial,Control
9.431964,1.6912583,Endothelial,Control
1.8527418,-6.1398077,Fibroblast,Control
8.804361,4.4914365,Endothelial,Control
1.1312046,-7.88104,Fibroblast,Control
9.158832,1.138662,Endothelial,Control
4.828659,1.9615719,Endothelial,Control
0.43620154,-8.242069,Fibroblast,Control
9.23837,1.4103924,Endothelial,Control
8.999362,2.3934915,Endothelial,Control
7.4642544,1.2766695,Endothelial,Control
0.49106425,-8.129681,Fibroblast,Control
7.8748045,1.4906634,Endothelial,Control
1.2097185,-7.6088595,Fibroblast,Control
1.3660134,-8.2921505,Fibroblast,Control
2.217366,-7.022705,Fibroblast,Control
4.578676,-5.9895554,Fibroblast,Control
9.508574,3.0322692,Endothelial,Control
3.5152118,-6.410005,Fibroblast,Control
9.399558,2.6087546,Endothelial,Control
-2.9540567,7.853638,Fibroblast,Control
0.3643566,-7.4510455,Fibroblast,Control
9.77092,1.6853548,Endothelial,Control
9.271624,0.93535215,Endothelial,Control
1.080746,-7.388792,Fibroblast,Control
1.7114162,-7.258168,Fibroblast,Control
7.5113406,0.65803665,Endothelial,Control
5.041582,9.49579,B_cell,Control
9.894921,1.9546839,Endothelial,Control
0.57748276,-6.9893165,Fibroblast,Control
0.7789738,-7.5284367,Fibroblast,Control
-10.966774,4.165786,Fibroblast,Control
9.559896,3.6333787,Endothelial,Control
0.56392545,-7.0586686,Fibroblast,Control
8.443344,2.9428704,Endothelial,Control
7.970368,0.43730783,Endothelial,Control
2.163796,-6.920195,Fibroblast,Control
1.446415,-7.933232,Fibroblast,Control
7.6259956,0.23820907,Endothelial,Control
6.6492934,-0.34968048,Endothelial,Control
8.071693,1.9903669,Endothelial,Control
9.369952,3.001874,Endothelial,Control
9.263836,3.7292397,Endothelial,Control
8.781008,4.0894885,Endothelial,Control
1.9221106,2.8442118,Endothelial,Control
8.20279,1.1592147,Endothelial,Control
7.0905495,0.2701669,Endothelial,Control
0.71265954,-8.406142,Fibroblast,Control
8.891505,0.34062493,Endothelial,Control
7.2121215,0.5001445,Endothelial,Control
9.078196,1.1296892,Endothelial,Control
7.723458,0.44202274,Endothelial,Control
-0.398919,-7.3425865,Fibroblast,Control
9.015364,1.8125682,Endothelial,Control
9.23733,0.7457489,Endothelial,Control
8.342205,0.4105421,Endothelial,Control
0.008659805,-8.543811,Fibroblast,Control
7.4296026,0.29309472,Endothelial,Control
3.8293393,-6.2771673,Fibroblast,Control
2.6436174,-7.4828205,Fibroblast,Control
-1.013577,-0.15572128,Fibroblast,Control
-0.29787228,-8.616165,Fibroblast,Control
5.0706367,2.0785832,Endothelial,Control
9.302295,2.0996065,Endothelial,Control
0.8875015,-7.8847804,Fibroblast,Control
7.6342473,0.2370604,Endothelial,Control
7.105447,0.80748117,Endothelial,Control
9.174149,1.86977,Endothelial,Control
7.442488,1.2236584,Endothelial,Control
8.848118,0.7717246,Endothelial,Control
8.212087,2.0700686,Endothelial,Control
8.87061,1.4033021,Endothelial,Control
8.151665,0.53488946,Endothelial,Control
5.5615597,1.8716761,Endothelial,Control
0.37442264,-7.2749715,Fibroblast,Control
8.97215,1.0656914,Endothelial,Control
3.6912487,3.6341674,Endothelial,Control
8.667411,1.0986962,Endothelial,Control
8.204739,3.561657,Endothelial,Control
9.026767,1.7288953,Endothelial,Control
6.979543,0.4479471,Endothelial,Control
8.4739,0.514838,Endothelial,Control
0.9259615,3.3671517,Endothelial,Control
-11.286982,0.010764497,Erythrocyte,Control
8.336332,1.9818403,Endothelial,Control
9.242175,0.81976444,Endothelial,Control
-0.839907,13.259393,Fibroblast,Control
0.2179713,-8.400149,Fibroblast,Control
8.330252,3.8073077,Endothelial,Control
-4.7654543,4.718497,Fibroblast,Control
3.3610866,-6.6630044,Fibroblast,Control
1.4067734,-7.196018,Fibroblast,Control
8.914082,4.169875,Endothelial,Control
8.543974,2.9884527,Endothelial,Control
4.983609,9.372296,B_cell,Control
8.217305,0.5064694,Endothelial,Control
-1.4782456,7.297573,Fibroblast,Control
9.050891,2.7210376,Endothelial,Control
7.786806,1.045052,Endothelial,Control
5.099244,2.0535405,Endothelial,Control
0.28954497,-8.358874,Fibroblast,Control
8.341583,3.6121614,Endothelial,Control
7.527308,1.3583325,Endothelial,Control
0.12531872,12.2122965,Fibroblast,Control
7.431765,2.9167995,Endothelial,Control
5.8496246,1.9019678,Endothelial,Control
2.1470304,-7.948747,Fibroblast,Control
3.438061,-6.346184,Fibroblast,Control
-11.27154,4.1922483,Fibroblast,Control
0.96702003,-8.799032,Fibroblast,Control
9.194312,1.2165196,Endothelial,Control
6.026949,2.481245,Endothelial,Control
1.5242333,-7.2016873,Fibroblast,Control
9.219406,2.016087,Endothelial,Control
5.975154,1.3830671,Endothelial,Control
1.6059899,-7.8168664,Fibroblast,Control
0.7820747,-7.1944747,Fibroblast,Control
3.7797241,3.6212006,Endothelial,Control
3.6550276,3.8094316,Endothelial,Control
-7.0695505,-1.2968504,VSMC,Control
2.4163547,-7.8155637,Fibroblast,Control
0.81928223,-8.134749,Fibroblast,Control
7.1792107,0.9462465,Endothelial,Control
7.040431,2.1014812,Endothelial,Control
0.33560848,-8.34526,Fibroblast,Control
3.4782426,3.846793,Endothelial,Control
7.391918,1.6427929,Endothelial,Control
0.1888233,-8.267564,Fibroblast,Control
8.58649,3.3036308,Endothelial,Control
-0.16604574,-8.187128,Fibroblast,Control
0.7487051,-9.096915,Fibroblast,Control
0.5963765,-8.19465,Fibroblast,Control
8.166925,1.7811478,Endothelial,Control
2.1204836,-7.015072,Fibroblast,Control
0.35813302,-8.889303,Fibroblast,Control
-0.01576256,-9.06992,Fibroblast,Control
9.355739,0.7245537,Endothelial,Control
4.176026,-5.818024,Fibroblast,Control
5.7949266,1.9904243,Endothelial,Control
4.9533877,9.299896,B_cell,Control
9.516855,0.8999191,Endothelial,Control
8.775075,2.5009325,Endothelial,Control
8.502813,0.7594994,Endothelial,Control
7.795274,1.6627371,Endothelial,Control
-4.900496,4.7235084,Fibroblast,Control
-0.29295078,3.5419369,Endothelial,Control
2.2224166,-6.6690707,Fibroblast,Control
-11.207418,4.05074,Fibroblast,Control
-0.10188237,-8.393531,Fibroblast,Control
0.49380723,-8.059798,Fibroblast,Control
-4.7225485,4.6959596,Fibroblast,Control
8.253075,1.782761,Endothelial,Control
0.6078565,-9.582591,Fibroblast,Control
7.715095,2.6204834,Endothelial,Control
-0.96516293,13.341623,Fibroblast,Control
0.6487981,14.801801,Fibroblast,Control
5.340982,3.556541,Endothelial,Control
7.134837,0.10505375,Endothelial,Control
1.5039486,-7.6899934,Fibroblast,Control
8.342494,0.96088797,Endothelial,Control
1.2702508,-7.1672673,Fibroblast,Control
0.6738634,-7.7531796,Fibroblast,Control
8.427484,1.7857599,Endothelial,Control
6.9054112,0.39521864,Endothelial,Control
6.692759,0.40382499,Endothelial,Control
-5.934087,11.400993,Neutrophil,Control
8.727974,1.7908971,Endothelial,Control
8.159797,3.2138586,Endothelial,Control
4.3346014,-5.736162,Fibroblast,Control
-11.178441,4.4693437,Fibroblast,Control
4.033278,-6.35292,Fibroblast,Control
1.5235379,-8.1251335,Fibroblast,Control
-11.600349,0.22355692,Erythrocyte,Control
9.742987,2.7624447,Endothelial,Control
9.392535,1.8048564,Endothelial,Control
3.552974,20.24602,Fibroblast,Control
0.7805076,-8.91339,Fibroblast,Control
-3.046637,8.114541,Fibroblast,Control
7.3273263,1.2357365,Endothelial,Control
5.861299,-1.2585114,Fibroblast,Control
2.0571866,-7.890489,Fibroblast,Control
0.5884932,-7.3663635,Fibroblast,Control
8.82507,2.5818856,Endothelial,Control
8.045859,0.93468535,Endothelial,Control
9.043793,0.7297245,Endothelial,Control
-1.3765023,-8.355973,Erythrocyte,Control
-4.918545,4.6354027,Fibroblast,Control
7.4235506,0.85756034,Endothelial,Control
3.2529743,-6.6550326,Fibroblast,Control
7.7503486,0.50699097,Endothelial,Control
9.337233,1.029678,Endothelial,Control
8.869376,1.8342274,Endothelial,Control
0.62611574,3.3959289,Endothelial,Control
9.524368,1.970939,Endothelial,Control
0.23499173,-8.459799,Fibroblast,Control
3.7943726,-6.3586764,Fibroblast,Control
0.59661585,-8.307222,Fibroblast,Control
1.5172967,15.11925,Fibroblast,Control
9.04195,0.9596175,Endothelial,Control
8.15516,1.1390727,Endothelial,Control
0.33605224,-8.64772,Fibroblast,Control
8.420252,3.2237391,Endothelial,Control
7.745335,0.5483635,Endothelial,Control
8.448455,2.2892122,Endothelial,Control
7.471214,2.747715,Endothelial,Control
9.146056,3.2064981,Endothelial,Control
7.689651,0.8135471,Endothelial,Control
7.7504287,1.1469885,Endothelial,Control
5.8826966,1.8881133,Endothelial,Control
1.3036065,-7.6426296,Fibroblast,Control
5.7514005,1.9277697,Endothelial,Control
0.34532383,-7.788092,Fibroblast,Control
8.708874,0.40911075,Endothelial,Control
-0.46368784,-7.77934,Fibroblast,Control
8.5402975,3.3458333,Endothelial,Control
3.554836,20.250868,Fibroblast,Control
9.378219,1.8458657,Endothelial,Control
2.5283713,-6.919174,Fibroblast,Control
8.438854,0.9114059,Endothelial,Control
8.4262295,1.2498832,Endothelial,Control
8.636315,4.165901,Endothelial,Control
2.5294218,-6.831056,Fibroblast,Control
-1.2349193,7.6757636,Fibroblast,Control
9.287,0.71446943,Endothelial,Control
-5.2265353,4.7771816,Fibroblast,Control
7.6367683,0.2267318,Endothelial,Control
8.011674,1.0866485,Endothelial,Control
5.173203,9.556388,B_cell,Control
0.5660663,-8.306592,Fibroblast,Control
8.670305,2.5229282,Endothelial,Control
5.198378,3.0350716,Endothelial,Control
0.2731487,12.52155,Fibroblast,Control
-0.049605444,-7.8185616,Fibroblast,Control
-1.5221128,7.33608,Fibroblast,Control
-2.9456584,7.9624357,Fibroblast,Control
2.4684932,-7.488879,Fibroblast,Control
8.176122,1.0091597,Endothelial,Control
0.31845695,-7.5913706,Fibroblast,Control
8.2217045,1.2978175,Endothelial,Control
8.009939,3.1056185,Endothelial,Control
9.617239,1.4716974,Endothelial,Control
8.598114,1.5383363,Endothelial,Control
3.8338368,-5.6829815,Fibroblast,Control
8.308407,3.5321724,Endothelial,Control
9.076734,3.5004883,Endothelial,Control
0.4436755,-8.919022,Fibroblast,Control
7.6723022,0.25809437,Endothelial,Control
-0.36213768,14.197641,Fibroblast,Control
1.3389671,-7.696465,Fibroblast,Control
-0.66136336,-6.290727,Fibroblast,Control
8.255867,1.2800637,Endothelial,Control
1.8028734,-6.0111284,Fibroblast,Control
3.7537634,-6.091906,Fibroblast,Control
-11.080201,4.3356047,Fibroblast,Control
0.69525063,-8.715946,Fibroblast,Control
8.440223,1.0669274,Endothelial,Control
9.876858,1.8639166,Endothelial,Control
1.7762583,15.238615,Fibroblast,Control
4.014816,-5.5705433,Fibroblast,Control
3.23298,-6.435706,Fibroblast,Control
5.399098,1.9549905,Endothelial,Control
1.6511675,-7.5133576,Fibroblast,Control
5.437388,3.1203291,Endothelial,Control
8.664599,1.3569001,Endothelial,Control
0.38934347,-8.328363,Fibroblast,Control
2.7255583,-6.990271,Fibroblast,Control
9.425196,1.6818073,Endothelial,Control
8.316876,3.7470586,Endothelial,Control
0.8481234,-7.8352137,Fibroblast,Control
0.365721,-8.418014,Fibroblast,Control
9.338126,2.5785081,Endothelial,Control
8.993373,2.1370823,Endothelial,Control
-6.546932,-1.1863904,VSMC,Control
8.885468,0.4424384,Endothelial,Control
0.009574485,12.202309,Fibroblast,Control
7.6319876,1.5392137,Endothelial,Control
8.43587,2.7333195,Endothelial,Control
3.9025352,-6.3463726,Fibroblast,Control
5.9744496,1.214787,Endothelial,Control
7.4129057,3.2491388,Endothelial,Control
3.727001,2.1302915,Endothelial,Control
9.269827,0.32145965,Endothelial,Control
8.835814,1.9707848,Endothelial,Control
7.035733,0.68592036,Endothelial,Control
8.4376545,3.6996257,Endothelial,Control
9.571637,1.9664164,Endothelial,Control
8.130132,1.777392,Endothelial,Control
1.5308999,-7.9297743,Fibroblast,Control
1.342885,3.16303,Endothelial,Control
-1.1654744,13.55842,Fibroblast,Control
-0.5022323,3.4283917,Endothelial,Control
1.408002,-5.315723,Fibroblast,Control
-4.934346,4.433295,Fibroblast,Control
-3.1655622,6.169233,Fibroblast,Control
5.3638496,10.40677,B_cell,Control
9.066176,1.1615951,Endothelial,Control
5.7071095,-1.6308004,Fibroblast,Control
6.0397544,-0.21278104,Erythrocyte,Control
-6.709278,11.924922,Neutrophil,Control
-0.4368003,12.953014,Fibroblast,Control
7.469656,0.8896765,Endothelial,Control
9.425977,1.7002145,Endothelial,Control
-1.7615763,7.328838,Fibroblast,Control
8.737852,0.7815925,Endothelial,Control
8.798907,1.3697582,Endothelial,Control
-0.19116232,12.2467165,Fibroblast,Control
9.724012,1.1149579,Endothelial,Control
7.7261243,1.3107508,Endothelial,Control
-11.240157,-0.036569398,Erythrocyte,Control
0.7487599,-7.64096,Fibroblast,Control
-0.03957383,-8.003634,Fibroblast,Control
9.080095,3.072775,Endothelial,Control
8.792187,3.1333039,Endothelial,Control
0.8276307,3.278102,Endothelial,Control
7.516595,0.85342944,Endothelial,Control
0.041946594,-8.712524,Fibroblast,Control
-5.4002156,0.56767505,VSMC,Control
3.8740485,3.7008705,Endothelial,Control
8.458511,4.058612,Endothelial,Control
7.497097,0.71416306,Endothelial,Control
9.823994,2.4486701,Endothelial,Control
9.485112,2.2640855,Endothelial,Control
0.43820465,-7.7549715,Fibroblast,Control
8.093121,4.323265,Endothelial,Control
8.813265,2.205555,Endothelial,Control
8.9241085,0.9609245,Endothelial,Control
0.8595583,-9.015259,Fibroblast,Control
8.614471,0.72936416,Endothelial,Control
7.8577113,0.06626699,Endothelial,Control
4.5893855,-5.4443007,Fibroblast,Control
-5.851076,11.20485,Neutrophil,Control
0.77215075,-8.827893,Fibroblast,Control
2.691296,-6.9355836,Fibroblast,Control
-1.2765815,-8.375181,Erythrocyte,Control
-0.14933683,-6.5061927,Fibroblast,Control
0.21038413,-7.688975,Fibroblast,Control
5.844183,-1.1255034,Fibroblast,Control
2.4713798,-7.7527184,Fibroblast,Control
3.2179096,-6.5670295,Fibroblast,Control
9.418202,2.7916975,Endothelial,Control
9.122806,2.041052,Endothelial,Control
7.7481313,0.9756795,Endothelial,Control
7.296642,0.024009382,Endothelial,Control
7.3840213,1.4242845,Endothelial,Control
5.7942367,-1.725568,Fibroblast,Control
9.361037,2.6358755,Endothelial,Control
2.5693343,-7.4470844,Fibroblast,Control
8.759299,3.736836,Endothelial,Control
9.289198,3.3587122,Endothelial,Control
6.52212,2.6150534,Endothelial,Control
-6.768125,12.4499035,Neutrophil,Control
0.54766405,-8.470771,Fibroblast,Control
7.98432,1.5206218,Endothelial,Control
6.3057523,2.5830226,Endothelial,Control
1.7084718,-6.7856197,Fibroblast,Control
7.7077622,4.5639715,Endothelial,Control
0.63464546,-8.81024,Fibroblast,Control
8.2899,0.44348657,Endothelial,Control
1.357614,-7.046033,Fibroblast,Control
8.974788,3.4396505,Endothelial,Control
2.6434817,-6.863524,Fibroblast,Control
9.505352,2.0049846,Endothelial,Control
0.27135903,-7.357191,Fibroblast,Control
1.3619897,-7.4518065,Fibroblast,Control
8.085106,0.8409029,Endothelial,Control
0.70474577,-8.109291,Fibroblast,Control
1.924562,2.8455367,Endothelial,Control
-0.24270485,-8.81197,Fibroblast,Control
8.429489,1.2930309,Endothelial,Control
7.8092046,0.44594797,Endothelial,Control
7.6083617,0.9133687,Endothelial,Control
-1.3622147,-8.345843,Erythrocyte,Control
8.474253,2.545733,Endothelial,Control
-0.98744905,-8.377392,Erythrocyte,Control
5.2651496,1.8805662,Endothelial,Control
7.2371182,1.2576185,Endothelial,Control
8.754339,2.230265,Endothelial,Control
8.182153,0.73491085,Endothelial,Control
0.24808839,12.528871,Fibroblast,Control
8.7395525,0.31798887,Endothelial,Control
1.629059,-8.051954,Fibroblast,Control
5.9146757,-1.0893933,Fibroblast,Control
-11.034757,4.176183,Fibroblast,Control
8.398454,0.6372822,Endothelial,Control
8.453754,1.2091388,Endothelial,Control
7.550524,1.3545257,Endothelial,Control
1.6085547,-7.905128,Fibroblast,Control
8.229561,0.09955269,Endothelial,Control
8.551058,0.7723763,Endothelial,Control
3.9211233,-5.8032513,Fibroblast,Control
8.874693,2.0320158,Endothelial,Control
8.088368,1.9506795,Endothelial,Control
9.4937525,3.3856485,Endothelial,Control
9.241406,1.7765707,Endothelial,Control
9.119698,3.2067761,Endothelial,Control
0.73931426,-8.260176,Fibroblast,Control
1.3500684,-7.2131863,Fibroblast,Control
9.26707,1.2693868,Endothelial,Control
-0.41192076,-8.350969,Erythrocyte,Control
7.240667,0.67270654,Endothelial,Control
8.19807,4.2110147,Endothelial,Control
7.0188723,0.4547962,Endothelial,Control
5.1559405,9.816982,B_cell,Control
8.612767,1.0485258,Endothelial,Control
5.9385157,-0.9903124,Fibroblast,Control
8.8661785,1.486808,Endothelial,Control
8.227333,1.1912453,Endothelial,Control
4.159075,2.0970197,Endothelial,Control
8.261226,0.91020906,Endothelial,Control
8.221246,0.63089526,Endothelial,Control
1.615139,-7.1973486,Fibroblast,Control
5.816451,1.7389,Endothelial,Control
2.0311077,15.409137,Fibroblast,Control
8.699183,3.4976625,Endothelial,Control
8.632314,0.82947594,Endothelial,Control
-4.7903695,4.462349,Fibroblast,Control
5.6445656,-0.39739493,Erythrocyte,Control
0.45161542,-8.896046,Fibroblast,Control
8.163451,1.1173285,Endothelial,Control
1.8059945,-7.706081,Fibroblast,Control
6.871735,0.77877057,Endothelial,Control
8.758263,3.353658,Endothelial,Control
9.838497,1.5964729,Endothelial,Control
5.161665,9.751222,B_cell,Control
6.6661806,1.2293526,Endothelial,Control
5.8653173,-1.5588291,Fibroblast,Control
9.2076,1.0303178,Endothelial,Control
9.118192,3.881916,Endothelial,Control
8.210761,4.7494383,Endothelial,Control
9.757182,2.1771927,Endothelial,Control
5.408069,1.7959678,Endothelial,Control
2.2105105,-6.7281775,Fibroblast,Control
7.8651395,2.1713412,Endothelial,Control
4.6301146,-4.907778,Fibroblast,Control
1.553219,-7.422605,Fibroblast,Control
1.811191,-6.0953445,Fibroblast,Control
1.6484635,-6.8418884,Fibroblast,Control
-0.7113113,13.768214,Fibroblast,Control
7.7029624,1.0364783,Endothelial,Control
8.416502,2.1012976,Endothelial,Control
4.92216,1.852874,Endothelial,Control
8.532732,1.278873,Endothelial,Control
8.50928,3.5262768,Endothelial,Control
7.4680104,1.400821,Endothelial,Control
8.615911,2.9525604,Endothelial,Control
-1.3823107,13.687634,Fibroblast,Control
9.54493,1.6374522,Endothelial,Control
9.869754,1.65786,Endothelial,Control
1.6713616,-8.307885,Fibroblast,Control
1.4385705,-7.2458253,Fibroblast,Control
-4.348073,5.5930643,Fibroblast,Control
0.80808836,-8.758574,Fibroblast,Control
9.23136,0.80679286,Endothelial,Control
4.6940722,2.8901465,Endothelial,Control
0.8847222,-8.976832,Fibroblast,Control
3.1378908,-6.328594,Fibroblast,Control
8.996015,2.2615328,Endothelial,Control
9.359832,1.4182141,Endothelial,Control
0.87765056,-9.521996,Fibroblast,Control
9.647042,3.0972543,Endothelial,Control
0.75159293,-8.007319,Fibroblast,Control
-1.5123802,7.406297,Fibroblast,Control
4.075567,-6.107989,Fibroblast,Control
-4.512328,6.3351703,Fibroblast,Control
5.838004,2.0308092,Endothelial,Control
9.2485895,2.3345392,Endothelial,Control
0.41630763,-8.728234,Fibroblast,Control
8.428211,0.97979486,Endothelial,Control
0.06865822,-9.0492115,Fibroblast,Control
1.8990573,2.7860565,Endothelial,Control
8.391042,2.7670674,Endothelial,Control
6.990177,1.8701847,Endothelial,Control
2.0985222,-7.126431,Fibroblast,Control
0.2470531,-8.436689,Fibroblast,Control
9.075171,2.410474,Endothelial,Control
8.996529,3.7800295,Endothelial,Control
-1.54608,7.2839503,Fibroblast,Control
4.966504,1.9080975,Endothelial,Control
-4.6160283,4.676243,Fibroblast,Control
0.63559073,-9.0249195,Fibroblast,Control
4.4118323,-6.100698,Fibroblast,Control
2.085171,-7.8222938,Fibroblast,Control
8.298479,1.637931,Endothelial,Control
0.5504357,-7.5217905,Fibroblast,Control
0.085639186,14.173181,Fibroblast,Control
8.948717,0.44262987,Endothelial,Control
6.288362,-0.07758326,Erythrocyte,Control
0.6514424,-7.3642836,Fibroblast,Control
8.078432,0.9096503,Endothelial,Control
9.731663,2.1260564,Endothelial,Control
9.841996,1.6672803,Endothelial,Control
-1.0870204,13.753716,Fibroblast,Control
-0.26117033,12.332689,Fibroblast,Control
8.3182745,4.4417396,Endothelial,Control
8.500546,5.114863,Endothelial,Control
-1.1837542,7.6318407,Fibroblast,Control
4.6698785,-5.0743866,Fibroblast,Control
8.428443,1.2147673,Endothelial,Control
8.803912,0.50555503,Endothelial,Control
4.6811266,2.067916,Endothelial,Control
7.586983,0.84163374,Endothelial,Control
8.36267,3.720942,Endothelial,Control
8.242867,4.5457153,Endothelial,Control
-2.7612906,7.525909,Fibroblast,Control
8.211706,1.652979,Endothelial,Control
0.7704195,-8.385973,Fibroblast,Control
9.064131,0.7883725,Endothelial,Control
2.1171947,-7.2920446,Fibroblast,Control
8.735342,2.2991984,Endothelial,Control
4.1779246,-5.5103,Fibroblast,Control
8.90338,1.0427442,Endothelial,Control
0.25865197,-8.341458,Fibroblast,Control
-6.599044,11.79514,Neutrophil,Control
8.835545,4.564245,Endothelial,Control
0.7978913,-9.152873,Fibroblast,Control
0.106943764,-8.849927,Fibroblast,Control
1.2998712,-8.82513,Fibroblast,Control
5.9139247,-1.0426992,Fibroblast,Control
1.7179731,-6.1495028,Fibroblast,Control
5.7007747,-0.34337685,Erythrocyte,Control
0.6698049,-9.003738,Fibroblast,Control
0.43756744,-7.573908,Fibroblast,Control
7.980359,0.44629723,Endothelial,Control
2.2145224,-7.643194,Fibroblast,Control
9.000889,1.5084218,Endothelial,Control
8.964185,1.2688637,Endothelial,Control
-10.982054,4.0700917,Fibroblast,Control
7.581534,0.16616356,Endothelial,Control
8.859484,1.7349557,Endothelial,Control
3.4361715,-6.4827156,Fibroblast,Control
1.2411809,-7.1523447,Fibroblast,Control
4.504954,-5.4843807,Fibroblast,Control
2.5426767,2.4814708,Endothelial,Control
7.9886065,1.7144228,Endothelial,Control
0.76124525,-7.4117675,Fibroblast,Control
-1.6227129,7.195238,Fibroblast,Control
0.52181625,-9.166533,Fibroblast,Control
9.020395,2.0857713,Endothelial,Control
-9.780778,3.5634904,Fibroblast,Control
9.341594,0.91040844,Endothelial,Control
8.806907,0.356869,Endothelial,Control
8.006974,1.911766,Endothelial,Control
2.0629609,15.382732,Fibroblast,Control
5.509811,1.9677646,Endothelial,Control
0.3061167,-7.722205,Fibroblast,Control
-11.239462,4.514322,Fibroblast,Control
-1.3952395,7.418912,Fibroblast,Control
8.686431,1.7339908,Endothelial,Control
8.202376,1.2346368,Endothelial,Control
7.6579885,1.0743454,Endothelial,Control
1.6882143,-7.8070717,Fibroblast,Control
9.326686,1.4525982,Endothelial,Control
0.7799841,-8.1768875,Fibroblast,Control
8.925667,2.9104695,Endothelial,Control
-1.1451057,-8.403305,Erythrocyte,Control
8.675796,0.60175276,Endothelial,Control
9.2689905,2.093359,Endothelial,Control
8.550066,0.6003662,Endothelial,Control
8.289596,1.5161172,Endothelial,Control
1.832325,-7.938921,Fibroblast,Control
8.824375,4.1002493,Endothelial,Control
9.155816,1.9666682,Endothelial,Control
-0.46197167,-7.690874,Fibroblast,Control
1.5349075,3.1160088,Endothelial,Control
0.3315129,-8.874218,Fibroblast,Control
9.430065,3.3255255,Endothelial,Control
-2.42717,6.902763,Fibroblast,Control
8.450791,4.4708705,Endothelial,Control
0.15678279,-8.1347275,Fibroblast,Control
7.0356755,0.4943492,Endothelial,Control
7.615484,1.9971557,Endothelial,Control
10.02117,1.7963128,Endothelial,Control
7.8817344,1.9700325,Endothelial,Control
5.4153676,10.351094,B_cell,Control
9.106615,1.5770109,Endothelial,Control
7.7733808,3.320032,Endothelial,Control
6.944282,0.7094964,Endothelial,Control
0.38892788,-8.588761,Fibroblast,Control
8.990473,4.1793594,Endothelial,Control
3.7450182,-5.84906,Fibroblast,Control
7.743227,2.9931104,Endothelial,Control
8.803958,4.0344067,Endothelial,Control
9.018527,1.0417455,Endothelial,Control
8.892758,0.5984085,Endothelial,Control
-0.015491749,-8.356634,Fibroblast,Control
7.8821855,0.3178931,Endothelial,Control
7.314944,0.86318636,Endothelial,Control
8.753162,0.78829026,Endothelial,Control
7.885174,0.44909412,Endothelial,Control
8.52589,0.6209851,Endothelial,Control
8.542266,3.3361142,Endothelial,Control
9.488948,2.7653496,Endothelial,Control
0.57229435,-7.6718016,Fibroblast,Control
7.307872,0.7107325,Endothelial,Control
0.8622572,-9.519501,Fibroblast,Control
1.8122022,2.916354,Endothelial,Control
7.948556,0.46126667,Endothelial,Control
1.6879705,2.3339455,Endothelial,Control
3.0899656,-6.6548324,Fibroblast,Control
4.5393214,-5.1581154,Fibroblast,Control
7.7673945,0.0968833,Endothelial,Control
7.6592836,0.17289956,Endothelial,Control
7.9696975,1.982715,Endothelial,Control
0.61006564,3.3816347,Endothelial,Control
0.17355852,-9.095976,Fibroblast,Control
1.3144523,3.1894922,Endothelial,Control
1.9179491,15.2910795,Fibroblast,Control
8.42997,0.65666443,Endothelial,Control
8.988195,0.48941246,Endothelial,Control
0.80275124,-9.174637,Fibroblast,Control
-0.25509563,-7.9085517,Fibroblast,Control
8.549358,0.65918463,Endothelial,Control
6.2563124,-0.77146083,Fibroblast,Control
0.6723849,12.607278,Fibroblast,Control
8.976652,2.3681705,Endothelial,Control
3.5914109,3.698285,Endothelial,Control
7.937463,3.3456943,Endothelial,Control
7.960691,2.9652135,Endothelial,Control
1.1900301,-7.5022044,Fibroblast,Control
1.907917,2.7841792,Endothelial,Control
9.597777,1.3654952,Endothelial,Control
-1.2885537,13.593109,Fibroblast,Control
7.4431643,1.5042971,Endothelial,Control
4.102292,-5.768885,Fibroblast,Control
8.658849,0.63852876,Endothelial,Control
8.706605,1.8633766,Endothelial,Control
7.6298795,2.6693513,Endothelial,Control
6.0044065,2.426516,Endothelial,Control
8.952737,1.4967465,Endothelial,Control
3.8002293,-5.797283,Fibroblast,Control
0.26775306,-6.9586277,Fibroblast,Control
9.008211,0.3285484,Endothelial,Control
-9.832124,3.5109103,Fibroblast,Control
0.255353,-7.693398,Fibroblast,Control
6.856641,1.5912853,Endothelial,Control
9.121567,1.2720454,Endothelial,Control
9.765548,1.3133193,Endothelial,Control
8.882993,4.1411567,Endothelial,Control
7.38081,1.0239491,Endothelial,Control
9.275487,1.008325,Endothelial,Control
-0.14304976,-8.390715,Fibroblast,Control
7.722979,0.35091934,Endothelial,Control
8.647689,1.605847,Endothelial,Control
8.83731,0.15703405,Endothelial,Control
4.776034,1.768228,Endothelial,Control
1.8260156,-6.7579155,Fibroblast,Control
8.495118,0.44626746,Endothelial,Control
7.6589723,0.22549647,Endothelial,Control
5.554208,3.4530137,Endothelial,Control
3.9289598,-5.992341,Fibroblast,Control
5.8425164,1.941615,Endothelial,Control
8.969973,0.7393584,Endothelial,Control
-0.050107658,-8.894982,Fibroblast,Control
1.4059937,-7.489231,Fibroblast,Control
8.2022085,2.7657094,Endothelial,Control
2.0908551,-7.2921724,Fibroblast,Control
4.8538485,2.5919895,Endothelial,Control
8.061332,1.9566402,Endothelial,Control
9.978587,2.04145,Endothelial,Control
1.3917834,3.1389494,Endothelial,Control
7.360121,0.2472774,Endothelial,Control
9.151664,2.738293,Endothelial,Control
8.925467,1.4983765,Endothelial,Control
1.5864075,-7.4511147,Fibroblast,Control
8.812541,2.2117813,Endothelial,Control
4.059281,-6.277115,Fibroblast,Control
0.60175794,-8.824195,Fibroblast,Control
9.152125,0.42101166,Endothelial,Control
4.3154926,-5.887544,Fibroblast,Control
4.5491667,-6.0207434,Fibroblast,Control
4.914848,9.291082,B_cell,Control
-1.1344949,7.218061,Fibroblast,Control
2.8414533,-7.060821,Fibroblast,Control
0.992558,-9.068944,Fibroblast,Control
8.428033,1.2847804,Endothelial,Control
8.675497,4.4912066,Endothelial,Control
-11.148311,4.2366858,Fibroblast,Control
1.0057079,-7.7777634,Fibroblast,Control
8.784126,0.37740096,Endothelial,Control
7.743055,2.566543,Endothelial,Control
8.232122,2.7674096,Endothelial,Control
-2.895542,7.7126036,Fibroblast,Control
1.3510424,3.1050594,Endothelial,Control
9.262263,2.4969559,Endothelial,Control
8.596991,0.64725244,Endothelial,Control
8.339495,2.871398,Endothelial,Control
0.4552678,-7.7974873,Fibroblast,Control
6.417959,0.030412454,Erythrocyte,Control
8.974247,1.772654,Endothelial,Control
7.974956,2.5744152,Endothelial,Control
8.217927,0.5219259,Endothelial,Control
8.525357,2.8660364,Endothelial,Control
0.5235897,-9.396857,Fibroblast,Control
8.32307,3.875906,Endothelial,Control
8.46147,4.3182573,Endothelial,Control
9.910506,1.8395892,Endothelial,Control
8.136361,0.59685725,Endothelial,Control
8.956454,4.1385937,Endothelial,Control
9.478163,1.7389376,Endothelial,Control
9.359487,2.4481332,Endothelial,Control
-1.5633569,14.014899,Fibroblast,Control
-4.372273,5.36671,Fibroblast,Control
0.052791134,-9.0804205,Fibroblast,Control
1.21888,-7.449066,Fibroblast,Control
1.836354,-6.133241,Fibroblast,Control
8.949342,2.5020382,Endothelial,Control
7.0951567,0.5044671,Endothelial,Control
8.753663,4.089213,Endothelial,Control
-11.522992,0.18101898,Erythrocyte,Control
5.627866,-1.29371,Fibroblast,Control
9.281975,3.497469,Endothelial,Control
9.031434,2.616849,Endothelial,Control
9.486954,1.7829475,Endothelial,Control
9.600565,1.2104033,Endothelial,Control
2.4724677,2.4543192,Endothelial,Control
5.441664,9.357446,B_cell,Control
0.8437064,-8.784134,Fibroblast,Control
2.7593906,-7.267585,Fibroblast,Control
9.774136,1.1679652,Endothelial,Control
7.2274404,0.7754818,Endothelial,Control
8.497549,3.1172287,Endothelial,Control
-6.5010076,11.860896,Neutrophil,Control
9.808118,2.1933873,Endothelial,Control
-0.40041167,12.315005,Fibroblast,Control
1.0496392,-9.074124,Fibroblast,Control
9.242446,1.5535043,Endothelial,Control
6.569185,0.4377947,Endothelial,Control
2.77396,-6.6823907,Fibroblast,Control
0.21024744,-7.864556,Fibroblast,Control
-5.16277,4.2159233,Fibroblast,Control
9.528388,1.5538886,Endothelial,Control
9.21106,1.7575421,Endothelial,Control
3.1020424,3.9203184,Endothelial,Control
2.2927268,15.55007,Fibroblast,Control
2.2701025,-7.2082844,Fibroblast,Control
-5.14211,4.589423,Fibroblast,Control
9.524224,2.511406,Endothelial,Control
9.555256,1.8651782,Endothelial,Control
3.591679,-6.447491,Fibroblast,Control
8.378928,0.7635174,Endothelial,Control
0.0403555,-8.07296,Fibroblast,Control
0.65063524,-9.291021,Fibroblast,Control
8.550926,1.0931888,Endothelial,Control
9.043824,0.85930437,Endothelial,Control
3.1270583,-6.669274,Fibroblast,Control
8.630508,1.5694603,Endothelial,Control
9.058961,3.303184,Endothelial,Control
7.7299423,2.6013439,Endothelial,Control
8.823449,4.2890778,Endothelial,Control
7.4111814,1.371443,Endothelial,Control
7.5187583,0.4184236,Endothelial,Control
0.86591077,-7.3437753,Fibroblast,Control
0.10250912,-8.930812,Fibroblast,Control
8.423654,4.208109,Endothelial,Control
8.420362,3.1967304,Endothelial,Control
2.2436917,-6.6847305,Fibroblast,Control
7.795285,3.0120392,Endothelial,Control
2.37869,-6.812299,Fibroblast,Control
2.261513,-7.0668936,Fibroblast,Control
-11.268923,4.189971,Fibroblast,Control
9.430711,2.861668,Endothelial,Control
9.637745,2.1847136,Endothelial,Control
7.552839,0.16724427,Endothelial,Control
2.4998872,-7.531383,Fibroblast,Control
0.7843687,-8.275367,Fibroblast,Control
9.652944,1.545953,Endothelial,Control
0.68610233,-9.392862,Fibroblast,Control
7.6133757,3.2068338,Endothelial,Control
8.947316,1.4864333,Endothelial,Control
8.365069,3.3780046,Endothelial,Control
7.7948823,1.8172987,Endothelial,Control
3.8862982,3.660747,Endothelial,Control
7.7122374,0.28556365,Endothelial,Control
4.7236786,-5.401726,Fibroblast,Control
9.2634115,2.8284013,Endothelial,Control
2.0552187,-8.127194,Fibroblast,Control
8.764215,3.3112109,Endothelial,Control
-11.04145,4.12101,Fibroblast,Control
0.80431604,14.844814,Fibroblast,Control
0.69918287,-7.5111747,Fibroblast,Control
2.8947377,-5.518887,Fibroblast,Control
-5.3097806,0.37468696,VSMC,Control
2.2593868,-6.947313,Fibroblast,Control
-5.9641204,11.516881,Neutrophil,Control
-5.18068,4.240221,Fibroblast,Control
7.9049478,2.3456266,Endothelial,Control
5.1855087,1.9403074,Endothelial,Control
9.751074,1.8368579,Endothelial,Control
8.503004,1.8794911,Endothelial,Control
9.426998,2.1883051,Endothelial,Control
0.14486885,12.122129,Fibroblast,Control
0.9203092,3.344478,Endothelial,Control
9.313051,1.0133674,Endothelial,Control
8.467416,1.9466566,Endothelial,Control
9.387654,2.6412277,Endothelial,Control
7.835954,0.22802511,Endothelial,Control
8.804375,1.2329984,Endothelial,Control
9.786326,2.1433754,Endothelial,Control
0.8903496,-8.9551115,Fibroblast,Control
9.416754,2.8134341,Endothelial,Control
0.5566849,12.565025,Fibroblast,Control
-5.8403263,11.97134,Neutrophil,Control
7.620618,2.3247564,Endothelial,Control
8.473333,0.78593993,Endothelial,Control
9.061682,0.32837042,Endothelial,Control
-6.192182,-1.1800182,VSMC,Control
8.248513,1.2883676,Endothelial,Control
8.70511,0.9196851,Endothelial,Control
8.785152,2.6776474,Endothelial,Control
3.3189902,-6.6923933,Fibroblast,Control
0.20878057,-8.709391,Fibroblast,Control
-1.1632298,-8.395835,Erythrocyte,Control
8.065955,1.9650367,Endothelial,Control
8.660053,0.26702383,Endothelial,Control
8.597195,2.5940676,Endothelial,Control
1.6200969,-7.5219817,Fibroblast,Control
-4.7913013,4.512243,Fibroblast,Control
7.671919,0.89363337,Endothelial,Control
1.89613,-6.463893,Fibroblast,Control
3.5828109,20.280159,Fibroblast,Control
7.900656,1.0641576,Endothelial,Control
9.199896,0.87194157,Endothelial,Control
2.9826021,-6.845161,Fibroblast,Control
-0.87716216,13.051698,Fibroblast,Control
-0.11502733,-8.759788,Fibroblast,Control
7.090943,1.57338,Endothelial,Control
-5.60486,0.82314944,VSMC,Control
1.6756529,-8.389137,Fibroblast,Control
3.2430656,-6.4156475,Fibroblast,Control
7.3068805,1.2097443,Endothelial,Control
0.45694676,-7.609128,Fibroblast,Control
7.9926915,0.096220866,Endothelial,Control
8.071585,0.53301996,Endothelial,Control
9.693911,1.9846518,Endothelial,Control
2.2513335,-7.9759846,Fibroblast,Control
7.482311,0.6787202,Endothelial,Control
8.710971,1.1961694,Endothelial,Control
8.972252,2.2205994,Endothelial,Control
8.875921,0.7011482,Endothelial,Control
9.579504,1.6088014,Endothelial,Control
7.6864266,0.04878075,Endothelial,Control
-3.6791565,6.367378,Fibroblast,Control
2.058292,2.7780035,Endothelial,Control
7.80264,0.41141087,Endothelial,Control
0.6548803,-8.916439,Fibroblast,Control
9.327632,1.3775989,Endothelial,Control
1.140733,-7.79237,Fibroblast,Control
5.178793,9.807248,B_cell,Control
5.501947,2.0565815,Endothelial,Control
4.2382073,-6.207506,Fibroblast,Control
7.8692055,1.3169887,Endothelial,Control
7.901427,3.386081,Endothelial,Control
1.1219947,-7.8995333,Fibroblast,Control
3.313104,-6.5450306,Fibroblast,Control
9.067218,0.62138206,Endothelial,Control
2.5075426,7.005991,Fibroblast,Control
0.35318214,-8.825294,Fibroblast,Control
1.9173179,-7.8081794,Fibroblast,Control
4.689874,-5.062115,Fibroblast,Control
9.607245,2.1106946,Endothelial,Control
0.7239782,-7.6163588,Fibroblast,Control
6.034042,-0.81278306,Fibroblast,Control
0.90006596,-8.137778,Fibroblast,Control
7.599568,0.5696326,Endothelial,Control
0.9400914,-7.571782,Fibroblast,Control
5.8613067,2.331622,Endothelial,Control
-9.953861,3.450346,Fibroblast,Control
8.820364,0.19992752,Endothelial,Control
1.2291411,-8.968015,Fibroblast,Control
3.3531132,-6.341996,Fibroblast,Control
2.5098238,-6.3643374,Fibroblast,Control
9.206344,1.1105663,Endothelial,Control
0.21774371,12.2012,Fibroblast,Control
9.085773,3.9864514,Endothelial,Control
-4.636004,6.3301377,Fibroblast,Control
8.769468,3.0166974,Endothelial,Control
9.2164345,3.587273,Endothelial,Control
5.802021,-0.30411953,Erythrocyte,Control
6.4396195,1.9654645,Endothelial,Control
8.381148,1.6914896,Endothelial,Control
8.810412,0.85082006,Endothelial,Control
9.144644,2.035891,Endothelial,Control
-11.223577,4.414199,Fibroblast,Control
7.229419,0.2914975,Endothelial,Control
9.846729,1.9490409,Endothelial,Control
-0.43199804,13.044782,Fibroblast,Control
9.591574,1.1450188,Endothelial,Control
9.257383,0.69484603,Endothelial,Control
4.916353,2.5478995,Endothelial,Control
7.9927406,0.56373906,Endothelial,Control
8.891148,0.7294321,Endothelial,Control
0.59757096,-8.249702,Fibroblast,Control
0.9100277,3.342787,Endothelial,Control
0.84281766,-9.235257,Fibroblast,Control
-3.040978,8.465159,Fibroblast,Control
-0.97760326,13.40667,Fibroblast,Control
3.4738693,-5.955865,Fibroblast,Control
7.605636,0.3952631,Endothelial,Control
0.55064595,-6.6853743,Fibroblast,Control
8.559308,3.5589623,Endothelial,Control
-9.869557,3.4761167,Fibroblast,Control
5.3053775,8.877181,B_cell,Control
8.888955,1.2450144,Endothelial,Control
-11.4489765,0.18478894,Erythrocyte,Control
-11.457984,0.116121955,Erythrocyte,Control
1.8626103,-7.5256605,Fibroblast,Control
-2.0700693,7.2862735,Fibroblast,Control
9.48034,2.7765183,Endothelial,Control
2.829176,-6.5456076,Fibroblast,Control
4.6459627,-5.453181,Fibroblast,Control
0.7446572,-7.5321364,Fibroblast,Control
3.8164744,3.6968024,Endothelial,Control
7.2376084,1.2814225,Endothelial,Control
2.531214,-7.0344405,Fibroblast,Control
9.633119,1.4832633,Endothelial,Control
4.0958104,-6.252783,Fibroblast,Control
6.968588,0.31695125,Endothelial,Control
-0.5135946,13.37359,Fibroblast,Control
9.614582,1.0077031,Endothelial,Control
8.288567,0.74004525,Endothelial,Control
8.582747,0.65961945,Endothelial,Control
0.80639964,-7.180145,Fibroblast,Control
3.0821066,-6.598119,Fibroblast,Control
8.030411,3.867321,Endothelial,Control
1.9621427,-6.87652,Fibroblast,Control
-0.18892752,-8.277121,Fibroblast,Control
4.0332303,-6.3647165,Fibroblast,Control
3.1149583,-6.15714,Fibroblast,Control
8.259948,0.5173487,Endothelial,Control
9.309935,2.0051272,Endothelial,Control
8.088322,0.16332066,Endothelial,Control
9.30404,1.9125007,Endothelial,Control
8.875325,0.5337369,Endothelial,Control
2.413855,2.490926,Endothelial,Control
2.109558,-6.665436,Fibroblast,Control
9.41403,1.349025,Endothelial,Control
-0.9269036,13.279987,Fibroblast,Control
5.728501,-1.3812484,Fibroblast,Control
9.895225,2.541403,Endothelial,Control
0.5634002,-7.674467,Fibroblast,Control
5.4177184,8.817457,B_cell,Control
3.4076324,4.0165634,Endothelial,Control
0.8228329,-7.223764,Fibroblast,Control
0.33183318,-8.821379,Fibroblast,Control
4.9998612,-0.59346366,Fibroblast,Control
8.512473,2.3971756,Endothelial,Control
7.8650312,1.980478,Endothelial,Control
9.712266,1.8650827,Endothelial,Control
5.0951138,9.60059,B_cell,Control
2.2739863,-6.7862005,Fibroblast,Control
8.6612625,4.25038,Endothelial,Control
2.08347,-7.132976,Fibroblast,Control
1.0362505,3.3258474,Endothelial,Control
9.810231,2.1590736,Endothelial,Control
-0.43657467,13.620829,Fibroblast,Control
8.531922,0.4708488,Endothelial,Control
8.032464,1.7864082,Endothelial,Control
4.0811048,-6.3598046,Fibroblast,Control
-0.22674127,12.4022,Fibroblast,Control
5.72959,-0.34508008,Erythrocyte,Control
8.677106,1.1534411,Endothelial,Control
1.1529744,-8.852589,Fibroblast,Control
-0.11255167,-8.153581,Fibroblast,Control
8.221052,0.6504795,Endothelial,Control
8.154142,2.6412785,Endothelial,Control
8.481235,2.181787,Endothelial,Control
8.219194,0.8296725,Endothelial,Control
0.19680065,-9.192687,Fibroblast,Control
9.149999,0.66164774,Endothelial,Control
6.9042587,0.5191603,Endothelial,Control
4.275763,-5.915697,Fibroblast,Control
5.8497314,1.3823538,Endothelial,Control
9.22826,3.063686,Endothelial,Control
4.6078944,-4.8518176,Fibroblast,Control
8.533156,1.4772072,Endothelial,Control
-0.034822654,-8.88862,Fibroblast,Control
0.7634191,-0.9005081,Fibroblast,Control
-4.245688,5.56716,Fibroblast,Control
8.747628,3.7333312,Endothelial,Control
4.944647,9.331648,B_cell,Control
-0.8773098,7.410111,Fibroblast,Control
7.824743,0.98163337,Endothelial,Control
7.6433606,1.9382619,Endothelial,Control
0.85660523,-7.921408,Fibroblast,Control
0.7751357,-7.863521,Fibroblast,Control
8.782712,0.47793564,Endothelial,Control
7.4448223,0.119180575,Endothelial,Control
0.7258386,-8.900738,Fibroblast,Control
8.625645,1.2170682,Endothelial,Control
0.056098964,-7.9081254,Fibroblast,Control
7.828876,0.856296,Endothelial,Control
8.688364,1.5208259,Endothelial,Control
7.435863,0.39446184,Endothelial,Control
8.244167,1.0334438,Endothelial,Control
1.2656327,-8.810498,Fibroblast,Control
7.3036814,1.0942117,Endothelial,Control
8.229635,0.77129763,Endothelial,Control
6.753623,0.55647945,Endothelial,Control
7.2662563,0.16370638,Endothelial,Control
9.254724,0.66986626,Endothelial,Control
1.1204513,3.289451,Endothelial,Control
9.535997,2.182619,Endothelial,Control
7.376756,1.5078408,Endothelial,Control
7.9209456,2.604563,Endothelial,Control
-0.6215533,-6.0734076,Fibroblast,Control
8.057084,0.7440458,Endothelial,Control
-2.8487802,6.1174326,Fibroblast,Control
7.847964,1.9923303,Endothelial,Control
-4.8368964,4.491881,Fibroblast,Control
7.8495054,1.1177393,Endothelial,Control
9.709635,1.1504407,Endothelial,Control
1.2574724,14.914232,Fibroblast,Control
-2.9488034,7.873949,Fibroblast,Control
3.6974773,-6.4277525,Fibroblast,Control
9.552958,1.746886,Endothelial,Control
7.1208553,1.4563438,Endothelial,Control
8.396371,2.9828956,Endothelial,Control
8.685669,1.2666625,Endothelial,Control
7.9825363,0.52920073,Endothelial,Control
7.5507636,1.8764358,Endothelial,Control
2.5634625,-7.5243382,Fibroblast,Control
5.2187934,9.743175,B_cell,Control
9.229175,3.535094,Endothelial,Control
5.875163,-1.409978,Fibroblast,Control
1.4299281,3.142307,Endothelial,Control
3.5888166,3.7231119,Endothelial,Control
0.40379512,-7.5489936,Fibroblast,Control
2.0824451,15.351601,Fibroblast,Control
8.827235,1.2198147,Endothelial,Control
2.9716074,3.930803,Endothelial,Control
1.7915004,15.266758,Fibroblast,Control
-4.769162,4.5124,Fibroblast,Control
8.666757,0.45737255,Endothelial,Control
7.828459,3.0348337,Endothelial,Control
0.90954167,-8.094774,Fibroblast,Control
8.470995,2.9996316,Endothelial,Control
-0.29382867,-8.113193,Fibroblast,Control
1.1416259,-7.1238146,Fibroblast,Control
8.415218,3.746162,Endothelial,Control
8.555189,0.7439769,Endothelial,Control
8.571435,2.31071,Endothelial,Control
8.339808,2.9326468,Endothelial,Control
-2.99736,8.187267,Fibroblast,Control
0.7623618,-8.817041,Fibroblast,Control
-1.7155614,14.088572,Fibroblast,Control
7.1837053,0.6771711,Endothelial,Control
1.1450922,-7.3365455,Fibroblast,Control
0.58544654,-9.150565,Fibroblast,Control
9.188831,3.21527,Endothelial,Control
-5.250791,5.0467606,Fibroblast,Control
9.420566,1.2038957,Endothelial,Control
1.9317539,-8.273651,Fibroblast,Control
8.9379425,3.425671,Endothelial,Control
1.9210014,-6.9587507,Fibroblast,Control
1.9513646,-7.1800475,Fibroblast,Control
1.115005,-7.1335354,Fibroblast,Control
8.89004,3.7975585,Endothelial,Control
0.39320126,-7.394373,Fibroblast,Control
1.8106401,-6.7267013,Fibroblast,Control
8.707461,3.0782263,Endothelial,Control
9.558123,1.2191249,Endothelial,Control
5.668502,2.0983791,Endothelial,Control
0.83984333,-7.9864964,Fibroblast,Control
5.8546734,-1.1076907,Fibroblast,Control
0.07807724,-8.358552,Fibroblast,Control
0.6566466,3.3452735,Endothelial,Control
2.975529,-6.952646,Fibroblast,Control
3.9251947,-5.9404,Fibroblast,Control
8.670088,0.8557307,Endothelial,Control
9.409187,1.5935906,Endothelial,Control
9.046857,0.50403064,Endothelial,Control
-0.019508295,-7.8227353,Fibroblast,Control
2.2061846,-7.2205853,Fibroblast,Control
8.942468,0.688952,Endothelial,Control
1.7335842,2.9114876,Endothelial,Control
7.841656,0.20761,Endothelial,Control
3.0924134,-6.5806313,Fibroblast,Control
8.473563,4.834601,Endothelial,Control
2.9829078,-6.7553644,Fibroblast,Control
2.74429,-6.6815324,Fibroblast,Control
8.651193,3.514069,Endothelial,Control
8.870667,0.5138434,Endothelial,Control
-0.27451906,-7.414867,Fibroblast,Control
1.0164515,-8.016294,Fibroblast,Control
8.449268,2.1555624,Endothelial,Control
3.7207181,-4.8958235,Fibroblast,Control
5.555872,10.6126,B_cell,Control
4.344987,-5.2129173,Fibroblast,Control
8.879648,1.6681348,Endothelial,Control
3.214304,-6.7607346,Fibroblast,Control
8.178774,0.968568,Endothelial,Control
0.0053357664,14.219105,Fibroblast,Control
2.1841595,-0.4248802,Fibroblast,Control
-4.3434587,5.314226,Fibroblast,Control
7.6902885,0.40566352,Endothelial,Control
0.9898765,3.3940325,Endothelial,Control
7.4274154,2.2903624,Endothelial,Control
-0.16943783,-8.846708,Fibroblast,Control
-2.924738,7.8273163,Fibroblast,Control
9.366041,3.4809322,Endothelial,Control
7.9343023,0.31259888,Endothelial,Control
8.463965,4.363746,Endothelial,Control
8.72662,2.2486126,Endothelial,Control
1.969151,-7.834659,Fibroblast,Control
9.2943,2.0957928,Endothelial,Control
8.243789,0.78022087,Endothelial,Control
8.934503,3.4790764,Endothelial,Control
2.0302656,-7.147351,Fibroblast,Control
8.454893,2.0593336,Endothelial,Control
-11.458844,4.429335,Fibroblast,Control
7.838134,2.7292497,Endothelial,Control
8.416027,3.464134,Endothelial,Control
8.19632,4.2943373,Endothelial,Control
-0.00024220646,-7.792012,Fibroblast,Control
1.0689305,3.3229551,Endothelial,Control
9.384387,2.385386,Endothelial,Control
7.801239,1.9598523,Endothelial,Control
7.5009694,2.4593737,Endothelial,Control
2.9558964,-6.8223,Fibroblast,Control
8.158207,2.1429582,Endothelial,Control
6.7669015,0.81142974,Endothelial,Control
8.340695,5.0278788,Endothelial,Control
0.45717975,-8.981285,Fibroblast,Control
9.675762,1.2634693,Endothelial,Control
-10.897561,4.0403085,Fibroblast,Control
-2.004311,7.571646,Fibroblast,Control
8.849979,3.1190746,Endothelial,Control
5.874629,1.3960818,Endothelial,Control
8.087945,0.36560327,Endothelial,Control
1.6260337,-7.2167535,Fibroblast,Control
5.0901675,9.573038,B_cell,Control
8.7552395,2.6375105,Endothelial,Control
8.9483595,4.314012,Endothelial,Control
1.2958792,-8.270923,Fibroblast,Control
9.405107,1.1928222,Endothelial,Control
9.445829,1.4682205,Endothelial,Control
-2.888538,7.75786,Fibroblast,Control
-4.708738,4.626166,Fibroblast,Control
0.22570775,13.738404,Fibroblast,Control
9.395023,2.2111511,Endothelial,Control
9.199674,0.537721,Endothelial,Control
9.241252,0.5070419,Endothelial,Control
8.733478,1.1453393,Endothelial,Control
-1.2950733,0.12410663,Fibroblast,Control
7.7427254,0.59137917,Endothelial,Control
-1.418167,-8.35662,Erythrocyte,Control
9.099948,2.550275,Endothelial,Control
3.2611825,-6.5751953,Fibroblast,Control
0.26836562,-8.2607565,Fibroblast,Control
0.48661706,-6.9298353,Fibroblast,Control
9.197873,2.0846488,Endothelial,Control
6.8250184,-0.28692856,Endothelial,Control
8.467127,0.224634,Endothelial,Control
3.8685803,-6.051184,Fibroblast,Control
4.1024084,-5.974168,Fibroblast,Control
-1.0882294,13.386013,Fibroblast,Control
8.908555,2.2148008,Endothelial,Control
9.067706,0.906861,Endothelial,Control
8.551554,3.7172687,Endothelial,Control
9.030027,3.6308756,Endothelial,Control
9.574423,3.176102,Endothelial,Control
7.992185,3.3222175,Endothelial,Control
-2.4996696,7.3299856,Fibroblast,Control
-11.209362,4.499968,Fibroblast,Control
9.355644,2.3870618,Endothelial,Control
8.474352,0.80234295,Endothelial,Control
7.950407,5.630337,Endothelial,Control
-3.6600661,5.401324,Fibroblast,Control
5.7845883,-1.432825,Fibroblast,Control
7.890746,2.723519,Endothelial,Control
9.359535,1.780512,Endothelial,Control
3.9187355,-5.7047625,Fibroblast,Control
-4.703501,4.5141892,Fibroblast,Control
1.3957391,-8.830488,Fibroblast,Control
0.13421957,-9.171503,Fibroblast,Control
0.30957624,3.0460775,Endothelial,Control
7.6635265,3.032147,Endothelial,Control
9.118347,0.9520395,Endothelial,Control
4.6743083,-5.4148173,Fibroblast,Control
8.513492,3.6092613,Endothelial,Control
1.6189061,-7.7326603,Fibroblast,Control
7.75156,2.796006,Endothelial,Control
2.415988,-7.2592783,Fibroblast,Control
8.659924,0.22427584,Endothelial,Control
5.0891023,9.594216,B_cell,Control
-1.5005374,13.822282,Fibroblast,Control
0.14858955,-8.19928,Fibroblast,Control
7.509253,0.45613512,Endothelial,Control
3.8690126,-5.625228,Fibroblast,Control
8.498089,3.3154278,Endothelial,Control
8.414187,4.2994094,Endothelial,Control
-4.250052,5.5089483,Fibroblast,Control
8.738386,0.98268306,Endothelial,Control
9.036287,4.03943,Endothelial,Control
5.6971927,-1.2032614,Fibroblast,Control
7.3771515,4.942146,Endothelial,Control
8.683289,3.5273852,Endothelial,Control
3.2946253,-6.4143896,Fibroblast,Control
6.2828884,-0.07950787,Erythrocyte,Control
4.4447403,-6.097699,Fibroblast,Control
9.941253,2.4483078,Endothelial,Control
9.922781,2.7010725,Endothelial,Control
5.6444917,-1.2567254,Fibroblast,Control
2.2776694,-7.7010355,Fibroblast,Control
6.068383,2.655059,Endothelial,Control
0.9715981,3.2886674,Endothelial,Control
3.1920485,-6.586974,Fibroblast,Control
8.709304,1.6673057,Endothelial,Control
5.1114345,1.8149308,Endothelial,Control
7.113918,0.182398,Endothelial,Control
-1.5606405,14.184179,Fibroblast,Control
7.9158444,2.364974,Endothelial,Control
0.018048953,-8.006423,Fibroblast,Control
-5.827031,11.236459,Neutrophil,Control
8.537847,1.8326044,Endothelial,Control
8.761192,3.8782778,Endothelial,Control
-0.33663443,-7.9377074,Fibroblast,Control
1.7521782,-8.47438,Fibroblast,Control
4.5828705,-5.561708,Fibroblast,Control
8.223577,2.3741188,Fibroblast,Control
8.750718,4.022216,Endothelial,Control
0.8457707,-8.955066,Fibroblast,Control
8.983948,2.3623168,Endothelial,Control
0.5747304,-8.984001,Fibroblast,Control
8.662629,1.2083367,Endothelial,Control
7.677461,2.4968624,Endothelial,Control
2.4393916,-6.8901186,Fibroblast,Control
9.353514,1.6978453,Endothelial,Control
8.416826,3.3251534,Endothelial,Control
8.942984,2.602738,Endothelial,Control
9.216382,2.1887195,Endothelial,Control
9.120922,3.0361822,Endothelial,Control
9.340263,3.2771356,Endothelial,Control
-11.014991,4.1031723,Fibroblast,Control
8.54019,2.4500382,Endothelial,Control
1.4531668,-7.889176,Fibroblast,Control
7.883412,3.239781,Endothelial,Control
1.2037203,-7.4101405,Fibroblast,Control
0.5985657,-7.8808556,Fibroblast,Control
2.4993844,-7.2832465,Fibroblast,Control
-0.12046031,-8.534264,Fibroblast,Control
5.786652,-0.3661929,Erythrocyte,Control
8.532144,0.6042441,Endothelial,Control
8.910619,0.50927645,Endothelial,Control
8.64509,1.6328132,Endothelial,Control
-0.012170433,-8.106378,Fibroblast,Control
6.121639,-0.19693011,Erythrocyte,Control
8.914955,0.6126219,Endothelial,Control
7.6663203,1.5154493,Endothelial,Control
9.010831,2.0090344,Endothelial,Control
2.905018,-6.327545,Fibroblast,Control
3.5767665,3.7054965,Endothelial,Control
0.111050256,-7.825489,Fibroblast,Control
2.7210221,-7.0555024,Fibroblast,Control
8.38008,1.7044777,Endothelial,Control
9.08376,0.6554976,Endothelial,Control
8.826488,1.733716,Endothelial,Control
0.02256337,-7.835413,Fibroblast,Control
8.699361,4.0651417,Endothelial,Control
0.97282034,-7.4656453,Fibroblast,Control
8.775545,3.084422,Endothelial,Control
0.8039152,-8.332499,Fibroblast,Control
9.123516,3.9581966,Endothelial,Control
9.806945,2.9933145,Endothelial,Control
8.784571,2.1084604,Endothelial,Control
9.463635,1.6899604,Endothelial,Control
8.61304,1.911103,Endothelial,Control
9.804993,1.440551,Endothelial,Control
9.23166,1.064486,Endothelial,Control
1.4795911,-8.090002,Fibroblast,Control
-0.15281309,14.122193,Fibroblast,Control
-5.0710893,4.315616,Fibroblast,Control
5.6844387,-0.35490298,Erythrocyte,Control
9.005536,1.7680519,Endothelial,Control
2.268987,-6.5668454,Fibroblast,Control
5.7006817,1.9269521,Endothelial,Control
8.742755,2.8660662,Endothelial,Control
8.051369,0.9833542,Endothelial,Control
8.934288,1.5945666,Endothelial,Control
8.915532,3.726047,Endothelial,Control
9.059304,1.8901371,Endothelial,Control
9.276823,1.2132398,Endothelial,Control
2.2292802,-7.8603125,Fibroblast,Control
8.400835,4.244437,Endothelial,Control
9.109196,2.80681,Endothelial,Control
9.2704935,3.1472573,Endothelial,Control
7.5972548,0.20811878,Endothelial,Control
0.9975891,-7.501887,Fibroblast,Control
8.705911,1.4768281,Endothelial,Control
7.1482577,0.7348966,Endothelial,Control
1.6427627,-7.959006,Fibroblast,Control
4.0913477,-6.322577,Fibroblast,Control
7.750402,0.20498855,Endothelial,Control
7.878011,1.6572887,Endothelial,Control
0.569718,-9.2555,Fibroblast,Control
7.510794,1.7920885,Endothelial,Control
2.2964232,-7.6987123,Fibroblast,Control
7.773658,0.46897477,Endothelial,Control
1.0998194,-7.82412,Fibroblast,Control
1.7711164,-7.3576922,Fibroblast,Control
8.179418,3.003285,Endothelial,Control
9.188272,2.0373394,Endothelial,Control
9.61318,1.3395444,Endothelial,Control
2.3256586,-7.4410396,Fibroblast,Control
8.359736,3.1329188,Endothelial,Control
9.503975,1.2861866,Endothelial,Control
9.433927,3.3960247,Endothelial,Control
-0.012415133,-8.160016,Fibroblast,Control
-11.148015,4.107221,Fibroblast,Control
0.57159764,-8.964115,Fibroblast,Control
0.19545843,14.4151535,Fibroblast,Control
9.475148,3.3881588,Endothelial,Control
1.162887,3.264207,Endothelial,Control
3.8824904,-6.481425,Fibroblast,Control
0.65538603,-8.791285,Fibroblast,Control
2.10485,-7.754181,Fibroblast,Control
9.400545,1.97914,Endothelial,Control
1.1407968,14.864454,Fibroblast,Control
9.773649,2.0197518,Endothelial,Control
1.4108166,15.2053995,Fibroblast,Control
8.434873,2.9552083,Endothelial,Control
5.1022506,9.726426,B_cell,Control
-0.3225598,-5.981428,Fibroblast,Control
3.54856,20.243956,Fibroblast,Control
8.560769,3.3641949,Endothelial,Control
9.0408125,1.3250524,Endothelial,Control
1.0610553,-7.1382036,Fibroblast,Control
7.795978,1.4258933,Endothelial,Control
1.585354,-8.53463,Fibroblast,Control
8.7446785,2.9668763,Endothelial,Control
8.330689,4.0898643,Endothelial,Control
1.0423708,-8.387302,Fibroblast,Control
1.0303818,-9.164083,Fibroblast,Control
-4.985967,4.2777305,Fibroblast,Control
4.764791,-5.2281375,Fibroblast,Control
9.564442,1.5096682,Endothelial,Control
7.19121,0.2500936,Endothelial,Control
5.76539,-0.34478393,Erythrocyte,Control
0.91651124,-8.307367,Fibroblast,Control
1.7740954,-7.169191,Fibroblast,Control
8.466231,1.9826161,Endothelial,Control
9.490662,1.7351978,Endothelial,Control
-0.6789812,14.152568,Fibroblast,Control
-2.8367639,7.572738,Fibroblast,Control
2.8330688,-6.828153,Fibroblast,Control
9.4453945,2.1912236,Endothelial,Control
8.731472,1.817128,Endothelial,Control
8.183236,3.2083595,Endothelial,Control
0.33471486,-8.485369,Fibroblast,Control
4.931643,9.277296,B_cell,Control
8.612944,4.4927454,Endothelial,Control
-3.420431,4.968497,Fibroblast,Control
7.7119837,0.5518069,Endothelial,Control
9.072598,2.1493773,Endothelial,Control
0.15401956,-8.848698,Fibroblast,Control
8.551528,1.3287482,Endothelial,Control
8.497016,0.28046677,Endothelial,Control
-11.432834,0.11237637,Erythrocyte,Control
-0.32247254,-6.241382,Fibroblast,Control
9.128506,1.4094113,Endothelial,Control
8.966509,2.4787471,Endothelial,Control
7.9837227,1.5001212,Endothelial,Control
0.13206477,-6.553002,Fibroblast,Control
-1.7908691,8.271758,Monocyte,Control
7.3102703,2.0575862,Endothelial,Control
4.9405556,9.300895,B_cell,Control
0.20301153,14.322716,Fibroblast,Control
9.341041,1.358638,Endothelial,Control
8.226643,1.0096337,Endothelial,Control
2.4653463,-0.36313075,Fibroblast,Control
7.928145,2.6979213,Endothelial,Control
0.7813519,-8.000387,Fibroblast,Control
-9.750607,3.6100826,Fibroblast,Control
7.706624,0.36886862,Endothelial,Control
0.6072436,-8.61386,Fibroblast,Control
5.6460066,-1.8023578,Fibroblast,Control
7.431556,0.72556615,Endothelial,Control
8.420258,2.1765056,Endothelial,Control
9.201482,3.4350364,Endothelial,Control
9.430469,3.229579,Endothelial,Control
8.414871,2.322042,Endothelial,Control
4.310178,1.9773203,Endothelial,Control
4.255611,2.1498857,Endothelial,Control
8.9910755,0.547224,Endothelial,Control
6.701063,0.7366294,Endothelial,Control
8.387099,0.35950208,Endothelial,Control
2.2211657,-7.141655,Fibroblast,Control
9.746138,1.8681182,Endothelial,Control
0.05339841,-7.921687,Fibroblast,Control
7.3265395,0.48418692,Endothelial,Control
9.282623,1.1977463,Endothelial,Control
8.653428,0.6011444,Endothelial,Control
0.53719544,-8.041972,Fibroblast,Control
8.25658,2.6465733,Endothelial,Control
-0.8786866,7.454944,Fibroblast,Control
2.6573248,-6.9320426,Fibroblast,Control
-11.513756,0.19345397,Erythrocyte,Control
-0.4621179,-8.2804985,Fibroblast,Control
7.8576427,3.3075986,Endothelial,Control
-0.230021,-7.2941284,Fibroblast,Control
7.050233,0.5371432,Endothelial,Control
1.1734058,-1.8175474,Fibroblast,Control
0.45459518,-7.567558,Fibroblast,Control
4.5383105,-5.686765,Fibroblast,Control
-11.555493,4.9199,Fibroblast,Control
9.827059,2.0029154,Endothelial,Control
-11.580414,0.26256892,Erythrocyte,Control
-0.27460042,-8.664279,Fibroblast,Control
9.781936,2.6799061,Endothelial,Control
0.6066773,-9.031958,Fibroblast,Control
8.441674,2.91097,Endothelial,Control
8.05185,3.737347,Endothelial,Control
4.558662,-6.030439,Fibroblast,Control
-9.744185,3.7037933,Fibroblast,Control
9.337381,1.2283056,Endothelial,Control
1.8444177,2.921097,Endothelial,Control
4.674315,-5.4143467,Fibroblast,Control
7.853833,2.0355968,Endothelial,Control
0.016055355,-6.842389,Fibroblast,Control
8.768426,2.1601079,Endothelial,Control
8.723479,2.7345018,Endothelial,Control
8.91765,3.8046193,Endothelial,Control
8.158227,3.0403962,Endothelial,Control
8.024372,0.7143411,Endothelial,Control
9.248442,2.2391868,Endothelial,Control
3.4235227,2.2682183,Endothelial,Control
13.779039,7.3575287,Fibroblast,Control
-5.682932,0.9161254,VSMC,Control
0.079454474,-8.79537,Fibroblast,Control
9.182993,3.1002996,Endothelial,Control
-6.8791866,12.569874,Neutrophil,Control
8.306461,2.8471546,Endothelial,Control
0.64015466,-7.294559,Fibroblast,Control
3.5214758,-6.423974,Fibroblast,Control
-0.21183528,-8.051288,Fibroblast,Control
0.2019,-8.070265,Fibroblast,Control
7.365603,0.4095938,Endothelial,Control
8.103042,0.35662273,Endothelial,Control
8.0381,0.7996073,Endothelial,Control
9.796513,1.6315292,Endothelial,Control
1.7162677,-6.053715,Fibroblast,Control
8.215641,2.7606914,Endothelial,Control
-0.10873524,-7.978565,Fibroblast,Control
0.6053616,14.844236,Fibroblast,Control
9.425412,3.104258,Endothelial,Control
-4.7713766,4.8514886,Fibroblast,Control
9.675754,2.7687583,Endothelial,Control
8.016668,3.0321164,Endothelial,Control
8.974634,2.217218,Endothelial,Control
4.744596,-5.282363,Fibroblast,Control
8.8944235,4.0433636,Endothelial,Control
3.9110544,3.6622977,Endothelial,Control
8.20579,1.8356116,Endothelial,Control
9.549286,1.4003594,Endothelial,Control
2.6308858,-7.2453966,Fibroblast,Control
8.666339,0.4953393,Endothelial,Control
-0.6895129,-5.96696,Fibroblast,Control
1.916773,-8.033222,Fibroblast,Control
9.02898,1.0842537,Endothelial,Control
1.1481227,-8.133837,Fibroblast,Control
6.983334,0.63234,Endothelial,Control
9.579556,2.6520905,Endothelial,Control
7.964018,1.3147398,Endothelial,Control
8.924004,3.983839,Endothelial,Control
9.415618,2.7449281,Endothelial,Control
5.7942863,-1.4440267,Fibroblast,Control
7.9667783,2.3704343,Endothelial,Control
-0.116358064,-8.538739,Fibroblast,Control
8.719134,4.2120585,Endothelial,Control
4.9673295,9.267404,B_cell,Control
0.5397563,-8.838781,Fibroblast,Control
9.2617235,1.330759,Endothelial,Control
7.851027,2.8326416,Endothelial,Control
9.368229,2.4203472,Endothelial,Control
9.533419,1.8237705,Endothelial,Control
1.1280265,-5.0893555,Fibroblast,Control
7.7733107,2.821683,Endothelial,Control
8.896365,1.7969602,Endothelial,Control
8.493467,1.1347474,Endothelial,Control
8.526948,0.45115873,Endothelial,Control
8.2548485,1.3306794,Endothelial,Control
4.5862823,-5.5911436,Fibroblast,Control
0.7686863,-8.018021,Fibroblast,Control
0.52406865,-8.28539,Fibroblast,Control
3.8390653,-6.170467,Fibroblast,Control
-0.8289792,13.526571,Fibroblast,Control
1.654791,3.0099523,Endothelial,Control
9.273206,3.2239602,Endothelial,Control
0.018085921,-7.4539704,Fibroblast,Control
0.9122517,-7.286429,Fibroblast,Control
8.535675,0.2999279,Endothelial,Control
-1.2157308,13.540057,Fibroblast,Control
1.784806,-8.316051,Fibroblast,Control
8.914966,1.4378898,Endothelial,Control
8.777855,3.7176335,Endothelial,Control
8.435155,0.4220161,Endothelial,Control
9.024194,0.63493955,Endothelial,Control
0.92460644,-8.013104,Fibroblast,Control
0.11081807,-6.8778706,Fibroblast,Control
2.004492,2.786216,Endothelial,Control
0.5595076,-8.133238,Fibroblast,Control
8.172472,0.5244142,Endothelial,Control
-0.0910026,-8.134955,Fibroblast,Control
9.779031,1.1986387,Endothelial,Control
5.389074,10.209897,B_cell,Control
9.222763,3.150108,Endothelial,Control
5.112955,1.8654051,Endothelial,Control
8.0334,0.5796634,Endothelial,Control
1.1456661,-1.1031613,Fibroblast,Control
3.337313,2.2899444,Endothelial,Control
-0.20918901,12.417482,Fibroblast,Control
0.7366976,-7.2739453,Fibroblast,Control
8.259589,2.1043591,Endothelial,Control
8.8139925,1.0420673,Endothelial,Control
2.3278508,-0.5524746,Fibroblast,Control
0.18859372,-8.190076,Fibroblast,Control
1.8777725,-7.750469,Fibroblast,Control
9.500096,3.6791782,Endothelial,Control
13.915242,7.4695487,Fibroblast,Control
9.847716,2.4032521,Endothelial,Control
-5.091183,4.2688375,Fibroblast,Control
9.426978,1.6226565,Endothelial,Control
7.7977257,0.80344075,Endothelial,Control
0.8355552,-7.58164,Fibroblast,Control
6.992639,0.32159576,Endothelial,Control
-0.7136244,13.326463,Fibroblast,Control
8.086055,1.6115015,Endothelial,Control
8.87869,2.4310687,Endothelial,Control
9.268064,1.9132297,Endothelial,Control
2.443369,-6.672838,Fibroblast,Control
4.4643517,-4.4851885,Fibroblast,Control
8.533906,4.04353,Endothelial,Control
1.7349589,-4.735128,Fibroblast,Control
3.6091504,-6.4736757,Fibroblast,Control
13.889179,7.448551,Fibroblast,Control
0.034056548,-8.527474,Fibroblast,Control
9.592015,2.298959,Endothelial,Control
4.4869385,-5.5010257,Fibroblast,Control
0.71331805,-7.4174013,Fibroblast,Control
7.9177175,3.7169461,Endothelial,Control
9.3904505,2.480358,Endothelial,Control
1.2114301,-0.97164685,Fibroblast,Control
7.02894,0.86991525,Endothelial,Control
8.948583,2.1400456,Endothelial,Control
8.750677,1.9124812,Endothelial,Control
7.655077,1.5151198,Endothelial,Control
9.146184,2.027584,Endothelial,Control
8.510561,3.28892,Endothelial,Control
9.48159,0.6060445,Endothelial,Control
0.6103773,-9.353231,Fibroblast,Control
0.7562342,-9.4084635,Fibroblast,Control
-2.8713381,7.6236243,Fibroblast,Control
2.1929219,2.6449652,Endothelial,Control
2.879915,-6.5751963,Fibroblast,Control
9.641383,1.8715127,Endothelial,Control
8.871293,0.30190858,Endothelial,Control
-5.2184052,4.4960766,Fibroblast,Control
6.698076,1.2935829,Endothelial,Control
8.254779,2.4852529,Endothelial,Control
7.539827,3.9050465,Endothelial,Control
0.069841176,14.269322,Fibroblast,Control
8.329851,0.6349233,Endothelial,Control
7.997963,0.047110546,Endothelial,Control
9.410462,1.3947154,Endothelial,Control
7.864906,0.87176746,Endothelial,Control
9.814108,1.4440527,Endothelial,Control
7.490642,0.7635042,Endothelial,Control
8.382267,1.4051759,Endothelial,Control
8.260453,0.13892004,Endothelial,Control
-6.491988,11.798534,Neutrophil,Control
3.4139473,-5.8476915,Fibroblast,Control
8.273583,2.1277945,Endothelial,Control
4.917486,9.212393,B_cell,Control
8.025651,1.1011987,Endothelial,Control
9.272351,2.1399007,Endothelial,Control
4.7084584,1.9700323,Endothelial,Control
9.190932,2.2007535,Endothelial,Control
9.779034,2.4161928,Endothelial,Control
0.7135996,12.660618,Fibroblast,Control
9.826215,2.1324768,Endothelial,Control
7.9160757,3.0960813,Endothelial,Control
-0.28753868,-7.4744773,Fibroblast,Control
9.266486,0.761892,Endothelial,Control
0.84722704,3.422318,Endothelial,Control
8.346774,0.8863681,Endothelial,Control
7.814273,2.4185615,Endothelial,Control
5.1645865,9.748859,B_cell,Control
8.856119,1.6627011,Endothelial,Control
8.032585,2.842779,Endothelial,Control
9.339419,1.5818166,Endothelial,Control
8.794864,4.245649,Endothelial,Control
9.248341,2.2894607,Endothelial,Control
2.1990979,-7.8472085,Fibroblast,Control
2.8172665,2.4198487,Endothelial,Control
0.8253289,-8.97001,Fibroblast,Control
7.674243,1.263021,Endothelial,Control
9.231639,1.3606328,Endothelial,Control
8.315504,2.0785131,Endothelial,Control
1.7017813,-8.102623,Fibroblast,Control
8.594719,0.5535677,Endothelial,Control
7.9185057,1.0592481,Endothelial,Control
9.293717,3.5215836,Endothelial,Control
4.1686983,-5.54133,Fibroblast,Control
8.880255,3.7547667,Endothelial,Control
8.717558,1.4686619,Endothelial,Control
-1.449416,7.373686,Fibroblast,Control
8.7043,1.7999775,Endothelial,Control
5.6953077,8.342722,Endothelial,Control
4.1522765,-5.879016,Fibroblast,Control
0.17045286,-8.834474,Fibroblast,Control
0.3253449,-8.571191,Fibroblast,Control
9.2553,0.84734315,Endothelial,Control
-0.015374365,-7.6541023,Fibroblast,Control
8.752133,3.9237921,Endothelial,Control
9.216567,1.6253221,Endothelial,Control
1.0783223,-8.114982,Fibroblast,Control
0.89658797,-9.11986,Fibroblast,Control
1.0341623,-8.427142,Fibroblast,Control
-0.43718195,-8.522506,Erythrocyte,Control
2.0261528,-7.439696,Fibroblast,Control
-0.16911185,12.361446,Fibroblast,Control
8.1523905,4.431003,Endothelial,Control
9.701491,1.436673,Endothelial,Control
6.38795,3.3329139,Endothelial,Control
7.624968,2.5387745,Endothelial,Control
8.273856,1.3095305,Endothelial,Control
7.3758583,0.44833162,Endothelial,Control
0.82355225,-7.426821,Fibroblast,Control
-3.052679,8.002273,Fibroblast,Control
-4.7366233,4.8405743,Fibroblast,Control
8.510293,2.6004705,Endothelial,Control
2.3363233,-6.566871,Fibroblast,Control
1.184567,-0.852682,Fibroblast,Control
1.9195507,-6.385963,Fibroblast,Control
7.4705744,0.27769235,Endothelial,Control
5.3961706,11.06339,B_cell,Control
0.960367,-7.264213,Fibroblast,Control
5.2042274,9.82859,B_cell,Control
7.059625,0.53301233,Endothelial,Control
9.132816,0.39148062,Endothelial,Control
8.015837,2.1725624,Endothelial,Control
-9.793052,3.5753722,Fibroblast,Control
5.3065853,9.887507,B_cell,Control
2.268162,-7.735404,Fibroblast,Control
9.076116,1.328417,Endothelial,Control
8.283012,0.84865427,Endothelial,Control
2.2281635,-7.2013326,Fibroblast,Control
0.37368414,-7.6359773,Fibroblast,Control
4.050022,-6.3702135,Fibroblast,Control
7.776631,0.7277435,Endothelial,Control
8.748176,1.0618868,Endothelial,Control
0.1287412,-7.8379483,Fibroblast,Control
0.74312043,-8.708265,Fibroblast,Control
9.062973,2.5172644,Endothelial,Control
7.513552,1.535959,Endothelial,Control
2.1442945,-7.546308,Fibroblast,Control
3.845876,-6.0649633,Fibroblast,Control
5.537313,8.62456,B_cell,Control
-0.21108195,-8.074737,Fibroblast,Control
2.1992393,15.538251,Fibroblast,Control
2.75941,-0.4403878,Fibroblast,Control
9.029074,4.046765,Endothelial,Control
9.005152,0.6718284,Endothelial,Control
7.5378156,0.22313349,Endothelial,Control
4.993948,9.364417,B_cell,Control
-9.9074135,3.4231796,Fibroblast,Control
7.238248,1.3842089,Endothelial,Control
3.1762652,-6.4640703,Fibroblast,Control
7.232893,1.7468562,Endothelial,Control
8.139493,0.6216903,Endothelial,Control
0.37289363,-8.306075,Fibroblast,Control
4.8908896,1.9380991,Endothelial,Control
-3.0217533,8.060722,Fibroblast,Control
1.9628427,-7.9472413,Fibroblast,Control
8.559103,2.5153258,Endothelial,Control
9.120434,1.0584836,Endothelial,Control
1.118857,-8.821777,Fibroblast,Control
0.60714734,-7.00604,Fibroblast,Control
7.1761856,1.4459184,Endothelial,Control
2.455661,-0.370459,Fibroblast,Control
-6.014162,11.872294,Neutrophil,Control
0.32763782,-6.9867516,Fibroblast,Control
-10.507905,3.886364,Fibroblast,Control
2.792565,-6.2339125,Fibroblast,Control
1.0975571,-7.652884,Fibroblast,Control
0.82797354,3.3651693,Endothelial,Control
9.193523,2.2007573,Endothelial,Control
1.7777166,-0.6135315,Fibroblast,Control
8.874607,1.3024232,Endothelial,Control
2.043453,-6.674236,Fibroblast,Control
9.069596,1.3240867,Endothelial,Control
0.19964498,-7.2904234,Fibroblast,Control
9.126845,0.51903087,Endothelial,Control
7.7361565,2.8279984,Endothelial,Control
9.255147,3.2492595,Endothelial,Control
-0.3549306,3.3266695,Endothelial,Control
1.6052606,-7.7892566,Fibroblast,Control
-0.76845765,13.124567,Fibroblast,Control
9.092454,3.1858015,Endothelial,Control
7.6234536,0.7009623,Endothelial,Control
0.33046588,-8.84524,Fibroblast,Control
5.243644,9.185221,B_cell,Control
8.613625,4.155474,Endothelial,Control
8.44411,1.3470782,Endothelial,Control
-0.7921901,-8.409899,Erythrocyte,Control
2.5642285,-7.5679526,Fibroblast,Control
8.414838,1.1209689,Endothelial,Control
-0.93242836,13.499652,Fibroblast,Control
8.190785,0.61887795,Endothelial,Control
8.8806305,1.116935,Endothelial,Control
-11.230226,4.4277368,Fibroblast,Control
3.2248256,-6.7402043,Fibroblast,Control
-2.9963765,7.6897864,Fibroblast,Control
0.29327425,-9.246713,Fibroblast,Control
8.488215,1.6532261,Endothelial,Control
9.64729,1.3531649,Endothelial,Control
7.6574874,1.0704347,Endothelial,Control
0.51542896,-6.76656,Fibroblast,Control
8.141202,0.9685728,Endothelial,Control
1.4479718,-8.000678,Fibroblast,Control
7.49503,0.69496655,Endothelial,Control
0.19570737,-8.628068,Fibroblast,Control
9.157051,1.6758817,Endothelial,Control
0.24353229,12.207298,Fibroblast,Control
8.621112,1.0406796,Endothelial,Control
8.929915,2.3252175,Endothelial,Control
2.1593258,-6.518992,Fibroblast,Control
-2.9837995,8.311773,Fibroblast,Control
-0.3562052,-8.118043,Fibroblast,Control
9.192107,2.2974072,Endothelial,Control
8.846395,1.1954613,Endothelial,Control
2.318788,-7.6287427,Fibroblast,Control
8.220263,1.9653435,Endothelial,Control
7.5592523,2.9583871,Endothelial,Control
9.4142275,1.1535873,Endothelial,Control
7.0936236,1.4866203,Endothelial,Control
1.8850226,-7.387983,Fibroblast,Control
6.1497526,-0.16973752,Erythrocyte,Control
1.892193,-7.848777,Fibroblast,Control
4.996135,9.298179,B_cell,Control
0.40097678,-8.277711,Fibroblast,Control
0.2747823,-9.041897,Fibroblast,Control
6.4804983,2.2999475,Endothelial,Control
0.32434595,-7.556838,Fibroblast,Control
8.921149,2.7492545,Endothelial,Control
3.9562705,-6.2155013,Fibroblast,Control
8.116095,4.891752,Endothelial,Control
-2.590597,7.2884083,Fibroblast,Control
9.465807,3.0647144,Endothelial,Control
7.721056,0.40055218,Endothelial,Control
0.5169264,-7.87765,Fibroblast,Control
6.77492,0.33717203,Endothelial,Control
-3.9309585,5.292471,Fibroblast,Control
-9.77382,3.6048312,Fibroblast,Control
-0.3178467,12.249458,Fibroblast,Control
5.3123183,3.5691733,Endothelial,Control
5.8518662,-1.4029876,Fibroblast,Control
7.7157664,0.5774809,Endothelial,Control
7.9647274,0.05065713,Endothelial,Control
-6.9836597,-1.2733446,VSMC,Control
5.3229117,9.212627,B_cell,Control
6.484149,-0.021555427,Erythrocyte,Control
9.229625,1.3506628,Endothelial,Control
6.7048736,2.3891327,Endothelial,Control
7.2254066,0.8021023,Endothelial,Control
0.015123479,14.26393,Fibroblast,Control
1.0134721,-7.311027,Fibroblast,Control
0.0009811048,-9.056704,Fibroblast,Control
9.561964,1.6227534,Endothelial,Control
9.0486555,0.6452584,Endothelial,Control
7.8813024,1.133444,Endothelial,Control
-5.3908873,4.915176,Fibroblast,Control
3.9558997,3.501082,Endothelial,Control
9.302708,2.2763255,Endothelial,Control
8.224465,1.0445422,Endothelial,Control
7.919376,1.4118522,Endothelial,Control
-9.892593,3.4316695,Fibroblast,Control
8.787196,0.71039104,Endothelial,Control
1.1306069,3.2462628,Endothelial,Control
0.2738298,-9.03613,Fibroblast,Control
7.687089,1.7448915,Endothelial,Control
8.539139,1.3008407,Endothelial,Control
7.1561813,1.2043849,Endothelial,Control
8.41094,4.2197566,Endothelial,Control
8.125808,3.711627,Endothelial,Control
8.820403,0.4763842,Endothelial,Control
8.33623,2.8624203,Endothelial,Control
9.970598,1.9208432,Endothelial,Control
9.022415,2.4540966,Endothelial,Control
2.4709184,-7.051961,Fibroblast,Control
7.6275587,1.1068383,Endothelial,Control
-0.18809263,-8.693616,Fibroblast,Control
4.419349,-5.816124,Fibroblast,Control
8.942255,3.932961,Endothelial,Control
9.594192,1.0890934,Endothelial,Control
9.818121,1.7104206,Endothelial,Control
7.1648784,1.0416888,Endothelial,Control
7.8987308,0.070607536,Endothelial,Control
8.406885,5.056111,Endothelial,Control
0.73349696,-7.69078,Fibroblast,Control
-2.2148676,6.6185813,Fibroblast,Control
8.865255,2.822294,Endothelial,Control
0.6186695,-8.535357,Fibroblast,Control
7.752893,1.1649129,Endothelial,Control
4.08782,-6.0929813,Fibroblast,Control
7.960493,0.5193423,Endothelial,Control
0.076772556,-8.931632,Fibroblast,Control
-11.249433,4.370294,Fibroblast,Control
7.9196544,0.1274338,Endothelial,Control
2.9047256,-6.4798517,Fibroblast,Control
8.556355,1.3871433,Endothelial,Control
8.935894,3.8688369,Endothelial,Control
1.1490461,-8.303325,Fibroblast,Control
-0.9174805,-8.340599,Erythrocyte,Control
8.61132,1.9242058,Endothelial,Control
7.754868,0.94415045,Endothelial,Control
8.280516,1.4809239,Endothelial,Control
1.888708,-8.321328,Fibroblast,Control
8.874113,4.1193376,Endothelial,Control
9.199014,3.3315248,Endothelial,Control
-0.09460524,3.3449004,Endothelial,Control
-0.1944678,-7.4985585,Fibroblast,Control
9.3916025,0.7317282,Endothelial,Control
3.3230846,-6.205912,Fibroblast,Control
0.650545,-8.823037,Fibroblast,Control
9.095685,2.6597455,Endothelial,Control
9.515126,1.4069846,Endothelial,Control
0.70616823,-9.64208,Fibroblast,Control
0.3316908,-8.494572,Fibroblast,Control
0.40564558,-8.527552,Fibroblast,Control
-5.0962296,4.3643537,Fibroblast,Control
9.50403,1.2013445,Endothelial,Control
5.572647,-1.3509482,Fibroblast,Control
8.610662,2.4595373,Endothelial,Control
7.309237,0.4729193,Endothelial,Control
5.538683,8.591828,B_cell,Control
-5.0295057,4.387802,Fibroblast,Control
2.5872145,-6.767798,Fibroblast,Control
5.0168,9.429022,B_cell,Control
3.3064382,-6.0320067,Fibroblast,Control
3.3754797,-6.663139,Fibroblast,Control
-4.3167624,5.217333,Fibroblast,Control
2.2888691,-6.7886066,Fibroblast,Control
7.659094,0.7876711,Endothelial,Control
2.1915739,-6.6807475,Fibroblast,Control
8.956134,0.503313,Endothelial,Control
1.1477742,-7.8296356,Fibroblast,Control
-0.29072565,-7.929995,Fibroblast,Control
6.3679543,1.4502727,Endothelial,Control
-1.2803704,7.32405,Fibroblast,Control
5.8288617,1.587263,Endothelial,Control
0.32314533,-8.42261,Fibroblast,Control
8.60017,1.1560743,Endothelial,Control
8.392879,3.1774487,Endothelial,Control
5.3310876,8.952492,B_cell,Control
1.1273785,-8.686267,Fibroblast,Control
1.9118756,15.267159,Fibroblast,Control
9.048462,0.69532096,Endothelial,Control
8.45095,0.84107363,Endothelial,Control
0.7511163,-8.1257715,Fibroblast,Control
9.991283,1.7927791,Endothelial,Control
-0.12537304,-8.763719,Fibroblast,Control
7.6148615,2.4197538,Endothelial,Control
8.930798,0.20433272,Endothelial,Control
-0.117913276,-7.6433544,Fibroblast,Control
9.288615,2.52657,Endothelial,Control
7.658338,0.8628267,Endothelial,Control
0.74998254,-9.11862,Fibroblast,Control
-1.2623081,13.535101,Fibroblast,Control
1.089704,-7.7818346,Fibroblast,Control
5.6538115,-1.2409679,Fibroblast,Control
-0.41520116,-6.5850368,Fibroblast,Control
8.5592985,4.5092015,Endothelial,Control
8.356778,4.669587,Endothelial,Control
2.5025043,-6.967156,Fibroblast,Control
8.462017,3.6829932,Endothelial,Control
-0.25348198,-7.8840322,Fibroblast,Control
0.5259858,-8.66457,Fibroblast,Control
0.75407475,-9.594861,Fibroblast,Control
7.9846306,0.64318246,Endothelial,Control
7.8499327,1.9572048,Endothelial,Control
4.0314226,-6.318047,Fibroblast,Control
8.864311,1.7108997,Endothelial,Control
8.215675,1.2567534,Endothelial,Control
8.25011,0.33478817,Endothelial,Control
9.371056,0.8842929,Endothelial,Control
1.6200838,2.097437,Endothelial,Control
-0.029900549,12.230227,Fibroblast,Control
3.8395066,-6.463456,Fibroblast,Control
-2.9816804,8.330025,Fibroblast,Control
9.50093,0.81549406,Endothelial,Control
7.703886,2.7685955,Endothelial,Control
-5.1156483,4.700944,Fibroblast,Control
-11.446157,4.6955967,Fibroblast,Control
7.8515205,1.9535671,Endothelial,Control
9.929226,1.5896258,Endothelial,Control
0.16456142,-6.707889,Fibroblast,Control
3.1428947,-6.233662,Fibroblast,Control
7.8775554,1.8524609,Endothelial,Control
8.60957,1.430797,Endothelial,Control
8.16065,4.5607867,Endothelial,Control
-4.465883,5.227968,Fibroblast,Control
6.44775,-0.5456591,Fibroblast,Control
1.2279505,-8.171469,Fibroblast,Control
8.835962,3.6777914,Endothelial,Control
-0.23948759,-7.1489687,Fibroblast,Control
0.2841405,-7.34663,Fibroblast,Control
2.8961275,-6.8310604,Fibroblast,Control
5.895624,-1.1990783,Fibroblast,Control
8.827187,0.6115658,Endothelial,Control
-0.66587645,12.903192,Fibroblast,Control
9.1993065,3.9914243,Endothelial,Control
7.697111,0.26218724,Endothelial,Control
9.029089,3.9359777,Endothelial,Control
6.8421717,0.51487774,Endothelial,Control
8.025504,0.17320299,Endothelial,Control
3.5430374,-5.9040184,Fibroblast,Control
8.219338,1.0189971,Endothelial,Control
8.996811,1.6780477,Endothelial,Control
-5.189923,4.733888,Fibroblast,Control
0.5316244,-8.322146,Fibroblast,Control
8.952645,3.6189406,Endothelial,Control
0.06436075,12.2200985,Fibroblast,Control
8.614484,1.4824213,Endothelial,Control
9.037568,2.694619,Endothelial,Control
7.954425,0.5188371,Endothelial,Control
-0.19301257,-7.3258924,Fibroblast,Control
8.977966,2.3455713,Endothelial,Control
8.120066,1.9361653,Endothelial,Control
8.981764,1.5249555,Endothelial,Control
7.2827873,0.6086147,Endothelial,Control
-0.052985128,14.2595005,Fibroblast,Control
-4.9152317,4.498114,Fibroblast,Control
7.8248057,3.2853842,Endothelial,Control
2.8353524,4.029224,Endothelial,Control
8.02098,1.8301538,Endothelial,Control
9.5779915,1.8155648,Endothelial,Control
0.11616179,14.263207,Fibroblast,Control
9.761211,2.056894,Endothelial,Control
4.5304904,-6.026896,Fibroblast,Control
8.110006,2.3466437,Endothelial,Control
0.19103,-7.8389378,Fibroblast,Control
8.520054,2.539033,Endothelial,Control
6.8746004,0.4436453,Endothelial,Control
0.74265224,-9.4347105,Fibroblast,Control
1.1850175,-7.6486177,Fibroblast,Control
-2.9765608,8.009551,Fibroblast,Control
7.5292454,1.1358963,Endothelial,Control
9.325319,1.484978,Endothelial,Control
6.904467,1.376504,Endothelial,Control
1.9388782,-6.9961996,Fibroblast,Control
3.4061632,4.5219254,Endothelial,Control
8.872297,0.834663,Endothelial,Control
9.1803465,2.964961,Endothelial,Control
1.886645,-8.296105,Fibroblast,Control
8.122196,1.5459958,Endothelial,Control
2.1380005,15.563456,Fibroblast,Control
6.00938,2.059774,Endothelial,Control
1.4719517,-7.810509,Fibroblast,Control
9.620738,3.5758805,Endothelial,Control
6.047865,-0.19778268,Erythrocyte,Control
-4.5864244,5.5520315,Fibroblast,Control
5.7076707,1.5709674,Endothelial,Control
5.6635084,-1.3171269,Fibroblast,Control
9.126213,1.1089596,Endothelial,Control
7.7358794,0.37490264,Endothelial,Control
-0.024199925,-9.113679,Fibroblast,Control
9.600423,1.8936114,Endothelial,Control
6.9327583,5.2977576,Neutrophil,Control
8.344584,1.2373708,Endothelial,Control
-11.215058,4.255489,Fibroblast,Control
8.618466,2.374172,Endothelial,Control
2.9433596,-6.6299667,Fibroblast,Control
-9.851818,3.4793892,Fibroblast,Control
5.4175105,1.8990276,Endothelial,Control
7.5092325,0.5862367,Endothelial,Control
1.678355,-7.380004,Fibroblast,Control
8.341244,5.000684,Endothelial,Control
0.17433912,-8.444837,Fibroblast,Control
7.8347254,1.8917326,Endothelial,Control
8.247768,0.43025512,Endothelial,Control
7.782766,0.313145,Endothelial,Control
-2.9004776,7.7256136,Fibroblast,Control
7.483436,0.30751178,Endothelial,Control
-0.48739785,-7.820008,Fibroblast,Control
1.610538,-7.8155074,Fibroblast,Control
9.144521,0.88395345,Endothelial,Control
3.93027,-6.4017434,Fibroblast,Control
8.918447,0.66906005,Endothelial,Control
5.70605,-1.1567528,Fibroblast,Control
-6.7718806,11.991211,Neutrophil,Control
0.9618053,-8.164823,Fibroblast,Control
9.622071,1.2764258,Endothelial,Control
9.411308,3.369483,Endothelial,Control
8.978651,4.3979845,Endothelial,Control
5.753942,-0.89593333,Fibroblast,Control
-5.819709,0.99712586,VSMC,Control
-11.043795,4.124134,Fibroblast,Control
4.425271,-5.9106183,Fibroblast,Control
9.234896,0.67081594,Endothelial,Control
4.566457,-5.9592347,Fibroblast,Control
9.024913,2.7467127,Endothelial,Control
2.36819,-7.855644,Fibroblast,Control
9.082174,2.9256375,Endothelial,Control
4.9022527,9.322974,B_cell,Control
6.0935245,1.2272772,Endothelial,Control
8.140828,0.67281,Endothelial,Control
9.233512,2.099884,Endothelial,Control
9.459867,1.1836321,Endothelial,Control
0.40590802,-8.29165,Fibroblast,Control
8.075234,0.7951215,Endothelial,Control
0.20603178,14.219711,Fibroblast,Control
1.8764368,-6.6406193,Fibroblast,Control
9.682659,1.0417097,Endothelial,Control
8.209763,2.6277242,Endothelial,Control
-4.982314,4.745804,Fibroblast,Control
8.078125,1.8595921,Endothelial,Control
0.38794443,-7.6980295,Fibroblast,Control
8.047049,0.19937995,Endothelial,Control
0.45490977,-7.2323008,Fibroblast,Control
7.1844735,1.207366,Endothelial,Control
0.06323556,-7.278529,Fibroblast,Control
8.298682,3.7764237,Endothelial,Control
8.47844,3.2727182,Endothelial,Control
1.0136688,-8.997455,Fibroblast,Control
0.4870912,-6.891363,Fibroblast,Control
8.441479,4.0919285,Endothelial,Control
-1.8856063,7.2308373,Fibroblast,Control
8.549471,1.7719327,Endothelial,Control
9.183238,1.5400885,Endothelial,Control
-2.0899482,7.2033787,Fibroblast,Control
7.7522593,1.0812479,Endothelial,Control
-5.6463037,11.304725,Neutrophil,Control
7.7945724,3.0947084,Endothelial,Control
0.9866702,-8.363545,Fibroblast,Control
8.407379,3.2051592,Endothelial,Control
9.199813,2.689344,Endothelial,Control
-4.922142,5.4065576,Fibroblast,Control
0.78263307,-7.034399,Fibroblast,Control
0.7362082,-8.22201,Fibroblast,Control
0.7307027,-9.233312,Fibroblast,Control
9.018788,1.4990858,Endothelial,Control
9.183931,3.156486,Endothelial,Control
0.76486796,3.2648098,Endothelial,Control
0.009272813,-9.268088,Fibroblast,Control
5.4013944,1.9189229,Endothelial,Control
8.831071,3.9322906,Endothelial,Control
6.696811,0.06259629,Erythrocyte,Control
8.409616,1.4864628,Endothelial,Control
0.50320256,-7.2499666,Fibroblast,Control
7.3362403,0.61326075,Endothelial,Control
0.006042717,-8.098628,Fibroblast,Control
8.613271,4.2345304,Endothelial,Control
7.1484323,0.5519166,Endothelial,Control
1.987603,15.316349,Fibroblast,Control
8.507092,0.5225879,Endothelial,Control
8.448776,1.4312239,Endothelial,Control
2.8750513,-5.9561405,Fibroblast,Control
-10.985415,4.151905,Fibroblast,Control
0.26707387,-8.310417,Fibroblast,Control
-0.02573872,-8.492433,Fibroblast,Control
-0.6327495,13.483696,Fibroblast,Control
8.719892,0.21725032,Endothelial,Control
8.468743,1.7214054,Endothelial,Control
6.0851836,-0.93315107,Fibroblast,Control
0.20840839,13.322084,Fibroblast,Control
8.693226,4.3841047,Endothelial,Control
4.6135983,-5.7071266,Fibroblast,Control
0.51163614,-7.6942344,Fibroblast,Control
1.8319854,-6.084687,Fibroblast,Control
8.085021,3.6391542,Endothelial,Control
8.754929,0.39114544,Endothelial,Control
8.348759,1.2781302,Endothelial,Control
5.0953016,1.885282,Endothelial,Control
8.254485,2.9232347,Endothelial,Control
8.964037,1.8967015,Endothelial,Control
-11.321591,0.13922673,Erythrocyte,Control
8.623469,2.0355928,Endothelial,Control
8.133843,4.9540606,Endothelial,Control
9.970461,2.088578,Endothelial,Control
5.5262046,1.8011898,Endothelial,Control
7.736655,0.34269947,Endothelial,Control
5.729634,-0.36035115,Erythrocyte,Control
9.062782,2.476822,Endothelial,Control
0.0888837,-8.311624,Fibroblast,Control
3.946116,-5.8966923,Fibroblast,Control
9.167614,3.2928689,Endothelial,Control
-10.578228,4.6602273,Fibroblast,Control
-11.60892,0.24209636,Erythrocyte,Control
0.5566158,-8.108358,Fibroblast,Control
7.752226,2.434597,Endothelial,Control
0.18194912,-8.703471,Fibroblast,Control
-4.7410755,4.974568,Fibroblast,Control
9.853777,2.3073971,Endothelial,Control
8.911844,0.50652295,Endothelial,Control
8.13492,1.887926,Endothelial,Control
3.8670068,-6.1703997,Fibroblast,Control
2.9661853,-6.7010183,Fibroblast,Control
8.746386,0.42270085,Endothelial,Control
9.200559,1.139852,Endothelial,Control
9.112783,1.077807,Endothelial,Control
5.080624,1.8648083,Endothelial,Control
1.0092864,-9.109241,Fibroblast,Control
0.24651867,-7.038734,Fibroblast,Control
2.390307,-7.1680474,Fibroblast,Control
8.753076,0.87470937,Endothelial,Control
9.261499,1.0004894,Endothelial,Control
8.567949,2.3121207,Endothelial,Control
8.263588,1.1428784,Endothelial,Control
-1.4991786,7.354996,Fibroblast,Control
3.6285996,3.7175267,Endothelial,Control
7.234001,0.20896755,Endothelial,Control
9.395908,0.8656249,Endothelial,Control
7.743955,3.09145,Endothelial,Control
-1.6517304,14.011188,Fibroblast,Control
8.244996,1.0476197,Endothelial,Control
-0.0514758,-4.321964,Fibroblast,Control
8.612345,1.653366,Endothelial,Control
0.28660107,-6.3666277,Fibroblast,Control
8.652771,4.518151,Endothelial,Control
-6.9127364,12.177723,Neutrophil,Control
9.5999775,1.8975745,Endothelial,Control
-0.02432704,-8.938681,Fibroblast,Control
8.890622,0.534313,Endothelial,Control
2.1375303,-6.5291424,Fibroblast,Control
5.4570885,1.9134251,Endothelial,Control
9.541835,0.8934326,Endothelial,Control
7.5643563,1.3995723,Endothelial,Control
2.1633232,-6.6174693,Fibroblast,Control
-1.3848729,13.686819,Fibroblast,Control
0.8939246,-7.5299993,Fibroblast,Control
7.1917353,0.8612085,Endothelial,Control
1.7852796,-6.3642015,Fibroblast,Control
8.450005,3.5267932,Endothelial,Control
2.9324715,-6.2443438,Fibroblast,Control
8.918314,2.4174078,Endothelial,Control
-0.31689498,-7.805935,Fibroblast,Control
5.280282,2.7283437,Endothelial,Control
0.9099444,3.3834481,Endothelial,Control
0.72148454,-9.621453,Fibroblast,Control
3.578038,-6.616161,Fibroblast,Control
8.516471,0.55290693,Endothelial,Control
0.264681,-7.991529,Fibroblast,Control
7.3271933,0.37014037,Endothelial,Control
8.849786,1.6479815,Endothelial,Control
5.0635595,9.593745,B_cell,Control
0.99482715,-8.666594,Fibroblast,Control
3.1203134,-6.487256,Fibroblast,Control
7.8813763,1.1391622,Endothelial,Control
-0.36534214,-8.587776,Fibroblast,Control
9.757008,1.8867813,Endothelial,Control
8.927325,3.9407718,Endothelial,Control
7.293114,1.4372153,Endothelial,Control
9.536418,2.5104816,Endothelial,Control
2.1940622,-6.7335696,Fibroblast,Control
8.459654,2.6938977,Endothelial,Control
7.78177,2.666514,Endothelial,Control
7.812025,1.3797309,Endothelial,Control
4.6511464,1.9855965,Endothelial,Control
7.9875164,3.1498806,Endothelial,Control
1.724207,-7.551745,Fibroblast,Control
0.021524526,-8.628053,Fibroblast,Control
8.269547,3.3184032,Endothelial,Control
9.342179,1.4181728,Endothelial,Control
8.44105,0.71792036,Endothelial,Control
9.210593,2.3308358,Endothelial,Control
7.960964,0.3380921,Endothelial,Control
9.724078,1.3524123,Endothelial,Control
8.401126,2.5387034,Endothelial,Control
1.4206638,-8.889184,Fibroblast,Control
9.435957,2.9188733,Endothelial,Control
7.552136,0.42288807,Endothelial,Control
2.2153056,-6.7744875,Fibroblast,Control
3.6919692,-6.3950686,Fibroblast,Control
4.2870393,-5.8245034,Fibroblast,Control
1.2411299,-7.2565274,Fibroblast,Control
9.385111,1.8597621,Endothelial,Control
5.645773,-0.3703799,Erythrocyte,Control
6.570896,1.5696751,Endothelial,Control
9.23403,1.8050839,Endothelial,Control
7.245778,0.21082309,Endothelial,Control
9.142979,2.8895583,Endothelial,Control
1.7915372,-7.093922,Fibroblast,Control
1.8212752,2.8808465,Endothelial,Control
1.3752608,3.1027281,Endothelial,Control
8.615616,2.220515,Endothelial,Control
8.7177515,2.4412174,Endothelial,Control
-0.035821058,-7.5981317,Fibroblast,Control
0.7303609,-7.337224,Fibroblast,Control
-11.150199,4.3102236,Fibroblast,Control
0.38952497,-8.138664,Fibroblast,Control
2.419444,-6.8944664,Fibroblast,Control
1.3044994,-7.327074,Fibroblast,Control
9.308831,1.7892158,Endothelial,Control
7.490388,1.5394558,Endothelial,Control
-4.8700156,4.527518,Fibroblast,Control
7.428989,0.46021828,Endothelial,Control
8.374539,1.3073192,Endothelial,Control
0.9462804,-8.074043,Fibroblast,Control
-1.2064089,-8.390323,Erythrocyte,Control
-0.17556657,-7.2515063,Fibroblast,Control
1.7185718,-8.041875,Fibroblast,Control
1.5338367,-6.1502285,Fibroblast,Control
5.297667,10.472827,B_cell,Control
9.112435,4.0098596,Endothelial,Control
8.126692,0.24135755,Endothelial,Control
9.786072,1.0617447,Endothelial,Control
-11.680612,0.28001073,Erythrocyte,Control
8.521666,0.17335309,Endothelial,Control
7.7786956,1.7071412,Endothelial,Control
-1.9991826,7.118075,Fibroblast,Control
0.006935007,-7.5891867,Fibroblast,Control
9.429155,3.131402,Endothelial,Control
4.817585,-5.2318726,Fibroblast,Control
3.3948119,-6.326301,Fibroblast,Control
9.719644,2.904957,Endothelial,Control
5.782284,-1.0988834,Fibroblast,Control
7.3402147,1.3360069,Endothelial,Control
-4.6654067,5.151578,Fibroblast,Control
8.487833,1.5614386,Endothelial,Control
9.090506,2.2020814,Endothelial,Control
2.5809846,-7.5023794,Fibroblast,Control
3.7264848,-6.239843,Fibroblast,Control
7.858855,0.342047,Endothelial,Control
1.3525672,-9.020812,Fibroblast,Control
7.696822,1.8409988,Endothelial,Control
3.2911751,-6.426612,Fibroblast,Control
8.390044,0.841376,Endothelial,Control
4.608468,3.6369307,Endothelial,Control
8.41699,3.143906,Endothelial,Control
5.684557,-1.8573434,Fibroblast,Control
2.2878225,-7.129537,Fibroblast,Control
-4.7210717,4.717678,Fibroblast,Control
9.072463,0.41246656,Endothelial,Control
-5.2025065,4.3262854,Fibroblast,Control
6.990745,1.0752943,Endothelial,Control
8.118494,2.3362703,Endothelial,Control
5.100976,1.8277881,Endothelial,Control
1.2732052,-7.217253,Fibroblast,Control
1.3529651,-8.463679,Fibroblast,Control
3.3521729,-6.345717,Fibroblast,Control
9.111463,2.2737665,Endothelial,Control
-2.7032747,6.922473,Fibroblast,Control
0.80511516,3.353921,Endothelial,Control
8.380402,4.095952,Endothelial,Control
-4.0102606,5.1758533,Fibroblast,Control
7.511765,1.4061601,Endothelial,Control
2.1517022,-7.5208745,Fibroblast,Control
-0.10430095,-8.206291,Fibroblast,Control
9.370169,1.7888628,Endothelial,Control
9.524992,1.1723268,Endothelial,Control
9.260646,2.8313575,Endothelial,Control
7.6645255,0.6613669,Endothelial,Control
-3.9834154,5.04378,Fibroblast,Control
8.831515,2.020658,Endothelial,Control
-1.0559189,13.449299,Fibroblast,Control
3.3543856,-6.617598,Fibroblast,Control
8.285573,0.2448487,Endothelial,Control
2.1803854,7.031988,B_cell,Control
8.552275,0.300646,Endothelial,Control
8.796525,0.9965601,Endothelial,Control
9.406465,2.3238885,Endothelial,Control
0.5834828,-9.165436,Fibroblast,Control
8.771034,0.9189136,Endothelial,Control
2.371913,-7.433325,Fibroblast,Control
8.966791,2.0884736,Endothelial,Control
8.441344,4.835829,Endothelial,Control
7.073757,0.125058,Endothelial,Control
8.2558365,0.75448895,Endothelial,Control
1.6538625,-8.209324,Fibroblast,Control
13.763965,7.338431,Fibroblast,Control
9.555143,1.779288,Endothelial,Control
8.558255,0.3469924,Endothelial,Control
8.188065,0.45561308,Endothelial,Control
0.2712423,-8.4102335,Fibroblast,Control
7.761698,0.20019847,Endothelial,Control
-11.204671,0.084046535,Erythrocyte,Control
-9.99875,3.5018373,Fibroblast,Control
0.7852048,-9.245091,Fibroblast,Control
7.335861,1.3447181,Endothelial,Control
-3.5238705,5.842494,Fibroblast,Control
8.925953,1.3968623,Endothelial,Control
8.232251,3.1140332,Endothelial,Control
-11.635901,0.24491832,Erythrocyte,Control
9.573599,2.17365,Endothelial,Control
8.0321865,0.94995475,Endothelial,Control
3.1563406,-6.0306926,Fibroblast,Control
2.9585571,-6.7734776,Fibroblast,Control
5.2449584,9.783601,B_cell,Control
-0.8786116,13.3647585,Fibroblast,Control
5.7678237,-1.7203858,Fibroblast,Control
7.560455,0.3910463,Endothelial,Control
8.520604,2.2881517,Endothelial,Control
1.3597276,-8.152032,Fibroblast,Control
8.931021,1.5312908,Endothelial,Control
3.65885,-6.4517784,Fibroblast,Control
0.35003707,12.523097,Fibroblast,Control
2.3425481,-6.5605016,Fibroblast,Control
9.494205,0.71660554,Endothelial,Control
3.8733468,-5.9574614,Fibroblast,Control
9.458788,2.881342,Endothelial,Control
9.46227,1.1535534,Endothelial,Control
3.6763604,-5.809079,Fibroblast,Control
-2.9285424,7.8230276,Fibroblast,Control
9.084237,2.7972076,Endothelial,Control
8.486913,1.6761682,Endothelial,Control
1.666983,-7.8070817,Fibroblast,Control
1.3161951,3.2312703,Endothelial,Control
8.890032,0.30402973,Endothelial,Control
0.18144372,-7.924986,Fibroblast,Control
8.764853,0.65250677,Endothelial,Control
2.2049894,-8.036925,Fibroblast,Control
9.249929,1.5949922,Endothelial,Control
7.1187525,0.7421305,Endothelial,Control
-3.8309364,5.9557643,Fibroblast,Control
3.9213247,-5.8232718,Fibroblast,Control
8.386392,2.09361,Endothelial,Control
-11.511675,0.20177202,Erythrocyte,Control
8.808233,4.744567,Endothelial,Control
0.58552635,-7.0573826,Fibroblast,Control
8.186579,0.9327826,Endothelial,Control
9.527409,1.2012014,Endothelial,Control
8.839774,4.221493,Endothelial,Control
5.7747517,1.9951198,Endothelial,Control
1.8682832,-8.423401,Fibroblast,Control
9.325536,1.0219338,Endothelial,Control
3.6219285,3.7270312,Endothelial,Control
7.8015914,0.4925213,Endothelial,Control
-9.716976,3.3755913,Endothelial,Control
8.032332,0.69755816,Endothelial,Control
1.6817693,-7.8186617,Fibroblast,Control
9.521553,1.6974115,Endothelial,Control
0.6676479,-9.6473055,Fibroblast,Control
8.18396,4.628915,Endothelial,Control
-5.1810308,4.4565086,Fibroblast,Control
8.472009,2.9847739,Endothelial,Control
4.9997334,9.411501,B_cell,Control
8.907859,0.62338746,Endothelial,Control
8.798313,4.0061107,Endothelial,Control
2.0410793,-0.47996768,Fibroblast,Control
1.6558268,-7.0716486,Fibroblast,Control
1.353157,-7.0708613,Fibroblast,Control
7.1526675,1.2173922,Endothelial,Control
9.57673,0.73889136,Endothelial,Control
8.8106,0.4197938,Endothelial,Control
5.169514,9.746337,B_cell,Control
0.118786946,-7.3083973,Fibroblast,Control
0.6640912,-7.6988153,Fibroblast,Control
7.6786814,0.67470956,Endothelial,Control
1.9484023,15.34428,Fibroblast,Control
1.0253446,3.2571018,Endothelial,Control
2.8309522,-7.0832043,Fibroblast,Control
-0.02706085,-8.165474,Fibroblast,Control
7.930852,2.0508425,Endothelial,Control
8.44225,2.8208683,Endothelial,Control
9.503434,2.9794385,Endothelial,Control
2.1780827,-7.622636,Fibroblast,Control
0.10453464,-8.748705,Fibroblast,Control
6.7690115,5.488968,Neutrophil,Control
3.4160712,-6.5537744,Fibroblast,Control
6.6821556,1.4440354,Endothelial,Control
7.341173,1.1777384,Endothelial,Control
9.327465,0.8159753,Endothelial,Control
-0.13628459,-7.932273,Fibroblast,Control
-4.701648,4.5153174,Fibroblast,Control
4.69002,-5.12744,Fibroblast,Control
0.10993544,-7.4746184,Fibroblast,Control
-0.09376549,-7.7668805,Fibroblast,Control
-4.4880595,5.0474234,Fibroblast,Control
8.821402,0.31232283,Endothelial,Control
8.881794,2.164531,Endothelial,Control
8.224756,4.1299562,Endothelial,Control
8.914935,1.9349931,Endothelial,Control
7.5581756,1.7060678,Endothelial,Control
4.7054935,-5.3353024,Fibroblast,Control
9.252588,3.9435537,Endothelial,Control
5.592167,-1.391737,Fibroblast,Control
-0.12794574,-6.984306,Fibroblast,Control
9.358352,3.1736882,Endothelial,Control
8.809145,1.9169886,Endothelial,Control
0.90909666,-8.342854,Fibroblast,Control
2.4866183,-7.6556296,Fibroblast,Control
0.6290364,-8.886771,Fibroblast,Control
8.351261,1.0809219,Endothelial,Control
7.4759817,0.38018298,Endothelial,Control
9.242303,2.4408417,Endothelial,Control
5.048952,9.61829,B_cell,Control
6.5538554,0.87003946,Endothelial,Control
9.026273,1.7784066,Endothelial,Control
7.6430917,0.2975517,Endothelial,Control
5.955167,-0.2852101,Erythrocyte,Control
2.4400291,-7.168833,Fibroblast,Control
3.4810162,-6.07684,Fibroblast,Control
7.921839,2.7001836,Endothelial,Control
9.692435,1.6846321,Endothelial,Control
-0.9115217,-8.41768,Erythrocyte,Control
8.7275,2.9473689,Endothelial,Control
5.4032407,1.6560009,Endothelial,Control
9.807762,2.4510808,Endothelial,Control
8.0574665,1.2533727,Endothelial,Control
7.222979,4.350173,Endothelial,Control
8.526657,0.37311417,Endothelial,Control
9.222083,1.004265,Endothelial,Control
-0.2266706,-7.8840833,Fibroblast,Control
0.049251385,-8.487809,Fibroblast,Control
8.353806,1.8768852,Endothelial,Control
8.780122,1.1641308,Endothelial,Control
9.847118,1.6946603,Endothelial,Control
7.84108,0.64740396,Endothelial,Control
8.6478195,0.41380274,Endothelial,Control
7.527784,1.5472317,Endothelial,Control
0.12794279,-8.449195,Fibroblast,Control
8.27157,5.315739,Endothelial,Control
-0.8380478,13.092016,Fibroblast,Control
3.2899737,-0.69987285,Fibroblast,Control
9.441261,1.4752651,Endothelial,Control
6.82494,0.4745047,Endothelial,Control
8.427517,0.54759824,Endothelial,Control
9.261794,2.634935,Endothelial,Control
-3.8738625,5.107533,Fibroblast,Control
0.5705127,-8.374925,Fibroblast,Control
0.78228825,-7.4710097,Fibroblast,Control
1.3854666,-7.038019,Fibroblast,Control
7.9455137,2.3740501,Endothelial,Control
4.016435,3.5873237,Endothelial,Control
7.8148575,1.698645,Endothelial,Control
-0.3940073,-6.978101,Fibroblast,Control
8.91337,3.9849153,Endothelial,Control
8.411561,4.409718,Endothelial,Control
8.371286,3.9518757,Endothelial,Control
8.914884,2.7064571,Endothelial,Control
8.651396,0.62027645,Endothelial,Control
-4.021302,5.833008,Fibroblast,Control
0.77053946,-8.648535,Fibroblast,Control
8.482404,3.40469,Endothelial,Control
8.171494,0.982075,Endothelial,Control
8.837979,0.8070977,Endothelial,Control
9.514141,3.479487,Endothelial,Control
7.2706265,0.51550823,Endothelial,Control
0.6268497,-8.129108,Fibroblast,Control
7.246295,0.5369803,Endothelial,Control
3.811741,3.604752,Endothelial,Control
-11.584048,0.23071088,Erythrocyte,Control
6.8671846,0.32270756,Endothelial,Control
8.052138,0.9052298,Endothelial,Control
8.719123,0.9918042,Endothelial,Control
2.4285808,-7.4570518,Fibroblast,Control
9.075969,1.8435585,Endothelial,Control
9.017256,0.98879063,Endothelial,Control
6.7566566,0.61631566,Endothelial,Control
1.1953015,3.301334,Endothelial,Control
8.727239,4.6204443,Endothelial,Control
9.185699,0.8986379,Endothelial,Control
-4.757183,4.493939,Fibroblast,Control
8.992095,3.357498,Endothelial,Control
9.744637,1.378653,Endothelial,Control
1.3062472,-7.240267,Fibroblast,Control
8.019789,0.28952843,Endothelial,Control
7.236245,0.15843055,Endothelial,Control
2.322518,7.0602274,B_cell,Control
-0.967389,13.552718,Fibroblast,Control
1.8718693,2.8418221,Endothelial,Control
0.11284905,-7.2911873,Fibroblast,Control
7.395069,0.58525085,Endothelial,Control
8.451749,3.4764767,Endothelial,Control
8.284036,0.601839,Endothelial,Control
9.420587,2.314118,Endothelial,Control
-1.0324281,13.427359,Fibroblast,Control
2.181873,-6.6303887,Fibroblast,Control
8.963076,2.4726806,Endothelial,Control
7.9981403,0.0236389,Endothelial,Control
8.373782,0.23728603,Endothelial,Control
7.407315,1.6563104,Endothelial,Control
-5.705543,0.9266298,VSMC,Control
-6.0104003,11.589875,Neutrophil,Control
8.4919,0.43588522,Endothelial,Control
5.001882,9.355603,B_cell,Control
-0.079372294,-7.7408676,Fibroblast,Control
1.3314543,-7.9899864,Fibroblast,Control
7.42917,0.80391455,Endothelial,Control
2.130764,-7.210262,Fibroblast,Control
2.4656432,-7.5408044,Fibroblast,Control
5.9211717,-1.0524594,Fibroblast,Control
8.764338,1.9493971,Endothelial,Control
9.445843,2.34561,Endothelial,Control
2.14055,2.7698193,Endothelial,Control
9.201623,2.1735682,Endothelial,Control
0.17890938,-9.158632,Fibroblast,Control
6.298755,-0.1007418,Erythrocyte,Control
7.9096,0.2983902,Endothelial,Control
3.9082177,-6.1283464,Fibroblast,Control
8.65859,0.35648876,Endothelial,Control
-6.4779468,11.812631,Neutrophil,Control
0.69532126,-6.961147,Fibroblast,Control
-11.4663725,4.4591646,Fibroblast,Control
6.9959383,1.7177674,Endothelial,Control
0.510042,-9.0071,Fibroblast,Control
3.5828815,-6.2072115,Fibroblast,Control
0.0943265,-8.15234,Fibroblast,Control
-2.9112031,7.7066817,Fibroblast,Control
9.465551,3.7643461,Endothelial,Control
-0.08371444,-7.343354,Fibroblast,Control
1.9975847,-7.3506274,Fibroblast,Control
3.8072228,3.6097198,Endothelial,Control
3.7350054,3.597138,Endothelial,Control
9.474012,1.3285581,Endothelial,Control
9.167376,1.2865517,Endothelial,Control
1.7160579,-7.287146,Fibroblast,Control
8.041594,0.63603014,Endothelial,Control
8.700575,0.61865926,Endothelial,Control
3.213286,-6.6215887,Fibroblast,Control
-9.767696,3.6033478,Fibroblast,Control
9.394546,2.315671,Endothelial,Control
2.5428169,-6.9501867,Fibroblast,Control
8.61078,0.048664086,Endothelial,Control
-4.3023367,5.3453035,Fibroblast,Control
4.6424623,-5.5458508,Fibroblast,Control
9.274421,2.5126748,Endothelial,Control
9.785659,1.7068828,Endothelial,Control
9.105314,3.2593348,Endothelial,Control
9.39354,1.5095961,Endothelial,Control
1.8421214,-6.1794863,Fibroblast,Control
0.46271202,-8.293917,Fibroblast,Control
9.167743,0.40102383,Endothelial,Control
7.172594,-0.09265568,Endothelial,Control
-0.119296506,-7.486966,Fibroblast,Control
7.610632,4.028618,Endothelial,Control
1.1391244,3.2239072,Endothelial,Control
0.27425855,-7.1847243,Fibroblast,Control
1.6906439,15.194619,Fibroblast,Control
8.937826,2.568834,Endothelial,Control
8.214343,2.9876335,Endothelial,Control
7.806417,0.7875898,Endothelial,Control
2.1699295,-6.6169357,Fibroblast,Control
9.54434,2.908076,Endothelial,Control
6.0397778,-0.20871267,Erythrocyte,Control
8.382096,1.8657138,Endothelial,Control
9.639254,2.8992076,Endothelial,Control
7.7701526,4.625125,Endothelial,Control
-4.143408,-4.6710157,Fibroblast,Control
0.12603727,14.306779,Fibroblast,Control
2.4876478,-6.639685,Fibroblast,Control
3.4711678,-6.1983485,Fibroblast,Control
7.9508505,1.0777386,Endothelial,Control
-0.19695666,-7.8252172,Fibroblast,Control
5.267907,3.7614737,Endothelial,Control
0.06097548,-8.928047,Fibroblast,Control
2.7532039,-7.290905,Fibroblast,Control
-0.5576909,13.002751,Fibroblast,Control
6.6364694,-0.37899402,Endothelial,Control
8.548825,2.9169946,Endothelial,Control
0.38179302,-9.332653,Fibroblast,Control
-0.8787801,13.224261,Fibroblast,Control
7.6760488,0.879388,Endothelial,Control
7.7569456,1.7019314,Endothelial,Control
7.9578586,2.8830328,Endothelial,Control
-0.8346605,13.332756,Fibroblast,Control
7.326661,2.4227827,Endothelial,Control
9.131925,2.0341623,Endothelial,Control
9.089132,1.1654012,Endothelial,Control
2.6885378,-7.187864,Fibroblast,Control
8.333971,0.9048159,Endothelial,Control
2.6284537,-7.046588,Fibroblast,Control
0.6511421,-8.117404,Fibroblast,Control
4.3581433,1.9681289,Endothelial,Control
0.028726703,-7.9272995,Fibroblast,Control
1.7602267,-7.3009663,Fibroblast,Control
-4.959526,4.6344438,Fibroblast,Control
1.4692903,-8.369008,Fibroblast,Control
7.1248736,0.16263007,Erythrocyte,Control
7.5893354,0.37176403,Endothelial,Control
5.3604064,1.9026713,Endothelial,Control
1.5308404,3.0661125,Endothelial,Control
8.184146,1.142872,Endothelial,Control
2.344818,2.5183742,Endothelial,Control
9.2426815,0.91522026,Endothelial,Control
7.3891954,0.3608724,Endothelial,Control
9.192715,2.9889746,Endothelial,Control
5.953761,-0.9656503,Fibroblast,Control
2.0763159,-7.8164306,Fibroblast,Control
0.93870294,-9.128552,Fibroblast,Control
9.130731,3.3193395,Endothelial,Control
-0.9434569,13.1995535,Fibroblast,Control
-4.1391854,5.075311,Fibroblast,Control
8.902682,0.5626083,Endothelial,Control
7.02815,0.40900123,Endothelial,Control
9.121653,4.246626,Endothelial,Control
9.568083,1.7140642,Endothelial,Control
4.7505255,-5.1701756,Fibroblast,Control
-11.145718,-0.09405968,Erythrocyte,Control
9.35634,3.6621568,Endothelial,Control
0.0361378,14.211993,Fibroblast,Control
8.224405,2.7348926,Endothelial,Control
5.954941,-0.92052937,Fibroblast,Control
8.754812,3.8961267,Endothelial,Control
-11.349365,4.313158,Fibroblast,Control
5.9072433,-1.1326234,Fibroblast,Control
1.0649546,-8.729915,Fibroblast,Control
-6.7539983,11.87838,Neutrophil,Control
0.4540754,-7.520664,Fibroblast,Control
1.1008494,14.822661,Fibroblast,Control
9.266569,1.9035356,Endothelial,Control
8.895547,0.7290681,Endothelial,Control
8.136097,4.7984734,Endothelial,Control
8.113021,2.1979904,Endothelial,Control
9.86632,1.4452595,Endothelial,Control
3.7550862,-5.959727,Fibroblast,Control
1.9278966,-7.6183524,Fibroblast,Control
4.431349,-5.570974,Fibroblast,Control
7.8853507,0.6773282,Endothelial,Control
0.31545642,-7.106973,Fibroblast,Control
9.7851,1.3841544,Endothelial,Control
7.8568377,5.342765,Endothelial,Control
7.520832,0.22374277,Endothelial,Control
0.005469423,-8.371731,Fibroblast,Control
9.595714,3.355544,Endothelial,Control
9.368779,2.3734262,Endothelial,Control
1.1026257,-7.104619,Fibroblast,Control
-4.813527,4.432436,Fibroblast,Control
5.6218266,-0.35042056,Erythrocyte,Control
7.3824635,0.1678192,Endothelial,Control
1.8095036,-7.0305862,Fibroblast,Control
2.312035,-7.399102,Fibroblast,Control
7.9664717,1.736957,Endothelial,Control
8.477568,0.95439583,Endothelial,Control
9.123186,0.35444573,Endothelial,Control
-0.3655102,12.587381,Fibroblast,Control
9.731194,2.280773,Endothelial,Control
0.23680975,-7.173902,Fibroblast,Control
7.9159956,0.97648275,Endothelial,Control
9.328314,1.6862757,Endothelial,Control
-0.17114438,-8.805802,Fibroblast,Control
4.884878,9.228717,B_cell,Control
9.427367,0.89033294,Endothelial,Control
8.949603,3.9436233,Endothelial,Control
9.62214,1.4266168,Endothelial,Control
0.08920704,-7.851968,Fibroblast,Control
-1.0534021,13.656829,Fibroblast,Control
-0.16598643,12.302332,Fibroblast,Control
-0.13713838,-8.528331,Fibroblast,Control
-3.1335802,7.5326056,Fibroblast,Control
8.177521,4.4640265,Endothelial,Control
8.908537,0.44113532,Endothelial,Control
1.4563723,3.118077,Endothelial,Control
8.891784,1.2093192,Endothelial,Control
0.43615648,-8.210863,Fibroblast,Control
8.119112,2.7577653,Endothelial,Control
8.1609745,3.6242564,Endothelial,Control
5.4822807,1.8710164,Endothelial,Control
7.6843934,1.6364974,Endothelial,Control
1.3922297,-8.096211,Fibroblast,Control
-0.20689984,-7.070102,Fibroblast,Control
8.042866,0.8257577,Endothelial,Control
0.8729925,-9.162302,Fibroblast,Control
2.1227694,-6.788235,Fibroblast,Control
1.7181318,-8.371036,Fibroblast,Control
1.9777602,-7.6407647,Fibroblast,Control
9.466471,1.1318389,Endothelial,Control
2.1512043,15.441179,Fibroblast,Control
0.13993233,-7.1579337,Fibroblast,Control
-9.823628,3.6169977,Fibroblast,Control
-3.0478842,8.140634,Fibroblast,Control
7.546527,1.0574946,Endothelial,Control
9.274512,0.41479647,Endothelial,Control
6.213744,0.6423575,Endothelial,Control
1.2498246,3.1961763,Endothelial,Control
2.3792067,-7.9072404,Fibroblast,Control
-0.14939359,-8.088185,Fibroblast,Control
8.103635,0.46868542,Endothelial,Control
1.6011952,3.0517073,Endothelial,Control
7.5271597,0.5616558,Endothelial,Control
-9.841348,3.4722273,Fibroblast,Control
-1.6031101,7.2863607,Fibroblast,Control
9.175364,1.9190141,Endothelial,Control
0.93196744,-7.473055,Fibroblast,Control
8.155684,2.26562,Endothelial,Control
2.1085248,2.754987,Endothelial,Control
7.342172,0.22820862,Endothelial,Control
1.7639879,-7.614092,Fibroblast,Control
8.650862,1.1103227,Endothelial,Control
0.3828789,-7.0243177,Fibroblast,Control
2.1649761,-0.5084914,Fibroblast,Control
0.4101019,-8.741059,Fibroblast,Control
8.836044,0.5767467,Endothelial,Control
4.6187396,-5.672503,Fibroblast,Control
1.2888691,-7.084734,Fibroblast,Control
8.690787,0.36571535,Endothelial,Control
1.3066409,-8.109487,Fibroblast,Control
9.506485,3.3521254,Endothelial,Control
3.6567078,3.6410422,Endothelial,Control
9.148395,0.83158684,Endothelial,Control
9.475324,3.3594632,Endothelial,Control
3.4729397,-6.4228663,Fibroblast,Control
7.5064526,0.9079756,Endothelial,Control
8.8737135,3.2453625,Endothelial,Control
8.433848,2.7155628,Endothelial,Control
0.43922052,-8.564827,Fibroblast,Control
-0.018412437,-8.956938,Fibroblast,Control
0.7216256,-9.243279,Fibroblast,Control
-11.588658,0.24664639,Erythrocyte,Control
0.5512251,-7.814328,Fibroblast,Control
1.9540989,-7.2832956,Fibroblast,Control
4.6670146,-5.377997,Fibroblast,Control
8.502402,2.1608272,Endothelial,Control
0.6547257,-7.0651593,Fibroblast,Control
8.414303,0.5892259,Endothelial,Control
-11.464538,4.427229,Fibroblast,Control
-11.674304,0.2650055,Erythrocyte,Control
0.585737,-7.6596284,Fibroblast,Control
-11.457988,4.4386444,Fibroblast,Control
8.774481,4.221508,Endothelial,Control
8.009023,0.86889464,Endothelial,Control
8.684887,0.8961867,Endothelial,Control
6.856689,0.29639444,Endothelial,Control
-0.16604637,-8.0344,Fibroblast,Control
8.431133,4.814646,Endothelial,Control
0.88384056,3.3267183,Endothelial,Control
1.3493929,-8.658422,Fibroblast,Control
1.1334618,-8.195811,Fibroblast,Control
3.8692417,-5.724335,Fibroblast,Control
8.547497,5.0483723,Endothelial,Control
1.6945037,-7.415487,Fibroblast,Control
8.19051,2.6664734,Endothelial,Control
8.623914,3.3304842,Endothelial,Control
1.8813843,-7.884343,Fibroblast,Control
8.255474,0.62624764,Endothelial,Control
-4.2866955,6.097813,Fibroblast,Control
-10.982838,4.1178136,Fibroblast,Control
9.188744,1.8774564,Endothelial,Control
8.561578,0.5882434,Endothelial,Control
-0.9949586,13.401319,Fibroblast,Control
2.0117257,-8.085127,Fibroblast,Control
8.174927,2.077981,Endothelial,Control
5.1345077,9.703907,B_cell,Control
5.806725,-0.8592104,Fibroblast,Control
3.2755737,-6.644736,Fibroblast,Control
1.2992533,-8.712284,Fibroblast,Control
8.542008,2.0534308,Endothelial,Control
7.4316144,0.18742272,Endothelial,Control
9.435483,0.875031,Endothelial,Control
8.083644,3.038639,Endothelial,Control
7.1951513,0.14489838,Endothelial,Control
8.318592,0.6317274,Endothelial,Control
9.966665,2.12428,Endothelial,Control
0.8926097,-9.132596,Fibroblast,Control
8.22567,1.9404204,Endothelial,Control
7.664303,0.4411583,Endothelial,Control
8.712919,0.85734975,Endothelial,Control
5.910404,-0.99655306,Fibroblast,Control
3.4841175,-6.2878513,Fibroblast,Control
9.184068,2.4219604,Endothelial,Control
4.450603,-5.32024,Fibroblast,Control
4.8421965,1.9470031,Endothelial,Control
1.5980222,-0.9023111,Fibroblast,Control
-1.4349629,7.3451633,Fibroblast,Control
1.1559298,-7.7788606,Fibroblast,Control
8.133229,1.106157,Endothelial,Control
0.53203577,-8.030364,Fibroblast,Control
7.5942173,1.5609109,Endothelial,Control
6.002291,1.7147385,Endothelial,Control
0.1614891,14.129815,Fibroblast,Control
0.8344967,3.3332028,Endothelial,Control
1.5748829,-7.8005676,Fibroblast,Control
1.6139975,3.0387836,Endothelial,Control
6.825737,0.49698547,Endothelial,Control
3.0213513,-6.726975,Fibroblast,Control
-4.996531,4.349874,Fibroblast,Control
0.56607294,-9.400647,Fibroblast,Control
8.656092,2.2181475,Endothelial,Control
9.64286,1.9694173,Endothelial,Control
0.5522848,14.893384,Fibroblast,Control
4.7716684,1.9263697,Endothelial,Control
5.6956887,1.851338,Endothelial,Control
8.597675,1.4554415,Endothelial,Control
0.7445995,-8.340865,Fibroblast,Control
1.0029706,-8.822316,Fibroblast,Control
7.2550764,2.3959987,Endothelial,Control
-4.5949,5.287238,Fibroblast,Control
0.5072223,-8.716197,Fibroblast,Control
-1.3843868,-8.369513,Erythrocyte,Control
1.5655525,-7.5048676,Fibroblast,Control
2.3501034,-7.0154943,Fibroblast,Control
8.712962,1.8325948,Endothelial,Control
1.2794608,-7.7556596,Fibroblast,Control
2.029506,-8.19045,Fibroblast,Control
0.14884049,-7.4869714,Fibroblast,Control
8.702751,1.5530418,Endothelial,Control
0.8096934,-7.264623,Fibroblast,Control
-2.0282571,7.1884484,Fibroblast,Control
0.6024422,15.181478,Fibroblast,Control
0.27503386,-7.4899683,Fibroblast,Control
0.20244743,-7.7787023,Fibroblast,Control
8.8562975,3.5352738,Endothelial,Control
8.682045,3.6725118,Endothelial,Control
2.2300003,-7.282642,Fibroblast,Control
8.709765,3.3723705,Endothelial,Control
5.9861884,-1.0438014,Fibroblast,Control
8.224556,3.1058383,Endothelial,Control
-4.908328,4.8355594,Fibroblast,Control
9.569793,3.0565596,Endothelial,Control
8.557905,4.6318283,Endothelial,Control
5.5564327,-0.37798393,Erythrocyte,Control
0.46832082,-8.756845,Fibroblast,Control
8.909996,1.2174962,Endothelial,Control
0.7171591,-9.49673,Fibroblast,Control
-0.2349445,-7.7457337,Fibroblast,Control
5.641486,1.9220642,Endothelial,Control
0.48369393,-8.600981,Fibroblast,Control
-1.4384005,13.915283,Fibroblast,Control
3.6620846,-5.8817825,Fibroblast,Control
3.2662253,-6.3341026,Fibroblast,Control
1.3719525,3.1474903,Endothelial,Control
-11.043934,4.049343,Fibroblast,Control
5.1311903,9.744655,B_cell,Control
6.6761775,0.5272548,Endothelial,Control
9.840501,2.503704,Endothelial,Control
0.5785556,-8.341583,Fibroblast,Control
9.76213,2.7818418,Endothelial,Control
-4.688648,4.514742,Fibroblast,Control
0.15717915,14.463018,Fibroblast,Control
9.315776,1.8300387,Endothelial,Control
3.2780404,-6.6090407,Fibroblast,Control
9.047271,0.95698476,Endothelial,Control
-0.30864105,12.793543,Fibroblast,Control
9.5197115,1.568041,Endothelial,Control
-0.060391653,-8.417531,Fibroblast,Control
0.7073211,-9.678749,Fibroblast,Control
1.8210882,-7.032412,Fibroblast,Control
9.751606,1.7062408,Endothelial,Control
0.002201325,-7.1002355,Fibroblast,Control
9.315672,1.4413621,Endothelial,Control
5.401395,10.105838,B_cell,Control
3.6061614,20.30394,Fibroblast,Control
8.706132,1.5395694,Endothelial,Control
-4.67578,4.799159,Fibroblast,Control
-0.14342305,12.729533,Fibroblast,Control
-0.32775456,-6.7197003,Fibroblast,Control
5.5207233,1.6529303,Endothelial,Control
8.438567,3.3297844,Endothelial,Control
-11.522264,0.2030783,Erythrocyte,Control
5.7745357,-1.4861338,Fibroblast,Control
1.7508886,-7.362328,Fibroblast,Control
0.33558628,-8.498016,Fibroblast,Control
8.286846,3.7868323,Endothelial,Control
1.093582,-7.782775,Fibroblast,Control
9.403737,2.160952,Endothelial,Control
7.808601,1.5653107,Endothelial,Control
9.787363,2.1272457,Endothelial,Control
9.382286,1.9201444,Endothelial,Control
-0.18473396,12.39451,Fibroblast,Control
3.248272,-6.653147,Fibroblast,Control
9.472804,1.1169573,Endothelial,Control
1.8970193,-7.4649177,Fibroblast,Control
8.287506,1.5802053,Endothelial,Control
7.773629,0.3751408,Endothelial,Control
0.39018428,-9.123523,Fibroblast,Control
5.3265514,1.9244876,Endothelial,Control
-4.497493,5.1070337,Fibroblast,Control
8.291318,4.8884134,Endothelial,Control
3.5149758,-5.8050795,Fibroblast,Control
8.541069,3.4173267,Endothelial,Control
0.41043577,-8.941698,Fibroblast,Control
9.147183,0.70895267,Endothelial,Control
4.173926,4.5044827,Endothelial,Control
8.471794,3.7562146,Endothelial,Control
8.912124,2.4752781,Endothelial,Control
0.10725194,-6.812654,Fibroblast,Control
9.230992,1.1725587,Endothelial,Control
-0.22596261,-6.6544237,Fibroblast,Control
9.345156,1.2916245,Endothelial,Control
2.4609978,2.447212,Endothelial,Control
8.509206,2.6271615,Endothelial,Control
9.478424,2.584497,Endothelial,Control
2.2125497,2.636107,Endothelial,Control
8.086988,0.3456207,Endothelial,Control
1.7634119,-6.075145,Fibroblast,Control
-0.44371885,3.4033148,Endothelial,Control
8.810255,3.8496475,Endothelial,Control
9.855486,1.7912047,Endothelial,Control
8.111217,0.5815189,Endothelial,Control
-11.684773,0.2875385,Erythrocyte,Control
7.760856,0.27089843,Endothelial,Control
8.7872715,4.314312,Endothelial,Control
9.427859,2.162177,Endothelial,Control
8.595749,3.047027,Endothelial,Control
6.4653735,1.4401228,Endothelial,Control
8.880127,1.1484741,Endothelial,Control
8.280123,0.92248607,Endothelial,Control
9.166626,1.6717844,Endothelial,Control
8.348785,1.0069491,Endothelial,Control
1.459798,-7.1714087,Fibroblast,Control
8.404269,3.0684938,Endothelial,Control
2.6109874,-7.1159983,Fibroblast,Control
1.5185353,-7.66062,Fibroblast,Control
4.4313083,-6.0212393,Fibroblast,Control
0.57022995,-9.095916,Fibroblast,Control
7.7819257,1.3525747,Endothelial,Control
-1.1088998,13.43528,Fibroblast,Control
9.417233,2.7437825,Endothelial,Control
0.05000053,-6.7735033,Fibroblast,Control
0.3900679,-7.6995187,Fibroblast,Control
9.792974,3.2231944,Endothelial,Control
8.692025,3.3445077,Endothelial,Control
8.285861,1.6758707,Endothelial,Control
-2.8498917,7.9981465,Fibroblast,Control
-3.0026488,8.092291,Fibroblast,Control
4.691212,-5.3578506,Fibroblast,Control
8.577376,0.7487193,Endothelial,Control
9.000105,1.2264074,Endothelial,Control
2.189903,-6.723293,Fibroblast,Control
1.7605978,-7.059326,Fibroblast,Control
4.036314,-6.413846,Fibroblast,Control
9.108773,0.6519323,Endothelial,Control
5.1369667,9.373828,B_cell,Control
1.0023266,3.2935264,Endothelial,Control
8.067131,1.1337725,Endothelial,Control
8.202051,1.0532295,Endothelial,Control
4.0983715,0.53270954,Fibroblast,Control
2.1124766,-7.749375,Fibroblast,Control
0.9282973,-8.228266,Fibroblast,Control
1.2189126,-7.07193,Fibroblast,Control
8.607458,3.8439133,Endothelial,Control
0.17492315,-9.168711,Fibroblast,Control
2.0678217,-6.6672044,Fibroblast,Control
8.695642,4.251503,Endothelial,Control
8.354331,1.492548,Endothelial,Control
-6.498821,11.843804,Neutrophil,Control
7.9715405,0.9393639,Endothelial,Control
8.063691,3.40451,Endothelial,Control
7.504879,0.06678358,Endothelial,Control
4.2544703,-5.5115585,Fibroblast,Control
-11.221337,0.09450203,Erythrocyte,Control
-2.8609366,7.595026,Fibroblast,Control
9.22066,1.3921442,Endothelial,Control
8.120434,1.4598912,Endothelial,Control
9.199065,2.963741,Endothelial,Control
0.96979165,-8.289806,Fibroblast,Control
0.86474615,-8.486616,Fibroblast,Control
-0.1389221,-8.837863,Fibroblast,Control
0.730761,-7.029851,Fibroblast,Control
9.330373,0.9381525,Endothelial,Control
1.3277657,14.995489,Fibroblast,Control
-1.2319812,7.8751965,Fibroblast,Control
9.054892,3.3718114,Endothelial,Control
7.5949864,2.3252535,Endothelial,Control
8.562905,1.6706239,Endothelial,Control
1.1216667,-7.6546464,Fibroblast,Control
8.540636,0.8693144,Endothelial,Control
9.633644,1.4414804,Endothelial,Control
-0.20743018,-7.531964,Fibroblast,Control
8.172398,1.6194073,Endothelial,Control
9.30502,1.16435,Endothelial,Control
7.251533,1.2839227,Endothelial,Control
1.7647693,2.9603093,Endothelial,Control
9.04284,2.0967412,Endothelial,Control
7.7528844,0.88606495,Endothelial,Control
8.54646,1.2122716,Endothelial,Control
-0.29682815,3.4351137,Endothelial,Control
-11.224634,4.220428,Fibroblast,Control
1.1719469,-7.1196446,Fibroblast,Control
5.382599,1.9414936,Endothelial,Control
0.4292539,12.548965,Fibroblast,Control
5.6519084,2.132017,Endothelial,Control
9.407102,2.9477901,Endothelial,Control
0.33097494,-8.231066,Fibroblast,Control
8.723939,0.9868476,Endothelial,Control
7.561012,1.2745326,Endothelial,Control
2.3992658,-7.5847516,Fibroblast,Control
8.739658,2.2326064,Endothelial,Control
8.532717,0.91064966,Endothelial,Control
4.785351,-5.1596775,Fibroblast,Control
8.470844,4.0865936,Endothelial,Control
4.8799443,1.931311,Endothelial,Control
-1.0781177,7.25575,Fibroblast,Control
0.67551404,-7.99525,Fibroblast,Control
0.23682708,-8.101977,Fibroblast,Control
2.1635818,-7.4878345,Fibroblast,Control
1.8140464,-6.098067,Fibroblast,Control
7.782622,0.5674353,Endothelial,Control
4.399088,-5.5617104,Fibroblast,Control
8.302053,1.1543084,Endothelial,Control
0.62983215,-8.216328,Fibroblast,Control
7.9166102,3.0234604,Endothelial,Control
-0.73220766,14.086566,Fibroblast,Control
5.337982,10.040495,B_cell,Control
8.957979,2.0444896,Endothelial,Control
0.702251,14.890794,Fibroblast,Control
9.375022,0.76249725,Endothelial,Control
0.9990169,-8.057191,Fibroblast,Control
9.048126,0.41697717,Endothelial,Control
3.2492576,-6.7134295,Fibroblast,Control
-0.4249082,-6.24348,Fibroblast,Control
-4.8592777,4.8981543,Fibroblast,Control
8.680267,2.3668656,Endothelial,Control
8.0266075,1.7263049,Endothelial,Control
1.4313759,-7.148645,Fibroblast,Control
-5.878535,11.813672,Neutrophil,Control
-2.9483893,7.6704817,Fibroblast,Control
0.9372944,-7.9899707,Fibroblast,Control
1.4171988,-8.9752445,Fibroblast,Control
8.201468,2.6022992,Endothelial,Control
1.7680846,-8.012422,Fibroblast,Control
-2.0100636,6.998431,Fibroblast,Control
0.05896285,-7.718248,Fibroblast,Control
-6.6288233,12.3958,Neutrophil,Control
8.434449,0.803638,Endothelial,Control
9.222154,0.8968564,Endothelial,Control
1.9386312,-6.193321,Fibroblast,Control
0.37264132,-8.265501,Fibroblast,Control
9.023196,0.7813425,Endothelial,Control
8.674726,1.2444276,Endothelial,Control
8.791504,0.06102274,Endothelial,Control
8.316911,4.0662775,Endothelial,Control
-4.7281528,4.719338,Fibroblast,Control
7.5454664,1.1432664,Endothelial,Control
2.2125032,-7.8193984,Fibroblast,Control
9.378033,1.2775059,Endothelial,Control
8.67334,1.9090235,Endothelial,Control
1.8059372,-8.048429,Fibroblast,Control
5.554066,-1.2233889,Fibroblast,Control
9.184501,2.5018976,Endothelial,Control
9.025424,2.6215785,Endothelial,Control
-2.072734,7.0086246,Fibroblast,Control
1.3255656,-7.8498774,Fibroblast,Control
-0.46054575,-7.710269,Fibroblast,Control
-2.9754515,8.105723,Fibroblast,Control
8.335299,1.8750848,Endothelial,Control
0.43203092,-6.328298,Fibroblast,Control
6.130225,0.8043835,Endothelial,Control
8.242931,0.6717015,Endothelial,Control
9.411914,2.7006862,Endothelial,Control
-11.538647,4.480206,Fibroblast,Control
4.156802,-4.9802227,Fibroblast,Control
7.2098184,1.1419477,Endothelial,Control
4.0697503,-6.176484,Fibroblast,Control
7.9874024,2.903259,Endothelial,Control
8.482997,1.7340662,Endothelial,Control
0.47427136,-6.884299,Fibroblast,Control
8.085385,4.8818297,Endothelial,Control
8.9691515,0.41035506,Endothelial,Control
4.149738,-5.983758,Fibroblast,Control
7.3398967,1.885114,Endothelial,Control
1.5854784,3.0269864,Endothelial,Control
-11.198461,4.256533,Fibroblast,Control
9.538977,2.0834086,Endothelial,Control
0.5341017,-7.9025035,Fibroblast,Control
8.73923,0.47514468,Endothelial,Control
1.2307868,3.1776114,Endothelial,Control
5.8627152,2.0424092,Endothelial,Control
8.614682,0.32792154,Endothelial,Control
8.600217,2.2115507,Endothelial,Control
7.604794,1.7359977,Endothelial,Control
7.666853,1.9988409,Endothelial,Control
7.946641,2.082448,Endothelial,Control
5.845175,-1.6061124,Fibroblast,Control
9.409215,2.356667,Endothelial,Control
2.3391814,7.1798425,B_cell,Control
1.5039482,-7.5351233,Fibroblast,Control
7.4123583,2.2342157,Endothelial,Control
1.4293994,-8.823638,Fibroblast,Control
-5.1204357,4.2358513,Fibroblast,Control
3.7850308,3.59336,Endothelial,Control
8.345407,2.602517,Endothelial,Control
8.042892,0.7434199,Endothelial,Control
-0.10812949,-8.443943,Fibroblast,Control
9.747786,1.505075,Endothelial,Control
8.845744,4.259671,Endothelial,Control
-0.37393284,-5.9259577,Fibroblast,Control
-0.28164336,-6.892777,Fibroblast,Control
8.014493,3.3633366,Endothelial,Control
8.385687,4.7402954,Endothelial,Control
-0.4507094,12.316598,Fibroblast,Control
9.379168,0.4867441,Endothelial,Control
8.228535,4.2847295,Endothelial,Control
9.089425,0.5607444,Endothelial,Control
-6.0178213,11.365139,Neutrophil,Control
-6.7441626,12.298887,Neutrophil,Control
8.392184,0.7034654,Endothelial,Control
-5.674213,0.81847817,VSMC,Control
9.335459,2.9454086,Endothelial,Control
7.4488435,2.0039167,Endothelial,Control
2.1259782,-7.2006807,Fibroblast,Control
8.655148,2.9420779,Endothelial,Control
0.32139862,-7.1580048,Fibroblast,Control
9.425532,1.4733872,Endothelial,Control
6.7383456,1.2591212,Endothelial,Control
7.7854857,0.021405399,Endothelial,Control
-0.3163817,12.239872,Fibroblast,Control
9.682125,1.9915395,Endothelial,Control
1.1420153,-7.9144497,Fibroblast,Control
8.752697,1.7875602,Endothelial,Control
2.2332172,-7.6435065,Fibroblast,Control
5.9877214,-1.1457375,Fibroblast,Control
0.62865335,-7.7973337,Fibroblast,Control
0.97618854,-8.302211,Fibroblast,Control
8.752989,4.213166,Endothelial,Control
6.7420583,0.60998327,Endothelial,Control
9.099258,2.274106,Endothelial,Control
-0.14666827,12.296615,Fibroblast,Control
8.603868,4.3396745,Endothelial,Control
5.386346,10.117136,B_cell,Control
9.821655,1.6271714,Endothelial,Control
8.397891,0.8535164,Endothelial,Control
0.33349362,-8.321181,Fibroblast,Control
7.743757,0.40030625,Endothelial,Control
1.8545413,-6.3810887,Fibroblast,Control
0.7457049,-7.843525,Fibroblast,Control
-9.9197235,3.3543677,Fibroblast,Control
1.530008,2.9952836,Endothelial,Control
7.498398,0.7569521,Endothelial,Control
8.870059,1.4553499,Endothelial,Control
-2.8924317,7.6106305,Fibroblast,Control
1.9464211,-6.5544524,Fibroblast,Control
1.0602038,-7.971754,Fibroblast,Control
7.865639,2.244693,Endothelial,Control
9.660199,1.7217388,Endothelial,Control
8.370682,4.7800827,Endothelial,Control
6.0519567,0.9132454,Endothelial,Control
8.19632,2.1892693,Endothelial,Control
7.3611665,1.4180725,Endothelial,Control
4.734545,1.9073087,Endothelial,Control
0.6852731,-8.99816,Fibroblast,Control
7.535307,0.29637852,Endothelial,Control
8.955556,4.0230503,Endothelial,Control
7.886211,2.9834006,Endothelial,Control
-2.3331342,6.3831873,Fibroblast,Control
9.147861,1.1770042,Endothelial,Control
9.5345745,2.8086097,Endothelial,Control
1.5015793,-7.6214023,Fibroblast,Control
9.675146,1.5014377,Endothelial,Control
7.743642,3.7901073,Endothelial,Control
-5.053969,4.5976357,Fibroblast,Control
4.8209057,1.8958712,Endothelial,Control
7.407453,1.0455339,Endothelial,Control
2.0826652,-0.519503,Fibroblast,Control
-5.2001324,4.1495447,Fibroblast,Control
8.954722,1.1021078,Endothelial,Control
8.502821,0.8528208,Endothelial,Control
-1.4989337,14.084019,Fibroblast,Control
8.472664,0.20748068,Endothelial,Control
4.73438,1.9811518,Endothelial,Control
7.168356,1.5165547,Endothelial,Control
2.01335,-7.1824646,Fibroblast,Control
9.025506,3.7251136,Endothelial,Control
-1.3551766,13.691412,Fibroblast,Control
5.0209336,9.567204,B_cell,Control
2.0319297,-7.779766,Fibroblast,Control
1.0187095,-8.759178,Fibroblast,Control
0.42253342,-8.290241,Fibroblast,Control
0.4565433,-9.188564,Fibroblast,Control
-2.086656,6.5502315,Fibroblast,Control
5.766502,-0.32692352,Erythrocyte,Control
7.4979086,1.5114522,Endothelial,Control
8.686758,1.1381242,Endothelial,Control
2.5194445,-7.148694,Fibroblast,Control
9.907233,2.6957226,Endothelial,Control
8.970061,0.78822446,Endothelial,Control
-0.38107088,-7.78934,Fibroblast,Control
8.701259,0.48869428,Endothelial,Control
8.932233,1.7793652,Endothelial,Control
4.1840367,2.1361723,Endothelial,Control
9.712657,1.7315446,Endothelial,Control
-0.84756935,-6.3547754,Fibroblast,Control
1.6015388,-8.368944,Fibroblast,Control
9.070307,1.9342492,Endothelial,Control
7.836951,0.9088845,Endothelial,Control
8.135217,1.9822941,Endothelial,Control
8.405108,1.0887729,Endothelial,Control
0.81078273,-8.69627,Fibroblast,Control
9.620221,1.3135458,Endothelial,Control
0.85491544,-8.670908,Fibroblast,Control
8.352118,2.3784623,Endothelial,Control
2.3512342,-7.607934,Fibroblast,Control
9.374134,2.0319057,Endothelial,Control
-11.217402,4.6326566,Fibroblast,Control
0.043487523,-8.932421,Fibroblast,Control
0.24924739,-6.96353,Fibroblast,Control
4.58319,-5.4457793,Fibroblast,Control
1.7346216,2.8943102,Endothelial,Control
1.9598304,-6.4230556,Fibroblast,Control
3.2765174,-6.496499,Fibroblast,Control
7.5585895,2.004817,Endothelial,Control
8.374961,0.20038198,Endothelial,Control
4.1117067,-5.0691295,Fibroblast,Control
9.468439,1.3104932,Endothelial,Control
-5.079862,4.7436404,Fibroblast,Control
3.959141,-5.9624,Fibroblast,Control
-3.7173645,6.1100717,Fibroblast,Control
3.797191,-6.022302,Fibroblast,Control
1.622586,-7.6367974,Fibroblast,Control
-0.3582139,12.457702,Fibroblast,Control
-9.885499,3.4158616,Fibroblast,Control
7.8754535,2.0516236,Endothelial,Control
9.03093,1.267761,Endothelial,Control
-4.3229065,5.7230077,Fibroblast,Control
0.062360123,-8.989794,Fibroblast,Control
2.8556962,-6.7593007,Fibroblast,Control
0.3861207,-9.164278,Fibroblast,Control
-4.8339415,5.0312815,Fibroblast,Control
0.52764344,-9.205073,Fibroblast,Control
9.446779,2.8961117,Endothelial,Control
7.197211,0.33225536,Endothelial,Control
-0.32306525,-7.655646,Fibroblast,Control
0.1567604,-9.231023,Fibroblast,Control
8.799219,1.4315705,Endothelial,Control
8.551793,0.14141786,Endothelial,Control
8.917253,1.2880288,Endothelial,Control
8.956648,1.8851467,Endothelial,Control
8.756479,1.066699,Endothelial,Control
7.0689826,1.0918235,Endothelial,Control
2.1538265,-7.272087,Fibroblast,Control
4.566191,2.9436798,Endothelial,Control
7.141097,0.6794086,Endothelial,Control
8.12772,1.3305519,Endothelial,Control
0.2763577,-9.311039,Fibroblast,Control
2.1469967,-7.828203,Fibroblast,Control
5.0030494,9.345246,B_cell,Control
8.642058,2.9137099,Endothelial,Control
8.607629,1.9582456,Endothelial,Control
8.898915,4.2588058,Endothelial,Control
-1.488773,7.369839,Fibroblast,Control
9.078364,4.3037066,Endothelial,Control
4.058551,-5.507049,Fibroblast,Control
0.028547758,-6.311305,Fibroblast,Control
-0.35823756,12.747883,Fibroblast,Control
5.812334,3.6828303,Endothelial,Control
7.7168407,0.027915342,Endothelial,Control
4.008393,-5.554578,Fibroblast,Control
8.943911,4.06455,Endothelial,Control
-0.25740048,14.396459,Fibroblast,Control
1.2141814,-7.246322,Fibroblast,Control
7.4823704,1.1108044,Endothelial,Control
8.465893,3.8481455,Endothelial,Control
4.930647,1.9086123,Endothelial,Control
3.0345418,3.911919,Endothelial,Control
9.18226,3.000055,Endothelial,Control
9.090233,3.9764047,Endothelial,Control
8.819171,1.7103548,Endothelial,Control
7.680352,0.3873652,Endothelial,Control
8.354829,1.6909978,Endothelial,Control
5.774935,-1.7286767,Fibroblast,Control
9.655311,1.8425962,Endothelial,Control
0.6169409,-6.8353004,Fibroblast,Control
-0.29243737,-7.4154677,Fibroblast,Control
-11.610147,0.20215845,Erythrocyte,Control
4.054104,-6.2636147,Fibroblast,Control
3.6734922,-6.4207373,Fibroblast,Control
9.223974,0.6662957,Endothelial,Control
8.046987,1.9012331,Endothelial,Control
9.298083,3.1338925,Endothelial,Control
8.304443,4.3856525,Endothelial,Control
3.1253808,-6.5039487,Fibroblast,Control
1.9701103,-7.071861,Fibroblast,Control
4.072382,-6.2407146,Fibroblast,Control
0.9672448,3.1725512,Endothelial,Control
4.7322316,-5.2966514,Fibroblast,Control
8.044262,1.4097949,Endothelial,Control
0.47748095,-8.931501,Fibroblast,Control
8.356745,0.84549916,Endothelial,Control
7.6344624,1.7287465,Endothelial,Control
0.9212534,-7.6823807,Fibroblast,Control
0.3377832,-9.330929,Fibroblast,Control
7.9587994,0.30421302,Endothelial,Control
7.897288,1.0954502,Endothelial,Control
2.2271528,-7.38852,Fibroblast,Control
-1.1799549,-8.418457,Erythrocyte,Control
2.8488739,-5.2564735,Fibroblast,Control
9.913797,2.0264528,Endothelial,Control
1.905227,-7.094763,Fibroblast,Control
-0.35683814,-7.6411667,Fibroblast,Control
-9.769774,3.6236968,Fibroblast,Control
0.43177328,-7.773762,Fibroblast,Control
2.8759317,-6.7211504,Fibroblast,Control
-5.066854,5.4768233,Fibroblast,Control
8.427937,0.8091196,Endothelial,Control
0.6444549,-8.761127,Fibroblast,Control
1.7031138,2.9047203,Endothelial,Control
4.771876,-5.256286,Fibroblast,Control
2.882199,-6.764066,Fibroblast,Control
1.0489765,2.5153313,Endothelial,Control
0.16064155,-8.898181,Fibroblast,Control
-9.765596,3.6347435,Fibroblast,Control
0.85023737,-8.857038,Fibroblast,Control
7.225514,2.1851966,Endothelial,Control
9.335481,3.0154128,Endothelial,Control
0.9611095,-9.328645,Fibroblast,Control
6.890074,0.9601135,Endothelial,Control
8.182878,1.0488194,Endothelial,Control
2.4065251,-7.537901,Fibroblast,Control
-0.0889849,-7.7874193,Fibroblast,Control
8.788405,3.9851804,Endothelial,Control
8.28866,4.5163994,Endothelial,Control
9.192552,1.0825037,Endothelial,Control
0.43749934,-7.642315,Fibroblast,Control
0.0523908,-8.044088,Fibroblast,Control
0.1460074,-6.6646442,Fibroblast,Control
8.73643,3.2102497,Endothelial,Control
9.239874,1.201182,Endothelial,Control
8.203048,0.24821441,Endothelial,Control
9.52243,2.5970469,Endothelial,Control
3.1296349,-6.70574,Fibroblast,Control
5.169977,3.1236115,Endothelial,Control
5.6480894,-1.3562601,Fibroblast,Control
9.3658285,0.52479,Endothelial,Control
8.132812,1.8665793,Endothelial,Control
9.803114,1.9848793,Endothelial,Control
1.0211873,-8.266609,Fibroblast,Control
0.26574826,-7.4516983,Fibroblast,Control
9.692278,1.3141788,Endothelial,Control
7.6999593,1.59526,Endothelial,Control
-1.9582561,7.8866854,Monocyte,Control
3.2836435,-6.1341085,Fibroblast,Control
4.527412,-5.5449424,Fibroblast,Control
8.210618,3.5815494,Endothelial,Control
7.6746764,0.40397528,Endothelial,Control
6.9146037,1.9242235,Endothelial,Control
0.85055333,-8.368934,Fibroblast,Control
8.518427,2.3720722,Endothelial,Control
0.9475349,-8.356151,Fibroblast,Control
5.850365,-1.1220579,Fibroblast,Control
-3.3714519,-4.6579585,Fibroblast,Control
2.3430266,-7.9129305,Fibroblast,Control
9.509484,3.1611617,Endothelial,Control
9.679672,3.1276166,Endothelial,Control
7.80354,1.6461169,Endothelial,Control
-0.33857363,-7.7224765,Fibroblast,Control
1.9670709,-7.57534,Fibroblast,Control
0.26342118,-8.983873,Fibroblast,Control
1.9320414,-8.044321,Fibroblast,Control
9.282447,1.8760256,Endothelial,Control
7.3895316,0.9293226,Endothelial,Control
-5.0989127,4.3358645,Fibroblast,Control
8.453387,3.0557764,Endothelial,Control
9.641211,1.9625418,Endothelial,Control
-0.85614365,13.176689,Fibroblast,Control
1.8214799,-8.020364,Fibroblast,Control
0.17885086,-8.987948,Fibroblast,Control
8.482154,1.9999114,Endothelial,Control
8.27391,0.4445529,Endothelial,Control
2.9686866,16.42092,Fibroblast,Control
6.1054587,-0.17051135,Erythrocyte,Control
-6.780873,11.9718485,Neutrophil,Control
7.1623907,1.5094362,Endothelial,Control
8.058601,2.548749,Endothelial,Control
1.4447964,-8.842214,Fibroblast,Control
0.24191639,-8.816558,Fibroblast,Control
0.026584588,-7.416082,Fibroblast,Control
7.6212783,2.4461324,Endothelial,Control
-2.9153483,7.7798285,Fibroblast,Control
0.40954903,12.481455,Fibroblast,Control
6.1949477,2.156224,Endothelial,Control
-5.5779514,0.7967454,VSMC,Control
0.8487692,-9.560931,Fibroblast,Control
-5.138991,4.1975665,Fibroblast,Control
8.404541,0.3305673,Endothelial,Control
9.608902,2.808016,Endothelial,Control
9.5306015,2.2879925,Endothelial,Control
9.468942,2.8218362,Endothelial,Control
8.686585,0.62685555,Endothelial,Control
2.90103,-6.861878,Fibroblast,Control
1.1150247,-8.928909,Fibroblast,Control
-5.8912425,11.256175,Neutrophil,Control
0.026407033,-7.426834,Fibroblast,Control
9.192039,3.6469588,Endothelial,Control
0.064082004,-7.1250377,Fibroblast,Control
8.215857,3.1596875,Endothelial,Control
1.4082414,-8.600899,Fibroblast,Control
1.2745527,14.972343,Fibroblast,Control
0.41340908,-8.20701,Fibroblast,Control
7.945759,3.152952,Endothelial,Control
0.89004546,-8.862939,Fibroblast,Control
-0.40460107,-6.841992,Fibroblast,Control
9.235552,0.5891966,Endothelial,Control
7.9620905,0.5239453,Endothelial,Control
-2.0388618,7.384539,Fibroblast,Control
3.1530187,-6.7105613,Fibroblast,Control
8.711225,1.4999168,Endothelial,Control
9.23654,1.8740155,Endothelial,Control
8.702211,1.1626071,Endothelial,Control
8.205861,1.0599258,Endothelial,Control
9.326736,1.4716816,Endothelial,Control
9.470705,2.1352842,Endothelial,Control
-6.086888,11.521099,Neutrophil,Control
3.2891343,3.8185065,Endothelial,Control
8.606865,0.3660902,Endothelial,Control
1.0425239,-8.949138,Fibroblast,Control
7.757052,3.9433556,Endothelial,Control
8.679531,3.7268758,Endothelial,Control
1.8921477,-8.488681,Fibroblast,Control
5.796304,-1.615501,Fibroblast,Control
-11.368695,0.09614646,Erythrocyte,Control
-2.9649675,8.069462,Fibroblast,Control
7.835411,2.8146799,Endothelial,Control
8.186226,4.7470074,Endothelial,Control
6.32448,-0.08729404,Erythrocyte,Control
2.0642848,15.346491,Fibroblast,Control
-5.1195993,4.264506,Fibroblast,Control
-1.4200153,-8.344642,Erythrocyte,Control
0.3297482,12.497116,Fibroblast,Control
8.31594,2.194347,Endothelial,Control
5.574564,-0.6290086,Fibroblast,Control
7.4016337,0.5750074,Endothelial,Control
0.8461471,-9.39782,Fibroblast,Control
6.522374,1.0676162,Endothelial,Control
5.5648894,2.004494,Endothelial,Control
-4.4216776,5.7988653,Fibroblast,Control
1.6603794,-7.504826,Fibroblast,Control
5.068411,9.706112,B_cell,Control
7.8105955,0.40986475,Endothelial,Control
8.847823,2.2186062,Endothelial,Control
9.09627,2.0783136,Endothelial,Control
9.06618,0.7501758,Endothelial,Control
7.9346876,0.94858396,Endothelial,Control
0.2782355,-9.010802,Fibroblast,Control
9.251539,2.383428,Endothelial,Control
9.508149,3.3813453,Endothelial,Control
1.1761304,-7.285768,Fibroblast,Control
8.372193,1.0258338,Endothelial,Control
8.489714,1.1810087,Endothelial,Control
0.7830389,-8.809097,Fibroblast,Control
8.385626,4.679353,Endothelial,Control
-1.1556199,0.026205564,Fibroblast,Control
7.255292,1.5149068,Endothelial,Control
6.446932,2.4160056,Endothelial,Control
2.0950518,-6.5751,Fibroblast,Control
7.5337563,3.3616018,Endothelial,Control
1.8495347,-8.037776,Fibroblast,Control
0.42832473,-7.362948,Fibroblast,Control
9.159373,0.8474725,Endothelial,Control
1.9845998,-6.842338,Fibroblast,Control
-4.6620584,4.842893,Fibroblast,Control
0.62282157,-9.1448765,Fibroblast,Control
7.246543,0.26776114,Endothelial,Control
8.306259,3.161614,Endothelial,Control
0.18935539,-6.9900475,Fibroblast,Control
5.455182,2.1347182,Endothelial,Control
4.178085,-5.8075604,Fibroblast,Control
-11.263837,4.108155,Fibroblast,Control
1.2798592,-8.7534485,Fibroblast,Control
0.25270241,-7.582993,Fibroblast,Control
1.3849087,-7.5541205,Fibroblast,Control
-0.37139282,13.028259,Fibroblast,Control
2.72994,-6.1663747,Fibroblast,Control
3.8432465,-6.2859282,Fibroblast,Control
8.28174,0.4619065,Endothelial,Control
6.8321147,1.8519033,Endothelial,Control
-4.5287514,4.8745093,Fibroblast,Control
8.411695,1.1763716,Endothelial,Control
0.63989407,-8.335992,Fibroblast,Control
2.632353,-7.027413,Fibroblast,Control
-0.25275743,-8.386225,Fibroblast,Control
9.628488,1.3294525,Endothelial,Control
0.91717523,-8.390105,Fibroblast,Control
-5.7884026,1.0592749,VSMC,Control
7.919311,2.2155962,Endothelial,Control
1.1137547,3.2072687,Endothelial,Control
8.053657,3.56569,Endothelial,Control
9.021267,4.0796824,Endothelial,Control
0.8485288,-7.2085667,Fibroblast,Control
3.2473195,-6.5773873,Fibroblast,Control
8.971834,1.2545433,Endothelial,Control
5.467165,2.2196593,Endothelial,Control
8.307552,3.3591208,Endothelial,Control
9.251118,2.1593606,Endothelial,Control
0.50736254,-8.797087,Fibroblast,Control
8.545722,2.3996346,Endothelial,Control
-11.38129,4.392001,Fibroblast,Control
8.910703,3.9523897,Endothelial,Control
7.8841624,3.273027,Endothelial,Control
3.808876,3.697356,Endothelial,Control
8.65131,2.817225,Endothelial,Control
9.438237,0.8650514,Endothelial,Control
-0.1156333,-8.302182,Fibroblast,Control
9.817539,2.759799,Endothelial,Control
1.9046924,2.8513846,Endothelial,Control
0.5713486,-9.023461,Fibroblast,Control
8.166214,3.29626,Endothelial,Control
0.6238561,-8.329452,Fibroblast,Control
6.8987556,0.63309306,Endothelial,Control
9.644529,2.4938204,Endothelial,Control
0.011520927,-8.381464,Fibroblast,Control
7.328138,0.29156765,Endothelial,Control
9.650876,1.6594175,Endothelial,Control
0.8104448,-9.035528,Fibroblast,Control
2.428496,-7.5617437,Fibroblast,Control
8.174682,4.656939,Endothelial,Control
9.465872,2.514227,Endothelial,Control
4.2962995,-5.8996964,Fibroblast,Control
8.0647,2.8584235,Endothelial,Control
9.843767,2.7031643,Endothelial,Control
1.2276342,-7.1775765,Fibroblast,Control
8.782903,3.019511,Endothelial,Control
5.0350437,9.373809,B_cell,Control
9.619726,1.5425388,Endothelial,Control
0.8915113,15.062878,Fibroblast,Control
8.453404,3.084748,Endothelial,Control
8.846701,2.4700203,Endothelial,Control
-5.160068,4.208198,Fibroblast,Control
6.9100204,0.41928715,Endothelial,Control
9.225187,2.0614257,Endothelial,Control
-11.166517,4.0561233,Fibroblast,Control
7.430872,0.94891614,Endothelial,Control
8.1280985,3.0464394,Endothelial,Control
-4.802064,5.0586405,Fibroblast,Control
8.726136,4.148127,Endothelial,Control
7.3122153,1.7117327,Endothelial,Control
1.4186995,-7.8268795,Fibroblast,Control
1.4771321,-7.415769,Fibroblast,Control
0.111759216,-8.043184,Fibroblast,Control
9.3950615,3.451232,Endothelial,Control
0.40470296,-6.7804065,Fibroblast,Control
8.289462,3.1577976,Endothelial,Control
-0.8917259,13.107852,Fibroblast,Control
8.410607,3.0492976,Endothelial,Control
5.0491076,9.779285,B_cell,Control
4.9413443,1.9113146,Endothelial,Control
8.039673,2.7087154,Endothelial,Control
9.399984,2.0895493,Endothelial,Control
9.047911,1.5785406,Endothelial,Control
8.742214,1.5278327,Endothelial,Control
1.937514,-6.285171,Fibroblast,Control
8.25192,3.4917808,Endothelial,Control
8.851495,1.4702312,Endothelial,Control
3.35352,4.0189404,Endothelial,Control
1.077915,-8.771554,Fibroblast,Control
8.779882,1.3171288,Endothelial,Control
-10.745734,4.186826,Fibroblast,Control
1.6418898,-7.232225,Fibroblast,Control
-0.025122853,-8.429054,Fibroblast,Control
7.5104475,1.2819809,Endothelial,Control
8.177922,1.960993,Endothelial,Control
8.821586,3.0477486,Endothelial,Control
7.482326,0.9913901,Endothelial,Control
1.9459549,-8.275903,Fibroblast,Control
7.393229,2.715287,Endothelial,Control
1.0221847,-9.0007,Fibroblast,Control
8.220074,0.70709664,Endothelial,Control
8.241642,4.5251513,Endothelial,Control
5.5258594,-1.4276023,Fibroblast,Control
7.7036,0.46672246,Endothelial,Control
8.155799,0.7172806,Endothelial,Control
7.3938403,0.91755646,Endothelial,Control
8.3239,1.3809215,Endothelial,Control
5.0872006,9.077105,B_cell,Control
-11.386197,4.465209,Fibroblast,Control
0.46024755,-5.873357,Fibroblast,Control
-1.0750766,13.486919,Fibroblast,Control
7.51969,0.87154245,Endothelial,Control
5.7997246,1.4851207,Endothelial,Control
-3.0167322,7.9316115,Fibroblast,Control
9.493016,3.4196002,Endothelial,Control
7.7541757,1.1224363,Endothelial,Control
9.633791,2.2500968,Endothelial,Control
9.395894,3.9183521,Endothelial,Control
1.5733857,-0.82139456,Fibroblast,Control
6.2284966,2.461734,Endothelial,Control
8.959404,3.637902,Endothelial,Control
8.743126,0.48027766,Endothelial,Control
8.287793,3.628167,Endothelial,Control
5.764109,-1.7060096,Fibroblast,Control
7.7000713,1.1043357,Endothelial,Control
7.492956,0.7739611,Endothelial,Control
9.91201,1.5962702,Endothelial,Control
8.663945,0.9371495,Endothelial,Control
7.568611,2.6651146,Endothelial,Control
-5.085945,4.554858,Fibroblast,Control
0.08183356,-6.6268167,Fibroblast,Control
-1.1044104,-8.399751,Erythrocyte,Control
0.36769995,-9.209207,Fibroblast,Control
7.032085,0.6294573,Endothelial,Control
-5.0679917,4.443468,Fibroblast,Control
0.7823149,-8.927262,Fibroblast,Control
7.3050523,0.16102238,Endothelial,Control
-4.683698,6.1653943,Fibroblast,Control
8.310821,0.21652944,Endothelial,Control
2.2975974,-6.9072714,Fibroblast,Control
8.83143,3.105134,Endothelial,Control
8.243454,0.93355507,Endothelial,Control
1.8637984,2.808808,Endothelial,Control
8.527162,3.4334016,Endothelial,Control
0.3590105,-9.23557,Fibroblast,Control
0.5137172,-8.895487,Fibroblast,Control
0.060584716,-8.732988,Fibroblast,Control
5.6995554,-0.35383862,Erythrocyte,Control
4.415266,-4.3827515,Fibroblast,Control
1.548108,-7.7993684,Fibroblast,Control
9.057605,3.917235,Endothelial,Control
6.8019357,1.0129906,Endothelial,Control
1.115993,-9.177228,Fibroblast,Control
0.08427902,-7.2857385,Fibroblast,Control
3.3021057,-6.416146,Fibroblast,Control
0.019069152,-9.112067,Fibroblast,Control
-1.878707,7.0964484,Fibroblast,Control
2.9746418,-6.773974,Fibroblast,Control
9.4537735,2.7840576,Endothelial,Control
9.127504,3.2811985,Endothelial,Control
1.0697207,-8.137859,Fibroblast,Control
0.1630274,-6.9758697,Fibroblast,Control
8.912982,2.4899108,Endothelial,Control
8.765013,2.921559,Endothelial,Control
8.848307,2.101184,Endothelial,Control
3.9232187,-5.7143674,Fibroblast,Control
9.1005945,1.3188214,Endothelial,Control
9.08036,3.4215555,Endothelial,Control
0.9983907,-8.979371,Fibroblast,Control
9.76455,2.4311888,Endothelial,Control
-9.916644,3.4136734,Fibroblast,Control
3.2318435,-6.579309,Fibroblast,Control
-11.431338,4.4386644,Fibroblast,Control
8.98835,2.5328562,Endothelial,Control
7.435714,0.9689645,Endothelial,Control
0.7543843,3.1795616,Endothelial,Control
1.1335094,-7.601029,Fibroblast,Control
8.127621,2.241475,Endothelial,Control
-4.9049745,4.4337077,Fibroblast,Control
8.542794,1.5310338,Endothelial,Control
7.8524528,5.0720577,Endothelial,Control
9.419219,3.730396,Endothelial,Control
4.757348,-5.238042,Fibroblast,Control
4.47624,-5.466436,Fibroblast,Control
-0.8721832,13.1614485,Fibroblast,Control
7.194179,1.488965,Endothelial,Control
7.4694176,0.58915204,Endothelial,Control
8.155379,0.3155408,Endothelial,Control
-0.5065882,-7.819209,Fibroblast,Control
-9.89282,3.4361105,Fibroblast,Control
0.76128274,15.218913,Fibroblast,Control
8.760094,1.660973,Endothelial,Control
-4.481686,6.068032,Fibroblast,Control
5.0348744,1.9481063,Endothelial,Control
2.0234835,-8.144062,Fibroblast,Control
2.3254437,-7.5863404,Fibroblast,Control
-3.9911551,5.259156,Fibroblast,Control
0.70069784,-8.318117,Fibroblast,Control
-4.5792356,4.9419284,Fibroblast,Control
1.5939025,-7.4045153,Fibroblast,Control
0.8219464,-7.3155994,Fibroblast,Control
7.4051,0.63643247,Endothelial,Control
8.432524,2.742687,Endothelial,Control
5.3609385,10.050507,B_cell,Control
8.011577,0.8100258,Endothelial,Control
8.571642,1.3996501,Endothelial,Control
8.894934,1.3568285,Endothelial,Control
8.4327345,0.91718435,Endothelial,Control
7.604376,0.6913982,Endothelial,Control
9.269074,0.57204247,Endothelial,Control
0.43624702,-9.322759,Fibroblast,Control
5.9750047,1.9630748,Endothelial,Control
2.0186803,-7.136928,Fibroblast,Control
5.5437827,8.660695,B_cell,Control
1.2112288,-8.10701,Fibroblast,Control
9.149779,3.436811,Endothelial,Control
-11.226676,0.17979886,Erythrocyte,Control
0.81382275,-9.439846,Fibroblast,Control
9.170203,2.215519,Endothelial,Control
9.935337,1.97529,Endothelial,Control
7.4328074,0.6169433,Endothelial,Control
8.362771,1.8760701,Endothelial,Control
8.497939,1.2354285,Endothelial,Control
8.639915,0.45081103,Endothelial,Control
7.2748156,0.01687678,Endothelial,Control
7.1937375,1.1152583,Endothelial,Control
9.251234,3.6561291,Endothelial,Control
8.743606,1.0663027,Endothelial,Control
0.47222817,-9.046096,Fibroblast,Control
2.841877,6.557249,Fibroblast,Control
3.213447,-6.637824,Fibroblast,Control
9.1171,2.276259,Endothelial,Control
9.559417,2.4072735,Endothelial,Control
-1.3317946,8.035922,Fibroblast,Control
-2.9758353,7.9357896,Fibroblast,Control
-0.8608521,13.1301565,Fibroblast,Control
-6.6815405,12.421575,Neutrophil,Control
9.801538,2.1689174,Endothelial,Control
9.586763,3.1912835,Endothelial,Control
1.0126492,-8.70222,Fibroblast,Control
8.9604435,1.2457187,Endothelial,Control
-0.0031217253,-6.8855433,Fibroblast,Control
-1.3419625,13.709098,Fibroblast,Control
-0.51622045,-6.2077246,Fibroblast,Control
5.9942183,-1.0161104,Fibroblast,Control
1.0720583,-8.284874,Fibroblast,Control
4.434121,-5.698274,Fibroblast,Control
9.533124,2.2152784,Endothelial,Control
0.62095827,-7.193289,Fibroblast,Control
8.9391775,3.4700553,Endothelial,Control
8.579735,5.044373,Endothelial,Control
0.4697818,-8.442614,Fibroblast,Control
3.8748555,-6.3885417,Fibroblast,Control
8.126361,-0.011183261,Endothelial,Control
4.0478497,-5.6142297,Fibroblast,Control
6.727263,1.8848085,Endothelial,Control
7.3916373,0.5870198,Endothelial,Control
0.68929523,-7.604491,Fibroblast,Control
6.6445303,1.2342169,Endothelial,Control
9.002531,2.3356626,Endothelial,Control
-4.3200326,5.488734,Fibroblast,Control
3.6930397,3.790908,Endothelial,Control
7.620637,0.6405475,Endothelial,Control
1.4056206,-7.671847,Fibroblast,Control
5.7437825,1.8908936,Endothelial,Control
2.6715555,-7.1644506,Fibroblast,Control
7.66273,0.2292819,Endothelial,Control
5.649775,-1.2054867,Fibroblast,Control
1.0621588,3.3173182,Endothelial,Control
0.044530604,14.346945,Fibroblast,Control
0.34096593,-8.228574,Fibroblast,Control
-4.450225,5.042666,Fibroblast,Control
8.63057,2.192255,Endothelial,Control
7.6781077,0.11993832,Endothelial,Control
1.6319505,-7.6685157,Fibroblast,Control
1.2752885,3.1881278,Endothelial,Control
8.823828,3.2362978,Endothelial,Control
9.028615,3.4317548,Endothelial,Control
8.486688,2.9884014,Endothelial,Control
8.416312,4.1789083,Endothelial,Control
7.9596734,2.1827393,Endothelial,Control
0.108816445,12.195592,Fibroblast,Control
8.573422,4.0920653,Endothelial,Control
9.701981,2.1441915,Endothelial,Control
9.085368,3.0011737,Endothelial,Control
5.4299126,1.81851,Endothelial,Control
1.8669052,-6.1979065,Fibroblast,Control
7.1640706,1.0343924,Endothelial,Control
0.82993156,-7.762183,Fibroblast,Control
8.940582,3.5401368,Endothelial,Control
0.5487811,-8.983703,Fibroblast,Control
2.1368184,-0.41407374,Fibroblast,Control
9.044921,0.8000809,Endothelial,Control
8.777833,3.5676265,Endothelial,Control
9.0196,3.9200768,Endothelial,Control
8.250637,1.655157,Endothelial,Control
7.6212826,0.84986657,Endothelial,Control
9.328367,2.3816752,Endothelial,Control
8.329651,0.70358795,Endothelial,Control
0.46475884,-7.150105,Fibroblast,Control
9.058993,3.9745917,Endothelial,Control
7.8429737,2.592697,Endothelial,Control
8.334058,0.5007817,Endothelial,Control
8.9373865,1.6603502,Endothelial,Control
1.2644726,3.1977015,Endothelial,Control
9.709559,1.8029114,Endothelial,Control
9.149391,1.499715,Endothelial,Control
-4.130873,5.3861322,Fibroblast,Control
0.63369685,-8.706066,Fibroblast,Control
-10.924054,4.0862603,Fibroblast,Control
5.853866,-1.313946,Fibroblast,Control
7.958897,4.832841,Endothelial,Control
5.909776,-1.1272697,Fibroblast,Control
9.03996,0.65845066,Endothelial,Control
8.857809,0.85112447,Endothelial,Control
3.356786,-6.0744743,Fibroblast,Control
8.8061075,0.50484943,Endothelial,Control
8.424757,3.3357348,Endothelial,Control
-2.98496,8.129012,Fibroblast,Control
8.566741,2.9646323,Endothelial,Control
-0.8455516,13.05569,Fibroblast,Control
8.540212,4.194232,Endothelial,Control
7.6092877,0.17554516,Endothelial,Control
7.218782,0.4567889,Endothelial,Control
8.2955885,0.78425753,Endothelial,Control
-0.31100962,12.802694,Fibroblast,Control
2.6560323,-6.458478,Fibroblast,Control
-0.74080515,12.968873,Fibroblast,Control
9.443464,3.5192606,Endothelial,Control
2.063772,-7.42739,Fibroblast,Control
7.9116797,1.910007,Endothelial,Control
4.5949063,-5.9692755,Fibroblast,Control
9.520364,0.97868055,Endothelial,Control
9.70277,2.2972026,Endothelial,Control
9.458192,2.7524092,Endothelial,Control
0.50125724,-8.172043,Fibroblast,Control
8.449446,0.9158457,Endothelial,Control
-1.1286442,7.0998487,Fibroblast,Control
5.88557,-1.1090808,Fibroblast,Control
8.878278,1.8417702,Endothelial,Control
7.9308615,3.4525862,Endothelial,Control
9.806291,1.9103931,Endothelial,Control
7.8483415,2.051414,Endothelial,Control
5.737209,-1.6706356,Fibroblast,Control
4.6176972,2.0440445,Endothelial,Control
2.9212537,-6.0951495,Fibroblast,Control
8.66294,1.7605184,Endothelial,Control
0.71802163,-7.97366,Fibroblast,Control
-3.860404,6.05243,Fibroblast,Control
1.7139509,-6.960803,Fibroblast,Control
-0.8602189,13.074875,Fibroblast,Control
6.962521,0.4452929,Endothelial,Control
8.804349,3.7021046,Endothelial,Control
1.341388,3.168347,Endothelial,Control
5.702241,-0.3586906,Erythrocyte,Control
3.3763306,-6.214048,Fibroblast,Control
4.9708714,9.617303,B_cell,Control
0.59857,-8.977528,Fibroblast,Control
9.35951,1.4999663,Endothelial,Control
8.710073,2.6912198,Endothelial,Control
-1.4614701,-8.311206,Erythrocyte,Control
9.230009,0.56945294,Endothelial,Control
7.8142405,2.7270555,Endothelial,Control
0.33992094,-8.535283,Fibroblast,Control
-0.77047616,-8.460877,Erythrocyte,Control
0.7283602,-8.266462,Fibroblast,Control
4.6539702,-5.433231,Fibroblast,Control
9.331616,2.2546198,Endothelial,Control
0.08240189,12.262791,Fibroblast,Control
8.608859,1.9537382,Endothelial,Control
9.514803,1.4626874,Endothelial,Control
3.7001393,-6.0287533,Fibroblast,Control
1.940222,2.7846544,Endothelial,Control
0.333784,-6.6828327,Fibroblast,Control
1.1280428,-7.367226,Fibroblast,Control
0.5096618,-9.484913,Fibroblast,Control
0.09697761,-7.9500675,Fibroblast,Control
8.869729,1.7304059,Endothelial,Control
7.8211255,0.030692095,Endothelial,Control
7.4362206,0.34745505,Endothelial,Control
8.179156,2.6804388,Endothelial,Control
4.599765,-5.2595167,Fibroblast,Control
-2.357136,7.130758,Fibroblast,Control
0.094919495,-8.630709,Fibroblast,Control
7.3187156,0.44668326,Endothelial,Control
8.574655,4.397425,Endothelial,Control
9.258006,1.6060325,Endothelial,Control
7.6274095,2.6160972,Endothelial,Control
-4.9813995,5.0495234,Fibroblast,Control
7.7596054,0.7641675,Endothelial,Control
9.098916,0.3357941,Endothelial,Control
8.22482,1.5721195,Endothelial,Control
8.385249,0.3089487,Endothelial,Control
7.9011517,0.17359297,Endothelial,Control
8.557503,0.5243001,Endothelial,Control
4.2976456,-5.4023843,Fibroblast,Control
7.803492,0.23018424,Endothelial,Control
0.64146215,-8.609404,Fibroblast,Control
7.5390515,0.5679569,Endothelial,Control
8.53598,2.170473,Endothelial,Control
9.015332,3.1150641,Endothelial,Control
8.275113,1.6270851,Endothelial,Control
3.1983085,-6.502881,Fibroblast,Control
9.396603,2.0408235,Endothelial,Control
1.3215259,-8.457663,Fibroblast,Control
0.5710283,-7.396978,Fibroblast,Control
3.772901,-6.4457316,Fibroblast,Control
0.89790314,-7.722966,Fibroblast,Control
2.9822166,-6.789838,Fibroblast,Control
2.147786,-7.300167,Fibroblast,Control
2.1340063,-7.3417563,Fibroblast,Control
7.8992715,1.2335922,Endothelial,Control
5.795303,1.8445982,Endothelial,Control
8.127551,2.212151,Endothelial,Control
1.3832641,-7.484895,Fibroblast,Control
1.871087,2.8521163,Endothelial,Control
8.223983,4.0239096,Endothelial,Control
5.778959,-0.9777779,Fibroblast,Control
9.393845,1.6979902,Endothelial,Control
5.1436024,1.9476364,Endothelial,Control
3.1595972,-6.6624374,Fibroblast,Control
0.8487492,-7.1782513,Fibroblast,Control
6.8189335,0.9158743,Endothelial,Control
8.774684,0.19955371,Endothelial,Control
0.5658203,-5.4010134,Fibroblast,Control
8.644825,1.0821393,Endothelial,Control
9.559856,3.6846914,Endothelial,Control
9.141165,0.65727156,Endothelial,Control
-1.360745,7.4593577,Fibroblast,Control
7.929,1.7515326,Endothelial,Control
2.3014827,-7.6076536,Fibroblast,Control
0.14069906,-8.77197,Fibroblast,Control
8.800169,0.82916903,Endothelial,Control
0.18014307,12.343025,Fibroblast,Control
8.614049,1.0855575,Endothelial,Control
-0.36282814,-7.143433,Fibroblast,Control
1.0948554,-8.695818,Fibroblast,Control
1.3452314,-9.109379,Fibroblast,Control
8.8393345,0.6493784,Endothelial,Control
-0.8563032,13.168193,Fibroblast,Control
0.38695815,-7.3576765,Fibroblast,Control
9.667269,1.0059059,Endothelial,Control
2.3712218,-6.808929,Fibroblast,Control
0.10836965,-9.069511,Fibroblast,Control
9.361385,0.95348555,Endothelial,Control
-1.7663853,7.39229,Fibroblast,Control
5.274676,9.11104,B_cell,Control
9.240889,2.4664354,Endothelial,Control
3.0339892,-6.848384,Fibroblast,Control
7.6542253,0.31123915,Endothelial,Control
2.084134,15.445378,Fibroblast,Control
-1.7093644,7.261829,Fibroblast,Control
0.59942925,-8.803991,Fibroblast,Control
8.214542,0.9118617,Endothelial,Control
-1.432889,13.744982,Fibroblast,Control
0.498634,15.154439,Fibroblast,Control
-11.530124,0.16221856,Erythrocyte,Control
8.901124,2.993554,Endothelial,Control
-0.32018092,-7.921206,Fibroblast,Control
8.816937,2.3240507,Endothelial,Control
-5.0370975,4.2764816,Fibroblast,Control
-4.3583198,10.681166,Neutrophil,Control
5.9752235,1.4306312,Endothelial,Control
9.1887865,2.8343668,Endothelial,Control
-0.2210621,-7.714221,Fibroblast,Control
0.65324134,-9.647561,Fibroblast,Control
9.369704,2.219864,Endothelial,Control
3.0154142,-5.562196,Fibroblast,Control
9.5561,0.9970979,Endothelial,Control
3.9523911,2.1539867,Endothelial,Control
-0.75436085,13.078251,Fibroblast,Control
8.176236,2.4979925,Endothelial,Control
3.920253,-5.775441,Fibroblast,Control
9.110786,0.94952583,Endothelial,Control
0.26369596,-8.161247,Fibroblast,Control
-10.034988,3.3412514,Fibroblast,Control
9.061846,2.9359627,Endothelial,Control
1.252666,3.0528946,Endothelial,Control
4.106939,-5.5586214,Fibroblast,Control
-0.90414184,13.220765,Fibroblast,Control
0.36120412,-7.771594,Fibroblast,Control
1.9223357,2.857785,Endothelial,Control
-0.24394137,12.285244,Fibroblast,Control
6.7195325,1.8162861,Endothelial,Control
-10.06299,3.5507436,Fibroblast,Control
2.749497,-6.7742276,Fibroblast,Control
9.4570465,2.3790872,Endothelial,Control
0.3168496,-8.449583,Fibroblast,Control
-5.586221,0.7926175,VSMC,Control
2.1991873,-6.936352,Fibroblast,Control
9.046825,2.2220268,Endothelial,Control
-4.8371916,5.9174976,Fibroblast,Control
9.655748,1.4127842,Endothelial,Control
8.875168,2.4439182,Endothelial,Control
9.544574,3.036821,Endothelial,Control
9.772621,2.0057397,Endothelial,Control
-0.7598502,13.306239,Fibroblast,Control
1.8825278,-6.548648,Fibroblast,Control
-0.67140126,13.347235,Fibroblast,Control
0.68013406,-9.294782,Fibroblast,Control
8.685414,0.37070188,Endothelial,Control
7.392872,1.0395857,Endothelial,Control
7.9934773,1.2118912,Endothelial,Control
5.8443775,2.2243006,Endothelial,Control
0.9887638,-7.493195,Fibroblast,Control
8.478912,1.3679948,Endothelial,Control
8.480997,0.47534874,Endothelial,Control
9.122612,2.87678,Endothelial,Control
0.64687365,-8.293063,Fibroblast,Control
-10.987301,4.1042514,Fibroblast,Control
8.643957,0.5557728,Endothelial,Control
9.163515,2.2816522,Endothelial,Control
3.3160276,3.7802272,Endothelial,Control
8.574047,3.096819,Endothelial,Control
-0.67242455,13.023,Fibroblast,Control
8.351018,2.658292,Endothelial,Control
-0.09474159,-8.533524,Fibroblast,Control
9.798697,2.745479,Endothelial,Control
7.8354855,2.6061523,Endothelial,Control
3.8989954,-6.414622,Fibroblast,Control
8.525287,2.0138035,Endothelial,Control
9.713339,3.3221204,Endothelial,Control
4.988202,9.834095,B_cell,Control
7.8601947,2.210551,Endothelial,Control
0.3088433,-8.514301,Fibroblast,Control
8.938442,1.1736238,Endothelial,Control
1.2945284,-7.441903,Fibroblast,Control
2.5441158,-7.6345797,Fibroblast,Control
2.0826063,-6.930206,Fibroblast,Control
3.6075644,-6.4867935,Fibroblast,Control
7.0800443,1.6717179,Endothelial,Control
8.915858,3.4694865,Endothelial,Control
3.2138002,-6.7001367,Fibroblast,Control
5.688714,1.9563477,Endothelial,Control
5.065159,9.816581,B_cell,Control
7.3759875,1.0720162,Endothelial,Control
1.8632299,-7.059955,Fibroblast,Control
1.3415542,-7.8549395,Fibroblast,Control
-4.2984776,5.296272,Fibroblast,Control
6.31732,4.225493,Endothelial,Control
2.7090108,-6.6850963,Fibroblast,Control
7.305531,1.3395691,Endothelial,Control
7.5124207,1.1181725,Endothelial,Control
9.247234,1.6288823,Endothelial,Control
0.830849,-8.748978,Fibroblast,Control
8.599095,0.5298615,Endothelial,Control
8.136315,4.3563857,Endothelial,Control
9.276692,1.8518072,Endothelial,Control
1.3167927,3.1457229,Endothelial,Control
-0.8903385,13.059867,Fibroblast,Control
9.1592045,1.5067133,Endothelial,Control
1.8379879,-6.227437,Fibroblast,Control
-6.3258843,11.652352,Neutrophil,Control
9.422707,1.7114762,Endothelial,Control
1.3950127,-7.404765,Fibroblast,Control
9.596204,3.2006426,Endothelial,Control
8.08755,1.5417857,Endothelial,Control
7.894934,2.6902018,Endothelial,Control
0.31156868,-7.14309,Fibroblast,Control
3.6515915,-6.3871574,Fibroblast,Control
0.7907438,-8.183518,Fibroblast,Control
9.152311,2.8624318,Endothelial,Control
2.8383083,-6.933147,Fibroblast,Control
0.25246274,-8.995832,Fibroblast,Control
3.5567021,2.1989644,Endothelial,Control
5.752307,-1.1553785,Fibroblast,Control
2.1782238,-7.2809315,Fibroblast,Control
7.91593,1.9208211,Endothelial,Control
4.1129727,3.5839043,Endothelial,Control
1.6635414,-7.9247336,Fibroblast,Control
1.9214429,-6.814023,Fibroblast,Control
8.311791,1.7294086,Endothelial,Control
5.0344386,1.9538523,Endothelial,Control
0.2711844,-8.857345,Fibroblast,Control
0.61562705,-8.219535,Fibroblast,Control
-0.11771679,-6.853096,Fibroblast,Control
9.075053,0.51751333,Endothelial,Control
7.93737,1.8154556,Endothelial,Control
4.259877,-6.088677,Fibroblast,Control
9.083664,2.2129893,Endothelial,Control
-2.7887776,7.5009904,Fibroblast,Control
8.111492,1.9852898,Endothelial,Control
9.044431,0.90789634,Endothelial,Control
1.1862844,-7.218878,Fibroblast,Control
-5.85656,11.077957,Neutrophil,Control
8.170054,0.78130716,Endothelial,Control
8.969781,1.887136,Endothelial,Control
3.0880768,-6.5945845,Fibroblast,Control
9.237293,1.5347123,Endothelial,Control
5.7588706,-1.2151155,Fibroblast,Control
7.7628803,1.3551624,Endothelial,Control
-5.5646086,0.7894679,VSMC,Control
9.174436,1.0849963,Endothelial,Control
9.325672,0.7135378,Endothelial,Control
1.360732,-8.834981,Fibroblast,Control
6.4737883,-0.038877856,Erythrocyte,Control
8.332666,1.0728182,Endothelial,Control
8.842614,2.0184183,Endothelial,Control
-0.03046272,14.216229,Fibroblast,Control
0.89335877,3.43166,Endothelial,Control
4.720565,1.9213274,Endothelial,Control
8.581124,0.8454229,Endothelial,Control
1.7988203,-8.513896,Fibroblast,Control
7.867272,0.1356885,Endothelial,Control
-4.5419,4.855398,Fibroblast,Control
8.36608,0.7618606,Endothelial,Control
8.484565,0.7893903,Endothelial,Control
9.355252,1.0351093,Endothelial,Control
8.136384,1.0741296,Endothelial,Control
8.110219,0.7689008,Endothelial,Control
-0.31258547,13.038239,Fibroblast,Control
7.812763,0.4465855,Endothelial,Control
0.6433587,3.4256449,Endothelial,Control
9.119861,3.8105056,Endothelial,Control
3.1550958,-6.3508205,Fibroblast,Control
0.2030355,-7.2698154,Fibroblast,Control
1.2297018,-7.4468536,Fibroblast,Control
3.4113684,-6.670925,Fibroblast,Control
0.97479373,-8.80533,Fibroblast,Control
7.6829867,0.8861103,Endothelial,Control
8.773785,0.69025886,Endothelial,Control
8.280262,2.479411,Endothelial,Control
-2.3292522,6.0158234,Fibroblast,Control
8.869425,1.600331,Endothelial,Control
2.2477148,15.583878,Fibroblast,Control
8.448962,1.2211908,Endothelial,Control
7.637752,2.6894274,Endothelial,Control
0.2001343,-8.325309,Fibroblast,Control
3.6463864,2.1194382,Endothelial,Control
0.05699863,-7.2010436,Fibroblast,Control
-0.073685564,-7.3803196,Fibroblast,Control
7.4796,0.1497115,Endothelial,Control
5.328257,1.9984595,Endothelial,Control
7.71186,0.6544765,Endothelial,Control
5.777932,-1.6144594,Fibroblast,Control
4.4718266,-5.923334,Fibroblast,Control
2.9816513,2.4181843,Endothelial,Control
2.0267205,15.307518,Fibroblast,Control
1.8627785,-7.4641833,Fibroblast,Control
7.0431247,1.5570115,Endothelial,Control
2.1964738,-6.565687,Fibroblast,Control
-5.853692,-0.8111544,VSMC,Control
7.124106,0.19813062,Endothelial,Control
-1.3992816,6.6455145,Fibroblast,Control
0.09964972,-8.551607,Fibroblast,Control
8.886378,2.430993,Endothelial,Control
-2.8562906,7.6737685,Fibroblast,Control
3.4976437,-6.562486,Fibroblast,Control
4.6118417,-5.8361645,Fibroblast,Control
0.1531044,-8.166504,Fibroblast,Control
1.5686177,15.154873,Fibroblast,Control
4.6495,-5.4029217,Fibroblast,Control
1.8731232,-7.4046717,Fibroblast,Control
0.68486047,-8.281733,Fibroblast,Control
-2.9822924,8.306779,Fibroblast,Control
7.581655,0.09642605,Endothelial,Control
9.977977,2.4511404,Endothelial,Control
9.625341,2.18313,Endothelial,Control
5.6656613,1.811377,Endothelial,Control
9.124327,3.4244795,Endothelial,Control
1.4194909,3.092909,Endothelial,Control
0.19147775,14.339907,Fibroblast,Control
0.21651141,-8.901111,Fibroblast,Control
1.5267099,-7.333644,Fibroblast,Control
8.693789,1.1673816,Endothelial,Control
9.63668,2.227332,Endothelial,Control
3.425063,-6.719009,Fibroblast,Control
4.3721204,2.0773563,Endothelial,Control
9.373254,1.5352204,Endothelial,Control
-5.096941,4.321663,Fibroblast,Control
9.457522,2.7136626,Endothelial,Control
0.039893456,14.121814,Fibroblast,Control
5.1186137,9.817952,B_cell,Control
8.251857,3.4040537,Endothelial,Control
2.533152,2.522161,Endothelial,Control
4.63123,-5.552671,Fibroblast,Control
0.65632534,-7.031144,Fibroblast,Control
8.661308,1.9445653,Endothelial,Control
0.3440838,-8.229111,Fibroblast,Control
0.6590043,13.461058,Fibroblast,Control
8.665873,0.90651435,Endothelial,Control
6.808886,0.43028677,Endothelial,Control
-1.3858491,7.284388,Fibroblast,Control
2.0951934,-6.6340237,Fibroblast,Control
3.415419,3.7667665,Endothelial,Control
8.404762,0.7775672,Endothelial,Control
7.834009,0.57720345,Endothelial,Control
7.7444344,3.0889618,Endothelial,Control
1.9140576,-6.723128,Fibroblast,Control
-1.0999327,-8.428166,Erythrocyte,Control
1.7743667,-8.571959,Fibroblast,Control
2.0715487,-7.558464,Fibroblast,Control
0.7636376,-8.083723,Fibroblast,Control
-2.968783,8.226399,Fibroblast,Control
5.2308564,4.055441,Endothelial,Control
2.4197276,-6.7846403,Fibroblast,Control
9.598679,1.9658295,Endothelial,Control
0.3509649,-7.0559754,Fibroblast,Control
7.4076915,0.31757975,Endothelial,Control
0.30288374,-8.2288885,Fibroblast,Control
7.998562,0.9681601,Endothelial,Control
9.454017,3.7506237,Endothelial,Control
4.4538054,2.0265498,Endothelial,Control
7.5464616,0.3860176,Endothelial,Control
-0.003842071,-7.313122,Fibroblast,Control
-11.09708,4.2037497,Fibroblast,Control
3.5229762,3.7077322,Endothelial,Control
7.2896094,0.6571354,Endothelial,Control
-0.25943124,-8.01542,Fibroblast,Control
7.977933,1.0483493,Endothelial,Control
6.443862,-0.14718005,Endothelial,Control
8.778286,4.121887,Endothelial,Control
7.0324597,0.993826,Endothelial,Control
9.879084,1.9281198,Endothelial,Control
0.25886643,-7.5342464,Fibroblast,Control
1.1750604,3.188085,Endothelial,Control
4.4360013,-6.1203833,Fibroblast,Control
1.8202695,-7.7292657,Fibroblast,Control
4.928388,9.362199,B_cell,Control
8.3328,2.9693782,Endothelial,Control
-0.024361959,-7.3204765,Fibroblast,Control
-4.387732,4.8851137,Fibroblast,Control
8.88426,0.5314915,Endothelial,Control
8.245868,1.162671,Endothelial,Control
0.9998109,-9.091463,Fibroblast,Control
8.665682,3.1642127,Endothelial,Control
5.130982,9.856791,B_cell,Control
3.6685436,-6.4144177,Fibroblast,Control
7.6314707,2.065254,Endothelial,Control
9.657258,1.4721864,Endothelial,Control
-2.8564105,7.6652055,Fibroblast,Control
3.9161253,-6.413762,Fibroblast,Control
8.1503935,0.122299835,Endothelial,Control
8.684106,4.3716655,Endothelial,Control
2.260942,-6.5999227,Fibroblast,Control
-4.4405675,4.806812,Fibroblast,Control
7.952564,2.2158158,Endothelial,Control
7.715048,2.266384,Endothelial,Control
1.1838561,-8.332243,Fibroblast,Control
-0.21332833,15.346035,Fibroblast,Control
8.563531,1.5890138,Endothelial,Control
1.3628392,-7.3191514,Fibroblast,Control
8.961649,1.6052592,Endothelial,Control
8.047978,0.6467971,Endothelial,Control
8.457495,4.966774,Endothelial,Control
-6.486773,11.936322,Neutrophil,Control
5.0568814,9.770223,B_cell,Control
6.298976,3.6712272,Endothelial,Control
-9.803858,3.5465033,Fibroblast,Control
1.6897625,-7.4250336,Fibroblast,Control
0.6923541,-8.375798,Fibroblast,Control
0.42438,-9.151313,Fibroblast,Control
-0.5506939,13.9554205,Fibroblast,Control
9.53538,2.8493059,Endothelial,Control
0.38802636,-8.20531,Fibroblast,Control
9.170664,2.509485,Endothelial,Control
0.8678671,3.3785467,Endothelial,Control
2.458732,15.838163,Fibroblast,Control
2.3697405,-7.2345657,Fibroblast,Control
8.906492,2.6260958,Endothelial,Control
0.4549859,-8.961206,Fibroblast,Control
10.003228,1.8949512,Endothelial,Control
0.96809584,-8.027422,Fibroblast,Control
1.258241,3.2088637,Endothelial,Control
5.7686663,-1.3232584,Fibroblast,Control
8.674733,3.6999786,Endothelial,Control
1.3753557,3.12218,Endothelial,Control
9.047657,0.4647262,Endothelial,Control
3.8740232,-6.375722,Fibroblast,Control
3.6529796,20.354044,Fibroblast,Control
0.12062402,-7.492031,Fibroblast,Control
8.606989,3.429995,Endothelial,Control
8.964352,0.72444206,Endothelial,Control
7.993593,3.6874623,Endothelial,Control
6.099975,-0.94365185,Fibroblast,Control
9.012228,0.18511206,Endothelial,Control
-6.976904,-1.3220444,VSMC,Control
8.593557,1.9137172,Endothelial,Control
8.246335,0.8660512,Endothelial,Control
0.4652138,-7.8531475,Fibroblast,Control
8.910084,2.7492876,Endothelial,Control
8.7503605,0.003625546,Endothelial,Control
-2.9125962,7.675224,Fibroblast,Control
0.22584647,-8.784588,Fibroblast,Control
9.535625,2.095011,Endothelial,Control
13.9181,7.4603133,Fibroblast,Control
1.0236803,3.24606,Endothelial,Control
4.95057,9.268352,B_cell,Control
0.9215128,-7.230614,Fibroblast,Control
3.302538,-6.53103,Fibroblast,Control
8.337258,4.5438533,Endothelial,Control
5.448839,1.8602455,Endothelial,Control
1.0940379,-7.6755314,Fibroblast,Control
8.413641,0.3288715,Endothelial,Control
-10.989385,4.162927,Fibroblast,Control
-0.292805,-7.121997,Fibroblast,Control
6.9650993,1.8242508,Endothelial,Control
-2.0109143,-5.4476595,Fibroblast,Control
7.37134,1.4090598,Endothelial,Control
9.75643,1.68814,Endothelial,Control
-4.7919116,4.4347625,Fibroblast,Control
8.949623,1.0858271,Endothelial,Control
8.642485,0.7788216,Endothelial,Control
-0.72939634,13.322168,Fibroblast,Control
9.937781,1.8763549,Endothelial,Control
7.1763153,1.0834363,Endothelial,Control
0.5833477,-6.9888973,Fibroblast,Control
-0.25399658,12.372177,Fibroblast,Control
0.19045413,-7.166416,Fibroblast,Control
9.561342,1.841294,Endothelial,Control
5.7751446,-1.6871352,Fibroblast,Control
8.09479,0.44602665,Endothelial,Control
-6.1246653,11.792307,Neutrophil,Control
9.488571,3.1840174,Endothelial,Control
5.3274493,9.348168,B_cell,Control
9.062194,0.5376756,Endothelial,Control
0.6812349,-8.412348,Fibroblast,Control
4.1591125,3.4266474,Endothelial,Control
-1.0356032,13.360648,Fibroblast,Control
1.9305334,-7.3693748,Fibroblast,Control
7.561408,1.202554,Endothelial,Control
-3.7985444,5.178264,Fibroblast,Control
0.50839365,12.152124,Fibroblast,Control
8.6616125,2.2379744,Endothelial,Control
5.9923544,1.3385283,Endothelial,Control
8.30038,4.23496,Endothelial,Control
-2.3673751,6.7353168,Fibroblast,Control
1.1494937,3.3168736,Endothelial,Control
9.328637,0.95254195,Endothelial,Control
8.922468,1.6112211,Endothelial,Control
-11.075636,4.1703677,Fibroblast,Control
0.75291467,-8.806187,Fibroblast,Control
8.048618,1.7005792,Endothelial,Control
9.0468,1.5415694,Endothelial,Control
8.808662,1.9533877,Endothelial,Control
7.5148077,0.7611762,Endothelial,Control
7.8443713,0.63758916,Endothelial,Control
7.76987,3.8489437,Endothelial,Control
-6.5559454,12.242886,Neutrophil,Control
7.6356997,0.33217666,Endothelial,Control
8.179382,2.5321755,Endothelial,Control
-10.517713,3.8601243,Fibroblast,Control
-11.249628,4.405454,Fibroblast,Control
6.7233214,1.2419615,Endothelial,Control
8.058726,0.9708639,Endothelial,Control
-11.492014,0.16545238,Erythrocyte,Control
9.03306,0.9892481,Endothelial,Control
3.7273042,-6.452308,Fibroblast,Control
0.8440027,-7.9048796,Fibroblast,Control
8.573526,4.228262,Endothelial,Control
8.086743,1.2983872,Endothelial,Control
9.131773,3.788464,Endothelial,Control
8.4729185,4.393799,Endothelial,Control
7.543427,2.2070458,Endothelial,Control
5.382009,10.586781,B_cell,Control
2.6323843,-6.7609386,Fibroblast,Control
9.114614,3.6310818,Endothelial,Control
7.08619,0.9976991,Endothelial,Control
0.17030194,12.469858,Fibroblast,Control
0.15174569,-8.624003,Fibroblast,Control
7.289139,0.60835665,Endothelial,Control
1.1365316,-9.051019,Fibroblast,Control
9.168908,3.1729438,Endothelial,Control
9.336426,1.2817091,Endothelial,Control
-1.0474811,6.783904,Fibroblast,Control
9.029734,1.5473218,Endothelial,Control
8.215377,0.851901,Endothelial,Control
6.810577,2.7541883,Endothelial,Control
8.211304,3.7227032,Endothelial,Control
5.777904,-0.37220657,Erythrocyte,Control
2.1179771,-6.7142982,Fibroblast,Control
0.071907595,-6.7882853,Fibroblast,Control
8.566597,1.7105446,Endothelial,Control
5.310745,1.9353075,Endothelial,Control
9.162907,1.6377479,Endothelial,Control
8.878467,0.9390703,Endothelial,Control
8.559858,3.8737013,Endothelial,Control
7.7229586,1.3200649,Endothelial,Control
-4.5280128,5.1400666,Fibroblast,Control
3.5861897,-6.1136255,Fibroblast,Control
8.913687,2.801155,Endothelial,Control
-1.6369164,7.209361,Fibroblast,Control
9.100157,3.9280002,Endothelial,Control
7.97752,1.3700664,Endothelial,Control
0.79465425,-8.3146105,Fibroblast,Control
8.359234,1.4530395,Endothelial,Control
-3.9790583,6.400659,Fibroblast,Control
2.2013886,-7.872611,Fibroblast,Control
1.3556874,-7.1179123,Fibroblast,Control
9.071388,2.0260723,Endothelial,Control
8.320994,3.2306824,Endothelial,Control
9.142463,1.97578,Endothelial,Control
2.061753,2.74244,Endothelial,Control
5.7510805,-0.9732293,Fibroblast,Control
1.0442624,-7.9525533,Fibroblast,Control
-3.9206288,7.05376,Fibroblast,Control
9.924348,1.4904405,Endothelial,Control
8.863071,1.0155536,Endothelial,Control
9.966139,2.656862,Endothelial,Control
8.8818035,1.5405374,Endothelial,Control
7.410579,1.0579152,Endothelial,Control
-0.2656325,-5.7321653,Fibroblast,Control
0.16447295,-7.0140038,Fibroblast,Control
8.80197,2.1709142,Endothelial,Control
0.6519913,-7.533938,Fibroblast,Control
2.5504556,-7.3742967,Fibroblast,Control
7.218322,2.4652305,Endothelial,Control
0.13558939,-7.593394,Fibroblast,Control
5.1267076,9.869373,B_cell,Control
4.6446753,-5.443713,Fibroblast,Control
3.7020211,-5.793631,Fibroblast,Control
5.1657033,9.931481,B_cell,Control
5.5410166,2.152334,Endothelial,Control
-1.5750037,7.2576766,Fibroblast,Control
9.474225,1.9275063,Endothelial,Control
8.688991,4.50506,Endothelial,Control
-4.228037,5.165913,Fibroblast,Control
1.5261887,-7.548638,Fibroblast,Control
9.209748,4.093552,Endothelial,Control
5.070439,9.86596,B_cell,Control
5.8205304,-1.7447312,Fibroblast,Control
1.2907621,3.2020664,Endothelial,Control
9.833771,2.6802244,Endothelial,Control
-0.6231574,-8.46283,Erythrocyte,Control
8.964552,0.82011783,Endothelial,Control
7.55935,0.23966713,Endothelial,Control
8.992698,3.2546751,Endothelial,Control
2.383978,-7.028948,Fibroblast,Control
9.098823,2.4732323,Endothelial,Control
2.4548473,-7.0073433,Fibroblast,Control
9.274974,2.4553566,Endothelial,Control
9.797931,2.606769,Endothelial,Control
-4.7094855,4.643108,Fibroblast,Control
6.0717154,-0.77517897,Fibroblast,Control
7.840215,0.3040458,Endothelial,Control
-0.33841404,-8.400187,Fibroblast,Control
8.207646,0.78687376,Endothelial,Control
0.074293934,-7.8428493,Fibroblast,Control
7.658069,0.33520666,Endothelial,Control
-2.074665,7.0827227,Fibroblast,Control
8.17343,4.743332,Endothelial,Control
5.576654,-1.4300263,Fibroblast,Control
3.7668383,-5.2883706,Fibroblast,Control
0.3357648,-8.656261,Fibroblast,Control
8.6701355,0.54886043,Endothelial,Control
8.310982,0.64907193,Endothelial,Control
9.100397,2.395523,Endothelial,Control
8.883501,0.91057795,Endothelial,Control
7.979973,1.1291039,Endothelial,Control
2.458593,-7.5597672,Fibroblast,Control
9.154735,3.6991384,Endothelial,Control
-11.220376,4.1595006,Fibroblast,Control
5.91389,-1.044575,Fibroblast,Control
1.8802024,-6.741831,Fibroblast,Control
9.225908,1.0815026,Endothelial,Control
0.4855733,-8.479416,Fibroblast,Control
9.60067,1.6727076,Endothelial,Control
8.279503,1.6213336,Endothelial,Control
-4.896221,4.361548,Fibroblast,Control
2.4130535,-7.31812,Fibroblast,Control
1.4743111,-8.176904,Fibroblast,Control
5.2794657,9.914519,B_cell,Control
3.5406146,-5.5111475,Fibroblast,Control
9.105191,0.52782416,Endothelial,Control
-4.6113563,4.722538,Fibroblast,Control
0.74263173,-7.6024923,Fibroblast,Control
8.228916,2.3525252,Endothelial,Control
8.276217,0.9893287,Endothelial,Control
0.05469824,12.202063,Fibroblast,Control
0.21520627,-7.241854,Fibroblast,Control
8.792865,1.6784973,Endothelial,Control
7.131354,0.17826663,Endothelial,Control
1.4045715,3.1541028,Endothelial,Control
0.49226436,-7.46694,Fibroblast,Control
9.610554,1.9646108,Endothelial,Control
3.046347,-6.1220284,Fibroblast,Control
8.079129,0.28556752,Endothelial,Control
9.335024,3.0809686,Endothelial,Control
4.8420277,9.243761,B_cell,Control
0.21620393,-7.6163573,Fibroblast,Control
-11.2165365,-0.077744566,Erythrocyte,Control
3.8113458,-5.7758193,Fibroblast,Control
3.39841,-6.386664,Fibroblast,Control
-0.32357663,-7.779935,Fibroblast,Control
-11.426084,0.07392089,Erythrocyte,Control
1.2224892,-8.715081,Fibroblast,Control
7.9070086,1.180775,Endothelial,Control
-0.03493072,-8.908098,Fibroblast,Control
-4.9563036,4.386294,Fibroblast,Control
1.8300645,-7.772461,Fibroblast,Control
9.317822,3.2121634,Endothelial,Control
1.3128469,-8.057126,Fibroblast,Control
2.2744405,15.609851,Fibroblast,Control
9.815891,2.2292647,Endothelial,Control
-6.6785874,11.826304,Neutrophil,Control
8.859017,0.22601831,Endothelial,Control
8.406458,1.3655096,Endothelial,Control
8.734243,1.3329949,Endothelial,Control
4.071601,-5.718864,Fibroblast,Control
2.250496,-6.4395804,Fibroblast,Control
-4.400328,6.608289,Fibroblast,Control
8.241721,1.3125006,Endothelial,Control
8.4952,1.1091921,Endothelial,Control
8.119562,1.5153797,Endothelial,Control
1.0837748,-7.108102,Fibroblast,Control
8.715978,1.9265072,Endothelial,Control
0.39209428,-7.1626163,Fibroblast,Control
9.4336815,2.3960469,Endothelial,Control
0.32568803,-8.326742,Fibroblast,Control
0.72340894,-9.028167,Fibroblast,Control
3.5288327,3.747848,Endothelial,Control
1.4650078,-7.8521852,Fibroblast,Control
8.986757,0.26740694,Endothelial,Control
9.281118,3.4732747,Endothelial,Control
8.9417925,3.2647257,Endothelial,Control
-0.16182345,-7.775433,Fibroblast,Control
2.7203784,-6.9347763,Fibroblast,Control
5.813225,-0.72883785,Fibroblast,Control
8.592434,4.912255,Endothelial,Control
7.3142066,1.0170026,Endothelial,Control
-4.788878,4.559017,Fibroblast,Control
0.3952502,-8.748325,Fibroblast,Control
1.2084197,-8.96228,Fibroblast,Control
0.5897743,-7.66021,Fibroblast,Control
8.6008215,2.6114762,Endothelial,Control
2.4394968,-7.7709203,Fibroblast,Control
9.094741,3.529273,Endothelial,Control
0.8151884,-8.046999,Fibroblast,Control
9.508489,3.1157963,Endothelial,Control
9.8728075,1.7448673,Endothelial,Control
9.269431,0.8676475,Endothelial,Control
7.5146775,1.814994,Endothelial,Control
8.686975,3.7697265,Endothelial,Control
8.763415,2.2131698,Endothelial,Control
9.954271,2.4572992,Endothelial,Control
9.666983,1.9335173,Endothelial,Control
1.1039655,-8.802355,Fibroblast,Control
-4.28215,4.9295874,Fibroblast,Control
-1.5399363,7.2917223,Fibroblast,Control
8.565568,3.0257182,Endothelial,Control
8.733282,2.4577067,Endothelial,Control
-5.689184,0.91173655,VSMC,Control
-4.319964,5.0739822,Fibroblast,Control
2.3071587,-7.721708,Fibroblast,Control
3.719349,3.5570517,Endothelial,Control
0.91801757,-8.386705,Fibroblast,Control
0.29071218,-8.6096,Fibroblast,Control
1.1205655,3.1065,Endothelial,Control
-6.3754644,11.937868,Neutrophil,Control
-0.12549989,-7.380284,Fibroblast,Control
0.5161153,-9.23931,Fibroblast,Control
5.252661,10.189547,B_cell,Control
9.753388,2.1490214,Endothelial,Control
9.584531,3.3336012,Endothelial,Control
0.32176852,12.668984,Fibroblast,Control
8.475249,4.6344533,Endothelial,Control
10.116748,2.123028,Endothelial,Control
1.7856833,-8.101164,Fibroblast,Control
9.020725,4.4953747,Endothelial,Control
8.0364065,1.6365242,Endothelial,Control
9.594255,1.359715,Endothelial,Control
8.06545,0.44686437,Endothelial,Control
0.06860354,-8.60111,Fibroblast,Control
9.10974,2.8061888,Endothelial,Control
8.8902235,1.8778461,Endothelial,Control
8.726838,0.89231217,Endothelial,Control
9.697754,1.5271308,Endothelial,Control
8.026242,3.1736746,Endothelial,Control
-4.8790617,4.6886654,Fibroblast,Control
0.7880671,-9.588612,Fibroblast,Control
-4.822831,4.39162,Fibroblast,Control
9.315612,2.4346075,Endothelial,Control
2.9371502,-6.1928735,Fibroblast,Control
7.0985737,1.083065,Endothelial,Control
8.839578,1.0544974,Endothelial,Control
4.808816,1.8427008,Endothelial,Control
4.6888714,-5.478716,Fibroblast,Control
9.467045,0.57960045,Endothelial,Control
4.37452,-5.4697886,Fibroblast,Control
0.31766328,-9.178747,Fibroblast,Control
0.20271315,-7.814892,Fibroblast,Control
1.7986425,15.282142,Fibroblast,Control
5.23749,2.0209055,Endothelial,Control
6.995214,0.5251136,Endothelial,Control
3.8185415,-6.266752,Fibroblast,Control
7.9147086,3.4487576,Endothelial,Control
9.123595,0.63091505,Endothelial,Control
-1.6088442,7.257006,Fibroblast,Control
5.4110694,1.9489484,Endothelial,Control
-0.15398666,-8.76933,Fibroblast,Control
8.98549,1.0017003,Endothelial,Control
6.7712355,1.7578715,Endothelial,Control
7.9650373,2.9677265,Endothelial,Control
9.497931,0.80431837,Endothelial,Control
9.225112,2.5060961,Endothelial,Control
7.5943594,0.8328007,Endothelial,Control
-0.07659698,-8.09369,Fibroblast,Control
5.0368085,9.420565,B_cell,Control
9.547528,2.0117102,Endothelial,Control
9.3327265,3.2490401,Endothelial,Control
0.031908985,-8.614934,Fibroblast,Control
5.8127537,-0.32431832,Erythrocyte,Control
9.988473,1.7628608,Endothelial,Control
8.527975,0.19258001,Endothelial,Control
-0.12421123,-7.555461,Fibroblast,Control
3.5957637,-6.387605,Fibroblast,Control
1.0774044,-8.2218075,Fibroblast,Control
8.075161,0.26688355,Endothelial,Control
5.324598,1.8826216,Endothelial,Control
2.063065,-6.889649,Fibroblast,Control
8.877456,3.522975,Endothelial,Control
9.179478,1.2903112,Endothelial,Control
7.43759,1.23924,Endothelial,Control
8.950239,3.403682,Endothelial,Control
8.9985895,2.2825513,Endothelial,Control
7.856028,0.3844616,Endothelial,Control
-0.22708163,15.132241,Fibroblast,Control
8.584879,0.39247206,Endothelial,Control
-0.27221575,-7.5318027,Fibroblast,Control
7.128922,0.47093442,Endothelial,Control
9.524615,3.3451347,Endothelial,Control
7.823963,0.29463473,Endothelial,Control
9.166221,0.616758,Endothelial,Control
9.653935,1.7996972,Endothelial,Control
2.651607,-7.4354415,Fibroblast,Control
2.2300632,15.513399,Fibroblast,Control
8.591641,0.18373887,Endothelial,Control
9.043362,3.8497064,Endothelial,Control
9.035848,4.1080923,Endothelial,Control
0.102688596,-7.229691,Fibroblast,Control
7.6299663,1.1323215,Endothelial,Control
-0.48757192,-6.0974064,Fibroblast,DVT
-7.517163,-0.7865204,VSMC,DVT
4.7900743,5.1622896,Endothelial,DVT
-4.975732,12.446284,Neutrophil,DVT
2.2877903,16.184305,Fibroblast,DVT
-8.587091,-1.085902,VSMC,DVT
-1.5675966,-1.7777051,Fibroblast,DVT
-2.3382652,-3.8168838,Fibroblast,DVT
4.892303,3.7827017,Endothelial,DVT
3.2293444,6.4233675,Fibroblast,DVT
-11.030601,5.5603366,Fibroblast,DVT
-3.6767156,9.557513,Monocyte,DVT
2.8885758,4.5713544,Endothelial,DVT
1.9283907,13.272743,Fibroblast,DVT
0.5107622,14.237121,Fibroblast,DVT
-4.2675185,5.890845,Fibroblast,DVT
-4.6940007,6.1775155,Fibroblast,DVT
-10.949221,5.5810685,Fibroblast,DVT
-7.4828634,-1.6956342,VSMC,DVT
-8.879251,-1.3100555,VSMC,DVT
-2.4548292,-5.911289,Fibroblast,DVT
-6.9883657,-1.546361,VSMC,DVT
-3.9152741,10.496578,Monocyte,DVT
-8.821786,-1.1610836,VSMC,DVT
-11.050767,4.838961,Fibroblast,DVT
-0.89898986,-5.7664733,Fibroblast,DVT
1.1321079,12.026248,Fibroblast,DVT
-11.08472,5.5912094,Fibroblast,DVT
-2.2718332,7.6587505,Fibroblast,DVT
2.610704,0.6424992,Fibroblast,DVT
4.729888,3.8403544,Endothelial,DVT
0.17673123,-3.4742243,Fibroblast,DVT
2.478445,-1.0904807,Fibroblast,DVT
2.9703739,0.2560955,Fibroblast,DVT
6.0669537,5.969881,Endothelial,DVT
-3.1117866,-2.7034702,Fibroblast,DVT
-4.4403467,6.1211624,Fibroblast,DVT
0.09332664,2.821856,Endothelial,DVT
-1.6058397,-4.688167,Fibroblast,DVT
-1.6963444,8.685049,Monocyte,DVT
6.229508,12.17779,B_cell,DVT
-7.802031,12.19546,Neutrophil,DVT
1.8911787,4.8639927,Endothelial,DVT
3.5768156,-0.17121285,Fibroblast,DVT
-3.7629826,10.449809,Monocyte,DVT
0.78555566,15.539558,Fibroblast,DVT
-6.2201223,7.9700503,Macrophage,DVT
-6.519298,-0.11596643,VSMC,DVT
-0.555409,-5.6588883,Fibroblast,DVT
-4.2072215,5.7472305,Fibroblast,DVT
2.9875095,4.2381315,Endothelial,DVT
-2.6456993,-3.227652,Fibroblast,DVT
3.621267,20.319798,Fibroblast,DVT
-2.7775745,4.9913797,Fibroblast,DVT
5.3727245,11.743002,B_cell,DVT
2.5865796,0.2718174,Fibroblast,DVT
-2.7598186,-3.8298516,Fibroblast,DVT
-2.6095347,-5.763913,Fibroblast,DVT
-1.6852688,8.35717,Monocyte,DVT
-2.810832,-1.6271179,Fibroblast,DVT
0.7424454,-3.2847192,Fibroblast,DVT
3.3424706,0.08941431,Fibroblast,DVT
-0.43750486,15.829737,Fibroblast,DVT
6.1473026,5.770904,Endothelial,DVT
0.98165274,0.037698157,Fibroblast,DVT
-0.84100145,-3.136676,Fibroblast,DVT
-2.9138832,-4.41891,Fibroblast,DVT
-2.0180242,-1.9311193,Fibroblast,DVT
-0.026803298,2.936515,Endothelial,DVT
-0.07556571,-3.9785225,Fibroblast,DVT
1.3553078,-3.1644576,Fibroblast,DVT
-2.5553126,-1.9333199,Fibroblast,DVT
5.6562824,10.834257,B_cell,DVT
1.2547183,13.2660055,Fibroblast,DVT
-5.9079943,12.128969,Neutrophil,DVT
3.7045417,-4.1533055,Fibroblast,DVT
4.2369432,5.357802,Endothelial,DVT
-2.8914833,-1.839193,Fibroblast,DVT
-0.2512689,-2.355639,Fibroblast,DVT
-2.0510995,-3.6126657,Fibroblast,DVT
-2.1121898,-3.3788378,Fibroblast,DVT
2.1820624,4.533172,Endothelial,DVT
-2.1491785,8.322201,Monocyte,DVT
-1.8090708,-4.453932,Fibroblast,DVT
14.707954,7.8888154,Fibroblast,DVT
-0.89867526,8.756768,Monocyte,DVT
7.7131324,5.7461467,Endothelial,DVT
4.761421,5.42859,Endothelial,DVT
-2.8709364,-4.113537,Fibroblast,DVT
-1.6783487,-3.282441,Fibroblast,DVT
-1.760592,-4.9681573,Fibroblast,DVT
-7.2954817,1.2013016,VSMC,DVT
-2.8971112,-2.2151608,Fibroblast,DVT
-0.20822908,13.931185,Fibroblast,DVT
-6.5390573,12.542415,Neutrophil,DVT
-7.7169547,-0.76518404,VSMC,DVT
-4.0763726,-3.6651957,Fibroblast,DVT
2.8002665,7.86403,Fibroblast,DVT
-8.151038,-1.168935,VSMC,DVT
-1.8180683,-2.598171,Fibroblast,DVT
6.871251,3.4726307,Endothelial,DVT
-3.5591092,-4.1616173,Fibroblast,DVT
-4.744759,7.5058002,Macrophage,DVT
2.1379385,8.957953,Fibroblast,DVT
2.7819526,-3.6281726,Fibroblast,DVT
-2.1876385,-1.909357,Fibroblast,DVT
-3.170989,6.0911794,Fibroblast,DVT
14.390677,7.6413956,Fibroblast,DVT
-1.6966801,8.66603,Monocyte,DVT
-2.0648813,-6.327581,Fibroblast,DVT
1.2272968,-2.208994,Fibroblast,DVT
-1.0299141,9.0957,Monocyte,DVT
-0.24090675,3.1266184,Endothelial,DVT
-2.1476152,5.3574953,Fibroblast,DVT
2.828017,-4.0384693,Fibroblast,DVT
-2.060282,-3.3634958,Fibroblast,DVT
-3.087383,7.4529233,Fibroblast,DVT
-5.610839,13.047016,Neutrophil,DVT
-2.3700314,-2.1589942,Fibroblast,DVT
1.116647,-3.544112,Fibroblast,DVT
-0.7313291,3.0597332,Endothelial,DVT
5.609735,12.191367,B_cell,DVT
-1.4668007,-6.0384736,Fibroblast,DVT
3.323576,-0.020092126,Fibroblast,DVT
-2.0755854,-6.120305,Fibroblast,DVT
5.8706026,11.565123,B_cell,DVT
5.7965755,1.3830976,Fibroblast,DVT
0.46228743,-3.2694273,Fibroblast,DVT
-0.3781366,2.7816296,Endothelial,DVT
1.7331873,-2.8313596,Fibroblast,DVT
-2.535286,-5.0347567,Fibroblast,DVT
1.3030926,13.599881,Fibroblast,DVT
-2.7269845,-3.7925625,Fibroblast,DVT
-2.023276,-5.721986,Fibroblast,DVT
-4.667104,8.1733675,Macrophage,DVT
-2.84367,-4.9793725,Fibroblast,DVT
5.6333838,6.110096,Endothelial,DVT
-2.4990044,-5.594167,Fibroblast,DVT
5.6570277,6.208156,Endothelial,DVT
-5.126625,8.492257,Macrophage,DVT
-1.6834776,-1.3692094,Fibroblast,DVT
-0.47817668,-5.5782924,Fibroblast,DVT
-1.5398111,-4.8857293,Fibroblast,DVT
-10.243329,5.2239738,Fibroblast,DVT
-3.0522954,-5.1299305,Fibroblast,DVT
-8.622684,-1.3696504,VSMC,DVT
-2.0282762,-3.0147004,Fibroblast,DVT
-2.7265472,7.3420815,Fibroblast,DVT
-1.5144713,14.707843,Fibroblast,DVT
-8.400467,-0.95203376,VSMC,DVT
-5.382968,5.9935365,Fibroblast,DVT
-1.2185327,-5.860604,Fibroblast,DVT
-0.3846304,-6.0445967,Fibroblast,DVT
-5.8545027,6.484149,Macrophage,DVT
0.14437348,2.6466582,Endothelial,DVT
-3.4849508,6.240827,Fibroblast,DVT
-4.242648,6.58032,Fibroblast,DVT
0.068262674,-6.180942,Fibroblast,DVT
-0.3677497,-3.7116964,Fibroblast,DVT
9.428865,12.410423,Fibroblast,DVT
0.3477013,-3.9669876,Fibroblast,DVT
1.387046,-2.1916165,Fibroblast,DVT
-5.5449977,11.617794,Neutrophil,DVT
4.7077136,3.359817,Endothelial,DVT
-2.8821287,-3.6330104,Fibroblast,DVT
-2.6043084,-5.0792446,Fibroblast,DVT
-1.5052551,-3.2914357,Fibroblast,DVT
-1.955264,14.623736,Fibroblast,DVT
-10.15928,5.3680196,Fibroblast,DVT
3.0692525,0.012410283,Fibroblast,DVT
3.8667064,-4.195543,Fibroblast,DVT
-8.229527,-1.3015217,VSMC,DVT
-0.27001363,8.239326,Monocyte,DVT
-1.3836178,14.571964,Fibroblast,DVT
-8.877221,-1.1672951,VSMC,DVT
1.0683235,-4.713927,Fibroblast,DVT
-5.3971786,5.8026757,Fibroblast,DVT
1.1618826,12.00068,Fibroblast,DVT
-1.8220888,-4.9335093,Fibroblast,DVT
0.0958838,-3.1268668,Fibroblast,DVT
-5.060382,5.839269,Fibroblast,DVT
4.393423,-4.3357086,Fibroblast,DVT
2.2042172,-6.728223,Fibroblast,DVT
-5.9948783,7.365486,Macrophage,DVT
-5.273825,-0.5519469,Fibroblast,DVT
-11.410188,4.905999,Fibroblast,DVT
-2.6278768,-4.030981,Fibroblast,DVT
1.2714696,12.887371,Fibroblast,DVT
-5.717823,12.221026,Neutrophil,DVT
-4.2338867,8.6572,Monocyte,DVT
-0.91816235,-3.9631484,Fibroblast,DVT
-1.4866637,-4.296134,Fibroblast,DVT
-3.5430334,9.779752,Monocyte,DVT
0.9124273,-4.626434,Fibroblast,DVT
2.2715337,0.89047843,Fibroblast,DVT
-1.5626098,-4.9292107,Fibroblast,DVT
3.0645647,-0.16693723,Fibroblast,DVT
-1.4285406,8.273867,Fibroblast,DVT
-2.2447119,-5.370711,Fibroblast,DVT
1.0874186,0.4414205,Fibroblast,DVT
-0.70502335,3.2363868,Endothelial,DVT
-4.6673594,11.624313,Neutrophil,DVT
-5.612939,7.8073874,Macrophage,DVT
-3.3056061,6.1603475,Fibroblast,DVT
1.8243265,16.169632,Fibroblast,DVT
1.4492688,-2.369233,Fibroblast,DVT
3.2001536,-0.01640924,Fibroblast,DVT
-2.2583666,-3.4047592,Fibroblast,DVT
-0.85213554,3.353801,Endothelial,DVT
13.950408,7.4238467,Fibroblast,DVT
-6.834407,-0.9852431,VSMC,DVT
-2.6580951,5.942018,Fibroblast,DVT
0.24235594,-4.9739456,Fibroblast,DVT
-0.35712916,-3.8933582,Fibroblast,DVT
-4.395965,12.255664,Neutrophil,DVT
-6.151832,6.7533593,Macrophage,DVT
1.8350672,12.804196,Fibroblast,DVT
-1.2312942,8.861363,Monocyte,DVT
-6.062359,8.246355,Macrophage,DVT
-6.952855,-0.99496627,VSMC,DVT
-0.38434428,-6.395065,Fibroblast,DVT
-5.8246517,12.484435,Neutrophil,DVT
-7.0745993,-0.1723726,VSMC,DVT
-0.9695075,15.870276,Fibroblast,DVT
-1.5909305,6.175697,Fibroblast,DVT
-1.4135656,-3.2410536,Fibroblast,DVT
6.1472497,12.654363,B_cell,DVT
0.4112275,-4.7217407,Fibroblast,DVT
-3.783879,-4.471149,Fibroblast,DVT
-1.4748064,-4.409757,Fibroblast,DVT
-1.5638274,15.177244,Fibroblast,DVT
5.939777,11.181143,B_cell,DVT
3.3427718,0.3152252,Fibroblast,DVT
0.10787693,2.617404,Endothelial,DVT
1.579795,12.706943,Fibroblast,DVT
-4.6510544,7.4302073,Monocyte,DVT
-0.99059117,-4.015671,Fibroblast,DVT
1.3317298,-3.6309319,Fibroblast,DVT
-5.54167,8.360111,Macrophage,DVT
-1.4198922,8.604923,Monocyte,DVT
1.4162717,12.69681,Fibroblast,DVT
0.6153653,16.113056,Fibroblast,DVT
0.83622664,13.329901,Fibroblast,DVT
0.05251723,-6.2978725,Fibroblast,DVT
-8.583448,-1.3405987,VSMC,DVT
3.7320929,-4.1473813,Fibroblast,DVT
1.3140514,-2.2008114,Fibroblast,DVT
2.4907224,-3.4461877,Fibroblast,DVT
4.774264,4.9120317,Endothelial,DVT
-5.5903506,11.76851,Neutrophil,DVT
-5.1937943,7.5984826,Macrophage,DVT
1.0650523,-3.5493548,Fibroblast,DVT
-6.690277,0.84514636,VSMC,DVT
1.0360636,-4.137597,Fibroblast,DVT
2.4960625,-4.2579093,Fibroblast,DVT
-1.5834265,-3.724598,Fibroblast,DVT
3.72423,-4.15987,Fibroblast,DVT
-0.24629563,-2.2456267,Fibroblast,DVT
3.9341457,4.5447664,Endothelial,DVT
-5.6360717,5.2531013,Fibroblast,DVT
-5.5441833,6.0865116,Fibroblast,DVT
-3.8286304,7.2060814,Macrophage,DVT
-2.7226405,-1.9945856,Fibroblast,DVT
-1.6821243,15.607305,Fibroblast,DVT
3.4339187,-4.263138,Fibroblast,DVT
-6.6673265,-1.6177579,VSMC,DVT
-2.8190098,-5.552666,Fibroblast,DVT
-11.286549,5.142409,Fibroblast,DVT
2.4274092,0.24189721,Fibroblast,DVT
-0.8520454,-4.142997,Fibroblast,DVT
4.3063564,5.4884996,Endothelial,DVT
-0.5618573,-5.241762,Fibroblast,DVT
-0.5846627,-5.5609236,Fibroblast,DVT
-3.7365084,-2.99809,Fibroblast,DVT
1.4386369,1.6900377,Fibroblast,DVT
-6.450678,-0.06321104,VSMC,DVT
-0.07435673,-4.090493,Fibroblast,DVT
-2.1668239,-1.3159848,Fibroblast,DVT
-8.793312,-1.3492754,VSMC,DVT
-0.6353698,-4.030787,Fibroblast,DVT
-2.735571,-5.0639586,Fibroblast,DVT
-0.6782389,3.2412734,Endothelial,DVT
-1.5199493,15.124296,Fibroblast,DVT
-1.9673616,5.4974475,Fibroblast,DVT
-5.3444786,0.5345342,VSMC,DVT
2.4693782,-0.033580177,Fibroblast,DVT
-5.177365,7.8269124,Macrophage,DVT
0.112305954,-3.7506547,Fibroblast,DVT
0.9797459,13.3454075,Fibroblast,DVT
-3.5058806,6.471182,Fibroblast,DVT
2.8605354,7.7801547,Fibroblast,DVT
5.2680516,6.081567,Endothelial,DVT
0.27759704,-5.702458,Fibroblast,DVT
-4.2081633,5.7912774,Fibroblast,DVT
1.028941,12.032133,Fibroblast,DVT
-5.133457,11.267494,Neutrophil,DVT
-5.038562,5.8214397,Fibroblast,DVT
1.4305507,15.591784,Fibroblast,DVT
-2.2232187,8.38179,Monocyte,DVT
-0.09514886,-1.9277707,Fibroblast,DVT
-1.2379807,9.585339,Monocyte,DVT
6.3047276,12.028059,B_cell,DVT
-2.1283827,-3.6754076,Fibroblast,DVT
0.68812436,-0.79670817,Fibroblast,DVT
-1.8076606,15.53371,Fibroblast,DVT
-1.5884315,-5.9260592,Fibroblast,DVT
-2.4590604,6.581201,Fibroblast,DVT
-2.063157,-1.833607,Fibroblast,DVT
2.2610188,8.7949,Fibroblast,DVT
-0.76959807,3.4404404,Endothelial,DVT
-3.7991648,-2.8734918,Fibroblast,DVT
-1.3793792,0.05234443,Fibroblast,DVT
2.328018,4.4802513,Endothelial,DVT
7.6193404,6.596169,Endothelial,DVT
-3.3931034,-3.7755382,Fibroblast,DVT
-5.891386,7.3375573,Macrophage,DVT
-3.734528,-2.688036,Fibroblast,DVT
-3.8398936,7.338313,Macrophage,DVT
0.19157861,14.841359,Fibroblast,DVT
6.8538322,5.7530537,Endothelial,DVT
-2.590874,-1.2617903,Fibroblast,DVT
4.960423,5.78029,Endothelial,DVT
-4.551305,11.812495,Neutrophil,DVT
-0.527899,8.712037,Monocyte,DVT
1.4932779,1.5680928,Fibroblast,DVT
-2.9708805,-3.7190924,Fibroblast,DVT
-0.8082663,-5.4955635,Fibroblast,DVT
-11.205426,5.654045,Fibroblast,DVT
-1.2169635,-4.0410357,Fibroblast,DVT
14.673671,7.859441,Fibroblast,DVT
-1.3018379,-5.8508954,Fibroblast,DVT
0.5450566,-4.0657096,Fibroblast,DVT
2.144387,12.792655,Fibroblast,DVT
-5.466975,6.4733357,Fibroblast,DVT
0.6722816,-4.115753,Fibroblast,DVT
-0.3594167,-2.409122,Fibroblast,DVT
-6.291734,7.140971,Macrophage,DVT
3.1475635,4.8474865,Endothelial,DVT
-3.7905018,7.2404647,Macrophage,DVT
-1.8505884,-2.6851215,Fibroblast,DVT
-0.9861588,-3.841185,Fibroblast,DVT
2.3482869,-4.4237103,Fibroblast,DVT
-0.79394186,-7.501855,Fibroblast,DVT
-2.3076227,-5.617198,Fibroblast,DVT
-4.8478065,7.4022393,Macrophage,DVT
-5.9214997,7.3980722,Macrophage,DVT
1.2686002,-0.6305584,Fibroblast,DVT
-2.0513823,-6.220092,Fibroblast,DVT
-3.342464,-2.4896092,Fibroblast,DVT
3.2297795,-4.361082,Fibroblast,DVT
-2.327505,8.28678,Fibroblast,DVT
-1.2133433,-5.331476,Fibroblast,DVT
-2.4726944,-0.9865164,Fibroblast,DVT
-0.17064555,-1.7054155,Fibroblast,DVT
-4.7386484,7.5392237,Macrophage,DVT
-0.042616047,2.839365,Endothelial,DVT
-2.8176603,-2.7774465,Fibroblast,DVT
1.3720461,1.5262078,Fibroblast,DVT
6.5898933,5.536903,Endothelial,DVT
2.301654,8.78873,Fibroblast,DVT
0.97430396,-3.4349823,Fibroblast,DVT
-2.5365186,-2.6796153,Fibroblast,DVT
2.537363,-0.036097884,Fibroblast,DVT
-8.762193,-1.570964,VSMC,DVT
-2.7224894,-1.7210922,Fibroblast,DVT
-0.92576015,-3.732973,Fibroblast,DVT
-1.4581863,14.747873,Fibroblast,DVT
-2.8713703,5.2891626,Fibroblast,DVT
-3.4511192,8.553168,Monocyte,DVT
-2.3351178,-4.7662973,Fibroblast,DVT
0.42983562,2.581849,Endothelial,DVT
-6.019575,8.248349,Macrophage,DVT
-0.1216248,-3.8458686,Fibroblast,DVT
-1.2904629,-0.11608327,Fibroblast,DVT
0.6592148,14.887378,Fibroblast,DVT
-0.5301958,-5.3456135,Fibroblast,DVT
-7.094958,1.2807299,VSMC,DVT
-8.759872,-1.8099542,VSMC,DVT
-1.3665953,0.09174871,Fibroblast,DVT
6.1325407,11.040007,B_cell,DVT
-1.3210375,-5.7213774,Fibroblast,DVT
-7.254409,1.2716646,VSMC,DVT
-1.2338728,-5.326207,Fibroblast,DVT
-5.1986494,6.469912,Fibroblast,DVT
-0.18688357,3.0143983,Endothelial,DVT
-7.0878615,1.3922272,VSMC,DVT
5.3161,5.811044,Endothelial,DVT
-2.2701578,9.71809,Monocyte,DVT
2.3365762,4.41153,Endothelial,DVT
6.064368,11.723523,B_cell,DVT
6.2564154,11.946484,B_cell,DVT
-4.5058947,6.527204,Fibroblast,DVT
2.8756266,-3.562668,Fibroblast,DVT
5.040054,4.4519424,Endothelial,DVT
7.5361147,6.5446315,Endothelial,DVT
3.400742,4.4608707,Endothelial,DVT
-1.7192894,14.761968,Fibroblast,DVT
0.06476597,8.13287,Monocyte,DVT
1.0976391,16.152874,Fibroblast,DVT
-2.5751846,-6.152722,Fibroblast,DVT
-2.152852,15.847977,Fibroblast,DVT
-1.6990114,14.289459,Fibroblast,DVT
-1.6347601,-4.0903053,Fibroblast,DVT
-1.3059952,-1.5592401,Fibroblast,DVT
-3.8987498,-2.807548,Fibroblast,DVT
-0.50306314,3.4499526,Endothelial,DVT
-4.4641514,7.3540463,Fibroblast,DVT
-3.9854374,6.8921795,Monocyte,DVT
9.428035,12.410074,Fibroblast,DVT
-1.7440075,6.629315,Fibroblast,DVT
-0.58326524,-2.3063464,Fibroblast,DVT
-1.4849781,-6.097033,Fibroblast,DVT
-0.81508565,8.263502,Monocyte,DVT
-0.6967332,9.073502,Monocyte,DVT
3.193466,-0.18199895,Fibroblast,DVT
0.5092846,14.39385,Fibroblast,DVT
-7.2355466,-1.4216597,VSMC,DVT
6.273507,11.873431,B_cell,DVT
-5.807079,13.165324,Neutrophil,DVT
4.2312207,1.3247752,Fibroblast,DVT
-0.7298493,-2.9082956,Fibroblast,DVT
-5.4355025,8.143927,Macrophage,DVT
-5.4907007,-0.6753877,VSMC,DVT
14.378077,7.638683,Fibroblast,DVT
5.733543,10.936913,B_cell,DVT
-2.8902695,4.7347045,Fibroblast,DVT
0.6964184,14.027569,Fibroblast,DVT
-2.6349037,-0.9125252,Fibroblast,DVT
-1.9491451,-4.8868146,Fibroblast,DVT
-0.7072032,3.0047657,Endothelial,DVT
2.8541136,0.5619149,Fibroblast,DVT
-2.236598,5.195727,Fibroblast,DVT
-1.6247867,14.406101,Fibroblast,DVT
-0.16704424,-7.1891427,Fibroblast,DVT
0.925933,-2.574275,Fibroblast,DVT
4.241058,1.2419739,Endothelial,DVT
-1.4813228,-3.4594502,Fibroblast,DVT
0.38222995,-2.9894762,Fibroblast,DVT
-4.410404,6.200242,Fibroblast,DVT
-2.4951448,7.8748603,Monocyte,DVT
3.1035514,0.14355323,Fibroblast,DVT
0.8904645,-2.525657,Fibroblast,DVT
-7.825061,-0.48690683,VSMC,DVT
-6.1475368,6.882356,Macrophage,DVT
-7.4759436,12.485145,Neutrophil,DVT
-2.179245,-3.6003623,Fibroblast,DVT
-2.7791433,7.4470773,Fibroblast,DVT
-2.1764328,-5.0989985,Fibroblast,DVT
4.8131814,3.1769238,Endothelial,DVT
-4.380012,12.267595,Neutrophil,DVT
7.691964,2.7155716,Endothelial,DVT
-2.3993304,8.27363,Monocyte,DVT
7.44228,6.3256364,Endothelial,DVT
3.4254901,-0.0031803243,Fibroblast,DVT
-2.8117883,-2.878321,Fibroblast,DVT
-0.29758513,-2.0591307,Fibroblast,DVT
-3.2735758,9.285173,Monocyte,DVT
-5.746133,5.6545033,Fibroblast,DVT
0.78414893,-6.676611,Fibroblast,DVT
-9.718723,3.8009021,Fibroblast,DVT
-2.7899063,-2.133485,Fibroblast,DVT
7.07416,5.872771,Endothelial,DVT
-5.9605575,12.889859,Neutrophil,DVT
-1.2367353,-2.3627436,Fibroblast,DVT
4.359458,1.8504975,Fibroblast,DVT
-1.6374938,12.653847,Fibroblast,DVT
-11.806064,0.38136306,Erythrocyte,DVT
-3.0870037,-2.3955164,Fibroblast,DVT
-2.0402365,-2.4718738,Fibroblast,DVT
-3.7704718,5.701082,Fibroblast,DVT
4.78824,4.4449263,Endothelial,DVT
-7.342821,0.9780819,VSMC,DVT
-0.117777295,-1.4901927,Fibroblast,DVT
7.9937816,5.8250628,Endothelial,DVT
-2.0752537,7.332474,Fibroblast,DVT
0.2903639,-3.0395186,Fibroblast,DVT
1.9718091,6.906569,B_cell,DVT
-0.5153191,-6.1105347,Fibroblast,DVT
-1.5151949,-2.693968,Fibroblast,DVT
-0.32386145,15.598943,Fibroblast,DVT
0.14751692,-5.252445,Fibroblast,DVT
-7.974748,-1.8507711,VSMC,DVT
-3.286748,9.644918,Monocyte,DVT
1.3320804,13.126266,Fibroblast,DVT
1.2593915,-4.5911245,Fibroblast,DVT
-7.9826374,-1.5039884,VSMC,DVT
-6.11873,12.836158,Neutrophil,DVT
2.6531193,-4.0333066,Fibroblast,DVT
-3.7671762,9.118452,Monocyte,DVT
-10.968747,5.63158,Fibroblast,DVT
0.953281,-3.7448514,Fibroblast,DVT
-0.49691364,-5.7416196,Fibroblast,DVT
-6.6023836,-1.4870404,VSMC,DVT
4.8991613,4.424212,Endothelial,DVT
-7.0434027,0.47134447,VSMC,DVT
6.201773,12.361844,B_cell,DVT
-6.0206513,5.7318783,Fibroblast,DVT
-0.81745076,-4.8215837,Fibroblast,DVT
4.9487185,5.8003197,Endothelial,DVT
5.335708,9.059647,B_cell,DVT
-1.8461027,15.175103,Fibroblast,DVT
-0.5020838,-4.7770686,Fibroblast,DVT
-3.5449004,-4.1366005,Fibroblast,DVT
0.18886238,15.987258,Fibroblast,DVT
1.1521009,13.9534235,Fibroblast,DVT
-0.3237915,7.146392,Fibroblast,DVT
2.907551,0.1112224,Fibroblast,DVT
2.3362296,16.186226,Fibroblast,DVT
-5.0296965,11.04275,Neutrophil,DVT
-3.2140832,9.622771,Monocyte,DVT
-0.8077286,-3.3957047,Fibroblast,DVT
-1.8694983,14.41801,Fibroblast,DVT
-5.8998413,7.493823,Macrophage,DVT
6.266583,5.892322,Endothelial,DVT
-6.353195,11.478354,Neutrophil,DVT
-0.16832218,2.7493048,Endothelial,DVT
0.08372303,-6.0861154,Fibroblast,DVT
-1.5069689,-5.0619087,Fibroblast,DVT
-6.7078524,-1.6473898,VSMC,DVT
2.7263196,-0.30479327,Fibroblast,DVT
0.27953783,14.9359665,Fibroblast,DVT
5.60391,5.6372266,Endothelial,DVT
0.5329262,13.203239,Fibroblast,DVT
-5.223887,5.746597,Fibroblast,DVT
-2.0471423,-2.268363,Fibroblast,DVT
2.3423736,0.04196277,Fibroblast,DVT
-1.2871163,7.9105654,Fibroblast,DVT
-3.717696,9.913584,Monocyte,DVT
-3.472875,9.516928,Monocyte,DVT
-7.195126,-1.673812,VSMC,DVT
-10.83351,5.055579,Fibroblast,DVT
-4.070341,8.827639,Monocyte,DVT
1.1536565,-2.2667315,Fibroblast,DVT
-0.09835679,8.186732,Monocyte,DVT
5.9110913,11.75118,B_cell,DVT
6.785878,5.8373833,Endothelial,DVT
5.9402313,11.226227,B_cell,DVT
-1.4990948,14.1315775,Fibroblast,DVT
-2.6162899,-2.3103964,Fibroblast,DVT
-2.5591218,6.8143144,Fibroblast,DVT
-3.0726025,-4.438747,Fibroblast,DVT
7.5514174,3.4369264,Endothelial,DVT
-2.0017958,15.7928,Fibroblast,DVT
-7.110509,-1.2759625,VSMC,DVT
-4.683741,11.666744,Neutrophil,DVT
14.652628,7.8428397,Fibroblast,DVT
-0.50115037,-5.6208878,Fibroblast,DVT
0.046515774,-7.4904923,Fibroblast,DVT
1.2809796,-3.329414,Fibroblast,DVT
-1.453317,-4.6829376,Fibroblast,DVT
3.8393974,0.72899365,Fibroblast,DVT
0.356692,13.089925,Fibroblast,DVT
-6.088969,6.401031,Macrophage,DVT
0.5208855,-3.2151077,Fibroblast,DVT
5.571753,11.376214,B_cell,DVT
-0.3536823,12.417366,Fibroblast,DVT
2.9884083,-3.6676543,Fibroblast,DVT
-1.0261911,-5.3928046,Fibroblast,DVT
-3.579785,10.204005,Monocyte,DVT
-7.298324,1.2193874,VSMC,DVT
1.9674642,6.940258,B_cell,DVT
-1.5776305,-4.6527104,Fibroblast,DVT
3.0682294,-3.7960293,Fibroblast,DVT
2.466795,-1.2559382,Fibroblast,DVT
1.539707,11.960834,Fibroblast,DVT
-6.008888,7.1928864,Macrophage,DVT
-0.44962227,-3.537915,Fibroblast,DVT
-8.143166,-1.580274,VSMC,DVT
-3.7892027,10.478612,Monocyte,DVT
-0.69514614,9.068306,Monocyte,DVT
7.6050377,6.714223,Endothelial,DVT
-5.831714,7.196128,Macrophage,DVT
-0.54312074,7.1229606,Fibroblast,DVT
-1.2891608,15.098807,Fibroblast,DVT
1.1275862,-4.0083537,Fibroblast,DVT
-7.513681,1.0470303,VSMC,DVT
-6.847229,0.7842286,VSMC,DVT
0.19499342,-3.181278,Fibroblast,DVT
-1.0311027,8.423285,Monocyte,DVT
7.665186,6.741869,Endothelial,DVT
0.9668084,-3.3982127,Fibroblast,DVT
3.4892087,0.037792947,Fibroblast,DVT
-3.31243,-4.886464,Fibroblast,DVT
-1.4025565,-0.08176549,Fibroblast,DVT
2.0811088,4.644984,Endothelial,DVT
5.3426857,11.972617,B_cell,DVT
-2.8892052,6.176486,Fibroblast,DVT
-6.708652,12.478828,Neutrophil,DVT
-2.526469,5.8535113,Fibroblast,DVT
1.2983124,-1.9577,Fibroblast,DVT
2.542593,-1.1619712,Fibroblast,DVT
-2.4337206,5.458754,Fibroblast,DVT
-6.2757444,13.241312,Neutrophil,DVT
2.8717017,4.5578833,Endothelial,DVT
2.308144,2.9000125,Fibroblast,DVT
0.55261564,15.969485,Fibroblast,DVT
-1.8290228,14.492966,Fibroblast,DVT
0.84580535,13.413396,Fibroblast,DVT
-0.3587566,-1.5275987,Fibroblast,DVT
-2.2724545,5.74647,Fibroblast,DVT
-2.6016743,-2.9531925,Fibroblast,DVT
-2.1180615,8.334328,Monocyte,DVT
-0.84851253,8.752171,Monocyte,DVT
-8.019504,-1.2202352,VSMC,DVT
-2.152429,15.307772,Fibroblast,DVT
-6.0348487,7.7504716,Macrophage,DVT
2.4863055,-4.261312,Fibroblast,DVT
4.42869,10.506807,B_cell,DVT
-2.2551112,-4.8856096,Fibroblast,DVT
-2.2573276,-3.971572,Fibroblast,DVT
0.28730223,-4.989488,Fibroblast,DVT
-3.538255,-4.5739746,Fibroblast,DVT
-5.0935907,12.896645,Neutrophil,DVT
-4.745379,6.812104,Macrophage,DVT
-3.687922,9.76409,Monocyte,DVT
0.54373187,2.5315704,Endothelial,DVT
-5.740011,-1.4669117,VSMC,DVT
3.5236592,-4.3492503,Fibroblast,DVT
0.67743826,-3.8627114,Fibroblast,DVT
5.511226,11.151881,B_cell,DVT
-4.3056855,6.7624254,Fibroblast,DVT
1.265243,13.095443,Fibroblast,DVT
-1.8234755,-2.2597983,Fibroblast,DVT
2.6987543,16.247871,Fibroblast,DVT
-3.611873,-2.4558897,Fibroblast,DVT
-1.3794208,-0.16384162,Fibroblast,DVT
-0.07408306,2.9604836,Endothelial,DVT
-3.8675778,-2.6836898,Fibroblast,DVT
-7.7455564,-1.8928958,VSMC,DVT
0.64391714,15.654628,Fibroblast,DVT
1.6978068,-3.799072,Fibroblast,DVT
-0.68414617,9.120454,Monocyte,DVT
-2.3803773,-3.0158474,Fibroblast,DVT
-4.130182,6.013197,Fibroblast,DVT
6.01595,12.08122,B_cell,DVT
-0.008333403,-4.1569123,Fibroblast,DVT
-2.940362,6.0235496,Fibroblast,DVT
-8.284492,-1.3786783,VSMC,DVT
-11.423855,4.334539,Fibroblast,DVT
5.7457414,10.948004,B_cell,DVT
6.7692823,6.1743746,Endothelial,DVT
-3.2820463,10.01861,Monocyte,DVT
-2.0919063,-2.3861356,Fibroblast,DVT
2.1243105,8.627005,Fibroblast,DVT
0.81660527,-3.6466973,Fibroblast,DVT
0.8069498,-2.2537522,Fibroblast,DVT
-3.1567721,-4.472226,Fibroblast,DVT
-10.583044,5.500384,Fibroblast,DVT
-3.8815393,8.6154785,Monocyte,DVT
-1.2356194,14.351253,Fibroblast,DVT
2.3231077,4.790391,Endothelial,DVT
-3.2512436,-4.8451934,Fibroblast,DVT
-3.0017636,-5.3400445,Fibroblast,DVT
-1.0894507,-0.09464286,Fibroblast,DVT
-2.9700036,6.360648,Fibroblast,DVT
-0.82412624,-4.558882,Fibroblast,DVT
6.153817,11.245503,B_cell,DVT
1.0520995,14.806997,Fibroblast,DVT
3.8879745,3.4899876,Endothelial,DVT
0.2859785,14.090817,Fibroblast,DVT
2.1182783,8.944435,Fibroblast,DVT
-3.1848433,9.480409,Monocyte,DVT
-6.0103865,8.181882,Macrophage,DVT
-0.41023564,14.504231,Fibroblast,DVT
-7.364095,0.8477555,VSMC,DVT
-5.8626823,12.926489,Neutrophil,DVT
-1.4461067,15.772955,Fibroblast,DVT
2.3325417,-4.6374984,Fibroblast,DVT
-5.370019,8.495844,Macrophage,DVT
-6.265608,1.3828933,VSMC,DVT
-7.3014493,-1.807148,VSMC,DVT
-2.0374541,-3.9240813,Fibroblast,DVT
-2.8147118,5.024995,Fibroblast,DVT
-2.7639625,6.5209527,Fibroblast,DVT
-2.3565328,-4.3863425,Fibroblast,DVT
5.427787,5.7871695,Endothelial,DVT
0.54199135,2.54856,Endothelial,DVT
-3.2095976,-2.777877,Fibroblast,DVT
2.6898456,-0.67829067,Fibroblast,DVT
1.3821524,-2.1376207,Fibroblast,DVT
-1.948375,16.13675,Fibroblast,DVT
6.3314643,6.0653453,Endothelial,DVT
-1.4326495,-4.7479444,Fibroblast,DVT
-0.7213472,2.7445173,Endothelial,DVT
-1.3986602,-6.0052447,Fibroblast,DVT
-0.7376975,-4.423119,Fibroblast,DVT
0.47004485,15.822419,Fibroblast,DVT
-2.5855865,-3.0081208,Fibroblast,DVT
-1.0641879,-4.78055,Fibroblast,DVT
2.0691893,-0.4467495,Fibroblast,DVT
-2.7098353,-2.3713393,Fibroblast,DVT
2.936751,-0.010900261,Fibroblast,DVT
3.7703567,20.475067,Fibroblast,DVT
5.8531094,12.241826,B_cell,DVT
-0.23074138,3.1574442,Endothelial,DVT
0.6791101,-4.05454,Fibroblast,DVT
-2.7966657,-4.8863587,Fibroblast,DVT
6.184438,12.11797,B_cell,DVT
-7.5976834,12.639935,Neutrophil,DVT
1.0588833,14.228601,Fibroblast,DVT
-5.693375,-1.0719656,VSMC,DVT
5.3327994,6.11206,Endothelial,DVT
-5.41481,-0.6060263,VSMC,DVT
2.6014261,0.36287463,Fibroblast,DVT
2.8729365,7.7287984,Fibroblast,DVT
13.908661,7.3968067,Fibroblast,DVT
-1.7932491,15.117528,Fibroblast,DVT
-5.0677905,6.3734565,Fibroblast,DVT
-0.5448271,-4.60816,Fibroblast,DVT
-6.096339,13.209629,Neutrophil,DVT
-1.8815023,14.675643,Fibroblast,DVT
-3.0680087,-3.4823909,Fibroblast,DVT
1.0678475,-0.26180264,Fibroblast,DVT
0.4748277,-4.609881,Fibroblast,DVT
1.08904,0.48873523,Fibroblast,DVT
2.7410102,4.502921,Endothelial,DVT
-3.3971229,-2.1095774,Fibroblast,DVT
-5.8350053,7.3838477,Macrophage,DVT
2.8414323,0.73369163,Fibroblast,DVT
3.201578,0.77624685,Fibroblast,DVT
7.0647025,6.0886188,Endothelial,DVT
-0.937889,9.092737,Monocyte,DVT
13.850299,7.3893485,Fibroblast,DVT
-1.8496096,14.472362,Fibroblast,DVT
2.7630453,8.105647,Fibroblast,DVT
-4.9327736,11.630089,Neutrophil,DVT
2.187273,15.926501,Fibroblast,DVT
-1.4331175,14.670511,Fibroblast,DVT
-2.1534598,-3.706805,Fibroblast,DVT
0.1648347,-4.8995214,Fibroblast,DVT
-5.816033,12.676211,Neutrophil,DVT
0.33004463,13.959325,Fibroblast,DVT
-1.270439,-6.0349803,Fibroblast,DVT
-3.3962727,-4.1443295,Fibroblast,DVT
-2.7814121,-4.4549475,Fibroblast,DVT
-0.9824474,-5.013885,Fibroblast,DVT
3.8881407,20.600357,Fibroblast,DVT
0.6773997,15.612011,Fibroblast,DVT
4.72134,6.0767503,Endothelial,DVT
-2.258476,8.067995,Monocyte,DVT
3.0433218,4.4361973,Endothelial,DVT
-3.0892742,7.0977607,Fibroblast,DVT
2.7487376,-6.076334,Fibroblast,DVT
-3.9207826,6.2807584,Fibroblast,DVT
-1.4734236,-5.3123593,Fibroblast,DVT
-1.4574881,0.18953621,Fibroblast,DVT
3.8546789,3.4041798,Endothelial,DVT
-0.53817594,-5.010535,Fibroblast,DVT
-2.2134054,-2.162113,Fibroblast,DVT
-2.423641,-2.098338,Fibroblast,DVT
-3.7764163,9.936578,Monocyte,DVT
-2.119037,14.892785,Fibroblast,DVT
-2.6009467,-2.5181484,Fibroblast,DVT
2.2653255,16.294455,Fibroblast,DVT
-2.0812032,-3.8183174,Fibroblast,DVT
-4.295423,-4.570761,Fibroblast,DVT
-3.2435284,-2.8131857,Fibroblast,DVT
0.65991426,2.512403,Endothelial,DVT
-5.288188,6.2088723,Fibroblast,DVT
-0.057281636,-2.2524126,Fibroblast,DVT
-0.39504492,-5.867287,Fibroblast,DVT
1.8695556,-6.144121,Fibroblast,DVT
3.337352,-4.2466497,Fibroblast,DVT
2.921708,16.473116,Fibroblast,DVT
2.186943,4.802694,Endothelial,DVT
-1.9765656,15.007912,Fibroblast,DVT
-1.9766688,16.104645,Fibroblast,DVT
13.943883,7.3992934,Fibroblast,DVT
-3.6899958,9.120612,Monocyte,DVT
-0.15463114,8.2554865,Monocyte,DVT
4.9477506,4.909976,Endothelial,DVT
2.5245137,-7.0435157,Fibroblast,DVT
-2.18267,-5.0438223,Fibroblast,DVT
-8.729547,-1.1638665,VSMC,DVT
-1.4934479,14.977302,Fibroblast,DVT
-2.322335,-5.298655,Fibroblast,DVT
6.044217,12.318926,B_cell,DVT
1.7824535,4.7880673,Endothelial,DVT
-2.1140606,8.340257,Monocyte,DVT
-11.276911,5.464834,Fibroblast,DVT
-2.1599503,-3.4459229,Fibroblast,DVT
3.9852228,-4.2077155,Fibroblast,DVT
-0.98309195,-5.851427,Fibroblast,DVT
7.6121287,6.3121014,Endothelial,DVT
-3.4227512,-3.6277058,Fibroblast,DVT
-2.9893963,-1.4345868,Fibroblast,DVT
1.5422713,-2.277251,Fibroblast,DVT
-1.4753957,-3.403148,Fibroblast,DVT
-1.5286651,9.883938,Monocyte,DVT
-7.602206,12.607288,Neutrophil,DVT
2.5426,-0.8138193,Fibroblast,DVT
-2.2531955,7.137682,Fibroblast,DVT
-0.59767336,-4.4100914,Fibroblast,DVT
-1.4965863,8.747278,Monocyte,DVT
-8.147695,-1.834562,VSMC,DVT
-0.97937465,-1.9136224,Fibroblast,DVT
-3.2389798,-1.8333606,Fibroblast,DVT
2.445017,-6.121078,Fibroblast,DVT
2.7103813,0.059498493,Fibroblast,DVT
-7.050354,-0.92447275,VSMC,DVT
-7.962793,-0.80766773,VSMC,DVT
-4.141581,6.308596,Fibroblast,DVT
-0.008816279,-5.2956896,Fibroblast,DVT
-4.6448584,12.499071,Neutrophil,DVT
5.9992056,11.263819,B_cell,DVT
-8.021117,-1.3150458,VSMC,DVT
2.0473974,9.094112,Fibroblast,DVT
6.979147,5.311068,Endothelial,DVT
-3.047192,-5.406965,Fibroblast,DVT
14.638816,7.8317485,Fibroblast,DVT
2.1386068,8.629051,Fibroblast,DVT
-7.839804,-0.9309706,VSMC,DVT
0.9420965,-3.630796,Fibroblast,DVT
-1.650139,-5.611557,Fibroblast,DVT
-0.057722863,-3.3191874,Fibroblast,DVT
-0.83566844,-3.7759182,Fibroblast,DVT
-4.453709,12.417898,Neutrophil,DVT
5.777617,11.748748,B_cell,DVT
-1.6013255,-3.4703393,Fibroblast,DVT
-5.5619965,6.3766775,Fibroblast,DVT
-3.6961532,6.3521957,Fibroblast,DVT
-5.9449377,6.6252246,Macrophage,DVT
0.777266,15.014609,Fibroblast,DVT
0.23018412,-4.875936,Fibroblast,DVT
-1.9490463,-4.6717005,Fibroblast,DVT
-2.9549763,-5.675682,Fibroblast,DVT
-8.092812,-1.0506978,VSMC,DVT
-2.7934353,-5.965716,Fibroblast,DVT
-1.726321,-3.974035,Fibroblast,DVT
-5.1896753,8.140558,Macrophage,DVT
-1.7615149,-3.0615673,Fibroblast,DVT
-0.008808205,2.6331077,Endothelial,DVT
-1.9090534,14.503307,Fibroblast,DVT
-6.3509684,12.823271,Neutrophil,DVT
0.2951277,-3.8307936,Fibroblast,DVT
3.9765344,20.693556,Fibroblast,DVT
-2.4991727,-1.8465004,Fibroblast,DVT
3.8101614,20.522102,Fibroblast,DVT
6.103873,12.683729,B_cell,DVT
0.4774704,-4.375121,Fibroblast,DVT
-4.8137484,7.813385,Macrophage,DVT
7.8048143,5.644395,Endothelial,DVT
2.6609838,-4.453635,Fibroblast,DVT
-1.4332324,-2.008218,Fibroblast,DVT
-1.6182349,-3.061626,Fibroblast,DVT
0.62882936,-3.3105183,Fibroblast,DVT
2.780047,0.15694301,Fibroblast,DVT
4.3065577,4.9511046,Endothelial,DVT
3.5757766,20.272667,Fibroblast,DVT
-2.255232,6.1911273,Fibroblast,DVT
-5.138676,6.513385,Fibroblast,DVT
3.2814417,-0.21287625,Fibroblast,DVT
-2.7760124,-4.9069376,Fibroblast,DVT
-5.5404654,7.87195,Macrophage,DVT
-2.3040302,9.107023,Monocyte,DVT
-6.069522,-1.3724141,VSMC,DVT
5.559108,5.633254,Endothelial,DVT
-6.571479,-0.28226173,VSMC,DVT
-1.6127357,-5.162869,Fibroblast,DVT
-2.2478442,-3.3688242,Fibroblast,DVT
-2.8975282,-3.9413815,Fibroblast,DVT
0.53145,-3.3565447,Fibroblast,DVT
-2.983354,6.4129744,Fibroblast,DVT
0.17889412,-4.3604198,Fibroblast,DVT
1.4235548,-3.234153,Fibroblast,DVT
-4.7196946,10.97629,Neutrophil,DVT
-11.071222,5.3709245,Fibroblast,DVT
-0.5304014,-1.4427572,Fibroblast,DVT
0.51571906,2.4998884,Endothelial,DVT
2.916169,-0.29830727,Fibroblast,DVT
-2.1237938,-4.320682,Fibroblast,DVT
14.379805,7.643949,Fibroblast,DVT
-3.388223,5.835252,Fibroblast,DVT
1.9968916,4.5075097,Endothelial,DVT
0.13679413,-6.631849,Fibroblast,DVT
0.617361,14.231055,Fibroblast,DVT
-2.1903267,-4.204274,Fibroblast,DVT
2.8359737,0.31778234,Fibroblast,DVT
-3.0137022,-2.066041,Fibroblast,DVT
6.846121,3.8375735,Endothelial,DVT
7.0850215,4.899814,Endothelial,DVT
-3.076098,-5.2571907,Fibroblast,DVT
-1.8254611,9.731915,Monocyte,DVT
3.1444628,4.457601,Endothelial,DVT
-4.3237967,6.658879,Fibroblast,DVT
-0.667607,13.20198,Fibroblast,DVT
-1.1101177,-2.1080494,Fibroblast,DVT
-7.178111,0.33023688,VSMC,DVT
0.84684503,-6.821432,Fibroblast,DVT
13.947493,7.4595227,Fibroblast,DVT
4.1271095,0.40723363,Fibroblast,DVT
-1.1285286,15.767745,Fibroblast,DVT
-2.2346132,-4.899083,Fibroblast,DVT
1.647875,-4.3801427,Fibroblast,DVT
-0.21755344,14.313795,Fibroblast,DVT
-2.331037,-3.7969472,Fibroblast,DVT
1.30485,14.325177,Fibroblast,DVT
3.3477185,-0.32561418,Fibroblast,DVT
0.63653713,-7.04361,Fibroblast,DVT
-5.2909436,6.663942,Fibroblast,DVT
-1.8580759,-3.9552116,Fibroblast,DVT
-1.5170667,12.821767,Fibroblast,DVT
0.9989007,15.1221695,Fibroblast,DVT
-1.0232083,-1.9243621,Fibroblast,DVT
0.5278762,14.895463,Fibroblast,DVT
2.9308786,0.009297611,Fibroblast,DVT
5.392815,5.2008533,Endothelial,DVT
2.9122138,7.545119,Fibroblast,DVT
5.971148,11.037984,B_cell,DVT
-11.822255,0.39719236,Erythrocyte,DVT
7.660475,5.680777,Endothelial,DVT
1.9301329,4.69801,Endothelial,DVT
1.7242126,13.268902,Fibroblast,DVT
-5.1983075,6.380118,Fibroblast,DVT
2.3808959,-4.074744,Fibroblast,DVT
-3.1010358,7.7965336,Fibroblast,DVT
-9.70878,3.8400683,Fibroblast,DVT
-6.8180976,-1.6133598,VSMC,DVT
-4.707388,7.052313,Macrophage,DVT
1.1805584,3.2254503,Endothelial,DVT
-7.2904787,12.810928,Neutrophil,DVT
-0.3104621,8.117606,Monocyte,DVT
2.817402,0.26714754,Fibroblast,DVT
-2.8629014,-5.150932,Fibroblast,DVT
-5.415067,6.563232,Fibroblast,DVT
-7.0218577,-1.3611674,VSMC,DVT
0.2138898,14.438067,Fibroblast,DVT
-7.8975396,-0.8847078,VSMC,DVT
2.6681292,-4.944045,Fibroblast,DVT
-2.7188087,-5.5936694,Fibroblast,DVT
-2.1195428,-1.914752,Fibroblast,DVT
2.784376,6.5320754,Fibroblast,DVT
-8.4889145,-1.40355,VSMC,DVT
-8.273663,-1.124722,VSMC,DVT
-3.2191312,-3.5949605,Fibroblast,DVT
5.09289,5.9618373,Endothelial,DVT
-1.8540882,-3.692993,Fibroblast,DVT
-1.1868272,7.4105277,Fibroblast,DVT
-0.03570015,-3.278868,Fibroblast,DVT
-6.1508293,-1.315237,VSMC,DVT
-5.8685946,7.839228,Macrophage,DVT
-6.407164,1.4388978,VSMC,DVT
2.783129,4.458325,Endothelial,DVT
-8.527651,-1.4020493,VSMC,DVT
-5.4296327,8.209968,Macrophage,DVT
-1.7980347,-5.784084,Fibroblast,DVT
-6.82332,13.029946,Neutrophil,DVT
1.0879518,-2.6730769,Fibroblast,DVT
-6.85993,13.123614,Neutrophil,DVT
2.5452821,0.4705697,Fibroblast,DVT
-11.660695,5.8397985,Fibroblast,DVT
-4.5666475,12.037936,Neutrophil,DVT
-4.072587,9.498906,Monocyte,DVT
2.3697867,8.729081,Fibroblast,DVT
-6.5862284,-1.6271895,VSMC,DVT
-3.317276,9.064732,Monocyte,DVT
1.5907037,13.291689,Fibroblast,DVT
-1.5857184,-4.262878,Fibroblast,DVT
4.495861,-4.518779,Fibroblast,DVT
-4.889287,7.4850907,Macrophage,DVT
-4.697541,7.669159,Macrophage,DVT
-0.063398644,14.3508,Fibroblast,DVT
-5.8331003,6.41881,Macrophage,DVT
7.85504,6.623615,Endothelial,DVT
4.5449467,5.544981,Endothelial,DVT
-2.67768,-5.3887815,Fibroblast,DVT
-3.3063939,9.587544,Monocyte,DVT
5.9320397,12.782579,B_cell,DVT
2.5861845,0.601896,Fibroblast,DVT
-3.263916,8.83558,Monocyte,DVT
0.399379,-4.416598,Fibroblast,DVT
4.682909,4.2112746,Endothelial,DVT
6.3861494,11.823103,B_cell,DVT
2.707302,16.399052,Fibroblast,DVT
4.7214103,5.8549104,Endothelial,DVT
-10.349215,5.5279493,Fibroblast,DVT
1.8953226,13.125102,Fibroblast,DVT
-2.8958352,-3.9810817,Fibroblast,DVT
-1.5726627,-5.705406,Fibroblast,DVT
7.9670815,6.5278463,Endothelial,DVT
7.9150043,5.955098,Endothelial,DVT
-1.2511425,-3.9106026,Fibroblast,DVT
-4.722658,7.451951,Macrophage,DVT
-5.5845795,7.201613,Macrophage,DVT
2.2284937,1.0022594,Fibroblast,DVT
5.2991953,5.1580234,Endothelial,DVT
0.08385943,-2.1812625,Fibroblast,DVT
-8.648296,-1.7284862,VSMC,DVT
-5.925816,7.28692,Macrophage,DVT
3.198694,4.925232,Endothelial,DVT
-0.5055297,3.2373106,Endothelial,DVT
1.6001885,12.682664,Fibroblast,DVT
6.2548423,5.6487803,Endothelial,DVT
0.5729072,-4.698554,Fibroblast,DVT
1.2944471,-2.0510135,Fibroblast,DVT
6.271821,11.714677,B_cell,DVT
0.28659374,14.054556,Fibroblast,DVT
-2.3463476,-4.6439676,Fibroblast,DVT
-6.2761827,1.5676486,VSMC,DVT
5.176903,4.867088,Endothelial,DVT
-1.790873,-6.1800833,Fibroblast,DVT
2.1417363,12.613834,Fibroblast,DVT
-5.3297534,8.155358,Macrophage,DVT
0.85775554,-4.692734,Fibroblast,DVT
-1.2198266,-0.19123867,Fibroblast,DVT
6.5736957,5.5915103,Endothelial,DVT
4.8323436,4.9919267,Endothelial,DVT
-0.3011686,15.597514,Fibroblast,DVT
0.08282775,-4.1449533,Fibroblast,DVT
1.779929,4.730026,Endothelial,DVT
-0.053429645,-4.6965137,Fibroblast,DVT
0.773606,12.365907,Fibroblast,DVT
-2.2339723,-3.7898312,Fibroblast,DVT
-3.2083685,9.584715,Monocyte,DVT
-5.1915298,5.700841,Fibroblast,DVT
-0.48749793,-3.7208574,Fibroblast,DVT
7.885712,5.6502485,Endothelial,DVT
7.3194575,5.948087,Endothelial,DVT
2.3595624,16.051498,Fibroblast,DVT
-2.0822127,6.846614,Fibroblast,DVT
7.456685,5.54789,Endothelial,DVT
-6.934321,0.9964744,VSMC,DVT
-6.304671,6.8487053,Macrophage,DVT
2.8322234,0.500104,Fibroblast,DVT
-5.542791,10.760187,Neutrophil,DVT
0.41995138,-7.9892626,Fibroblast,DVT
5.614196,10.742053,B_cell,DVT
-2.765418,8.551765,Monocyte,DVT
0.55717736,-4.169705,Fibroblast,DVT
6.159999,11.525993,B_cell,DVT
0.3038652,13.094599,Fibroblast,DVT
-1.3388724,-3.1052237,Fibroblast,DVT
-11.034889,4.7023177,Fibroblast,DVT
-9.693325,3.7310278,Fibroblast,DVT
-7.3528414,-1.3947525,VSMC,DVT
-1.3098123,-2.1522315,Fibroblast,DVT
-4.573581,7.8034024,Macrophage,DVT
-0.42585364,-4.9712634,Fibroblast,DVT
1.1140064,-4.9338307,Fibroblast,DVT
-5.9672112,10.934467,Neutrophil,DVT
-5.4880996,12.608805,Neutrophil,DVT
6.13286,11.320717,B_cell,DVT
-3.4098,10.281172,Monocyte,DVT
-2.3741739,5.758352,Fibroblast,DVT
5.7137437,5.579927,Endothelial,DVT
-2.09066,-4.9784794,Fibroblast,DVT
-1.4833418,-6.0279307,Fibroblast,DVT
-4.13322,7.1021576,Macrophage,DVT
1.1197426,12.1053915,Fibroblast,DVT
3.3879428,0.25639865,Fibroblast,DVT
-0.8545779,9.15779,Monocyte,DVT
-11.520911,5.2426577,Fibroblast,DVT
-1.3940945,15.833152,Fibroblast,DVT
6.246471,12.065396,B_cell,DVT
1.1141154,0.5197015,Fibroblast,DVT
-2.7847557,5.0551987,Fibroblast,DVT
-2.7363741,-5.4209332,Fibroblast,DVT
3.333117,-0.1682622,Fibroblast,DVT
-5.621001,12.50434,Neutrophil,DVT
-4.930172,8.510396,Macrophage,DVT
-0.03015541,2.7101393,Endothelial,DVT
-1.8816361,-3.3959324,Fibroblast,DVT
-7.7929144,-0.5343002,VSMC,DVT
5.9922447,11.194187,B_cell,DVT
3.2136269,4.8647456,Endothelial,DVT
-5.935469,6.177836,Fibroblast,DVT
1.4574275,13.468321,Fibroblast,DVT
-8.055636,-1.7130884,VSMC,DVT
2.2130818,0.94683963,Fibroblast,DVT
3.048943,0.39588866,Fibroblast,DVT
-1.8560666,7.466583,Endothelial,DVT
5.643461,11.105685,B_cell,DVT
-2.5222378,-1.3778647,Fibroblast,DVT
-5.553021,11.971661,Neutrophil,DVT
-0.4300165,-5.6719537,Fibroblast,DVT
-3.05475,-2.7404172,Fibroblast,DVT
-1.4783406,-3.6366103,Fibroblast,DVT
-1.9526709,14.601343,Fibroblast,DVT
-1.3528162,0.18170184,Fibroblast,DVT
-6.15912,13.296777,Neutrophil,DVT
1.3630931,13.774896,Fibroblast,DVT
-0.38828126,7.0772014,Fibroblast,DVT
-1.704992,14.248693,Fibroblast,DVT
-4.3868427,6.5522203,Fibroblast,DVT
-1.8017372,15.781435,Fibroblast,DVT
-3.4433393,10.184901,Monocyte,DVT
0.4562356,-5.1681085,Fibroblast,DVT
5.926334,11.641687,B_cell,DVT
-3.8420618,-4.1262946,Fibroblast,DVT
0.7317949,-3.3762665,Fibroblast,DVT
4.0724454,-4.1080184,Fibroblast,DVT
14.68679,7.873015,Fibroblast,DVT
-3.7970114,-4.2646112,Fibroblast,DVT
4.5897646,5.1755157,Endothelial,DVT
-0.20932582,8.134488,Monocyte,DVT
6.1622124,12.167293,B_cell,DVT
-2.087015,7.7143707,Monocyte,DVT
-5.3594832,5.5191574,Fibroblast,DVT
3.1547246,-4.0884695,Fibroblast,DVT
-5.2416625,8.4412565,Macrophage,DVT
-6.1936574,1.5492524,VSMC,DVT
-0.20610805,-3.3459332,Fibroblast,DVT
-2.0248601,-2.4561574,Fibroblast,DVT
0.9995729,-3.2952182,Fibroblast,DVT
-2.8343894,-3.6045578,Fibroblast,DVT
-2.2111158,15.508563,Fibroblast,DVT
2.6347778,0.43898168,Fibroblast,DVT
-11.4921665,5.740271,Fibroblast,DVT
-7.628265,-1.1522352,VSMC,DVT
-0.6222077,6.9795947,Fibroblast,DVT
0.01947533,8.144585,Monocyte,DVT
-1.7485963,-3.521787,Fibroblast,DVT
14.306852,7.6128807,Fibroblast,DVT
3.2523263,4.434615,Endothelial,DVT
5.639773,11.7768755,B_cell,DVT
1.3932117,-3.4542313,Fibroblast,DVT
-2.8926182,-5.553967,Fibroblast,DVT
-8.662608,-1.4807682,VSMC,DVT
-3.8937962,-2.6152854,Fibroblast,DVT
1.9186438,-4.3714633,Fibroblast,DVT
-4.6543455,11.50952,Neutrophil,DVT
-0.6319432,3.433808,Endothelial,DVT
0.45805487,13.683619,Fibroblast,DVT
7.898018,4.490182,Endothelial,DVT
-3.829395,5.4739237,Fibroblast,DVT
1.9681479,9.176468,Fibroblast,DVT
-4.633897,7.1224713,Macrophage,DVT
1.0538003,12.121484,Fibroblast,DVT
-1.6302242,-5.879509,Fibroblast,DVT
-10.874396,4.228139,Fibroblast,DVT
0.19396266,-4.9589944,Fibroblast,DVT
0.006438881,8.121312,Monocyte,DVT
5.0383415,5.4921365,Endothelial,DVT
-2.0720363,15.392433,Fibroblast,DVT
-2.6582978,-4.5990076,Fibroblast,DVT
-0.8523765,-3.6938443,Fibroblast,DVT
-11.324526,4.967647,Fibroblast,DVT
-3.7894995,8.982383,Monocyte,DVT
-0.54095817,8.846659,Monocyte,DVT
-0.44800577,-5.264819,Fibroblast,DVT
0.83333147,15.364077,Fibroblast,DVT
5.275276,10.079177,B_cell,DVT
-1.6312863,8.506118,Monocyte,DVT
0.7093785,-3.4458325,Fibroblast,DVT
-4.758077,11.59164,Neutrophil,DVT
-1.625514,15.758368,Fibroblast,DVT
9.430002,12.411887,Fibroblast,DVT
1.0498877,14.5503025,Fibroblast,DVT
-3.441185,9.463709,Monocyte,DVT
4.819596,4.7247753,Endothelial,DVT
-0.7504471,8.973632,Monocyte,DVT
5.436857,11.858176,B_cell,DVT
3.0507603,0.27953246,Fibroblast,DVT
7.8511696,5.768084,Endothelial,DVT
-4.6778393,7.117725,Macrophage,DVT
3.3969896,0.25940046,Fibroblast,DVT
4.941091,0.9407864,Endothelial,DVT
-0.99371594,-5.8971686,Fibroblast,DVT
0.34284857,2.4824355,Endothelial,DVT
-1.7837815,6.275936,Fibroblast,DVT
-0.39026272,7.3098917,Fibroblast,DVT
-1.4429795,-1.6774045,Fibroblast,DVT
-1.4131992,-4.225596,Fibroblast,DVT
2.7431138,0.73306286,Fibroblast,DVT
-2.100432,4.9213767,Fibroblast,DVT
-0.72630954,9.4551,Monocyte,DVT
3.2900536,-3.9075854,Fibroblast,DVT
-2.7203612,-4.045639,Fibroblast,DVT
-6.50154,-1.2252935,VSMC,DVT
1.9737031,-1.5383998,Fibroblast,DVT
-0.34512442,-1.3062259,Fibroblast,DVT
-1.8842834,-2.3875093,Fibroblast,DVT
1.4591632,11.969953,Fibroblast,DVT
-2.298269,-2.4255652,Fibroblast,DVT
5.8682246,11.923269,B_cell,DVT
4.529385,-4.3436666,Fibroblast,DVT
-1.071981,-0.43667668,Fibroblast,DVT
-0.6151802,-4.2474036,Fibroblast,DVT
4.89991,6.053455,Endothelial,DVT
6.31789,5.511986,Endothelial,DVT
-2.1560307,7.9969625,Monocyte,DVT
1.0062541,-5.029102,Fibroblast,DVT
-1.4576865,-5.3801675,Fibroblast,DVT
0.6097189,13.879457,Fibroblast,DVT
-7.2298927,12.8504305,Neutrophil,DVT
1.0857886,-2.209077,Fibroblast,DVT
-1.3617526,-4.9779477,Fibroblast,DVT
0.16088015,-7.0610266,Fibroblast,DVT
-3.1191995,-2.5186865,Fibroblast,DVT
2.283217,-1.3342347,Fibroblast,DVT
-1.3433298,9.025301,Monocyte,DVT
-5.2159495,0.4148381,VSMC,DVT
-2.5751817,-2.1190083,Fibroblast,DVT
0.95693046,-1.9217904,Fibroblast,DVT
-1.6896219,6.3706756,Fibroblast,DVT
-6.7749104,-1.4454509,VSMC,DVT
-0.7363741,8.769763,Monocyte,DVT
-0.45408326,-4.0322137,Fibroblast,DVT
-5.557116,-0.74402845,VSMC,DVT
-2.0754476,-5.8322916,Fibroblast,DVT
-2.9492004,-2.8323545,Fibroblast,DVT
7.7423186,6.6872606,Endothelial,DVT
-0.36240867,-2.254863,Fibroblast,DVT
-3.13443,-4.8720846,Fibroblast,DVT
-1.2880476,-4.6787276,Fibroblast,DVT
-1.4971493,-3.9628365,Fibroblast,DVT
6.4099436,5.298716,Endothelial,DVT
13.689972,7.2528663,Fibroblast,DVT
-3.960128,-2.868345,Fibroblast,DVT
-3.4207897,-5.099416,Fibroblast,DVT
-0.08195073,15.233621,Fibroblast,DVT
5.9550066,11.225445,B_cell,DVT
3.6902056,-4.1941876,Fibroblast,DVT
3.6036603,0.48199308,Fibroblast,DVT
-5.651352,6.1498446,Fibroblast,DVT
-3.2978108,-2.0684736,Fibroblast,DVT
4.004467,4.7854834,Endothelial,DVT
-1.8357835,-2.4194508,Fibroblast,DVT
-2.2538662,-4.2778993,Fibroblast,DVT
2.5168977,4.327778,Endothelial,DVT
-6.9018426,1.3756027,VSMC,DVT
-2.4788723,-2.260215,Fibroblast,DVT
7.9077773,0.92742455,Endothelial,DVT
0.95348823,-2.410753,Fibroblast,DVT
-5.507244,7.6476307,Macrophage,DVT
-1.0344722,-2.1312232,Fibroblast,DVT
-8.16319,-1.3144991,VSMC,DVT
-6.659171,0.13620165,VSMC,DVT
-2.3771634,9.092439,Monocyte,DVT
-7.462464,0.70765144,VSMC,DVT
-6.2529416,6.482278,Macrophage,DVT
1.5904541,1.5268232,Fibroblast,DVT
2.060666,9.140326,Fibroblast,DVT
-0.07526065,-2.3149037,Fibroblast,DVT
-1.0701796,-1.7136859,Fibroblast,DVT
0.6234189,-4.8793745,Fibroblast,DVT
-8.0386305,-0.5937384,VSMC,DVT
-5.9483676,5.343616,Fibroblast,DVT
1.4161845,-3.7982733,Fibroblast,DVT
5.9960856,12.777918,B_cell,DVT
7.9311323,6.1200895,Endothelial,DVT
-4.806983,7.015783,Macrophage,DVT
4.5820217,2.0012636,Endothelial,DVT
1.4281372,15.711297,Fibroblast,DVT
-0.20071323,16.006529,Fibroblast,DVT
-2.718302,-3.4451544,Fibroblast,DVT
-1.9471294,8.305271,Monocyte,DVT
1.9178364,-0.33962038,Fibroblast,DVT
-4.8437104,10.885561,Neutrophil,DVT
2.4612908,0.36147445,Fibroblast,DVT
7.3451686,5.2107625,Endothelial,DVT
-3.045758,5.747139,Fibroblast,DVT
2.5919838,-4.388612,Fibroblast,DVT
1.302749,-4.426841,Fibroblast,DVT
1.6694586,-3.3508441,Fibroblast,DVT
-3.022031,4.737338,Fibroblast,DVT
5.7618084,12.082224,B_cell,DVT
-2.1298606,8.279355,Monocyte,DVT
1.122772,14.689887,Fibroblast,DVT
-4.5796657,12.535312,Neutrophil,DVT
-7.9388795,-1.5183836,VSMC,DVT
7.688877,6.2503,Endothelial,DVT
-1.3555745,-5.5469475,Fibroblast,DVT
-2.2876227,-2.679611,Fibroblast,DVT
-4.7934284,11.488676,Neutrophil,DVT
0.11944102,-3.6366668,Fibroblast,DVT
2.600116,0.49870378,Fibroblast,DVT
-7.6044736,12.023828,Neutrophil,DVT
-3.4825156,6.271752,Fibroblast,DVT
-2.1203654,15.754797,Fibroblast,DVT
-0.08851808,8.170758,Monocyte,DVT
1.0788885,13.750366,Fibroblast,DVT
2.707578,16.266102,Fibroblast,DVT
-0.5306985,-4.686943,Fibroblast,DVT
2.3552988,3.0029027,Fibroblast,DVT
-2.2754338,-2.3723073,Fibroblast,DVT
-10.802117,4.2845573,Fibroblast,DVT
-1.9528369,8.10724,Monocyte,DVT
-2.3365784,-2.3467357,Fibroblast,DVT
1.0834044,14.857671,Fibroblast,DVT
5.7850437,4.855766,Endothelial,DVT
-1.0952599,-2.7222693,Fibroblast,DVT
-2.5737247,-3.1506236,Fibroblast,DVT
-4.9684577,5.3667746,Fibroblast,DVT
0.67876226,15.809546,Fibroblast,DVT
14.172051,7.5433855,Fibroblast,DVT
-5.8160563,12.112876,Neutrophil,DVT
3.918522,4.7649345,Endothelial,DVT
-7.603595,-1.5829953,VSMC,DVT
5.270757,10.461779,B_cell,DVT
1.3444333,-2.1250277,Fibroblast,DVT
-0.9357196,-5.092908,Fibroblast,DVT
1.2537624,0.58245325,Fibroblast,DVT
-5.0614734,8.203624,Macrophage,DVT
1.9237251,13.340065,Fibroblast,DVT
3.1516774,-0.4176934,Fibroblast,DVT
-5.6779323,11.84878,Neutrophil,DVT
0.51136285,15.817525,Fibroblast,DVT
-2.1744478,8.604798,Monocyte,DVT
0.59196496,14.333559,Fibroblast,DVT
-6.8743496,0.5180965,VSMC,DVT
-2.6313326,-3.2944221,Fibroblast,DVT
-5.5423803,6.045651,Fibroblast,DVT
-5.685215,5.75844,Fibroblast,DVT
-0.4765356,-1.2661982,Fibroblast,DVT
-1.8015971,14.890647,Fibroblast,DVT
-2.8767214,-2.7856557,Fibroblast,DVT
-6.811046,12.817723,Neutrophil,DVT
0.10310417,15.863902,Fibroblast,DVT
-1.6591115,-5.0641594,Fibroblast,DVT
-3.3036077,-4.299455,Fibroblast,DVT
-4.222509,8.263497,Monocyte,DVT
-1.1099732,15.175744,Fibroblast,DVT
-5.856957,12.632139,Neutrophil,DVT
3.0803876,-0.11478662,Fibroblast,DVT
-2.6895328,8.663722,Monocyte,DVT
-5.6114507,8.381042,Macrophage,DVT
-1.1456553,-1.9860778,Fibroblast,DVT
-0.3525272,7.1119585,Fibroblast,DVT
-0.094980866,-1.6618545,Fibroblast,DVT
-8.713106,-1.7833493,VSMC,DVT
-7.373994,12.724135,Neutrophil,DVT
-3.294689,8.123178,Fibroblast,DVT
-11.523598,5.799549,Fibroblast,DVT
7.4656506,1.9161395,Endothelial,DVT
-2.9971948,-3.5229375,Fibroblast,DVT
6.0668297,11.912149,B_cell,DVT
-2.4233248,-5.6989007,Fibroblast,DVT
2.6846213,0.2428652,Fibroblast,DVT
-7.536896,0.9457999,VSMC,DVT
-3.0537615,-2.8958201,Fibroblast,DVT
4.7217317,5.2622504,Endothelial,DVT
5.1275096,6.0410414,Endothelial,DVT
1.4158049,-2.2320268,Fibroblast,DVT
-4.3999267,10.685385,Neutrophil,DVT
-8.133545,-1.5398095,VSMC,DVT
3.287688,0.44615784,Fibroblast,DVT
-3.467073,-1.8087409,Fibroblast,DVT
3.0638456,0.6014427,Fibroblast,DVT
-0.22120379,-4.6108723,Fibroblast,DVT
3.9370465,20.653881,Fibroblast,DVT
-6.126884,8.353209,Macrophage,DVT
6.0019736,11.4198675,B_cell,DVT
1.205842,-1.977357,Fibroblast,DVT
3.1921775,-4.4271092,Fibroblast,DVT
-3.2676113,-1.5954751,Fibroblast,DVT
0.08143141,2.8185723,Endothelial,DVT
3.0102024,0.01228157,Fibroblast,DVT
0.96328044,-2.425868,Fibroblast,DVT
0.79574734,-4.5092745,Fibroblast,DVT
4.0597568,-4.110628,Fibroblast,DVT
1.4564947,1.5904434,Fibroblast,DVT
-7.8842983,-0.50889355,VSMC,DVT
1.9824032,9.158815,Fibroblast,DVT
-1.7611847,15.240068,Fibroblast,DVT
5.8328,11.886551,B_cell,DVT
-1.4437524,-5.6519,Fibroblast,DVT
-4.7346563,7.97202,Macrophage,DVT
-2.0880368,14.910451,Fibroblast,DVT
-0.12830327,3.0139692,Endothelial,DVT
-1.3925428,15.228189,Fibroblast,DVT
6.1304812,12.45703,B_cell,DVT
0.30099165,13.114942,Fibroblast,DVT
5.5477705,10.442724,B_cell,DVT
-1.1992686,-2.0412185,Fibroblast,DVT
-5.7731934,6.810606,Macrophage,DVT
4.7478766,5.112559,Endothelial,DVT
-0.918235,-2.4012063,Fibroblast,DVT
4.494113,3.0873785,Endothelial,DVT
1.9887857,12.995769,Fibroblast,DVT
5.8920326,11.071916,B_cell,DVT
-2.764124,-4.0806575,Fibroblast,DVT
7.205087,5.2787604,Endothelial,DVT
-2.1958477,15.102799,Fibroblast,DVT
-1.829263,-6.413187,Fibroblast,DVT
-2.7012045,-1.5387056,Fibroblast,DVT
-6.5641503,0.90667605,VSMC,DVT
1.8414911,4.7206964,Endothelial,DVT
-7.7267227,-1.9337082,VSMC,DVT
-5.461631,-0.6637162,VSMC,DVT
2.037838,9.018442,Fibroblast,DVT
-3.2489548,5.8454003,Fibroblast,DVT
2.3393576,0.66644555,Fibroblast,DVT
1.7014385,4.8389163,Endothelial,DVT
-11.371597,4.8500814,Fibroblast,DVT
-1.6420469,14.270001,Fibroblast,DVT
0.26864144,13.211383,Fibroblast,DVT
-1.5214903,-5.33047,Fibroblast,DVT
-3.2368696,9.74035,Monocyte,DVT
-1.3286899,-1.6453246,Fibroblast,DVT
-1.9922825,8.021016,Monocyte,DVT
-7.941616,-0.41896528,VSMC,DVT
1.3661706,13.091513,Fibroblast,DVT
-0.29453638,-6.0723996,Fibroblast,DVT
-2.326209,8.174774,Monocyte,DVT
7.9568377,5.898649,Endothelial,DVT
5.3890157,10.624455,B_cell,DVT
2.4556186,7.216517,Fibroblast,DVT
0.4489737,2.5810566,Endothelial,DVT
-1.9398049,-1.3322026,Fibroblast,DVT
7.6511936,6.0535407,Endothelial,DVT
-2.427048,-4.5739703,Fibroblast,DVT
1.4251158,13.474956,Fibroblast,DVT
-3.2907455,-1.6869612,Fibroblast,DVT
6.191524,12.003076,B_cell,DVT
-0.54336166,-4.9305286,Fibroblast,DVT
-8.459376,-1.5150172,VSMC,DVT
-0.8889881,-4.0192404,Fibroblast,DVT
-1.7562428,-4.926843,Fibroblast,DVT
-3.5897906,-3.835616,Fibroblast,DVT
-5.5499864,13.038886,Neutrophil,DVT
0.40712702,15.774908,Fibroblast,DVT
-2.833568,-3.5171208,Fibroblast,DVT
-2.3516343,-4.0518413,Fibroblast,DVT
-4.943362,9.205491,Macrophage,DVT
1.7159669,-4.4984083,Fibroblast,DVT
1.1749402,-1.8433828,Fibroblast,DVT
6.1916714,12.185777,B_cell,DVT
-2.3142288,-2.374935,Fibroblast,DVT
-4.6410255,11.613817,Neutrophil,DVT
7.995089,5.6953855,Endothelial,DVT
-4.132158,-3.831768,Fibroblast,DVT
-7.6611667,-1.9228727,VSMC,DVT
-2.701013,-3.1794233,Fibroblast,DVT
-0.82069135,-5.7578387,Fibroblast,DVT
-8.819755,-1.0377418,VSMC,DVT
-3.3167129,-2.643199,Fibroblast,DVT
-1.6948221,6.4811845,Fibroblast,DVT
4.40367,10.518443,B_cell,DVT
3.311714,-0.09269074,Fibroblast,DVT
-5.142553,7.9792056,Macrophage,DVT
-1.9537839,-6.268153,Fibroblast,DVT
7.606634,6.7197623,Endothelial,DVT
2.2356784,8.849339,Fibroblast,DVT
4.552241,1.8725846,Endothelial,DVT
-3.9579144,8.642958,Monocyte,DVT
7.6016283,5.3720417,Endothelial,DVT
-3.6812365,7.419529,Fibroblast,DVT
-3.1362858,9.830487,Monocyte,DVT
0.31791326,2.5031776,Endothelial,DVT
-5.67439,13.183114,Neutrophil,DVT
1.8973539,4.628509,Endothelial,DVT
-3.042338,9.908959,Monocyte,DVT
2.702894,16.40146,Fibroblast,DVT
-7.914632,-1.4569213,VSMC,DVT
3.0012844,0.7550034,Fibroblast,DVT
6.082757,1.7626475,Fibroblast,DVT
-4.1904655,-4.481344,Fibroblast,DVT
-3.052894,-3.0023172,Fibroblast,DVT
-0.61978894,-5.1171284,Fibroblast,DVT
-4.4781046,6.8933477,Macrophage,DVT
-7.939113,-1.439139,VSMC,DVT
3.2661731,-0.06125323,Fibroblast,DVT
0.37160015,-4.4825444,Fibroblast,DVT
-2.398585,-5.6361837,Fibroblast,DVT
2.9573603,0.3895917,Fibroblast,DVT
-2.0924067,-6.2408466,Fibroblast,DVT
1.0376143,0.33712226,Fibroblast,DVT
-1.1833259,-5.891108,Fibroblast,DVT
-0.56596094,-4.585406,Fibroblast,DVT
-0.37422624,-3.671956,Fibroblast,DVT
-0.3011103,-3.362734,Fibroblast,DVT
-5.0784683,6.4844065,Fibroblast,DVT
-0.78028625,-5.9394455,Fibroblast,DVT
7.075271,5.0792317,Endothelial,DVT
-1.1795251,-4.9980454,Fibroblast,DVT
-2.9605043,6.0078616,Fibroblast,DVT
-1.2769256,9.803287,Monocyte,DVT
-1.961091,8.157049,Monocyte,DVT
-5.826824,6.017201,Fibroblast,DVT
-3.3187158,-3.6435556,Fibroblast,DVT
-1.5949953,9.816519,Monocyte,DVT
-5.320419,5.783565,Fibroblast,DVT
-3.6603181,8.273061,Macrophage,DVT
3.2310889,-0.1822912,Fibroblast,DVT
0.5332137,-3.5255206,Fibroblast,DVT
-2.6821198,-3.7038312,Fibroblast,DVT
-0.5864671,13.013808,Fibroblast,DVT
6.409933,1.6447475,Fibroblast,DVT
-3.0088856,-1.5994396,Fibroblast,DVT
6.179056,12.334744,B_cell,DVT
-10.381248,5.552026,Fibroblast,DVT
-2.7738574,-2.6248052,Fibroblast,DVT
14.598537,7.798538,Fibroblast,DVT
6.155451,0.42861524,Endothelial,DVT
-0.3841564,-3.54038,Fibroblast,DVT
-9.748226,3.8476083,Fibroblast,DVT
2.9970384,0.32244086,Fibroblast,DVT
-1.9751621,16.005386,Fibroblast,DVT
-0.7045116,-4.1141224,Fibroblast,DVT
-5.637486,12.317187,Neutrophil,DVT
0.30786082,-4.0646987,Fibroblast,DVT
-3.8367546,8.365505,Macrophage,DVT
-0.7977323,-1.999787,Fibroblast,DVT
-5.884084,12.847837,Neutrophil,DVT
4.96957,2.484849,Endothelial,DVT
-6.081885,6.8893776,Macrophage,DVT
-2.1275847,-5.5630026,Fibroblast,DVT
2.655222,-0.15669578,Fibroblast,DVT
2.2415254,0.9813702,Fibroblast,DVT
-0.20543191,-2.3265374,Fibroblast,DVT
-5.914537,5.638318,Fibroblast,DVT
3.8785317,0.5534537,Fibroblast,DVT
-7.9080853,-0.638574,VSMC,DVT
0.20435902,-3.1713743,Fibroblast,DVT
-1.9889983,-5.6433325,Fibroblast,DVT
-1.0513729,15.760807,Fibroblast,DVT
-2.0049894,-6.314532,Fibroblast,DVT
5.899627,11.4570265,B_cell,DVT
3.285949,0.13412006,Fibroblast,DVT
4.8358455,4.6181326,Endothelial,DVT
0.830988,14.13836,Fibroblast,DVT
1.6115006,-4.7902293,Fibroblast,DVT
7.863807,5.8876686,Endothelial,DVT
-1.1074283,-5.4983964,Fibroblast,DVT
-0.898999,-5.7300363,Fibroblast,DVT
0.06055383,-9.062757,Fibroblast,DVT
-2.0527115,-5.1855526,Fibroblast,DVT
-0.97746235,-4.159713,Fibroblast,DVT
-6.698947,-0.8124506,VSMC,DVT
0.51215655,-4.3720217,Fibroblast,DVT
2.3008194,8.682602,Fibroblast,DVT
1.0106183,15.524422,Fibroblast,DVT
0.251021,-3.418223,Fibroblast,DVT
-1.3983665,-5.5709457,Fibroblast,DVT
-5.980812,11.075297,Neutrophil,DVT
-11.499769,5.6584888,Fibroblast,DVT
0.7984224,-5.2635546,Fibroblast,DVT
-8.695612,-0.96625954,VSMC,DVT
0.11589782,3.086722,Endothelial,DVT
2.216394,12.6581,Fibroblast,DVT
-0.8853912,3.4226487,Endothelial,DVT
-2.8213913,4.903653,Fibroblast,DVT
8.402163,0.4886251,Endothelial,DVT
-3.144329,-3.6056752,Fibroblast,DVT
-5.882379,5.92369,Fibroblast,DVT
-10.992011,5.2405267,Fibroblast,DVT
-1.7011476,-2.6544774,Fibroblast,DVT
-1.8365415,14.785157,Fibroblast,DVT
-7.2736335,1.2176727,VSMC,DVT
7.8177576,6.016306,Endothelial,DVT
-0.7962517,-4.764747,Fibroblast,DVT
-3.0886242,9.297764,Monocyte,DVT
-3.3478458,-3.7075803,Fibroblast,DVT
-2.422508,-4.483127,Fibroblast,DVT
-6.1419463,12.85911,Neutrophil,DVT
0.0424052,3.040545,Endothelial,DVT
1.2355559,-6.1550117,Fibroblast,DVT
-0.6453589,-4.2785387,Fibroblast,DVT
-2.971077,-1.5952324,Fibroblast,DVT
5.496312,5.8967376,Endothelial,DVT
0.059078667,-1.9385145,Fibroblast,DVT
-6.623575,-1.2345055,VSMC,DVT
4.3429127,10.505142,B_cell,DVT
-3.3504014,-2.8364062,Fibroblast,DVT
2.1143746,8.991892,Fibroblast,DVT
7.8817835,6.40715,Endothelial,DVT
-5.2709193,6.5693636,Fibroblast,DVT
14.506675,7.721863,Fibroblast,DVT
-1.1749127,-5.650626,Fibroblast,DVT
0.58297324,14.998423,Fibroblast,DVT
-3.8257203,9.722474,Monocyte,DVT
0.031449173,-2.8055513,Fibroblast,DVT
2.5832648,-3.5104423,Fibroblast,DVT
-5.601332,6.1046076,Fibroblast,DVT
-5.5733314,12.01583,Neutrophil,DVT
-4.1873507,6.074768,Fibroblast,DVT
-1.5346303,-1.9519002,Fibroblast,DVT
-2.8011699,-3.5504518,Fibroblast,DVT
2.2523615,12.734506,Fibroblast,DVT
-5.171339,5.87056,Fibroblast,DVT
-2.1077378,-6.0308795,Fibroblast,DVT
-0.38923934,-4.7593493,Fibroblast,DVT
2.7573717,16.471321,Fibroblast,DVT
4.575012,5.4281325,Endothelial,DVT
3.9688976,-4.0896072,Fibroblast,DVT
0.89023083,-2.2941005,Fibroblast,DVT
7.2109294,5.536574,Endothelial,DVT
-1.9990896,14.647358,Fibroblast,DVT
-3.2790177,9.635445,Monocyte,DVT
-0.6363837,-5.222966,Fibroblast,DVT
6.9894476,5.2281747,Endothelial,DVT
0.14396726,-2.212225,Fibroblast,DVT
0.079380356,-3.6563773,Fibroblast,DVT
-0.029695941,16.021164,Fibroblast,DVT
-0.28033844,-4.121655,Fibroblast,DVT
-1.5801038,-5.8005767,Fibroblast,DVT
-0.64358807,-3.3831282,Fibroblast,DVT
5.417622,10.243568,B_cell,DVT
-0.46005902,15.881159,Fibroblast,DVT
-6.3362393,6.37026,Macrophage,DVT
-6.358794,0.14500631,VSMC,DVT
5.3355713,5.573423,Endothelial,DVT
-3.3530178,9.211243,Monocyte,DVT
-3.6775198,9.082369,Monocyte,DVT
4.7395573,5.183325,Endothelial,DVT
0.37654752,15.022371,Fibroblast,DVT
-2.1958163,9.203421,Monocyte,DVT
-5.4442472,6.2192683,Fibroblast,DVT
-5.200684,8.487245,Macrophage,DVT
-3.249918,-3.302084,Fibroblast,DVT
-1.9361038,-5.751845,Fibroblast,DVT
-1.9873894,15.970378,Fibroblast,DVT
-0.15131693,-3.034072,Fibroblast,DVT
-1.934865,6.5055814,Fibroblast,DVT
-2.7771351,-3.0007515,Fibroblast,DVT
1.775306,-5.912017,Fibroblast,DVT
-2.129598,15.911097,Fibroblast,DVT
-5.3925147,5.7965317,Fibroblast,DVT
0.31916448,-4.7365685,Fibroblast,DVT
-3.86391,5.5892353,Fibroblast,DVT
7.5282774,1.2842747,Endothelial,DVT
-0.8467171,-2.158147,Fibroblast,DVT
-0.9859379,-4.7519474,Fibroblast,DVT
-2.7808664,-3.149814,Fibroblast,DVT
0.13492158,2.8362958,Endothelial,DVT
-3.557711,-2.8808496,Fibroblast,DVT
-2.3506265,-4.6447444,Fibroblast,DVT
-3.298764,-3.7946908,Fibroblast,DVT
-0.69512534,-3.0796773,Fibroblast,DVT
-8.663049,-1.1073309,VSMC,DVT
6.0248637,11.188671,B_cell,DVT
0.65868944,15.196091,Fibroblast,DVT
3.0470796,0.05577201,Fibroblast,DVT
-0.11457607,-4.189118,Fibroblast,DVT
-1.5949434,14.781171,Fibroblast,DVT
5.769999,11.232168,B_cell,DVT
1.3644199,2.491085,Endothelial,DVT
0.93525547,12.039997,Fibroblast,DVT
-1.2518218,8.743544,Monocyte,DVT
14.690276,7.8683467,Fibroblast,DVT
-1.824417,-1.8517959,Fibroblast,DVT
-1.9697164,8.304214,Monocyte,DVT
-5.2748404,6.2004895,Fibroblast,DVT
-3.2279441,-1.8876882,Fibroblast,DVT
-2.6143005,-4.0808764,Fibroblast,DVT
2.6612031,0.31848714,Fibroblast,DVT
-0.5411917,-2.37294,Fibroblast,DVT
-7.262442,1.0638475,VSMC,DVT
-5.448721,8.383701,Macrophage,DVT
-0.04538294,-4.480553,Fibroblast,DVT
-5.0807486,12.684455,Neutrophil,DVT
2.8358057,16.523087,Fibroblast,DVT
1.9042729,-3.8841817,Fibroblast,DVT
0.18136333,-2.1389153,Fibroblast,DVT
-3.490409,-2.9398205,Fibroblast,DVT
7.114486,3.8849525,Endothelial,DVT
-3.10694,-3.4209526,Fibroblast,DVT
-3.271789,10.199811,Monocyte,DVT
-7.7108316,12.319666,Neutrophil,DVT
-1.7252389,-2.9511206,Fibroblast,DVT
0.61930203,-2.2742512,Fibroblast,DVT
2.312876,-3.7652688,Fibroblast,DVT
-3.6099424,8.101062,Monocyte,DVT
-1.2252935,-1.7261794,Fibroblast,DVT
-4.540928,7.4694724,Macrophage,DVT
-11.554966,5.777309,Fibroblast,DVT
2.164845,-3.750646,Fibroblast,DVT
1.1684644,14.478982,Fibroblast,DVT
4.361324,5.434386,Endothelial,DVT
-4.395257,12.556016,Neutrophil,DVT
-3.2428145,10.286697,Monocyte,DVT
7.417914,6.4965367,Endothelial,DVT
-6.5749855,12.418789,Neutrophil,DVT
-3.6419065,9.3855915,Monocyte,DVT
-0.2189013,-5.1004725,Fibroblast,DVT
-2.2932863,-6.0730596,Fibroblast,DVT
0.8696818,-4.247041,Fibroblast,DVT
-4.5275326,11.937346,Neutrophil,DVT
0.2273487,-4.6626744,Fibroblast,DVT
2.0533907,12.68298,Fibroblast,DVT
7.9299316,5.3165154,Endothelial,DVT
4.2943754,5.5561724,Endothelial,DVT
-3.053067,-2.4633017,Fibroblast,DVT
0.63781095,-4.0426855,Fibroblast,DVT
7.7170806,5.4355354,Endothelial,DVT
1.7639936,-0.008380272,Fibroblast,DVT
-3.2195668,6.277638,Fibroblast,DVT
-0.51407695,-4.53095,Fibroblast,DVT
-2.138638,-3.3923683,Fibroblast,DVT
1.4395725,2.5716786,Endothelial,DVT
-1.3213459,-5.569032,Fibroblast,DVT
-0.129304,14.126242,Fibroblast,DVT
6.8347235,5.2676144,Endothelial,DVT
-1.2040699,-5.515812,Fibroblast,DVT
-1.8702508,-4.0166993,Fibroblast,DVT
0.2954685,-1.0071833,Fibroblast,DVT
-5.7599225,10.878878,Neutrophil,DVT
3.752305,0.1405327,Fibroblast,DVT
5.7873006,11.669161,B_cell,DVT
-7.3303885,12.540176,Neutrophil,DVT
-1.4698548,-4.2904196,Fibroblast,DVT
-2.1008554,-6.0322976,Fibroblast,DVT
3.1331193,0.19840667,Fibroblast,DVT
2.9222634,7.5627213,Fibroblast,DVT
-6.8994894,1.3529813,VSMC,DVT
2.24196,8.732319,Fibroblast,DVT
-1.5865356,15.454963,Fibroblast,DVT
2.8519695,0.7732874,Fibroblast,DVT
3.7498822,20.454224,Fibroblast,DVT
1.4734416,-4.077697,Fibroblast,DVT
-0.2719968,-1.5759462,Fibroblast,DVT
5.982079,6.0284867,Endothelial,DVT
-0.6714958,-4.440294,Fibroblast,DVT
0.27571714,13.618688,Fibroblast,DVT
-0.60087985,14.611797,Fibroblast,DVT
-1.707414,8.957048,Monocyte,DVT
-6.044806,0.7874042,VSMC,DVT
0.727769,13.997171,Fibroblast,DVT
-1.3391498,-0.072289184,Fibroblast,DVT
2.3244488,16.06054,Fibroblast,DVT
5.4401493,9.291302,B_cell,DVT
6.0816293,11.881452,B_cell,DVT
0.57828975,-3.3609378,Fibroblast,DVT
-0.032556426,-3.2114058,Fibroblast,DVT
-6.0140257,6.2122564,Fibroblast,DVT
4.382104,1.4247568,Fibroblast,DVT
-2.3914468,-2.3310554,Fibroblast,DVT
1.0535963,-3.882726,Fibroblast,DVT
3.0832744,0.026989238,Fibroblast,DVT
-2.9568048,5.99743,Fibroblast,DVT
-0.1441492,-4.9955716,Fibroblast,DVT
-0.6492056,14.647598,Fibroblast,DVT
-2.4177005,-1.7238164,Fibroblast,DVT
4.5689025,3.023961,Endothelial,DVT
2.053192,-4.1236253,Fibroblast,DVT
-7.793587,-1.5597734,VSMC,DVT
-2.9517148,-5.2417946,Fibroblast,DVT
-6.540056,-1.300512,VSMC,DVT
-1.6457965,15.51461,Fibroblast,DVT
0.5544667,-4.4666605,Fibroblast,DVT
-1.6825275,-2.1740227,Fibroblast,DVT
-0.34092563,2.862698,Endothelial,DVT
-1.7460767,14.625278,Fibroblast,DVT
-6.6049294,13.214028,Neutrophil,DVT
3.437254,0.17729363,Fibroblast,DVT
-0.6333696,9.068466,Monocyte,DVT
6.9238963,2.7163227,Endothelial,DVT
-3.9025435,8.732782,Monocyte,DVT
6.0020013,12.0702915,B_cell,DVT
-1.0697619,3.4460266,Endothelial,DVT
1.5461533,-3.4659212,Fibroblast,DVT
3.7352593,-4.043788,Fibroblast,DVT
-5.924452,11.838951,Neutrophil,DVT
-2.8059947,7.86981,Fibroblast,DVT
1.8741077,4.7346697,Endothelial,DVT
-3.5077143,-4.304519,Fibroblast,DVT
7.182695,6.5922203,Endothelial,DVT
-9.01443,-1.0896438,VSMC,DVT
-2.2749333,-2.2720356,Fibroblast,DVT
-0.6746193,9.083543,Monocyte,DVT
3.2284951,-0.6574132,Fibroblast,DVT
-1.7790473,-4.62828,Fibroblast,DVT
1.6836207,6.5424747,B_cell,DVT
-6.392613,12.456142,Neutrophil,DVT
-2.0657222,15.118232,Fibroblast,DVT
2.1898208,-0.036821082,Fibroblast,DVT
-5.8200607,13.084516,Neutrophil,DVT
-3.5543094,10.311841,Monocyte,DVT
-3.1323915,-3.075653,Fibroblast,DVT
-3.3158488,9.727149,Monocyte,DVT
2.7415755,0.028028851,Fibroblast,DVT
-1.5786918,7.6001086,Fibroblast,DVT
-1.3405741,-4.6186323,Fibroblast,DVT
2.1426015,0.029769372,Fibroblast,DVT
5.9341226,11.880873,B_cell,DVT
2.9856753,-0.8201992,Fibroblast,DVT
-2.0864508,15.501366,Fibroblast,DVT
3.681889,20.385164,Fibroblast,DVT
-2.957361,-4.543036,Fibroblast,DVT
-1.3415239,-2.337755,Fibroblast,DVT
-3.6408353,-3.2132342,Fibroblast,DVT
-2.0802724,7.9991584,Monocyte,DVT
-6.065914,7.2003903,Macrophage,DVT
-3.0643537,-2.2450836,Fibroblast,DVT
7.8888164,6.2009172,Endothelial,DVT
0.80575454,-6.4969354,Fibroblast,DVT
-4.555079,10.088391,Macrophage,DVT
-8.985065,-1.3096814,VSMC,DVT
-5.307818,11.73646,Neutrophil,DVT
-5.4985065,8.010252,Macrophage,DVT
5.8739576,6.0964904,Endothelial,DVT
-11.313602,5.101864,Fibroblast,DVT
0.70771456,-3.6413682,Fibroblast,DVT
-0.110658616,8.217347,Monocyte,DVT
-5.9179273,8.380707,Macrophage,DVT
3.8154755,-3.9746246,Fibroblast,DVT
-1.0774547,14.504276,Fibroblast,DVT
-3.8055153,9.01928,Monocyte,DVT
-6.557509,-0.23233591,VSMC,DVT
-2.017951,-5.596551,Fibroblast,DVT
-5.9806356,12.98371,Neutrophil,DVT
1.8731035,4.698447,Endothelial,DVT
-2.920262,7.638638,Fibroblast,DVT
6.233465,12.115782,B_cell,DVT
-1.1170162,8.629343,Monocyte,DVT
3.4151893,-4.3010163,Fibroblast,DVT
-3.3328907,-3.8961053,Fibroblast,DVT
2.2606707,7.4921546,Fibroblast,DVT
2.557268,-6.287149,Fibroblast,DVT
3.582412,4.8855286,Endothelial,DVT
-4.5401206,11.869532,Neutrophil,DVT
-3.265039,5.3390145,Fibroblast,DVT
3.022918,-0.13633142,Fibroblast,DVT
3.9931848,0.7279017,Fibroblast,DVT
-2.1960802,15.527755,Fibroblast,DVT
-0.8770304,14.208313,Fibroblast,DVT
-8.366863,-1.1537052,VSMC,DVT
-1.5293574,15.645058,Fibroblast,DVT
-5.6054745,12.070684,Neutrophil,DVT
-5.09108,6.498285,Fibroblast,DVT
-1.9029671,14.824455,Fibroblast,DVT
-1.4653964,-2.7294226,Fibroblast,DVT
-5.684016,5.92598,Fibroblast,DVT
-1.9315217,-1.762219,Fibroblast,DVT
-3.8465033,6.9702816,Fibroblast,DVT
2.8295887,-0.42084047,Fibroblast,DVT
-3.4533045,-1.6696472,Fibroblast,DVT
-1.1069673,-5.568701,Fibroblast,DVT
-1.989738,15.493956,Fibroblast,DVT
-2.8914604,-4.2318826,Fibroblast,DVT
-0.425102,-4.835459,Fibroblast,DVT
2.9830153,16.52095,Fibroblast,DVT
0.4603142,14.989922,Fibroblast,DVT
0.92805475,-2.208583,Fibroblast,DVT
2.6691234,0.5089689,Fibroblast,DVT
-1.7280415,6.49972,Fibroblast,DVT
-6.156524,6.56609,Macrophage,DVT
-2.0405548,-3.4806228,Fibroblast,DVT
-0.35938424,7.1357527,Fibroblast,DVT
-10.860136,5.379735,Fibroblast,DVT
-2.6934342,-3.8269534,Fibroblast,DVT
-4.9461727,7.500056,Macrophage,DVT
14.750093,7.9285245,Fibroblast,DVT
-1.1804843,-3.6323907,Fibroblast,DVT
2.6160154,8.371252,Fibroblast,DVT
-11.022197,4.623377,Fibroblast,DVT
6.196621,11.930109,B_cell,DVT
-7.371247,1.1844983,VSMC,DVT
-0.48873577,-5.0711937,Fibroblast,DVT
-4.5385265,8.050386,Macrophage,DVT
5.9938774,11.616628,B_cell,DVT
-4.5779195,11.728896,Neutrophil,DVT
3.6500328,0.03462195,Fibroblast,DVT
-7.65063,-1.3405001,VSMC,DVT
-1.3891313,0.1152006,Fibroblast,DVT
-3.2262075,-2.1127028,Fibroblast,DVT
2.126443,-3.5571816,Fibroblast,DVT
-2.401342,-4.840446,Fibroblast,DVT
-6.1275597,7.7725687,Macrophage,DVT
-0.8950559,-4.3664103,Fibroblast,DVT
-1.5560505,14.05546,Fibroblast,DVT
2.7723022,-4.1233745,Fibroblast,DVT
-5.981859,7.342255,Macrophage,DVT
-7.362335,-0.77146196,VSMC,DVT
-6.5874786,-0.520494,VSMC,DVT
-0.9904307,8.195733,Monocyte,DVT
-0.60306764,-3.1862936,Fibroblast,DVT
5.363379,10.189579,B_cell,DVT
1.2195349,-4.2215652,Fibroblast,DVT
1.1651413,-2.7457142,Fibroblast,DVT
2.742019,6.447085,Fibroblast,DVT
-3.3283732,-5.130712,Fibroblast,DVT
5.7218437,12.244655,B_cell,DVT
-6.592863,-0.97955054,VSMC,DVT
-5.1205835,-1.1993618,Fibroblast,DVT
-1.8555862,16.049551,Fibroblast,DVT
-1.8683801,7.519449,Endothelial,DVT
-3.4915705,-1.4239819,Fibroblast,DVT
2.1177902,-4.497321,Fibroblast,DVT
7.4242377,4.4428034,Endothelial,DVT
-2.3348913,7.2493057,Fibroblast,DVT
1.0886577,0.50496733,Fibroblast,DVT
-5.016656,10.12121,Macrophage,DVT
-5.6176553,12.098283,Neutrophil,DVT
-1.1432863,-3.0422385,Fibroblast,DVT
0.08307436,-3.5049534,Fibroblast,DVT
3.779163,-4.136773,Fibroblast,DVT
-1.5176095,14.052926,Fibroblast,DVT
-1.6418052,12.609219,Fibroblast,DVT
0.83650166,-4.047714,Fibroblast,DVT
-3.9180942,5.4727454,Fibroblast,DVT
-3.0465405,-2.9890857,Fibroblast,DVT
-6.7130656,0.98080677,VSMC,DVT
-2.2902446,15.411073,Fibroblast,DVT
-2.8359053,-2.7686923,Fibroblast,DVT
-11.055063,5.634936,Fibroblast,DVT
-2.6447494,8.563739,Monocyte,DVT
-3.6361997,-4.4327903,Fibroblast,DVT
-1.1851771,8.616525,Monocyte,DVT
-3.4384937,5.88912,Fibroblast,DVT
-8.526758,-1.8681746,VSMC,DVT
0.49784517,-3.3946106,Fibroblast,DVT
2.0760682,4.715748,Endothelial,DVT
-4.9250956,11.903882,Neutrophil,DVT
3.303433,3.8270848,Endothelial,DVT
7.1531377,6.0781665,Endothelial,DVT
-1.3943262,-0.03759018,Fibroblast,DVT
2.7576644,-0.059361737,Fibroblast,DVT
-2.0644844,-4.9494395,Fibroblast,DVT
-1.2705829,8.954578,Monocyte,DVT
-4.128633,-3.8197417,Fibroblast,DVT
-5.69954,6.4984603,Fibroblast,DVT
-0.33528358,3.0337262,Endothelial,DVT
0.926605,12.1548195,Fibroblast,DVT
-6.3627024,-1.2832531,VSMC,DVT
-5.8582425,10.96476,Neutrophil,DVT
-4.285679,6.3444395,Fibroblast,DVT
2.3685756,15.749447,Fibroblast,DVT
-3.0128171,8.709351,Monocyte,DVT
1.1392299,14.017413,Fibroblast,DVT
2.1713428,7.1746664,B_cell,DVT
-5.982716,5.1538815,Fibroblast,DVT
-0.013049897,-6.3122716,Fibroblast,DVT
-3.7036743,-1.4690787,Fibroblast,DVT
-5.7262845,7.7012987,Macrophage,DVT
-3.8283327,-2.4619513,Fibroblast,DVT
-0.77500147,14.695577,Fibroblast,DVT
6.703086,6.073113,Endothelial,DVT
2.1726975,8.700885,Fibroblast,DVT
-3.868952,-4.164243,Fibroblast,DVT
3.7391655,-4.1273203,Fibroblast,DVT
-0.18345271,2.7812095,Endothelial,DVT
-6.0935397,-0.97101957,VSMC,DVT
-0.32285136,-4.046453,Fibroblast,DVT
1.0434234,-0.8723924,Fibroblast,DVT
-4.8007426,10.930743,Neutrophil,DVT
-6.568499,0.82898664,VSMC,DVT
-1.3455054,-4.9078717,Fibroblast,DVT
0.3470861,-1.0016277,Fibroblast,DVT
-3.375604,-2.1663928,Fibroblast,DVT
1.9448324,-3.2110908,Fibroblast,DVT
-1.7370244,-4.6061764,Fibroblast,DVT
-5.2104583,7.7604146,Macrophage,DVT
-6.0940948,6.791538,Macrophage,DVT
-4.149764,6.543278,Fibroblast,DVT
0.3318098,-1.9249351,Fibroblast,DVT
-2.1422772,-1.2117084,Fibroblast,DVT
1.9909106,-3.9412553,Fibroblast,DVT
-1.2276131,-4.3066983,Fibroblast,DVT
7.966608,5.7246647,Endothelial,DVT
-2.3820167,8.656873,Monocyte,DVT
-5.7766733,8.436777,Macrophage,DVT
2.5039887,-3.7194886,Fibroblast,DVT
-1.6729198,-4.932127,Fibroblast,DVT
5.8933144,6.017624,Endothelial,DVT
-7.079278,-1.6884078,VSMC,DVT
-6.7061114,1.2351692,VSMC,DVT
-0.83137673,15.832725,Fibroblast,DVT
-4.3969965,9.161464,Macrophage,DVT
-0.097567,14.47803,Fibroblast,DVT
-1.4895028,-3.880128,Fibroblast,DVT
-2.9023895,-5.848188,Fibroblast,DVT
-5.25858,6.002382,Fibroblast,DVT
2.0543041,0.0033923888,Fibroblast,DVT
-1.7284302,-5.226954,Fibroblast,DVT
-0.67441106,3.1183794,Endothelial,DVT
0.6991027,-2.4182935,Fibroblast,DVT
4.5472364,-4.274538,Fibroblast,DVT
-3.3630552,8.893597,Monocyte,DVT
2.4341676,7.1635423,Fibroblast,DVT
-6.1891303,6.7717714,Macrophage,DVT
-0.4127391,-2.1427507,Fibroblast,DVT
-8.117199,-0.562668,VSMC,DVT
6.0771513,5.57206,Endothelial,DVT
8.22783,5.281202,Endothelial,DVT
-2.396308,-3.9054134,Fibroblast,DVT
-3.921382,8.45067,Monocyte,DVT
-2.617538,-1.9994644,Fibroblast,DVT
-3.6590998,5.537583,Fibroblast,DVT
0.5661096,-3.346001,Fibroblast,DVT
-2.9671524,-2.611952,Fibroblast,DVT
3.879233,-4.1125727,Fibroblast,DVT
-1.3876458,15.0245905,Fibroblast,DVT
-3.8541071,9.202173,Monocyte,DVT
-3.818774,9.578788,Monocyte,DVT
-5.419517,11.906249,Neutrophil,DVT
7.3728976,1.9783204,Endothelial,DVT
0.82280433,-2.9820833,Fibroblast,DVT
-2.5298872,-2.7507472,Fibroblast,DVT
3.275291,-5.051618,Fibroblast,DVT
0.89890295,15.479288,Fibroblast,DVT
-3.1285336,9.499889,Monocyte,DVT
-4.333327,-4.408763,Fibroblast,DVT
-2.5835352,-3.001092,Fibroblast,DVT
0.059081126,-2.623454,Fibroblast,DVT
3.872795,-4.079337,Fibroblast,DVT
-3.7637763,9.808626,Monocyte,DVT
1.8545161,6.7878404,B_cell,DVT
-2.263063,-4.9481497,Fibroblast,DVT
-4.817316,8.630679,Macrophage,DVT
-2.7584705,9.858788,Monocyte,DVT
2.0503807,-3.849849,Fibroblast,DVT
0.70727193,-3.123497,Fibroblast,DVT
1.8712739,13.16921,Fibroblast,DVT
-0.30680355,-5.849557,Fibroblast,DVT
6.098821,12.316344,B_cell,DVT
1.2714957,-2.5914779,Fibroblast,DVT
1.6577107,-3.4249303,Fibroblast,DVT
-5.996501,5.8822436,Fibroblast,DVT
3.9639606,20.68075,Fibroblast,DVT
2.607782,0.6382728,Fibroblast,DVT
-5.057708,7.8814545,Macrophage,DVT
2.3303666,0.7941135,Fibroblast,DVT
6.2446594,11.109537,B_cell,DVT
-0.95670724,-4.102949,Fibroblast,DVT
-2.938242,-3.6635537,Fibroblast,DVT
-1.0885707,8.737466,Monocyte,DVT
5.5679107,11.162428,B_cell,DVT
-2.0588114,-5.4797096,Fibroblast,DVT
1.3087798,12.631272,Fibroblast,DVT
1.3893484,1.5619576,Fibroblast,DVT
-3.0151865,-1.9425342,Fibroblast,DVT
-2.4869316,-3.2936037,Fibroblast,DVT
3.1519344,4.064768,Endothelial,DVT
-5.9845047,-1.3864594,VSMC,DVT
-3.5724428,-2.8563762,Fibroblast,DVT
-3.4232547,9.4123335,Monocyte,DVT
-8.700158,-1.8423486,VSMC,DVT
2.3968816,16.03846,Fibroblast,DVT
-2.3524792,5.139606,Fibroblast,DVT
-4.8538303,6.325124,Fibroblast,DVT
-11.788098,0.36200464,Erythrocyte,DVT
-4.378861,12.262012,Neutrophil,DVT
1.0774355,14.530375,Fibroblast,DVT
-3.0543659,-4.839357,Fibroblast,DVT
-5.680507,13.037868,Neutrophil,DVT
-0.7386516,15.717214,Fibroblast,DVT
-1.1978136,-2.7628572,Fibroblast,DVT
-5.5118065,6.46284,Fibroblast,DVT
-2.5325162,5.890778,Fibroblast,DVT
-9.699391,3.9746325,Fibroblast,DVT
-6.046458,-0.74467665,VSMC,DVT
-0.76362896,-2.7477803,Fibroblast,DVT
-6.1240144,7.8916407,Macrophage,DVT
-1.8111682,-6.0374403,Fibroblast,DVT
-0.21705851,-4.1212206,Fibroblast,DVT
-1.2820024,-5.3388906,Fibroblast,DVT
5.8881416,11.329906,B_cell,DVT
7.185615,6.777608,Endothelial,DVT
-1.1137265,3.4265823,Endothelial,DVT
-5.1969495,8.232982,Macrophage,DVT
-3.418188,-5.3184557,Fibroblast,DVT
0.34199694,2.4992723,Endothelial,DVT
-0.93525773,8.334661,Monocyte,DVT
3.335079,0.14933118,Fibroblast,DVT
0.74196625,-4.023359,Fibroblast,DVT
7.5786223,5.1608157,Endothelial,DVT
-2.1317327,14.945602,Fibroblast,DVT
-2.7116506,4.683965,Fibroblast,DVT
-2.8824337,-3.6884875,Fibroblast,DVT
3.6831257,0.42405123,Fibroblast,DVT
-3.6892796,-4.4347215,Fibroblast,DVT
-3.3262,-2.6145587,Fibroblast,DVT
-5.571721,12.0572815,Neutrophil,DVT
0.4611941,2.5430763,Endothelial,DVT
-1.8328185,-2.8955538,Fibroblast,DVT
-1.3404727,-2.8000767,Fibroblast,DVT
1.6701128,-4.5216937,Fibroblast,DVT
-3.0459878,-5.433268,Fibroblast,DVT
-0.72527945,8.959129,Monocyte,DVT
5.4795847,10.807696,B_cell,DVT
-1.4556597,-3.5338504,Fibroblast,DVT
0.30926937,13.108015,Fibroblast,DVT
-3.1481137,10.073596,Monocyte,DVT
1.1369002,-4.9856377,Fibroblast,DVT
7.6375556,5.3563886,Endothelial,DVT
-1.856444,8.420224,Monocyte,DVT
6.0961885,6.0726876,Endothelial,DVT
2.4340124,16.13703,Fibroblast,DVT
-0.7814929,-5.2251573,Fibroblast,DVT
-1.4063545,-5.8724947,Fibroblast,DVT
1.2439475,2.494211,Endothelial,DVT
-5.033043,7.083744,Macrophage,DVT
6.029593,11.230268,B_cell,DVT
-2.1139007,14.965494,Fibroblast,DVT
-0.375661,-4.591122,Fibroblast,DVT
0.69596875,-4.35091,Fibroblast,DVT
-5.6583395,11.513543,Neutrophil,DVT
0.7674093,12.100625,Fibroblast,DVT
0.038063165,-2.6042805,Fibroblast,DVT
6.0090256,12.161635,B_cell,DVT
0.30481595,-4.4672647,Fibroblast,DVT
-4.5443816,12.430705,Neutrophil,DVT
-0.4018087,-4.5168667,Fibroblast,DVT
-5.31659,-1.5417943,VSMC,DVT
-4.872538,12.78197,Neutrophil,DVT
-3.129996,6.969829,Fibroblast,DVT
-8.663598,-1.8389939,VSMC,DVT
1.7655609,12.670988,Fibroblast,DVT
-1.5909568,15.434544,Fibroblast,DVT
-2.7071524,-2.8180654,Fibroblast,DVT
-2.8138747,4.7573395,Fibroblast,DVT
-1.6242069,12.748466,Fibroblast,DVT
-3.0310788,5.9913645,Fibroblast,DVT
-0.48083147,-4.8989587,Fibroblast,DVT
2.3087308,8.768158,Fibroblast,DVT
5.599137,12.366099,B_cell,DVT
-7.1224093,-1.6616185,VSMC,DVT
-2.4046555,-3.4192767,Fibroblast,DVT
-5.4564524,7.8606296,Macrophage,DVT
-3.3793037,9.892667,Monocyte,DVT
-0.028648091,-3.2558517,Fibroblast,DVT
-2.1075447,-3.203562,Fibroblast,DVT
-1.6541157,15.969637,Fibroblast,DVT
-7.7823915,-0.511413,VSMC,DVT
6.091025,11.762903,B_cell,DVT
-1.9532819,-6.0210643,Fibroblast,DVT
3.0008554,-3.7812083,Fibroblast,DVT
-7.4789066,-1.3068818,VSMC,DVT
-1.0584623,3.3831878,Endothelial,DVT
-2.21544,-6.01077,Fibroblast,DVT
-2.002273,-2.32733,Fibroblast,DVT
-3.2248852,-1.9049444,Fibroblast,DVT
0.5995434,15.298018,Fibroblast,DVT
-1.8118728,-4.4492993,Fibroblast,DVT
-0.9143269,15.947919,Fibroblast,DVT
-3.6738834,6.9715433,Macrophage,DVT
-3.954281,6.9566054,Macrophage,DVT
6.147458,6.309287,Endothelial,DVT
1.9841025,13.232763,Fibroblast,DVT
-2.9206524,-2.18412,Fibroblast,DVT
-0.76647633,9.122956,Monocyte,DVT
-5.587001,12.883786,Neutrophil,DVT
4.2881136,5.446398,Endothelial,DVT
1.8036412,6.8190074,B_cell,DVT
-2.4945905,-5.656669,Fibroblast,DVT
-2.1300342,8.197756,Monocyte,DVT
-1.7945358,-5.6921883,Fibroblast,DVT
2.8307426,-5.9311047,Fibroblast,DVT
-2.4618475,-3.095424,Fibroblast,DVT
1.9173515,6.8249316,B_cell,DVT
-3.4111922,8.518492,Monocyte,DVT
0.31588078,-6.007339,Fibroblast,DVT
-3.6552935,6.0820966,Fibroblast,DVT
-1.3916527,-1.6279281,Fibroblast,DVT
0.119844526,-5.3469186,Fibroblast,DVT
-4.8125367,10.202711,Macrophage,DVT
-5.7723866,7.0784802,Macrophage,DVT
-1.5426346,-3.1700947,Fibroblast,DVT
-1.1547297,-2.4194837,Fibroblast,DVT
-6.207223,1.5478908,VSMC,DVT
4.2246013,5.072882,Endothelial,DVT
-0.1482649,-5.176167,Fibroblast,DVT
4.9289985,4.7899566,Endothelial,DVT
0.32151887,-2.5967238,Fibroblast,DVT
1.9379953,4.6442323,Endothelial,DVT
-6.7180095,-0.75644636,VSMC,DVT
6.177095,12.075329,B_cell,DVT
-5.8795342,8.383008,Macrophage,DVT
-0.68107516,3.264707,Endothelial,DVT
-1.6075951,-3.178357,Fibroblast,DVT
-2.014545,-4.3206716,Fibroblast,DVT
7.7694435,6.018429,Endothelial,DVT
0.7836044,14.014404,Fibroblast,DVT
-3.122391,9.4572115,Monocyte,DVT
1.9941727,9.050581,Fibroblast,DVT
-1.7716823,15.423219,Fibroblast,DVT
-7.1962285,-1.833961,VSMC,DVT
-4.3101726,9.205543,Macrophage,DVT
-1.447188,15.768122,Fibroblast,DVT
-2.024555,-2.1980045,Fibroblast,DVT
-2.575266,-4.8585243,Fibroblast,DVT
-2.5885992,-0.6899803,Fibroblast,DVT
0.6315185,-0.89433634,Fibroblast,DVT
-1.8111227,8.3193865,Monocyte,DVT
2.6782234,16.362759,Fibroblast,DVT
-2.3679342,-3.474612,Fibroblast,DVT
-2.0677977,8.313969,Monocyte,DVT
-1.2983798,-4.8525324,Fibroblast,DVT
1.2015584,13.445209,Fibroblast,DVT
6.0705085,11.529077,B_cell,DVT
-7.3931446,-1.6152581,VSMC,DVT
-4.9750004,12.735979,Neutrophil,DVT
-3.0955968,8.200127,Fibroblast,DVT
1.5107768,1.5709977,Fibroblast,DVT
3.2145913,-0.2671343,Fibroblast,DVT
-0.14637893,-1.4202727,Fibroblast,DVT
0.9538256,14.92596,Fibroblast,DVT
0.011052498,-6.241041,Fibroblast,DVT
-3.4956257,10.0976305,Monocyte,DVT
-6.5484734,0.35787857,VSMC,DVT
-3.698671,-2.538509,Fibroblast,DVT
-0.27843636,15.596843,Fibroblast,DVT
2.1312227,-3.956755,Fibroblast,DVT
-3.1915164,-1.7096499,Fibroblast,DVT
3.01938,0.047027867,Fibroblast,DVT
1.1174245,12.109452,Fibroblast,DVT
-3.8662066,10.061941,Monocyte,DVT
-1.4269031,9.92461,Monocyte,DVT
-6.7463775,0.9570767,VSMC,DVT
-5.9805746,12.068485,Neutrophil,DVT
-0.018316066,-4.665934,Fibroblast,DVT
2.1211,12.69836,Fibroblast,DVT
2.115743,-4.4021263,Fibroblast,DVT
6.643955,6.217706,Endothelial,DVT
1.2193046,-2.4875312,Fibroblast,DVT
-0.7852387,-3.7965784,Fibroblast,DVT
-8.385351,-1.3249462,VSMC,DVT
1.3088232,13.14574,Fibroblast,DVT
0.6117279,2.5625887,Endothelial,DVT
-2.4494877,-4.621163,Fibroblast,DVT
-8.666958,-1.7011417,VSMC,DVT
-2.8087635,4.5665956,Fibroblast,DVT
1.9030848,-4.4474864,Fibroblast,DVT
-5.220014,6.2883368,Fibroblast,DVT
-3.1278353,-5.4134545,Fibroblast,DVT
-5.824047,6.0821037,Fibroblast,DVT
-3.1950228,9.333351,Monocyte,DVT
-2.4487903,-5.690289,Fibroblast,DVT
-6.6023016,12.663085,Neutrophil,DVT
-0.06634316,-1.9640366,Fibroblast,DVT
5.3700614,5.362191,Endothelial,DVT
-3.485664,9.545511,Monocyte,DVT
-2.1946487,-3.6159499,Fibroblast,DVT
-8.5874,-0.9112794,VSMC,DVT
6.636856,6.002354,Endothelial,DVT
-4.9128623,6.956933,Fibroblast,DVT
-5.4306993,6.0497475,Fibroblast,DVT
1.4722719,-2.6015704,Fibroblast,DVT
-5.435353,5.646163,Fibroblast,DVT
3.0180354,-0.3826978,Fibroblast,DVT
-1.150291,-2.75086,Fibroblast,DVT
1.9795153,9.153924,Fibroblast,DVT
1.3739632,12.557248,Fibroblast,DVT
7.8106275,6.2111588,Endothelial,DVT
0.31441268,14.873925,Fibroblast,DVT
2.142775,16.255766,Fibroblast,DVT
-1.2894644,8.995631,Monocyte,DVT
0.9147892,-3.468836,Fibroblast,DVT
-4.4873815,8.024028,Macrophage,DVT
-1.8592429,15.569507,Fibroblast,DVT
-5.7688975,12.277763,Neutrophil,DVT
2.8890555,16.532,Fibroblast,DVT
-1.5823672,-4.3801284,Fibroblast,DVT
-1.2784972,15.720338,Fibroblast,DVT
-5.2806687,12.18456,Neutrophil,DVT
6.1553087,11.888033,B_cell,DVT
0.41045323,-3.0853379,Fibroblast,DVT
-0.5373527,-5.9521127,Fibroblast,DVT
-7.513535,-1.0119821,VSMC,DVT
-5.882152,12.767,Neutrophil,DVT
7.6578445,6.272823,Endothelial,DVT
-7.2833805,0.38069034,VSMC,DVT
7.1650167,5.9652643,Endothelial,DVT
-3.8257837,10.259547,Monocyte,DVT
-4.117099,7.257029,Macrophage,DVT
-2.0333686,15.411634,Fibroblast,DVT
-0.30739474,2.806011,Endothelial,DVT
-1.1962216,-6.5777636,Fibroblast,DVT
7.7812467,6.27258,Endothelial,DVT
-0.6844081,14.583375,Fibroblast,DVT
-8.212904,-1.0841244,VSMC,DVT
-2.127048,-3.813407,Fibroblast,DVT
-4.3527594,6.3396974,Fibroblast,DVT
-2.7215266,-4.3675833,Fibroblast,DVT
-3.3119125,-3.0903955,Fibroblast,DVT
4.170844,4.5492425,Endothelial,DVT
-6.4059343,12.41609,Neutrophil,DVT
1.427117,1.6012465,Fibroblast,DVT
-7.4342923,1.0448122,VSMC,DVT
-0.8342255,15.752207,Fibroblast,DVT
2.213424,8.9055605,Fibroblast,DVT
-1.2234558,-5.4413586,Fibroblast,DVT
-1.66223,14.177967,Fibroblast,DVT
-2.6673505,-3.2095032,Fibroblast,DVT
-5.8411155,5.891487,Fibroblast,DVT
5.299176,6.0589514,Endothelial,DVT
-1.4296069,-2.1606786,Fibroblast,DVT
-0.25484145,15.363012,Fibroblast,DVT
-0.013887099,8.148634,Monocyte,DVT
-1.689298,7.1453505,Fibroblast,DVT
1.0433855,-6.2050037,Fibroblast,DVT
-2.3750942,-2.5796907,Fibroblast,DVT
-10.878911,5.478507,Fibroblast,DVT
-0.9239421,14.153511,Fibroblast,DVT
2.6442304,4.6438966,Endothelial,DVT
-3.0958724,9.33126,Monocyte,DVT
-2.8932939,-5.476627,Fibroblast,DVT
-3.35281,9.30726,Monocyte,DVT
-6.435875,13.246161,Neutrophil,DVT
-10.923242,4.2922645,Fibroblast,DVT
7.496928,5.176028,Endothelial,DVT
-1.5742232,15.534694,Fibroblast,DVT
-3.0622838,8.229169,Endothelial,DVT
-2.5518045,5.102916,Fibroblast,DVT
-2.2194226,7.1084104,Fibroblast,DVT
-0.992542,-4.188799,Fibroblast,DVT
-7.572586,-1.5161072,VSMC,DVT
6.3123007,5.894969,Endothelial,DVT
2.092538,9.022869,Fibroblast,DVT
2.617133,16.360037,Fibroblast,DVT
0.45849273,-2.9435966,Fibroblast,DVT
-1.233617,-2.2385612,Fibroblast,DVT
2.777507,0.103819236,Fibroblast,DVT
3.8175151,-4.2281923,Fibroblast,DVT
0.3576346,-5.4749565,Fibroblast,DVT
-4.206094,-4.3863897,Fibroblast,DVT
-7.8772736,-1.0960449,VSMC,DVT
3.3215468,0.09939228,Fibroblast,DVT
-1.2101581,9.064262,Monocyte,DVT
1.8554914,6.711282,B_cell,DVT
-1.2437211,15.628325,Fibroblast,DVT
5.230752,10.606101,B_cell,DVT
0.22727257,-3.5940776,Fibroblast,DVT
6.0848713,11.558654,B_cell,DVT
-0.40464526,7.0530667,Fibroblast,DVT
-0.3604957,-4.0388336,Fibroblast,DVT
0.7822978,15.26601,Fibroblast,DVT
-0.6807165,8.538241,Monocyte,DVT
-0.17656599,2.7586048,Endothelial,DVT
2.8390768,16.462132,Fibroblast,DVT
4.5910835,5.2551994,Endothelial,DVT
-2.6690035,-4.7228565,Fibroblast,DVT
-1.9789233,8.263831,Monocyte,DVT
7.2939296,0.79528177,Endothelial,DVT
-0.22724172,15.981197,Fibroblast,DVT
-5.0324125,6.693615,Fibroblast,DVT
-0.7048801,3.031987,Endothelial,DVT
7.0236816,6.5330048,Endothelial,DVT
6.1223273,4.7619247,Endothelial,DVT
-1.7018096,15.951621,Fibroblast,DVT
-2.8204052,6.5909944,Fibroblast,DVT
3.7611024,4.658979,Endothelial,DVT
-0.2868541,-5.190323,Fibroblast,DVT
0.29844737,15.735463,Fibroblast,DVT
-0.7624148,-2.970843,Fibroblast,DVT
-2.1871881,15.461649,Fibroblast,DVT
6.1882153,12.133234,B_cell,DVT
1.0587635,12.070579,Fibroblast,DVT
-2.9875958,-2.1527479,Fibroblast,DVT
2.8959045,7.7453165,Fibroblast,DVT
2.0134468,-4.1236873,Fibroblast,DVT
-5.8294983,5.7298293,Fibroblast,DVT
-3.6612403,-4.938296,Fibroblast,DVT
-2.8497941,-4.3720922,Fibroblast,DVT
-7.000522,13.052624,Neutrophil,DVT
-3.2924569,8.720498,Monocyte,DVT
0.20976545,-6.016148,Fibroblast,DVT
7.9821935,6.0819297,Endothelial,DVT
14.640893,7.8367224,Fibroblast,DVT
-11.76994,5.6690936,Fibroblast,DVT
-2.6004086,8.522355,Monocyte,DVT
-0.055639442,-2.7537622,Fibroblast,DVT
-0.07835809,13.968048,Fibroblast,DVT
-3.307289,-5.111006,Fibroblast,DVT
0.5511458,-2.9248383,Fibroblast,DVT
-7.1278405,-1.261271,VSMC,DVT
3.6337745,20.330559,Fibroblast,DVT
0.8993954,-2.8750021,Fibroblast,DVT
-4.505449,9.573352,Macrophage,DVT
-3.3061771,9.815739,Monocyte,DVT
1.5640073,16.054092,Fibroblast,DVT
-6.8284936,12.266613,Neutrophil,DVT
-3.5361488,6.774226,Fibroblast,DVT
-4.285258,6.812639,Fibroblast,DVT
-3.6900797,9.547681,Monocyte,DVT
1.2001492,-2.8664484,Fibroblast,DVT
7.824211,6.4810605,Endothelial,DVT
1.2357289,-2.3162496,Fibroblast,DVT
-10.653854,5.4127197,Fibroblast,DVT
-0.7355447,-3.5785873,Fibroblast,DVT
-5.9800878,5.584864,Fibroblast,DVT
-3.969373,9.78341,Monocyte,DVT
-5.997481,5.371115,Fibroblast,DVT
0.04784044,-3.688123,Fibroblast,DVT
-7.379047,-1.7610227,VSMC,DVT
3.4338505,5.1593904,Endothelial,DVT
-5.784827,-1.3641013,VSMC,DVT
-6.048276,6.697085,Macrophage,DVT
0.9656955,0.18670161,Fibroblast,DVT
1.8598503,6.8169823,B_cell,DVT
-1.0141913,-2.9456718,Fibroblast,DVT
7.9485474,5.7263236,Endothelial,DVT
1.8179053,-4.4404883,Fibroblast,DVT
-3.500119,10.357324,Monocyte,DVT
5.8560743,11.259439,B_cell,DVT
-3.1965806,-1.8101159,Fibroblast,DVT
-0.86077064,8.894618,Monocyte,DVT
-5.0069027,6.031059,Fibroblast,DVT
-2.0627444,15.48962,Fibroblast,DVT
-3.651264,-4.3552227,Fibroblast,DVT
-7.8887625,-1.6221982,VSMC,DVT
-1.4438314,-3.747866,Fibroblast,DVT
6.6339865,5.327222,Endothelial,DVT
-7.034613,-1.6425084,VSMC,DVT
1.9915715,-3.2035427,Fibroblast,DVT
-7.1248484,-1.7476122,VSMC,DVT
1.3298177,-2.9016302,Fibroblast,DVT
2.1054058,-3.5923696,Fibroblast,DVT
5.887876,11.235391,B_cell,DVT
-1.524783,15.5335245,Fibroblast,DVT
0.89408547,-3.0420814,Fibroblast,DVT
-0.6572758,-4.7334604,Fibroblast,DVT
6.563306,6.3490453,Endothelial,DVT
-0.03251793,13.829654,Fibroblast,DVT
-2.1149163,8.032699,Monocyte,DVT
-0.37085894,-1.5787047,Fibroblast,DVT
0.83134484,-2.3816884,Fibroblast,DVT
-1.1903056,-4.585931,Fibroblast,DVT
2.3936408,-3.5842698,Fibroblast,DVT
-2.2888167,-4.032572,Fibroblast,DVT
-4.880047,5.8783927,Fibroblast,DVT
-0.53805006,-2.0554187,Fibroblast,DVT
-2.1660814,-5.442056,Fibroblast,DVT
-6.0595155,5.9335995,Fibroblast,DVT
-5.5847173,13.048903,Neutrophil,DVT
-1.1296276,-3.5378335,Fibroblast,DVT
7.570192,6.7318864,Endothelial,DVT
3.8286152,3.712709,Endothelial,DVT
-3.2802403,-1.6895576,Fibroblast,DVT
-1.6763765,-1.3408486,Fibroblast,DVT
-0.82667387,-6.434767,Fibroblast,DVT
-2.9954765,-2.3864834,Fibroblast,DVT
-2.6508045,8.545469,Monocyte,DVT
4.9832554,4.6470566,Endothelial,DVT
2.8312135,0.29461893,Fibroblast,DVT
-4.6037393,8.6877985,Macrophage,DVT
-6.214657,12.156303,Neutrophil,DVT
5.8283052,5.785031,Endothelial,DVT
-1.228981,-5.765616,Fibroblast,DVT
-3.661451,6.0643983,Fibroblast,DVT
-3.1545465,-4.184819,Fibroblast,DVT
-3.1336288,-5.5351386,Fibroblast,DVT
3.3492374,-0.43519044,Fibroblast,DVT
-1.2456486,-3.5900593,Fibroblast,DVT
-4.5564556,7.119273,Macrophage,DVT
-2.8126822,-4.210802,Fibroblast,DVT
-2.1501193,15.580284,Fibroblast,DVT
2.636356,-3.8891313,Fibroblast,DVT
-1.0267658,8.992722,Monocyte,DVT
-8.572681,-1.3170152,VSMC,DVT
0.47357804,15.179756,Fibroblast,DVT
-5.7846217,12.43684,Neutrophil,DVT
1.0318538,0.48554868,Fibroblast,DVT
-5.7583146,6.057573,Fibroblast,DVT
-2.1029174,7.979122,Monocyte,DVT
0.48125422,15.427755,Fibroblast,DVT
-6.345564,1.5809093,VSMC,DVT
-1.9159671,-4.538548,Fibroblast,DVT
-6.733933,-1.3171095,VSMC,DVT
-0.52852315,2.9676974,Endothelial,DVT
-6.1092443,5.5938716,Fibroblast,DVT
-6.4484057,13.247006,Neutrophil,DVT
2.9017954,16.412367,Fibroblast,DVT
-1.5716796,-1.4676808,Fibroblast,DVT
2.0885003,9.034843,Fibroblast,DVT
-7.621896,-1.3138711,VSMC,DVT
-2.3110023,5.0880504,Fibroblast,DVT
0.8904377,-2.5675693,Fibroblast,DVT
4.800343,5.9745836,Endothelial,DVT
-1.7258257,15.654911,Fibroblast,DVT
-4.867624,12.678296,Neutrophil,DVT
-0.6170064,2.7563684,Endothelial,DVT
-0.64277744,-3.8632119,Fibroblast,DVT
-5.5130844,7.9140778,Macrophage,DVT
-0.8400701,3.2267923,Endothelial,DVT
-2.5156546,-2.6226192,Fibroblast,DVT
-0.73633623,-5.917565,Fibroblast,DVT
-3.9414122,6.1639695,Fibroblast,DVT
-5.726797,12.479179,Neutrophil,DVT
-2.1824548,-4.0932794,Fibroblast,DVT
-3.648486,-2.4747472,Fibroblast,DVT
6.225505,12.44776,B_cell,DVT
2.9397256,6.4643216,Fibroblast,DVT
1.6699026,13.313837,Fibroblast,DVT
-5.7818527,8.356524,Macrophage,DVT
-0.4548013,2.598334,Endothelial,DVT
1.5002053,-2.3854873,Fibroblast,DVT
7.2808704,6.736097,Endothelial,DVT
5.6854258,11.319941,B_cell,DVT
-2.30125,-2.8463051,Fibroblast,DVT
14.59341,7.8050323,Fibroblast,DVT
-1.2424861,7.0272365,Fibroblast,DVT
-1.4313155,-0.09733943,Fibroblast,DVT
-5.9353466,5.4315333,Fibroblast,DVT
-0.99437416,-6.0529943,Fibroblast,DVT
-6.6342597,0.6176703,VSMC,DVT
-2.4907262,8.163057,Monocyte,DVT
-3.5175207,9.627436,Monocyte,DVT
-7.693848,12.264578,Neutrophil,DVT
3.9713266,20.689396,Fibroblast,DVT
-5.425862,7.7790074,Macrophage,DVT
1.7250814,15.797955,Fibroblast,DVT
-0.24821937,-4.0651927,Fibroblast,DVT
3.9121313,20.627094,Fibroblast,DVT
-0.32426527,-4.6543274,Fibroblast,DVT
-0.43575963,-3.2838924,Fibroblast,DVT
-6.036427,5.7302904,Fibroblast,DVT
-6.9658656,-1.7389685,VSMC,DVT
-0.530626,-3.936759,Fibroblast,DVT
6.019087,11.340001,B_cell,DVT
0.9467423,2.4494803,Endothelial,DVT
0.5541828,-4.8319383,Fibroblast,DVT
-10.22109,5.466715,Fibroblast,DVT
-6.868913,-1.0195452,VSMC,DVT
-1.3557628,-2.9543476,Fibroblast,DVT
-1.654505,-4.739073,Fibroblast,DVT
-2.328772,-3.7319422,Fibroblast,DVT
0.654634,14.502164,Fibroblast,DVT
14.53714,7.752067,Fibroblast,DVT
-2.2617118,7.2730055,Fibroblast,DVT
-2.972437,-4.599793,Fibroblast,DVT
4.8300414,6.076067,Endothelial,DVT
3.8601162,-4.158649,Fibroblast,DVT
5.9824605,12.4672785,B_cell,DVT
-7.0196385,0.06662323,VSMC,DVT
-2.1669605,15.617361,Fibroblast,DVT
-6.107498,7.299907,Macrophage,DVT
-3.4432626,-4.2745514,Fibroblast,DVT
-2.6001217,4.884577,Fibroblast,DVT
-1.5169786,-3.2503512,Fibroblast,DVT
2.2519264,-4.3820243,Fibroblast,DVT
4.6504655,5.86473,Endothelial,DVT
-8.737552,-1.875696,VSMC,DVT
5.9296317,11.747902,B_cell,DVT
-0.44568592,-5.044099,Fibroblast,DVT
6.059848,12.146078,B_cell,DVT
-7.257435,-1.3203462,VSMC,DVT
7.4771466,6.490378,Endothelial,DVT
0.32869488,-0.98526067,Fibroblast,DVT
1.7415851,-6.3520627,Fibroblast,DVT
-2.4946434,-4.8791275,Fibroblast,DVT
-2.4096546,5.0319386,Fibroblast,DVT
-5.3298917,8.310899,Macrophage,DVT
-11.066323,4.847335,Fibroblast,DVT
-1.7321204,15.571191,Fibroblast,DVT
-7.951325,-1.0013249,VSMC,DVT
-5.877916,8.0440855,Macrophage,DVT
-1.2151961,-5.066802,Fibroblast,DVT
-2.5773566,-3.369351,Fibroblast,DVT
-0.53581196,-3.1971023,Fibroblast,DVT
-1.7869047,14.24926,Fibroblast,DVT
-2.3283815,-5.425725,Fibroblast,DVT
-5.0837836,7.409661,Macrophage,DVT
-2.2182548,-2.8289297,Fibroblast,DVT
3.9810953,-4.2487993,Fibroblast,DVT
5.639989,10.663811,B_cell,DVT
-1.9560423,-5.1661935,Fibroblast,DVT
-0.12983301,3.0572956,Endothelial,DVT
-8.615643,-1.0436962,VSMC,DVT
-8.2162895,-1.3029357,VSMC,DVT
0.5311297,-2.65569,Fibroblast,DVT
-2.3302126,-2.8319955,Fibroblast,DVT
2.7464383,0.46570498,Fibroblast,DVT
-1.6110194,12.822169,Fibroblast,DVT
7.8552155,5.3877225,Endothelial,DVT
-2.0038567,-4.7737675,Fibroblast,DVT
3.0471172,-0.039103404,Fibroblast,DVT
1.8984674,4.705088,Endothelial,DVT
1.4016552,13.231051,Fibroblast,DVT
-2.6693735,-5.6836843,Fibroblast,DVT
-1.5144283,-3.0912046,Fibroblast,DVT
-0.85269475,-5.853083,Fibroblast,DVT
-7.0160933,12.261051,Neutrophil,DVT
-0.33072665,-3.2527366,Fibroblast,DVT
-2.8274035,8.712051,Monocyte,DVT
0.9720569,-3.5455709,Fibroblast,DVT
-0.5415723,2.7000678,Endothelial,DVT
2.9839046,-4.128231,Fibroblast,DVT
4.848259,9.141259,B_cell,DVT
0.0551883,14.524223,Fibroblast,DVT
1.3807815,11.943197,Fibroblast,DVT
5.834491,5.9254203,Endothelial,DVT
-2.4729674,-4.821438,Fibroblast,DVT
3.8853161,-4.194162,Fibroblast,DVT
-1.494691,-3.0883646,Fibroblast,DVT
-8.88196,-1.6900508,VSMC,DVT
0.92988276,-6.43735,Fibroblast,DVT
-5.482386,11.74306,Neutrophil,DVT
1.6660522,13.185684,Fibroblast,DVT
0.86096543,-3.405147,Fibroblast,DVT
0.121209785,-4.415415,Fibroblast,DVT
-2.0923119,6.238802,Fibroblast,DVT
-0.18010385,-5.496497,Fibroblast,DVT
-3.2782753,-3.7540517,Fibroblast,DVT
-6.4716873,12.5792,Neutrophil,DVT
2.6051877,0.12520705,Fibroblast,DVT
-1.7310457,15.75027,Fibroblast,DVT
0.16400255,2.6493812,Endothelial,DVT
0.3273064,-1.0268275,Fibroblast,DVT
-1.5028504,15.4959545,Fibroblast,DVT
4.937021,5.555394,Endothelial,DVT
-6.031499,6.7733865,Macrophage,DVT
-2.0828688,-5.2256756,Fibroblast,DVT
7.4883366,6.315776,Endothelial,DVT
-3.7987216,-4.5450134,Fibroblast,DVT
2.172361,-4.36123,Fibroblast,DVT
-3.0542157,-3.2016907,Fibroblast,DVT
1.2637206,-1.954688,Fibroblast,DVT
-1.886008,14.55588,Fibroblast,DVT
6.922986,5.053674,Endothelial,DVT
0.5738279,14.064921,Fibroblast,DVT
-1.2084384,-5.681205,Fibroblast,DVT
-2.1862411,14.936316,Fibroblast,DVT
0.82975554,-3.2822309,Fibroblast,DVT
2.6625793,0.4936035,Fibroblast,DVT
-7.6153183,-1.2825722,VSMC,DVT
-1.0426688,-2.261305,Fibroblast,DVT
1.4374812,-2.0876088,Fibroblast,DVT
-3.752574,9.733514,Monocyte,DVT
2.1303637,-3.5095475,Fibroblast,DVT
-1.5189685,15.741075,Fibroblast,DVT
-0.5934146,-6.4218354,Fibroblast,DVT
-1.1949086,-4.299772,Fibroblast,DVT
0.44511107,-3.2844896,Fibroblast,DVT
-2.8821259,7.68194,Fibroblast,DVT
-2.5692742,-3.0381181,Fibroblast,DVT
2.4139729,16.0702,Fibroblast,DVT
5.6744933,6.575971,Endothelial,DVT
-2.879028,-4.758001,Fibroblast,DVT
2.5485702,8.5035925,Fibroblast,DVT
5.064586,9.967117,B_cell,DVT
-3.5272048,6.0734696,Fibroblast,DVT
-0.6735229,-3.307038,Fibroblast,DVT
-7.705513,12.379843,Neutrophil,DVT
1.5879635,1.5872501,Fibroblast,DVT
-0.77650136,-4.512564,Fibroblast,DVT
-2.649817,-2.8768585,Fibroblast,DVT
-2.0403411,-6.2190275,Fibroblast,DVT
3.5864816,-4.2209163,Fibroblast,DVT
7.8073673,5.2650695,Endothelial,DVT
-4.3737392,12.302351,Neutrophil,DVT
0.29018477,-4.6808724,Fibroblast,DVT
-5.907422,7.7709494,Macrophage,DVT
-1.1083516,-3.7619262,Fibroblast,DVT
2.6658769,16.243122,Fibroblast,DVT
-5.440987,12.623318,Neutrophil,DVT
0.022297911,13.927853,Fibroblast,DVT
7.44363,6.742599,Endothelial,DVT
6.2101164,11.944288,B_cell,DVT
-1.8583632,14.697324,Fibroblast,DVT
-10.411421,5.0956564,Fibroblast,DVT
-2.0443735,-3.4529133,Fibroblast,DVT
-1.5124139,14.940877,Fibroblast,DVT
5.452496,12.01943,B_cell,DVT
2.4249704,-3.8587897,Fibroblast,DVT
2.8412037,7.76322,Fibroblast,DVT
-5.2691636,7.561209,Macrophage,DVT
-2.9398825,-4.9044027,Fibroblast,DVT
-0.69513845,-7.071482,Fibroblast,DVT
-3.376103,10.179232,Monocyte,DVT
0.6882745,15.509707,Fibroblast,DVT
1.245911,13.508046,Fibroblast,DVT
-1.5976428,-5.3893857,Fibroblast,DVT
-5.329193,0.20910239,VSMC,DVT
2.9161327,0.23611534,Fibroblast,DVT
5.9415607,10.810135,B_cell,DVT
-6.194029,1.5940692,VSMC,DVT
-2.5876026,-5.7942,Fibroblast,DVT
2.5359278,0.48250476,Fibroblast,DVT
4.2613854,5.261261,Endothelial,DVT
-4.726226,10.13364,Macrophage,DVT
-3.942877,8.95068,Monocyte,DVT
-11.613484,5.7386947,Fibroblast,DVT
6.151445,12.649376,B_cell,DVT
-0.6578358,-5.305407,Fibroblast,DVT
1.2733434,14.212183,Fibroblast,DVT
6.907754,5.554783,Endothelial,DVT
-5.521739,7.0651054,Macrophage,DVT
-6.9531436,-0.5077372,VSMC,DVT
-3.4177902,-4.3567414,Fibroblast,DVT
6.1279697,11.074839,B_cell,DVT
-4.330002,6.4843864,Fibroblast,DVT
3.3696175,0.11148564,Fibroblast,DVT
-0.56091034,-3.9445262,Fibroblast,DVT
-2.994715,-3.5781324,Fibroblast,DVT
-6.2189927,7.334468,Macrophage,DVT
6.028995,12.074279,B_cell,DVT
2.2249918,4.920376,Endothelial,DVT
3.6455219,4.8178988,Endothelial,DVT
-2.7728264,-5.5061107,Fibroblast,DVT
7.16794,5.4527283,Endothelial,DVT
-0.073374145,8.149624,Monocyte,DVT
-3.7461982,9.679878,Monocyte,DVT
-2.7352965,8.520501,Monocyte,DVT
2.347066,8.771209,Fibroblast,DVT
-0.7669815,-5.6362395,Fibroblast,DVT
-8.752129,-1.3601772,VSMC,DVT
7.8247805,6.5786,Endothelial,DVT
0.36200988,-3.9573276,Fibroblast,DVT
1.5038714,-3.9246943,Fibroblast,DVT
5.874106,5.498596,Endothelial,DVT
-0.43087694,7.1838284,Fibroblast,DVT
2.6522233,-0.16210753,Fibroblast,DVT
-5.2942815,6.5411005,Fibroblast,DVT
-1.9744668,-3.6287255,Fibroblast,DVT
-2.3933604,-1.7164613,Fibroblast,DVT
-1.6500081,-4.0911555,Fibroblast,DVT
-8.66467,-1.2443867,VSMC,DVT
7.0500617,6.6412897,Endothelial,DVT
-0.23500854,2.6527605,Endothelial,DVT
-0.54921687,-5.8097734,Fibroblast,DVT
-7.3231835,-0.6817558,VSMC,DVT
1.1509627,-2.2651474,Fibroblast,DVT
-3.1179433,-2.0202606,Fibroblast,DVT
2.8626869,4.673027,Endothelial,DVT
-0.8500729,14.447055,Fibroblast,DVT
2.0569324,9.052959,Fibroblast,DVT
0.7495481,13.081396,Fibroblast,DVT
-4.6514235,10.924983,Neutrophil,DVT
6.3024006,5.8447523,Endothelial,DVT
0.51323086,-3.5670915,Fibroblast,DVT
-2.813778,4.8877096,Fibroblast,DVT
-8.593071,-1.2725134,VSMC,DVT
-6.675392,-1.3955526,VSMC,DVT
-0.50438714,-2.6227767,Fibroblast,DVT
2.2966082,0.8846052,Fibroblast,DVT
0.18642418,-5.114871,Fibroblast,DVT
-6.0357556,5.4956512,Fibroblast,DVT
-0.23053434,-3.4578204,Fibroblast,DVT
7.5758147,5.2573767,Endothelial,DVT
-3.2589498,6.1791716,Fibroblast,DVT
3.5280848,-4.0232677,Fibroblast,DVT
-0.9119867,-2.2526119,Fibroblast,DVT
0.21230285,13.958283,Fibroblast,DVT
-1.7019467,-1.4235072,Fibroblast,DVT
2.5623777,16.328672,Fibroblast,DVT
-8.87816,-1.2379692,VSMC,DVT
-2.809232,-5.8652234,Fibroblast,DVT
-2.2115097,-6.233693,Fibroblast,DVT
-8.331028,-1.0217879,VSMC,DVT
6.073935,12.312558,B_cell,DVT
7.323885,6.387623,Endothelial,DVT
3.0248313,0.3614732,Fibroblast,DVT
-3.1785817,-3.974115,Fibroblast,DVT
6.0462813,11.356908,B_cell,DVT
6.2406006,5.4842954,Endothelial,DVT
-0.85858804,8.976239,Monocyte,DVT
-6.027614,-1.2705462,VSMC,DVT
-3.9482763,5.9703617,Fibroblast,DVT
-0.2017439,14.092417,Fibroblast,DVT
7.922482,5.372554,Endothelial,DVT
1.1027967,0.5057297,Fibroblast,DVT
-6.849621,-1.274446,VSMC,DVT
0.043584518,15.250092,Fibroblast,DVT
-2.4932423,-3.6481497,Fibroblast,DVT
-3.2777877,7.138169,Fibroblast,DVT
-2.8410633,-3.8693159,Fibroblast,DVT
-4.556418,12.606385,Neutrophil,DVT
0.6754212,15.366775,Fibroblast,DVT
3.4647174,-4.2228756,Fibroblast,DVT
0.09167507,-2.884504,Fibroblast,DVT
-3.1856678,8.701807,Monocyte,DVT
-0.10897022,-3.222875,Fibroblast,DVT
-1.643684,-2.5173085,Fibroblast,DVT
7.197065,5.861301,Endothelial,DVT
-1.6007614,12.858144,Fibroblast,DVT
-2.29266,-3.9920118,Fibroblast,DVT
-1.6012096,-5.6234746,Fibroblast,DVT
-5.433303,8.337935,Macrophage,DVT
-1.7653286,-5.7541876,Fibroblast,DVT
0.029949794,-4.472473,Fibroblast,DVT
1.4370623,-6.23199,Fibroblast,DVT
14.366365,7.631943,Fibroblast,DVT
-6.7000055,1.000526,VSMC,DVT
-10.969573,4.2821507,Fibroblast,DVT
1.2183259,-4.683056,Fibroblast,DVT
7.863296,5.585448,Endothelial,DVT
2.8220572,0.64946026,Fibroblast,DVT
-0.18526581,-3.929896,Fibroblast,DVT
-10.993622,5.6510625,Fibroblast,DVT
-4.4348106,7.628108,Macrophage,DVT
-6.1214757,6.7636924,Macrophage,DVT
-3.220219,8.976522,Monocyte,DVT
-2.956958,-3.9866786,Fibroblast,DVT
-5.2594395,7.501464,Macrophage,DVT
2.415483,-4.332491,Fibroblast,DVT
7.7632265,6.564941,Endothelial,DVT
-2.6982467,-2.453773,Fibroblast,DVT
-5.4167194,7.3772864,Macrophage,DVT
-1.7412223,9.662995,Monocyte,DVT
1.4927886,1.5046356,Fibroblast,DVT
1.5587331,1.7488148,Fibroblast,DVT
-1.6968752,-5.0728617,Fibroblast,DVT
6.0367208,11.349624,B_cell,DVT
6.4214087,6.1710563,Endothelial,DVT
0.87580055,14.132422,Fibroblast,DVT
1.1054423,-4.678651,Fibroblast,DVT
-4.3738847,8.352455,Monocyte,DVT
-0.7440328,15.8723545,Fibroblast,DVT
-3.464733,5.6659784,Fibroblast,DVT
-4.1581697,-4.5971823,Fibroblast,DVT
-5.085729,10.336199,Macrophage,DVT
-4.0479884,-4.60267,Fibroblast,DVT
-4.703305,11.29819,Neutrophil,DVT
2.3984718,16.212925,Fibroblast,DVT
-1.2403216,-0.04769216,Fibroblast,DVT
-3.1555796,4.991425,Fibroblast,DVT
1.2536594,0.3798321,Fibroblast,DVT
-5.7678437,6.105286,Fibroblast,DVT
0.47216284,-5.0107956,Fibroblast,DVT
1.690929,1.1488442,Fibroblast,DVT
0.5328093,-2.6529915,Fibroblast,DVT
-1.1876267,0.0012286548,Fibroblast,DVT
-4.6264415,7.4766607,Macrophage,DVT
6.0284276,12.3768,B_cell,DVT
2.409774,0.43361124,Fibroblast,DVT
1.9392351,4.6821966,Endothelial,DVT
-4.8482323,7.019217,Fibroblast,DVT
2.7705667,4.213313,Endothelial,DVT
0.094189644,-3.0141351,Fibroblast,DVT
7.68538,6.3549128,Endothelial,DVT
-5.6313763,6.67267,Macrophage,DVT
-1.3400236,-2.3903255,Fibroblast,DVT
-0.9874413,-5.648421,Fibroblast,DVT
1.8720075,6.8124466,B_cell,DVT
-1.3558232,8.672058,Monocyte,DVT
-2.6485267,-2.8373055,Fibroblast,DVT
2.2598345,0.9095341,Fibroblast,DVT
-6.9677215,1.1601696,VSMC,DVT
-3.7003002,9.660535,Monocyte,DVT
2.826809,4.6587124,Endothelial,DVT
-11.237687,5.7142787,Fibroblast,DVT
7.248152,5.0401297,Endothelial,DVT
-0.6783566,-2.264556,Fibroblast,DVT
1.9702729,4.749262,Endothelial,DVT
14.618379,7.8153157,Fibroblast,DVT
-0.85288846,15.785782,Fibroblast,DVT
-7.3831124,12.79258,Neutrophil,DVT
-9.721963,3.7624772,Fibroblast,DVT
5.574852,5.756252,Endothelial,DVT
-0.74693036,-5.0672045,Fibroblast,DVT
-0.9863502,8.733375,Monocyte,DVT
5.0401387,5.2389197,Endothelial,DVT
-4.465717,-1.7855849,Fibroblast,DVT
-2.3716514,-5.8533473,Fibroblast,DVT
3.284405,-0.09177655,Fibroblast,DVT
-3.648607,6.023901,Fibroblast,DVT
-2.2437587,-1.4852638,Fibroblast,DVT
3.924309,20.638535,Fibroblast,DVT
2.8903902,-0.03348053,Fibroblast,DVT
2.5757196,0.49006388,Fibroblast,DVT
2.7819486,-0.61931926,Fibroblast,DVT
-1.3661538,14.735769,Fibroblast,DVT
-2.8406692,4.6448913,Fibroblast,DVT
14.460957,7.671926,Fibroblast,DVT
0.5360377,-3.970596,Fibroblast,DVT
-2.1313934,6.577483,Fibroblast,DVT
7.1564865,6.16705,Endothelial,DVT
2.3174634,0.13199383,Fibroblast,DVT
0.36209828,-5.69283,Fibroblast,DVT
-9.873291,3.4367867,Fibroblast,DVT
-3.2609684,-3.1399608,Fibroblast,DVT
-0.07647872,2.8103812,Endothelial,DVT
-6.416243,13.238797,Neutrophil,DVT
-2.9440677,-5.2950425,Fibroblast,DVT
4.879566,4.7639365,Endothelial,DVT
-6.918829,12.315405,Neutrophil,DVT
2.8956966,0.025940802,Fibroblast,DVT
-1.8406602,-2.833425,Fibroblast,DVT
-6.7312965,-1.5972494,VSMC,DVT
-1.5499753,14.338157,Fibroblast,DVT
-0.9984791,8.752909,Monocyte,DVT
1.4563,1.5531965,Fibroblast,DVT
-7.2246604,1.0578679,VSMC,DVT
-2.0995467,15.629356,Fibroblast,DVT
-1.7881413,-2.5229025,Fibroblast,DVT
-1.6490273,14.400595,Fibroblast,DVT
14.746146,7.9113264,Fibroblast,DVT
-1.2828257,-4.890099,Fibroblast,DVT
-6.508139,-1.2393728,VSMC,DVT
0.37961492,13.248678,Fibroblast,DVT
-7.5146093,0.91354895,VSMC,DVT
-3.8073418,9.629426,Monocyte,DVT
1.2098713,-6.1785994,Fibroblast,DVT
2.8633757,16.513388,Fibroblast,DVT
2.6398048,4.325891,Endothelial,DVT
5.733172,11.463448,B_cell,DVT
0.025519662,15.852651,Fibroblast,DVT
-4.328694,7.0895667,Fibroblast,DVT
0.27938882,-3.64016,Fibroblast,DVT
-6.4176188,12.795781,Neutrophil,DVT
4.8315864,4.619442,Endothelial,DVT
3.767466,0.83847094,Fibroblast,DVT
-5.8569326,5.5927124,Fibroblast,DVT
2.1373825,4.4222465,Endothelial,DVT
-8.548801,-1.7448459,VSMC,DVT
0.8443846,-2.1781871,Fibroblast,DVT
-3.256996,-2.909932,Fibroblast,DVT
-5.320374,-0.9259919,Fibroblast,DVT
-2.0403879,-5.089438,Fibroblast,DVT
-0.49053723,-2.5069022,Fibroblast,DVT
2.1479883,-3.4762576,Fibroblast,DVT
1.3909247,11.933794,Fibroblast,DVT
-0.5578161,9.174248,Monocyte,DVT
-7.0334725,12.432028,Neutrophil,DVT
1.5441993,13.130597,Fibroblast,DVT
-2.8144982,4.567026,Fibroblast,DVT
0.8731373,14.828571,Fibroblast,DVT
-1.6426806,-4.289326,Fibroblast,DVT
-6.7741385,0.9733312,VSMC,DVT
-8.816704,-1.1978477,VSMC,DVT
-11.661975,5.45932,Fibroblast,DVT
-8.6562805,-0.9062518,VSMC,DVT
-3.2900238,6.069982,Fibroblast,DVT
-5.6563864,7.6701007,Macrophage,DVT
2.6215944,8.30607,Fibroblast,DVT
2.4299955,16.374262,Fibroblast,DVT
1.2976162,-2.0000455,Fibroblast,DVT
-2.4454017,6.612587,Fibroblast,DVT
1.853159,13.033871,Fibroblast,DVT
-2.043497,-3.067075,Fibroblast,DVT
2.8892684,7.598869,Fibroblast,DVT
1.9463359,13.279121,Fibroblast,DVT
-7.8341594,-0.63637406,VSMC,DVT
-11.684201,0.33125982,Erythrocyte,DVT
5.846846,12.393106,B_cell,DVT
-2.2826629,-2.4578273,Fibroblast,DVT
2.513058,-4.1206803,Fibroblast,DVT
6.430323,12.033972,B_cell,DVT
-6.268601,1.630764,VSMC,DVT
3.1367652,0.21009311,Fibroblast,DVT
-11.545536,5.7723145,Fibroblast,DVT
7.9407477,4.939489,Endothelial,DVT
2.5554743,-4.8725157,Fibroblast,DVT
-1.7106622,-3.3174934,Fibroblast,DVT
-5.893065,6.7609935,Macrophage,DVT
3.1068883,0.015613154,Fibroblast,DVT
-5.236079,5.8887725,Fibroblast,DVT
0.26158455,-5.9253287,Fibroblast,DVT
-8.292084,-1.6085085,VSMC,DVT
-5.520713,6.0160174,Fibroblast,DVT
-5.612013,5.9626584,Fibroblast,DVT
0.4154803,15.854936,Fibroblast,DVT
-1.6183547,-5.132721,Fibroblast,DVT
-3.6383915,-3.0357833,Fibroblast,DVT
14.642557,7.839723,Fibroblast,DVT
-1.7785763,-6.1216803,Fibroblast,DVT
-8.687489,-1.8065395,VSMC,DVT
-0.5092275,3.323521,Endothelial,DVT
1.6984642,-4.3817554,Fibroblast,DVT
3.2057054,0.13495494,Fibroblast,DVT
-1.8898351,-6.18503,Fibroblast,DVT
-5.215253,5.549234,Fibroblast,DVT
-1.9331708,7.9235682,Monocyte,DVT
3.3760588,-0.08357669,Fibroblast,DVT
2.3595498,0.64102846,Fibroblast,DVT
-2.2463849,15.346009,Fibroblast,DVT
-0.73493403,-4.1119533,Fibroblast,DVT
1.0411885,12.35799,Fibroblast,DVT
2.4115133,0.63566643,Fibroblast,DVT
-1.9106252,14.331656,Fibroblast,DVT
6.9818444,6.09949,Endothelial,DVT
7.7320848,6.1891685,Endothelial,DVT
-2.6711307,-5.2640224,Fibroblast,DVT
-5.1308446,7.531251,Macrophage,DVT
-8.474683,-1.2615675,VSMC,DVT
-0.6569393,-4.270951,Fibroblast,DVT
-1.7312039,14.434566,Fibroblast,DVT
-0.5733083,8.9635105,Monocyte,DVT
-0.75750464,-5.01439,Fibroblast,DVT
5.771259,1.3297259,Fibroblast,DVT
2.1230478,-3.8220885,Fibroblast,DVT
2.5393527,4.616206,Endothelial,DVT
-5.7895393,12.495883,Neutrophil,DVT
0.37009376,-3.7158966,Fibroblast,DVT
1.8767275,-3.3277106,Fibroblast,DVT
-5.4304833,8.442488,Macrophage,DVT
-2.678113,-3.9759853,Fibroblast,DVT
-5.009493,6.5091195,Fibroblast,DVT
-2.4529479,-4.0447493,Fibroblast,DVT
-0.88391787,8.750698,Monocyte,DVT
1.250977,-8.933272,Fibroblast,DVT
-0.45741096,-2.7124102,Fibroblast,DVT
6.117995,12.2751875,B_cell,DVT
0.13301592,-4.420496,Fibroblast,DVT
-2.2012918,5.5731525,Fibroblast,DVT
-0.5588594,-4.1204414,Fibroblast,DVT
-1.4806956,15.383994,Fibroblast,DVT
-4.3636794,10.7214575,Neutrophil,DVT
0.3401762,-5.7949595,Fibroblast,DVT
3.2207556,-0.06279802,Fibroblast,DVT
-3.665578,9.495702,Monocyte,DVT
5.48746,9.86533,B_cell,DVT
-2.78723,9.036601,Monocyte,DVT
-0.43213093,3.1202605,Endothelial,DVT
1.9138234,6.8969774,B_cell,DVT
-8.070808,-1.1833266,VSMC,DVT
-2.2416792,-5.17291,Fibroblast,DVT
-8.111083,-1.0534531,VSMC,DVT
5.9199624,6.061105,Endothelial,DVT
2.7956161,-3.3639967,Fibroblast,DVT
-6.32468,-1.0063804,VSMC,DVT
-3.0649037,9.803931,Monocyte,DVT
-4.080726,7.469803,Fibroblast,DVT
-5.0267386,11.609518,Neutrophil,DVT
-0.86112744,-5.453884,Fibroblast,DVT
-0.7784413,-5.151459,Fibroblast,DVT
5.988687,5.6583247,Endothelial,DVT
-1.9880147,14.649987,Fibroblast,DVT
3.5522366,0.5344053,Fibroblast,DVT
1.4054565,1.4792355,Fibroblast,DVT
1.447684,12.868059,Fibroblast,DVT
-4.391034,12.3377695,Neutrophil,DVT
-0.12572479,-1.5441625,Fibroblast,DVT
-2.1392043,-1.9434114,Fibroblast,DVT
-4.924483,12.61439,Neutrophil,DVT
-2.0366538,14.908515,Fibroblast,DVT
-3.6697216,8.530966,Monocyte,DVT
-8.613078,-1.3235189,VSMC,DVT
-11.749763,5.551716,Fibroblast,DVT
2.7728336,0.3029146,Fibroblast,DVT
-4.631917,-1.4237229,Fibroblast,DVT
-1.289049,-4.2035837,Fibroblast,DVT
1.1923531,-5.297038,Fibroblast,DVT
-0.5579585,8.696186,Monocyte,DVT
-1.6784997,-1.7995572,Fibroblast,DVT
-6.674937,-0.8696098,VSMC,DVT
-5.457046,6.284957,Fibroblast,DVT
-2.0095184,-5.2417016,Fibroblast,DVT
-0.16787465,-4.9947114,Fibroblast,DVT
-1.8396667,15.855179,Fibroblast,DVT
5.911814,5.8254004,Endothelial,DVT
2.813417,-0.5921951,Fibroblast,DVT
-1.4466358,-5.861269,Fibroblast,DVT
-3.4877753,5.759597,Fibroblast,DVT
-7.646701,-1.4743397,VSMC,DVT
-2.269005,-4.8158627,Fibroblast,DVT
1.9704046,-4.017956,Fibroblast,DVT
3.6663892,20.373215,Fibroblast,DVT
-1.3125098,-5.37262,Fibroblast,DVT
-8.38966,-0.9352134,VSMC,DVT
-1.4464449,-5.857744,Fibroblast,DVT
5.5960007,12.147658,B_cell,DVT
0.743726,-4.2722116,Fibroblast,DVT
-4.0116634,6.3130345,Fibroblast,DVT
-3.566944,6.534354,Macrophage,DVT
-7.7315526,-1.3879473,VSMC,DVT
7.2819066,6.309596,Endothelial,DVT
2.6857796,-3.4701989,Fibroblast,DVT
0.60178417,-4.323289,Fibroblast,DVT
-8.023951,-0.56578755,VSMC,DVT
-4.270611,-4.5601416,Fibroblast,DVT
0.30509764,13.200498,Fibroblast,DVT
-7.718769,12.2965,Neutrophil,DVT
-3.1275165,5.8806896,Fibroblast,DVT
6.0123396,10.8118925,B_cell,DVT
-5.695261,-0.8486149,VSMC,DVT
-4.900372,10.142084,Macrophage,DVT
-5.1953416,7.653218,Macrophage,DVT
-5.405741,7.4963384,Macrophage,DVT
-3.680528,-2.8988514,Fibroblast,DVT
1.3474088,-2.2282228,Fibroblast,DVT
-2.260525,7.1959944,Endothelial,DVT
3.16144,-0.5374098,Fibroblast,DVT
0.75028396,14.446931,Fibroblast,DVT
-1.694491,7.274192,Fibroblast,DVT
-0.2065984,-3.020928,Fibroblast,DVT
-2.1686504,-1.9623928,Fibroblast,DVT
-6.4391747,13.180117,Neutrophil,DVT
2.5782619,16.294891,Fibroblast,DVT
3.7869387,4.5984945,Endothelial,DVT
-6.721482,0.55872434,VSMC,DVT
-1.7679611,15.536954,Fibroblast,DVT
-3.5642967,-5.1021867,Fibroblast,DVT
-3.2156336,-4.3215027,Fibroblast,DVT
-0.3309667,-6.563192,Fibroblast,DVT
-2.5674222,-4.9815416,Fibroblast,DVT
-1.7877142,-6.093346,Fibroblast,DVT
7.496796,6.740723,Endothelial,DVT
2.5942616,-3.5686402,Fibroblast,DVT
7.431163,5.5777454,Endothelial,DVT
-1.3901453,-5.8331265,Fibroblast,DVT
-8.752821,-1.1952556,VSMC,DVT
0.034459617,8.1372385,Monocyte,DVT
-3.148311,9.583765,Monocyte,DVT
-8.590457,-1.8430202,VSMC,DVT
-1.5155214,-4.669803,Fibroblast,DVT
1.3108249,1.3988396,Fibroblast,DVT
-2.9869893,-4.5431356,Fibroblast,DVT
9.42612,12.408268,Fibroblast,DVT
2.3452024,-0.06591454,Fibroblast,DVT
0.24186556,-4.016334,Fibroblast,DVT
0.23706284,-5.19508,Fibroblast,DVT
6.155158,12.620814,B_cell,DVT
5.981203,11.520592,B_cell,DVT
-0.40187535,7.920411,Monocyte,DVT
6.021945,6.238454,Endothelial,DVT
1.3445739,-2.2407346,Fibroblast,DVT
2.544147,4.3982162,Endothelial,DVT
-0.9713661,8.968398,Monocyte,DVT
1.0926286,-5.0221806,Fibroblast,DVT
1.9476964,4.8301644,Endothelial,DVT
-5.9809217,7.279134,Macrophage,DVT
-1.5616013,-4.090171,Fibroblast,DVT
-1.658536,-6.0200663,Fibroblast,DVT
-2.8906772,-2.15478,Fibroblast,DVT
-2.7441247,-2.9331994,Fibroblast,DVT
-1.0532027,-4.9858074,Fibroblast,DVT
-3.086879,6.270892,Fibroblast,DVT
-1.1987127,-3.5191605,Fibroblast,DVT
-2.6020517,6.449331,Fibroblast,DVT
-4.6365285,11.2414665,Neutrophil,DVT
3.2066524,-0.14435956,Fibroblast,DVT
-3.0243423,-5.7031446,Fibroblast,DVT
-1.0171058,-6.0537763,Fibroblast,DVT
-7.1578836,-0.48334184,VSMC,DVT
-5.9544263,8.176113,Macrophage,DVT
7.6147604,6.0903907,Endothelial,DVT
-0.4043975,-5.3490167,Fibroblast,DVT
0.9502487,-0.6417944,Fibroblast,DVT
0.78084654,15.190145,Fibroblast,DVT
-1.9195917,-3.705929,Fibroblast,DVT
-0.84653723,-1.9653918,Fibroblast,DVT
-2.340592,8.316435,Monocyte,DVT
-6.7882967,-0.5242491,VSMC,DVT
6.3552275,5.9250546,Endothelial,DVT
-5.773848,5.4547834,Fibroblast,DVT
-5.632328,12.560873,Neutrophil,DVT
1.2827727,-2.1178746,Fibroblast,DVT
2.4635098,8.615881,Fibroblast,DVT
1.0843806,-3.8335066,Fibroblast,DVT
-1.1984636,-5.7367325,Fibroblast,DVT
-3.3453999,10.029738,Monocyte,DVT
-4.478435,5.7124257,Fibroblast,DVT
-8.0872755,-1.0824353,VSMC,DVT
0.5712369,-2.83975,Fibroblast,DVT
-11.199623,5.0863194,Fibroblast,DVT
2.5490005,16.27338,Fibroblast,DVT
-0.8161462,-3.7199483,Fibroblast,DVT
-5.4574194,5.441497,Fibroblast,DVT
-6.1238737,8.249342,Macrophage,DVT
3.249206,0.1591058,Fibroblast,DVT
-0.3746405,-4.2137136,Fibroblast,DVT
5.949588,6.4247527,Endothelial,DVT
-2.4728594,-4.5100374,Fibroblast,DVT
-2.8277352,-2.2694428,Fibroblast,DVT
-3.4928358,-4.45719,Fibroblast,DVT
0.55003816,-4.1890182,Fibroblast,DVT
-3.5270529,6.3030024,Fibroblast,DVT
-4.1766987,-3.7104125,Fibroblast,DVT
0.99817896,13.474191,Fibroblast,DVT
-5.9964824,6.548984,Macrophage,DVT
-2.2727373,5.8587976,Fibroblast,DVT
2.5040326,-0.59001416,Fibroblast,DVT
-6.608932,-0.817399,VSMC,DVT
-1.4747608,-5.2617645,Fibroblast,DVT
-2.229827,-2.56891,Fibroblast,DVT
-1.8796418,-3.019217,Fibroblast,DVT
6.1235137,11.470021,B_cell,DVT
-6.4353995,-0.64206004,VSMC,DVT
4.611934,0.45784172,Fibroblast,DVT
5.3255987,5.50399,Endothelial,DVT
0.6027066,15.19073,Fibroblast,DVT
-1.67382,15.04374,Fibroblast,DVT
7.5265374,5.6749825,Endothelial,DVT
-8.554381,-1.4981602,VSMC,DVT
5.634857,0.77510333,Fibroblast,DVT
-2.9730573,-5.106048,Fibroblast,DVT
-6.4945884,12.040355,Neutrophil,DVT
-1.043519,14.387182,Fibroblast,DVT
0.09430327,14.428077,Fibroblast,DVT
-1.0990142,-4.2866373,Fibroblast,DVT
4.7777314,4.91163,Endothelial,DVT
-7.6692953,-0.6819793,VSMC,DVT
-2.323259,15.294355,Fibroblast,DVT
-3.2618878,-1.4878949,Fibroblast,DVT
0.99351245,-2.5424607,Fibroblast,DVT
1.3997505,1.5193475,Fibroblast,DVT
0.4429978,13.851471,Fibroblast,DVT
1.0131719,-3.4862573,Fibroblast,DVT
2.775165,0.42220938,Fibroblast,DVT
0.034859065,-3.331605,Fibroblast,DVT
-4.0142255,-3.675726,Fibroblast,DVT
7.5787063,5.754317,Endothelial,DVT
-1.5008601,-5.1037054,Fibroblast,DVT
-3.0714376,-5.26478,Fibroblast,DVT
-0.70940006,-6.394317,Fibroblast,DVT
-1.7970845,15.574122,Fibroblast,DVT
-7.2391315,-1.3235899,VSMC,DVT
0.6555181,-4.1523433,Fibroblast,DVT
-2.5667565,-1.750885,Fibroblast,DVT
-4.188197,5.0867577,Fibroblast,DVT
5.903397,11.4570465,B_cell,DVT
-4.68012,8.717917,Macrophage,DVT
-3.0585818,6.1801224,Fibroblast,DVT
-3.5222116,-3.8815055,Fibroblast,DVT
-5.116874,8.443099,Macrophage,DVT
-5.645013,12.424684,Neutrophil,DVT
-5.2867064,-1.0370213,VSMC,DVT
5.9783797,11.061347,B_cell,DVT
-2.651115,6.555559,Fibroblast,DVT
-4.830847,12.688775,Neutrophil,DVT
1.0124805,15.543861,Fibroblast,DVT
4.59231,5.288185,Endothelial,DVT
5.743705,11.738489,B_cell,DVT
-1.5125797,-5.94489,Fibroblast,DVT
1.0765895,-2.4042902,Fibroblast,DVT
-3.3513892,9.944732,Monocyte,DVT
-0.6511478,-3.6328251,Fibroblast,DVT
-2.4721916,-2.5881965,Fibroblast,DVT
0.16626018,-1.1247319,Fibroblast,DVT
2.6622727,4.419318,Endothelial,DVT
-5.7638636,6.242094,Fibroblast,DVT
3.2763252,4.467357,Endothelial,DVT
-0.100983374,-7.081155,Fibroblast,DVT
-1.9314462,-3.249065,Fibroblast,DVT
5.7490134,10.758867,B_cell,DVT
1.3056003,-3.5014791,Fibroblast,DVT
-7.339565,-1.7207266,VSMC,DVT
-2.0672634,-5.15788,Fibroblast,DVT
-1.1703618,-5.728519,Fibroblast,DVT
-1.0380926,-5.883954,Fibroblast,DVT
5.538043,11.245702,B_cell,DVT
-0.33703476,-3.6359572,Fibroblast,DVT
2.0383809,9.109505,Fibroblast,DVT
-3.1565852,10.034257,Monocyte,DVT
-0.26418018,-6.1350803,Fibroblast,DVT
2.024224,-0.677002,Fibroblast,DVT
6.2928524,12.00281,B_cell,DVT
0.7918004,-4.582875,Fibroblast,DVT
1.8715398,6.783463,B_cell,DVT
-3.4526296,6.8849807,Fibroblast,DVT
-3.302356,9.002903,Monocyte,DVT
6.4690146,1.5066153,Fibroblast,DVT
2.4588473,-1.1463872,Fibroblast,DVT
-1.9067849,-5.102325,Fibroblast,DVT
-4.240402,5.2829604,Fibroblast,DVT
1.6823012,12.776572,Fibroblast,DVT
0.3881348,-4.029823,Fibroblast,DVT
1.1988242,-2.2642224,Fibroblast,DVT
-2.6744003,-0.798994,Fibroblast,DVT
-2.9624321,-5.462768,Fibroblast,DVT
-7.113496,-0.887058,VSMC,DVT
-3.7998126,9.04285,Monocyte,DVT
-0.23528111,-3.3696556,Fibroblast,DVT
-0.20941949,-3.1623092,Fibroblast,DVT
-6.0816026,-0.77489537,VSMC,DVT
-2.8941169,4.693658,Fibroblast,DVT
3.3625941,-0.00015489956,Fibroblast,DVT
-3.532973,9.695041,Monocyte,DVT
-0.8730535,-3.2474253,Fibroblast,DVT
8.136424,6.1080766,Endothelial,DVT
-5.5346446,12.798614,Neutrophil,DVT
7.800924,5.011789,Endothelial,DVT
-1.6094337,-2.0232468,Fibroblast,DVT
-5.9924564,8.342694,Macrophage,DVT
-8.467351,-1.8724631,VSMC,DVT
-1.6424721,7.3135138,Fibroblast,DVT
3.6804492,-3.986138,Fibroblast,DVT
7.770243,6.1461296,Endothelial,DVT
-1.3589263,-3.9878654,Fibroblast,DVT
4.174328,-4.1698556,Fibroblast,DVT
1.0017383,15.837916,Fibroblast,DVT
-1.6951338,-5.8670006,Fibroblast,DVT
-1.7825341,-5.7267756,Fibroblast,DVT
6.5716653,6.289796,Endothelial,DVT
-5.435426,11.449911,Neutrophil,DVT
-3.5099616,-2.7912393,Fibroblast,DVT
-1.0471574,14.94789,Fibroblast,DVT
-3.6786242,9.944858,Monocyte,DVT
6.9431043,6.379873,Endothelial,DVT
2.9966872,-0.58016354,Fibroblast,DVT
-5.5535617,7.7764797,Macrophage,DVT
6.1929045,11.560849,B_cell,DVT
1.4914793,-2.9473255,Fibroblast,DVT
-2.6989617,-1.7833266,Fibroblast,DVT
7.8397284,5.809985,Endothelial,DVT
-6.54939,-0.79070497,VSMC,DVT
-2.6135817,-1.794815,Fibroblast,DVT
-3.856666,9.063336,Monocyte,DVT
-2.859403,-1.4683099,Fibroblast,DVT
-3.175857,9.9796505,Monocyte,DVT
-1.3621125,-3.241483,Fibroblast,DVT
-5.6206675,11.528123,Neutrophil,DVT
-2.4888873,-3.193353,Fibroblast,DVT
7.7224145,5.777876,Endothelial,DVT
-0.33352846,-2.7213037,Fibroblast,DVT
-1.6807649,14.674055,Fibroblast,DVT
-6.7832003,-1.0239193,VSMC,DVT
0.41708377,-1.1110412,Fibroblast,DVT
1.366194,-4.55517,Fibroblast,DVT
2.3500059,0.84270066,Fibroblast,DVT
-3.8091471,7.2155476,Macrophage,DVT
-3.8882146,8.593613,Monocyte,DVT
2.997149,-0.2579159,Fibroblast,DVT
-6.976858,-1.0092499,VSMC,DVT
-1.0851498,9.289879,Monocyte,DVT
-2.0817099,-2.5510263,Fibroblast,DVT
7.831926,5.445597,Endothelial,DVT
-2.8206804,4.7834983,Fibroblast,DVT
-3.2714863,8.919129,Monocyte,DVT
-3.3196573,9.596795,Monocyte,DVT
-3.4895382,7.8561754,Fibroblast,DVT
0.23473078,2.6536348,Endothelial,DVT
2.2189426,8.860928,Fibroblast,DVT
-8.37761,-1.7704734,VSMC,DVT
0.17072429,14.6086035,Fibroblast,DVT
-10.574496,5.202065,Fibroblast,DVT
-0.82196546,-1.9409317,Fibroblast,DVT
-5.36025,7.7200212,Macrophage,DVT
1.8532605,16.079674,Fibroblast,DVT
3.942622,-4.165362,Fibroblast,DVT
-5.1792164,6.2236824,Fibroblast,DVT
0.37799427,15.968489,Fibroblast,DVT
-1.478603,14.593348,Fibroblast,DVT
-7.7179513,-1.2412819,VSMC,DVT
-4.7738976,6.2542057,Fibroblast,DVT
7.8581405,5.6875844,Endothelial,DVT
7.9648156,5.950529,Endothelial,DVT
-1.3086429,-2.773785,Fibroblast,DVT
-0.39175478,7.966731,Monocyte,DVT
-2.1681044,-5.456199,Fibroblast,DVT
2.3067653,-3.5830836,Fibroblast,DVT
-2.8397403,-3.732636,Fibroblast,DVT
-0.49248803,-4.5593433,Fibroblast,DVT
3.7508028,-4.0343366,Fibroblast,DVT
-5.871039,12.652398,Neutrophil,DVT
1.3939242,15.912951,Fibroblast,DVT
-2.609868,8.152041,Fibroblast,DVT
1.1233034,-3.4015853,Fibroblast,DVT
-3.2108333,8.9318285,Monocyte,DVT
7.8557034,6.1126313,Endothelial,DVT
-2.8205578,-4.892071,Fibroblast,DVT
-3.3746643,-3.2090516,Fibroblast,DVT
-0.21752144,-1.4348328,Fibroblast,DVT
1.5461203,12.689615,Fibroblast,DVT
4.9002643,2.5857577,Endothelial,DVT
0.5216003,13.713872,Fibroblast,DVT
1.1919471,-2.1560009,Fibroblast,DVT
-2.8272085,-5.119213,Fibroblast,DVT
-0.15914786,-3.467816,Fibroblast,DVT
2.8738167,4.6043286,Endothelial,DVT
-7.3190136,-1.8027462,VSMC,DVT
-6.144542,7.283883,Macrophage,DVT
-3.1909368,-1.8020914,Fibroblast,DVT
0.15530603,-4.8358307,Fibroblast,DVT
2.909066,-0.2261415,Fibroblast,DVT
5.739918,6.199688,Endothelial,DVT
-6.66085,-1.5073409,VSMC,DVT
-5.615919,-1.1687628,VSMC,DVT
-1.9815564,8.244794,Monocyte,DVT
-0.7404802,-5.3071213,Fibroblast,DVT
2.8278272,16.504616,Fibroblast,DVT
3.1355472,6.3021,Fibroblast,DVT
-6.991697,12.906072,Neutrophil,DVT
-1.118179,3.4117913,Endothelial,DVT
-6.824508,-0.92231995,VSMC,DVT
0.4499635,-4.8406143,Fibroblast,DVT
0.87394017,-2.7858453,Fibroblast,DVT
4.2062874,1.0567838,Endothelial,DVT
-1.3763635,-5.1913075,Fibroblast,DVT
0.33049366,-1.0132515,Fibroblast,DVT
-6.1916127,11.291751,Neutrophil,DVT
-5.7914124,12.160697,Neutrophil,DVT
3.483558,4.9381633,Endothelial,DVT
-2.3758187,-3.591653,Fibroblast,DVT
-1.3985753,-2.1748972,Fibroblast,DVT
-3.9116523,-4.2512164,Fibroblast,DVT
2.214218,0.94800603,Fibroblast,DVT
-5.960046,7.916981,Macrophage,DVT
1.286115,14.13274,Fibroblast,DVT
-2.5927835,6.8916616,Fibroblast,DVT
-3.418369,-4.226705,Fibroblast,DVT
-5.6663666,-1.0159112,VSMC,DVT
-4.933245,8.420104,Macrophage,DVT
-8.669617,-1.7061453,VSMC,DVT
-7.685774,-1.8705617,VSMC,DVT
4.829061,0.5244628,Fibroblast,DVT
-4.9564013,0.31393388,VSMC,DVT
-0.61000884,-3.4796941,Fibroblast,DVT
1.515788,13.406011,Fibroblast,DVT
-7.594457,-1.2002971,VSMC,DVT
2.9134586,0.2669593,Fibroblast,DVT
7.3704185,6.075781,Endothelial,DVT
2.2264266,0.9946196,Fibroblast,DVT
-1.4837095,15.234459,Fibroblast,DVT
-2.9741786,7.8596153,Fibroblast,DVT
-5.833521,10.869343,Neutrophil,DVT
-1.3533705,-5.992755,Fibroblast,DVT
-3.294742,9.943136,Monocyte,DVT
0.03473469,-3.75197,Fibroblast,DVT
0.2836477,-1.0375876,Fibroblast,DVT
3.2860665,0.23865584,Fibroblast,DVT
-2.828846,-4.3640766,Fibroblast,DVT
-0.46476352,7.989533,Monocyte,DVT
-0.35146868,-3.051964,Fibroblast,DVT
-4.495323,7.0129995,Macrophage,DVT
-1.1552588,8.634274,Monocyte,DVT
2.6672184,4.551806,Endothelial,DVT
2.6139753,0.50974345,Fibroblast,DVT
2.0414114,9.104523,Fibroblast,DVT
-5.3832135,11.895774,Neutrophil,DVT
-4.9920826,12.680374,Neutrophil,DVT
-3.5302446,8.844097,Monocyte,DVT
-1.9773223,-3.6007433,Fibroblast,DVT
-4.8046722,10.478724,Neutrophil,DVT
2.5678167,8.473736,Fibroblast,DVT
-0.58712673,8.136016,Monocyte,DVT
-3.8030176,9.384486,Monocyte,DVT
0.12677906,15.368639,Fibroblast,DVT
4.0727363,-4.2604666,Fibroblast,DVT
-4.233532,6.1989317,Fibroblast,DVT
-0.31177914,8.014756,Monocyte,DVT
-2.6167362,-4.4236984,Fibroblast,DVT
-1.402482,-5.470381,Fibroblast,DVT
-2.1273575,-6.197797,Fibroblast,DVT
3.5449917,0.083242424,Fibroblast,DVT
6.2657743,11.453161,B_cell,DVT
0.7758198,15.973646,Fibroblast,DVT
4.463368,5.1903543,Endothelial,DVT
-1.7877737,14.51589,Fibroblast,DVT
-6.898409,-1.3726013,VSMC,DVT
-8.14281,-0.8178586,VSMC,DVT
-11.7237,5.3619556,Fibroblast,DVT
1.0680956,15.020442,Fibroblast,DVT
3.4192111,0.35484815,Fibroblast,DVT
-2.6993513,-0.77781266,Fibroblast,DVT
-2.0243702,6.4507575,Fibroblast,DVT
-1.318483,-4.741533,Fibroblast,DVT
-2.045867,15.908837,Fibroblast,DVT
2.6509216,-4.8683896,Fibroblast,DVT
-0.87532955,8.544395,Monocyte,DVT
0.11698968,-6.4637628,Fibroblast,DVT
-7.3849483,0.6190629,VSMC,DVT
-0.9265486,3.4526777,Endothelial,DVT
-3.0236733,-1.8938974,Fibroblast,DVT
-0.15659328,-3.6436977,Fibroblast,DVT
-1.5503591,14.171041,Fibroblast,DVT
-2.5980875,-5.6279883,Fibroblast,DVT
-3.9879167,-4.2010627,Fibroblast,DVT
-1.3938832,-4.3327622,Fibroblast,DVT
0.14232217,-3.7618124,Fibroblast,DVT
4.584561,-4.32679,Fibroblast,DVT
-6.364238,-1.3030858,VSMC,DVT
2.143686,8.908579,Fibroblast,DVT
-2.0911636,-4.4286876,Fibroblast,DVT
-3.65265,6.0724096,Fibroblast,DVT
-1.5964937,-4.5466404,Fibroblast,DVT
-1.8630975,7.0343575,Fibroblast,DVT
1.3505034,1.0285511,Fibroblast,DVT
-1.969177,-3.6758971,Fibroblast,DVT
13.8112335,7.3507257,Fibroblast,DVT
4.4326954,4.4740233,Endothelial,DVT
-0.7398951,-5.2573504,Fibroblast,DVT
-2.7126713,-3.2703624,Fibroblast,DVT
14.464727,7.697743,Fibroblast,DVT
-0.5315044,2.7723424,Endothelial,DVT
-2.8524272,-2.8778224,Fibroblast,DVT
-7.9523053,-0.8228774,VSMC,DVT
-6.192564,8.209833,Macrophage,DVT
-7.0854235,-1.6205462,VSMC,DVT
7.8732967,5.9643016,Endothelial,DVT
-2.9463375,-4.78075,Fibroblast,DVT
-4.8906183,10.022118,Macrophage,DVT
-4.6261916,12.364972,Neutrophil,DVT
-9.694313,3.9174328,Fibroblast,DVT
2.7181342,0.13897397,Fibroblast,DVT
2.9402657,0.5467792,Fibroblast,DVT
-3.8549745,8.960004,Monocyte,DVT
6.046697,11.856013,B_cell,DVT
7.7222524,6.737837,Endothelial,DVT
-0.99918085,-3.7875257,Fibroblast,DVT
5.815603,10.907742,B_cell,DVT
-3.65207,5.903465,Fibroblast,DVT
1.2626565,2.4607022,Endothelial,DVT
-11.741512,0.34396824,Erythrocyte,DVT
-2.0606654,-4.2682004,Fibroblast,DVT
2.3059106,16.363844,Fibroblast,DVT
-5.8339453,7.240269,Macrophage,DVT
-0.27908003,-2.5387652,Fibroblast,DVT
-4.9284983,9.636635,Macrophage,DVT
6.0390105,11.517364,B_cell,DVT
-1.2927535,8.693452,Monocyte,DVT
1.3215975,-2.2173185,Fibroblast,DVT
-6.6366515,-1.1287752,VSMC,DVT
1.2616299,13.472014,Fibroblast,DVT
-4.9909015,6.1316247,Fibroblast,DVT
1.4498761,2.4678245,Endothelial,DVT
1.0728412,0.44526243,Fibroblast,DVT
-4.241061,-4.3190765,Fibroblast,DVT
1.165137,14.652579,Fibroblast,DVT
-2.7974172,-5.0874557,Fibroblast,DVT
-8.763417,-1.7737396,VSMC,DVT
5.837004,5.7991357,Endothelial,DVT
7.653992,6.057287,Endothelial,DVT
-1.130621,-5.9891124,Fibroblast,DVT
2.2597144,4.6876493,Endothelial,DVT
2.7958016,4.654248,Endothelial,DVT
1.3325102,-3.872147,Fibroblast,DVT
-8.883027,-1.8361005,VSMC,DVT
6.1616764,12.466352,B_cell,DVT
4.633094,10.577936,B_cell,DVT
-1.0786378,-5.5097494,Fibroblast,DVT
2.5929744,-1.1191809,Fibroblast,DVT
-0.3243956,2.8476818,Endothelial,DVT
-3.3026628,-5.0691414,Fibroblast,DVT
-6.0568557,7.1960864,Macrophage,DVT
3.7237568,0.06924197,Fibroblast,DVT
-2.6126916,-5.665979,Fibroblast,DVT
-0.6814248,-4.5174212,Fibroblast,DVT
2.193499,-0.03432933,Fibroblast,DVT
1.3913517,-1.9583268,Fibroblast,DVT
-6.0870166,6.980651,Macrophage,DVT
-7.224764,0.9286714,VSMC,DVT
-1.9968045,8.176297,Monocyte,DVT
7.7181034,6.6222577,Endothelial,DVT
-3.126785,-4.349712,Fibroblast,DVT
-1.4484228,-5.501828,Fibroblast,DVT
-0.71892565,14.827679,Fibroblast,DVT
-4.221304,-4.6916223,Fibroblast,DVT
-8.413791,-0.9261548,VSMC,DVT
-5.3553424,6.532134,Fibroblast,DVT
-7.595171,-0.939579,VSMC,DVT
-2.6187847,-2.7390761,Fibroblast,DVT
2.3024654,-4.489634,Fibroblast,DVT
-3.977148,-3.4597774,Fibroblast,DVT
2.8944614,16.515593,Fibroblast,DVT
-0.7095824,-6.152087,Fibroblast,DVT
-3.80166,8.466701,Monocyte,DVT
1.4303329,-2.2132788,Fibroblast,DVT
1.6068062,1.2264711,Fibroblast,DVT
6.279402,11.961285,B_cell,DVT
-6.1851926,1.6539758,VSMC,DVT
-2.165462,-4.095324,Fibroblast,DVT
-6.1781025,-1.1721145,VSMC,DVT
-2.273649,-5.1743345,Fibroblast,DVT
-0.49300158,-4.4248514,Fibroblast,DVT
1.463643,12.00354,Fibroblast,DVT
-2.0704842,-4.7393384,Fibroblast,DVT
-1.1658967,-4.6676784,Fibroblast,DVT
0.9946783,-4.29254,Fibroblast,DVT
0.7152127,-3.4526246,Fibroblast,DVT
-0.035087824,-3.9118257,Fibroblast,DVT
-6.730337,-0.7823452,VSMC,DVT
3.80646,-4.5248456,Fibroblast,DVT
-3.7783198,-4.42122,Fibroblast,DVT
5.98186,1.5167191,Fibroblast,DVT
-3.9297729,-4.611699,Fibroblast,DVT
0.3245473,13.87426,Fibroblast,DVT
1.7591146,-5.9506574,Fibroblast,DVT
-6.0201197,-0.93051165,VSMC,DVT
-0.5841404,-5.801326,Fibroblast,DVT
6.2289476,6.2486653,Endothelial,DVT
6.0109267,6.0986657,Endothelial,DVT
-0.1339654,-4.170153,Fibroblast,DVT
0.30019188,13.085299,Fibroblast,DVT
-3.5972378,-4.9625683,Fibroblast,DVT
4.307781,4.6630836,Endothelial,DVT
4.401564,5.6020527,Endothelial,DVT
7.7524962,5.669635,Endothelial,DVT
0.039787393,-5.6503363,Fibroblast,DVT
2.0929434,4.564654,Endothelial,DVT
4.766459,5.2114778,Endothelial,DVT
-0.77259743,-2.685011,Fibroblast,DVT
5.0028954,0.772363,Fibroblast,DVT
0.4287568,2.597843,Endothelial,DVT
-1.817004,15.79051,Fibroblast,DVT
3.0219607,-0.14887609,Fibroblast,DVT
-1.4659963,8.6477375,Monocyte,DVT
5.8767962,1.6023594,Fibroblast,DVT
0.2395238,2.6466591,Endothelial,DVT
-6.6363864,-1.146416,VSMC,DVT
-8.477526,-0.91371334,VSMC,DVT
-0.7203322,14.625598,Fibroblast,DVT
1.3719445,-2.0348268,Fibroblast,DVT
-3.5084164,-2.457788,Fibroblast,DVT
-10.945836,5.6111836,Fibroblast,DVT
-5.620192,7.730135,Macrophage,DVT
-3.6319149,8.637569,Monocyte,DVT
-0.26236075,-2.2236037,Fibroblast,DVT
7.825692,5.4374094,Endothelial,DVT
-4.1237183,8.383748,Monocyte,DVT
-1.0261145,-2.0129619,Fibroblast,DVT
0.76468295,-4.620023,Fibroblast,DVT
-0.36229315,-4.4002028,Fibroblast,DVT
2.4507499,0.70041615,Fibroblast,DVT
-3.0874898,-5.066723,Fibroblast,DVT
8.054941,5.289976,Endothelial,DVT
-5.5922265,-0.7487497,VSMC,DVT
-1.8199972,15.879541,Fibroblast,DVT
4.5701046,4.810657,Endothelial,DVT
0.62248087,-4.25882,Fibroblast,DVT
-8.700152,-1.595823,VSMC,DVT
-5.522828,8.423585,Macrophage,DVT
-3.643445,9.060529,Monocyte,DVT
-1.1975871,-4.4253187,Fibroblast,DVT
0.13673098,2.680025,Endothelial,DVT
1.5244348,15.783568,Fibroblast,DVT
-1.0253296,-4.4179497,Fibroblast,DVT
-2.2375727,-1.5705345,Fibroblast,DVT
2.918027,-0.1970576,Fibroblast,DVT
-4.8373218,12.680727,Neutrophil,DVT
14.726558,7.9057827,Fibroblast,DVT
-1.4843106,-0.33709177,Fibroblast,DVT
-5.073591,6.1089396,Fibroblast,DVT
-2.5828485,-4.962417,Fibroblast,DVT
-2.9580321,-5.554542,Fibroblast,DVT
0.05322708,-4.3961287,Fibroblast,DVT
-1.6476138,-3.2061555,Fibroblast,DVT
-1.7785362,-3.03736,Fibroblast,DVT
0.35425562,-0.962087,Fibroblast,DVT
-3.0629063,-3.092027,Fibroblast,DVT
1.2425619,-2.8187418,Fibroblast,DVT
-5.6510215,6.032061,Fibroblast,DVT
-2.8464684,6.110711,Fibroblast,DVT
6.2201023,12.0637455,B_cell,DVT
1.6507632,13.375975,Fibroblast,DVT
-0.32114568,-6.7738767,Fibroblast,DVT
-5.9705443,13.2252655,Neutrophil,DVT
-2.6719627,9.105245,Monocyte,DVT
-0.25278354,-2.372274,Fibroblast,DVT
3.9519353,20.669882,Fibroblast,DVT
7.186183,6.5369663,Endothelial,DVT
-7.005078,12.139404,Neutrophil,DVT
-7.659868,-0.903954,VSMC,DVT
5.0638447,6.0856395,Endothelial,DVT
6.206148,12.264266,B_cell,DVT
-5.784278,11.386813,Neutrophil,DVT
-5.6041083,7.476457,Macrophage,DVT
-0.4111269,7.082614,Fibroblast,DVT
1.9919832,9.139308,Fibroblast,DVT
-1.7823668,-3.670046,Fibroblast,DVT
4.8518863,5.8063917,Endothelial,DVT
1.6016505,-2.5991192,Fibroblast,DVT
-2.6227992,-2.6122181,Fibroblast,DVT
3.178945,0.24940884,Fibroblast,DVT
-7.7986383,-0.32844934,VSMC,DVT
-2.2203934,-4.5364704,Fibroblast,DVT
3.6826038,20.38264,Fibroblast,DVT
-1.9058956,15.115176,Fibroblast,DVT
-3.1086087,-1.8732136,Fibroblast,DVT
-3.9973886,-3.9534883,Fibroblast,DVT
-5.5217133,6.089324,Fibroblast,DVT
-2.4859881,-4.604932,Fibroblast,DVT
-1.8494394,-2.3490288,Fibroblast,DVT
-4.3318434,5.5611887,Fibroblast,DVT
-10.93181,5.159092,Fibroblast,DVT
-2.8572433,-3.3814468,Fibroblast,DVT
-11.780889,0.34969196,Erythrocyte,DVT
-2.1359804,-5.71939,Fibroblast,DVT
-5.3568106,-1.2681437,VSMC,DVT
-1.5329952,-3.3743935,Fibroblast,DVT
-4.6773605,10.060251,Macrophage,DVT
-3.8487334,6.336244,Fibroblast,DVT
-2.815868,4.8182864,Fibroblast,DVT
-3.7208955,8.593097,Monocyte,DVT
-3.0741146,9.987977,Monocyte,DVT
-3.4900212,-2.7017286,Fibroblast,DVT
-2.584674,-4.398978,Fibroblast,DVT
-3.1830068,-3.351216,Fibroblast,DVT
-2.4453664,8.768087,Monocyte,DVT
-3.0171082,-4.913923,Fibroblast,DVT
4.5570445,-4.280586,Fibroblast,DVT
2.1922567,-3.9645467,Fibroblast,DVT
-1.6691351,-4.2420306,Fibroblast,DVT
-1.286752,-5.7256966,Fibroblast,DVT
-6.169212,8.135176,Macrophage,DVT
-2.7559097,4.453735,Fibroblast,DVT
-3.04577,6.956699,Fibroblast,DVT
-1.8119934,14.251627,Fibroblast,DVT
7.9592457,5.4383693,Endothelial,DVT
-1.281423,-2.3510315,Fibroblast,DVT
-3.4960687,8.565672,Monocyte,DVT
2.5621266,8.4593,Fibroblast,DVT
-0.5807028,-6.0600996,Fibroblast,DVT
-3.381087,-2.8227367,Fibroblast,DVT
4.656572,4.488783,Endothelial,DVT
3.3132114,-0.032255363,Fibroblast,DVT
0.35779825,2.54911,Endothelial,DVT
-0.7724898,3.3195708,Endothelial,DVT
0.56806856,-3.6889849,Fibroblast,DVT
-1.4236424,-3.5031433,Fibroblast,DVT
-6.095109,7.393562,Macrophage,DVT
-0.7281201,9.114625,Monocyte,DVT
-3.2505445,9.926055,Monocyte,DVT
1.0122477,-2.3284414,Fibroblast,DVT
-2.0967944,-2.9106836,Fibroblast,DVT
-8.869886,-1.0153413,VSMC,DVT
-2.476586,-4.9583135,Fibroblast,DVT
-3.7887838,-3.517913,Fibroblast,DVT
7.4501934,5.902975,Endothelial,DVT
5.1986647,5.6258373,Endothelial,DVT
-2.1985846,-4.6715612,Fibroblast,DVT
-0.2748874,-2.3169522,Fibroblast,DVT
-0.044821795,15.927253,Fibroblast,DVT
-5.820899,5.6387644,Fibroblast,DVT
-8.316451,-0.9253751,VSMC,DVT
1.603586,16.097712,Fibroblast,DVT
1.2578337,-2.8916264,Fibroblast,DVT
-1.9380344,14.678019,Fibroblast,DVT
3.1151073,0.21891919,Fibroblast,DVT
-5.7535677,13.035112,Neutrophil,DVT
-6.202343,8.024817,Macrophage,DVT
-3.3955219,-2.9869616,Fibroblast,DVT
-2.889612,-4.3163557,Fibroblast,DVT
6.396593,5.048203,Endothelial,DVT
-1.2192398,8.688527,Monocyte,DVT
1.4299717,1.4885377,Fibroblast,DVT
5.139067,4.393501,Endothelial,DVT
0.633433,-3.7592795,Fibroblast,DVT
-1.1845257,3.4770215,Endothelial,DVT
-1.8674686,-5.081886,Fibroblast,DVT
0.118906684,-2.7734141,Fibroblast,DVT
-7.353154,-1.2206222,VSMC,DVT
6.7877645,5.4191175,Endothelial,DVT
1.6221085,1.9353504,Fibroblast,DVT
2.2724013,-4.012097,Fibroblast,DVT
1.1341774,-5.4136357,Fibroblast,DVT
7.8919616,4.731098,Endothelial,DVT
-3.2124581,-3.7430794,Fibroblast,DVT
-5.5239162,12.106826,Neutrophil,DVT
-2.6955652,-3.2847598,Fibroblast,DVT
1.1322259,-3.5208092,Fibroblast,DVT
-1.8742638,16.048359,Fibroblast,DVT
-3.941436,8.727111,Monocyte,DVT
-10.6652355,4.425403,Fibroblast,DVT
-2.2925992,-3.9168673,Fibroblast,DVT
2.7998943,-0.22388701,Fibroblast,DVT
-0.23751338,-6.9891644,Fibroblast,DVT
7.744112,6.24346,Endothelial,DVT
-2.5703192,-3.9698658,Fibroblast,DVT
-2.889211,-5.205409,Fibroblast,DVT
1.6775289,12.8814,Fibroblast,DVT
1.1732498,-2.7613585,Fibroblast,DVT
-3.499856,-3.968468,Fibroblast,DVT
4.636886,1.1464952,Fibroblast,DVT
-2.1066127,-5.6271744,Fibroblast,DVT
-0.22860017,-3.5544646,Fibroblast,DVT
-2.3957093,-3.6850622,Fibroblast,DVT
-0.23709865,-5.5246434,Fibroblast,DVT
-3.4543953,5.7946877,Fibroblast,DVT
3.5531826,4.528104,Endothelial,DVT
1.2274708,-3.8882098,Fibroblast,DVT
1.2737916,-3.122299,Fibroblast,DVT
1.1427405,-3.2860258,Fibroblast,DVT
-1.7321849,15.2737465,Fibroblast,DVT
-5.8265843,13.170007,Neutrophil,DVT
-2.5226314,-1.4231474,Fibroblast,DVT
-6.127338,7.870927,Macrophage,DVT
-2.8483906,-4.1081667,Fibroblast,DVT
1.8658727,6.783533,B_cell,DVT
0.51285464,-3.4184263,Fibroblast,DVT
-0.7720616,-4.694607,Fibroblast,DVT
2.8721893,0.4090602,Fibroblast,DVT
-2.403814,-4.52694,Fibroblast,DVT
-1.3078324,-3.8226032,Fibroblast,DVT
-2.6813073,7.236317,Fibroblast,DVT
2.4550915,-4.4744024,Fibroblast,DVT
-1.906301,7.3462534,Fibroblast,DVT
-1.4266553,-5.651839,Fibroblast,DVT
-4.7974367,6.925456,Macrophage,DVT
-2.3475218,-2.1662962,Fibroblast,DVT
-7.304847,12.788781,Neutrophil,DVT
-6.078561,8.323172,Macrophage,DVT
0.7333935,12.255024,Fibroblast,DVT
-2.4121072,-5.0667686,Fibroblast,DVT
-3.3168335,6.0223765,Fibroblast,DVT
-1.3181609,-2.5563667,Fibroblast,DVT
5.5468173,6.254747,Endothelial,DVT
-5.7251363,0.9654881,VSMC,DVT
14.359556,7.641506,Fibroblast,DVT
-7.111016,1.3537148,VSMC,DVT
1.6836361,-2.8519545,Fibroblast,DVT
-2.1834056,-2.9065611,Fibroblast,DVT
-4.4597063,12.365762,Neutrophil,DVT
0.6839998,13.839086,Fibroblast,DVT
-0.90414274,-3.4910107,Fibroblast,DVT
-2.8990283,-1.6517334,Fibroblast,DVT
-2.988156,6.889025,Fibroblast,DVT
1.506423,1.612207,Fibroblast,DVT
-3.7295115,-3.354113,Fibroblast,DVT
1.010176,-3.082293,Fibroblast,DVT
-0.87120485,8.611502,Monocyte,DVT
-0.742239,-5.1907983,Fibroblast,DVT
0.7299279,14.915233,Fibroblast,DVT
-3.0768616,-3.2649243,Fibroblast,DVT
-4.4930468,12.02279,Neutrophil,DVT
-2.9971702,-4.9618936,Fibroblast,DVT
-3.3218875,9.742534,Monocyte,DVT
3.0671084,-0.033761304,Fibroblast,DVT
6.0728836,11.850783,B_cell,DVT
0.9300635,15.269491,Fibroblast,DVT
-2.2946038,-4.6498394,Fibroblast,DVT
-1.9481543,-5.090162,Fibroblast,DVT
2.1716685,-3.708486,Fibroblast,DVT
-0.431964,7.934884,Monocyte,DVT
-0.40039298,-3.8434918,Fibroblast,DVT
-3.113051,-3.5710845,Fibroblast,DVT
-4.592789,6.5477533,Fibroblast,DVT
-3.0810444,9.668781,Monocyte,DVT
-6.416911,13.268665,Neutrophil,DVT
-3.8071105,-2.7160912,Fibroblast,DVT
-1.8396285,14.976742,Fibroblast,DVT
2.3860896,4.637448,Endothelial,DVT
4.0053473,-4.1498466,Fibroblast,DVT
0.56343055,15.342935,Fibroblast,DVT
-4.860798,11.738086,Neutrophil,DVT
-1.8101338,8.573207,Monocyte,DVT
-3.6944222,6.1965055,Fibroblast,DVT
7.7557893,6.085178,Endothelial,DVT
-2.6152594,-3.3121302,Fibroblast,DVT
3.9645398,-4.328795,Fibroblast,DVT
-6.943416,-1.1278027,VSMC,DVT
-0.6393292,-3.12846,Fibroblast,DVT
3.3635209,0.24284841,Fibroblast,DVT
3.854003,20.569664,Fibroblast,DVT
-0.8347873,3.40441,Endothelial,DVT
-2.6520443,-2.4748962,Fibroblast,DVT
0.93184596,-4.639746,Fibroblast,DVT
-2.174268,-3.7796159,Fibroblast,DVT
0.052027993,-4.287293,Fibroblast,DVT
-3.5169566,-4.6766105,Fibroblast,DVT
-0.72806346,15.861646,Fibroblast,DVT
-7.8710027,-1.0963917,VSMC,DVT
5.5567493,10.542412,B_cell,DVT
6.138385,12.255842,B_cell,DVT
-4.8360696,-1.2404732,Fibroblast,DVT
2.3611238,-0.28135824,Fibroblast,DVT
2.866155,0.42869318,Fibroblast,DVT
-4.271204,8.740359,Monocyte,DVT
1.1421164,-2.705203,Fibroblast,DVT
1.1632949,-2.1605134,Fibroblast,DVT
3.252637,-4.360466,Fibroblast,DVT
5.466411,8.998864,B_cell,DVT
-0.5478213,-3.499754,Fibroblast,DVT
-2.5796254,6.944731,Fibroblast,DVT
-7.0672793,-1.241491,VSMC,DVT
0.017884016,8.119369,Monocyte,DVT
1.2555794,-2.5114567,Fibroblast,DVT
-6.098647,7.0782447,Macrophage,DVT
-4.5615973,5.2903495,Fibroblast,DVT
-0.09461031,-3.6533003,Fibroblast,DVT
-2.5898616,-5.199596,Fibroblast,DVT
-0.57711506,9.138529,Monocyte,DVT
7.0439873,6.0845294,Endothelial,DVT
-11.270025,4.99374,Fibroblast,DVT
-2.4086008,-5.2254786,Fibroblast,DVT
-6.1089187,5.24785,Fibroblast,DVT
-5.898767,8.098037,Macrophage,DVT
-0.023548903,-4.7589407,Fibroblast,DVT
-3.3415508,8.750861,Monocyte,DVT
5.302974,6.039853,Endothelial,DVT
5.6142044,10.512997,B_cell,DVT
7.4101233,6.6278534,Endothelial,DVT
3.9732108,0.48516354,Fibroblast,DVT
0.32949707,-4.6672277,Fibroblast,DVT
0.54431796,-4.5382104,Fibroblast,DVT
-2.0816634,-4.9867287,Fibroblast,DVT
-3.096016,-4.773483,Fibroblast,DVT
-1.6027027,-4.6341605,Fibroblast,DVT
-3.5188508,-2.1664536,Fibroblast,DVT
7.509779,5.366217,Endothelial,DVT
-1.8267167,-5.0329714,Fibroblast,DVT
-3.5823114,-4.2794914,Fibroblast,DVT
-2.948585,4.793544,Fibroblast,DVT
-2.870242,-5.7692103,Fibroblast,DVT
-0.42024368,-2.560572,Fibroblast,DVT
0.7723105,-3.9193668,Fibroblast,DVT
-6.913857,-1.1009312,VSMC,DVT
-2.2610533,7.5989757,Monocyte,DVT
3.685224,20.375113,Fibroblast,DVT
2.5233736,0.47787365,Fibroblast,DVT
-2.522466,7.758959,Endothelial,DVT
-1.7157223,-4.1407595,Fibroblast,DVT
-0.6121067,8.305222,Monocyte,DVT
-0.5091259,-4.58762,Fibroblast,DVT
0.34451294,-4.108719,Fibroblast,DVT
-6.1258903,7.6017046,Macrophage,DVT
-5.131381,11.511458,Neutrophil,DVT
-6.0730863,12.974046,Neutrophil,DVT
6.694531,5.36099,Endothelial,DVT
-0.85093814,-4.205573,Fibroblast,DVT
-5.9257994,7.8748612,Macrophage,DVT
-7.1542234,1.3414999,VSMC,DVT
-0.76398486,-4.4273686,Fibroblast,DVT
0.23293996,-2.7792747,Fibroblast,DVT
-0.11705271,-4.713129,Fibroblast,DVT
0.20699488,-5.074358,Fibroblast,DVT
-0.9628826,-5.8257117,Fibroblast,DVT
2.8499985,7.876529,Fibroblast,DVT
5.773151,11.477176,B_cell,DVT
-3.5017273,-2.0243847,Fibroblast,DVT
-2.5415692,-2.2864888,Fibroblast,DVT
-5.064548,5.823083,Fibroblast,DVT
-1.851073,15.34303,Fibroblast,DVT
1.5926853,1.8451153,Fibroblast,DVT
-5.8231053,8.234989,Macrophage,DVT
5.2802787,5.2943664,Endothelial,DVT
2.1830337,8.899471,Fibroblast,DVT
-10.812846,4.266612,Fibroblast,DVT
-5.684467,12.388674,Neutrophil,DVT
-11.023891,4.1495433,Fibroblast,DVT
-2.0979707,14.759864,Fibroblast,DVT
-6.164019,7.621539,Macrophage,DVT
3.893367,0.5419271,Fibroblast,DVT
-4.2091784,5.9157243,Fibroblast,DVT
-3.380149,6.8931065,Fibroblast,DVT
-8.328264,-0.8946586,VSMC,DVT
-11.103193,5.2237678,Fibroblast,DVT
-7.3481817,-0.5313904,VSMC,DVT
-4.882586,7.7766953,Macrophage,DVT
-3.4834652,-1.7705038,Fibroblast,DVT
-7.3164477,-1.519906,VSMC,DVT
-1.7514327,8.723062,Monocyte,DVT
2.0423522,16.235497,Fibroblast,DVT
1.6898425,-4.196177,Fibroblast,DVT
1.7728589,13.239687,Fibroblast,DVT
5.994718,1.6448476,Fibroblast,DVT
-10.387812,5.0622773,Fibroblast,DVT
-2.5887952,7.6071897,Fibroblast,DVT
-2.298446,-3.6799607,Fibroblast,DVT
0.9021092,-4.1975093,Fibroblast,DVT
0.01747589,-4.7579536,Fibroblast,DVT
-5.3536654,8.172173,Macrophage,DVT
-5.163772,6.2709994,Fibroblast,DVT
-4.407987,8.543493,Macrophage,DVT
-3.9446824,6.4368825,Fibroblast,DVT
-6.0139265,5.755462,Fibroblast,DVT
2.1029592,7.0707965,B_cell,DVT
-8.144629,-1.1762393,VSMC,DVT
-1.9191875,15.181958,Fibroblast,DVT
4.8952045,0.63672787,Fibroblast,DVT
0.32641634,-1.1850498,Fibroblast,DVT
-2.054827,14.625049,Fibroblast,DVT
6.0360403,5.1299286,Endothelial,DVT
3.1718025,4.4529414,Endothelial,DVT
4.836566,9.0750065,B_cell,DVT
3.8558073,4.478567,Endothelial,DVT
3.4540226,0.047001448,Fibroblast,DVT
-5.5127163,8.206107,Macrophage,DVT
-2.9663851,-5.0918293,Fibroblast,DVT
-2.291399,5.1069503,Fibroblast,DVT
-1.9556208,-2.3418431,Fibroblast,DVT
-0.93532974,3.2088945,Endothelial,DVT
1.2126031,-4.1052036,Fibroblast,DVT
-0.09205114,-4.4454503,Fibroblast,DVT
3.2367344,0.71128565,Fibroblast,DVT
0.794718,-0.83843875,Fibroblast,DVT
1.5683044,1.5950454,Fibroblast,DVT
-11.167448,4.725647,Fibroblast,DVT
-2.9466019,-5.112174,Fibroblast,DVT
-0.6697019,9.150396,Monocyte,DVT
-2.8633454,-2.8513508,Fibroblast,DVT
-0.98564273,-3.244792,Fibroblast,DVT
-2.7269676,4.8003626,Fibroblast,DVT
-5.364476,7.973741,Macrophage,DVT
-3.5106752,8.581584,Monocyte,DVT
1.8970699,13.252947,Fibroblast,DVT
0.34722188,13.360765,Fibroblast,DVT
-5.6996303,11.067105,Neutrophil,DVT
-0.21830536,-3.2190132,Fibroblast,DVT
-5.202089,7.922295,Macrophage,DVT
-2.2011588,-5.05108,Fibroblast,DVT
1.4050903,12.856847,Fibroblast,DVT
-3.507461,-1.8379177,Fibroblast,DVT
-3.5370739,5.9375324,Fibroblast,DVT
-2.4130077,5.0551243,Fibroblast,DVT
0.7694065,15.513187,Fibroblast,DVT
0.15150818,-3.0394807,Fibroblast,DVT
3.3141477,4.618339,Endothelial,DVT
-4.017111,6.635749,Fibroblast,DVT
-2.5956986,5.975878,Fibroblast,DVT
-2.052417,-4.865514,Fibroblast,DVT
-1.9252838,15.9910345,Fibroblast,DVT
-8.226969,-0.88746357,VSMC,DVT
7.4032326,6.6759768,Endothelial,DVT
-6.341693,12.660206,Neutrophil,DVT
7.812136,6.6815886,Endothelial,DVT
-3.3180664,8.88402,Monocyte,DVT
-0.019443974,-3.5706272,Fibroblast,DVT
-1.7654544,7.431037,Fibroblast,DVT
7.285685,6.395563,Endothelial,DVT
-2.1622581,-3.3961732,Fibroblast,DVT
-3.8844738,-1.7641318,Fibroblast,DVT
-5.5470586,-0.72052014,VSMC,DVT
0.14696695,-2.6671903,Fibroblast,DVT
-1.133614,-5.84932,Fibroblast,DVT
2.9247196,0.2429874,Fibroblast,DVT
-0.9608053,-5.803153,Fibroblast,DVT
-2.0062401,16.044939,Fibroblast,DVT
0.44644153,-3.4954538,Fibroblast,DVT
1.381209,13.403543,Fibroblast,DVT
-7.1283293,-0.71948135,VSMC,DVT
-4.949325,7.6040716,Macrophage,DVT
-4.76922,11.32476,Neutrophil,DVT
-0.6781357,9.734891,Monocyte,DVT
0.9717239,-2.2972076,Fibroblast,DVT
2.2601757,-4.0744166,Fibroblast,DVT
6.43514,5.536885,Endothelial,DVT
1.3804218,-2.9866781,Fibroblast,DVT
-1.9052438,9.564088,Monocyte,DVT
6.956097,5.346551,Endothelial,DVT
-8.565963,-1.7905598,VSMC,DVT
-11.410363,5.662856,Fibroblast,DVT
-0.32420427,8.131151,Monocyte,DVT
3.1298552,-4.1782303,Fibroblast,DVT
6.8390083,5.681683,Endothelial,DVT
0.33940274,13.657532,Fibroblast,DVT
-6.2737594,6.8127794,Macrophage,DVT
-0.32539415,-1.6940472,Fibroblast,DVT
-1.1141368,-5.4448953,Fibroblast,DVT
-4.0552573,5.6961856,Fibroblast,DVT
5.8233776,12.056059,B_cell,DVT
-8.679633,-1.4220718,VSMC,DVT
-2.3891323,-5.8228064,Fibroblast,DVT
-3.7199774,-1.4206468,Fibroblast,DVT
-0.10209326,16.04966,Fibroblast,DVT
-3.4104254,-2.304818,Fibroblast,DVT
0.08649407,15.416315,Fibroblast,DVT
2.0662768,16.303246,Fibroblast,DVT
-8.466038,-1.0933553,VSMC,DVT
-5.811927,11.254352,Neutrophil,DVT
3.6043763,20.302355,Fibroblast,DVT
-8.430281,-1.3574536,VSMC,DVT
-9.701246,3.8825917,Fibroblast,DVT
0.1755715,-4.259002,Fibroblast,DVT
-2.860225,-4.4568872,Fibroblast,DVT
-2.4581563,-1.9272921,Fibroblast,DVT
0.32557714,-6.3229265,Fibroblast,DVT
-0.19528495,8.10795,Monocyte,DVT
-3.2164845,10.101012,Monocyte,DVT
-5.3601704,6.2940655,Fibroblast,DVT
2.2788491,-7.714439,Fibroblast,DVT
-1.2661576,-5.1655617,Fibroblast,DVT
-1.4456067,-1.8719043,Fibroblast,DVT
7.6019955,6.771614,Endothelial,DVT
-6.8144193,0.79466695,VSMC,DVT
-4.0169535,-4.2302017,Fibroblast,DVT
-6.1984286,6.872736,Macrophage,DVT
-4.4187016,5.765465,Fibroblast,DVT
2.4510996,0.1539037,Fibroblast,DVT
-6.4085045,12.383843,Neutrophil,DVT
-1.0480372,-4.632086,Fibroblast,DVT
-2.4696004,-2.5517502,Fibroblast,DVT
-3.245107,9.061749,Monocyte,DVT
6.2968254,11.922354,B_cell,DVT
-10.268365,5.490848,Fibroblast,DVT
-2.8304749,4.748655,Fibroblast,DVT
-0.52458334,-5.874017,Fibroblast,DVT
-2.465956,-2.7451098,Fibroblast,DVT
3.1505647,-0.05749556,Fibroblast,DVT
-2.2016456,15.278317,Fibroblast,DVT
5.695548,11.232794,B_cell,DVT
-0.079822026,-2.5103245,Fibroblast,DVT
-5.736814,7.3553243,Macrophage,DVT
-0.9826845,-3.2468073,Fibroblast,DVT
-0.15224689,-4.2661247,Fibroblast,DVT
0.81763816,1.8978009,Endothelial,DVT
-5.929419,8.208572,Macrophage,DVT
2.0465388,9.079431,Fibroblast,DVT
-8.678643,-1.7057183,VSMC,DVT
1.032227,0.79196215,Fibroblast,DVT
-1.7181288,-4.472262,Fibroblast,DVT
-6.082498,8.3631,Macrophage,DVT
0.19156243,-5.1485653,Fibroblast,DVT
0.083225705,-3.5000181,Fibroblast,DVT
-3.4133275,8.533302,Monocyte,DVT
-0.27507335,16.02898,Fibroblast,DVT
-2.755614,-4.096906,Fibroblast,DVT
0.90862423,15.559399,Fibroblast,DVT
7.006335,6.5863357,Endothelial,DVT
-0.037050217,-6.214972,Fibroblast,DVT
2.1954737,15.895379,Fibroblast,DVT
-6.602258,-1.0798802,VSMC,DVT
-3.2356963,-1.7706398,Fibroblast,DVT
-1.8666368,15.241735,Fibroblast,DVT
1.987089,4.8345494,Endothelial,DVT
3.3319178,0.011462586,Fibroblast,DVT
-5.8710914,5.726986,Fibroblast,DVT
7.574354,6.1029563,Endothelial,DVT
3.1331024,0.23932682,Fibroblast,DVT
-11.2114525,5.1035175,Fibroblast,DVT
-2.0162425,-2.2933507,Fibroblast,DVT
-2.2020261,6.408033,Fibroblast,DVT
-1.4235909,-2.1485257,Fibroblast,DVT
1.0544041,0.53584677,Fibroblast,DVT
2.2070298,8.904967,Fibroblast,DVT
-1.65171,-4.302351,Fibroblast,DVT
2.752782,0.4480204,Fibroblast,DVT
-1.025397,8.947258,Monocyte,DVT
-5.003523,9.160787,Macrophage,DVT
-1.3193939,14.620067,Fibroblast,DVT
5.5269885,10.783355,B_cell,DVT
-4.5261493,11.840835,Neutrophil,DVT
-1.6133674,-5.1710787,Fibroblast,DVT
-0.98420733,-6.3187027,Fibroblast,DVT
-1.8039826,-3.6030962,Fibroblast,DVT
6.1382284,5.682569,Endothelial,DVT
-2.5146804,6.659855,Fibroblast,DVT
0.61091363,-4.812324,Fibroblast,DVT
6.956591,5.2974005,Endothelial,DVT
-7.014023,-0.8899076,VSMC,DVT
2.9962502,-0.045681927,Fibroblast,DVT
-0.53607315,-3.2137675,Fibroblast,DVT
-6.7024283,0.84218484,VSMC,DVT
-2.7327154,-4.3457637,Fibroblast,DVT
-0.39659077,-3.5242503,Fibroblast,DVT
3.3924718,-4.4511447,Fibroblast,DVT
-1.684076,14.347216,Fibroblast,DVT
-3.3057978,9.568956,Monocyte,DVT
0.9016129,15.6387,Fibroblast,DVT
-0.8229391,13.825617,Fibroblast,DVT
4.920469,5.7191086,Endothelial,DVT
2.8201203,0.53462416,Fibroblast,DVT
-1.4716603,-3.589026,Fibroblast,DVT
0.69312346,-4.0889173,Fibroblast,DVT
3.7569757,0.22346857,Fibroblast,DVT
2.3322914,0.13857327,Fibroblast,DVT
-7.5871773,12.20887,Neutrophil,DVT
-0.67790693,-5.179023,Fibroblast,DVT
-0.0800891,-1.5009681,Fibroblast,DVT
-3.8359072,9.431904,Monocyte,DVT
-1.7597942,-2.7083006,Fibroblast,DVT
2.3526094,15.99944,Fibroblast,DVT
3.8191702,-4.193827,Fibroblast,DVT
-2.3995755,-2.1580153,Fibroblast,DVT
-1.6503069,9.829816,Monocyte,DVT
-5.5121746,5.953828,Fibroblast,DVT
-8.880158,-1.4124421,VSMC,DVT
-3.6114492,-3.0243285,Fibroblast,DVT
-7.340958,-0.8093531,VSMC,DVT
-1.8799746,15.539302,Fibroblast,DVT
-2.9854112,8.549951,Monocyte,DVT
5.2239475,5.9163537,Endothelial,DVT
5.796779,6.1539135,Endothelial,DVT
3.850614,-4.1854615,Fibroblast,DVT
7.0890613,5.619678,Endothelial,DVT
-8.744743,-1.1177444,VSMC,DVT
-0.560056,2.8747995,Endothelial,DVT
-1.9970361,15.484136,Fibroblast,DVT
-2.3782659,-2.7048962,Fibroblast,DVT
2.6513457,16.162878,Fibroblast,DVT
2.9642653,0.6922492,Fibroblast,DVT
2.7996728,-0.045168966,Fibroblast,DVT
-3.783817,9.969459,Monocyte,DVT
-2.5913365,-4.9967995,Fibroblast,DVT
-0.18112257,-2.2315881,Fibroblast,DVT
0.38492525,-4.749934,Fibroblast,DVT
1.6267588,1.880966,Fibroblast,DVT
3.2912798,4.4591284,Endothelial,DVT
-4.4807353,6.745114,Fibroblast,DVT
-4.1546645,-4.5816765,Fibroblast,DVT
7.867551,6.611459,Endothelial,DVT
-6.055605,7.465462,Macrophage,DVT
-5.7832794,12.224837,Neutrophil,DVT
-2.3584697,-2.056948,Fibroblast,DVT
1.0427414,-4.970693,Fibroblast,DVT
0.14428201,-3.2787895,Fibroblast,DVT
2.8490288,16.382847,Fibroblast,DVT
4.513946,-4.341586,Fibroblast,DVT
14.440259,7.7656465,Fibroblast,DVT
0.615442,14.253257,Fibroblast,DVT
-8.593793,-1.2936534,VSMC,DVT
0.2844945,15.045569,Fibroblast,DVT
-5.1525373,12.550865,Neutrophil,DVT
-3.3325074,-2.0915384,Fibroblast,DVT
-1.2650855,8.781018,Monocyte,DVT
-0.09527359,-2.4260418,Fibroblast,DVT
-0.29123625,14.178675,Fibroblast,DVT
-4.8660088,12.761789,Neutrophil,DVT
1.7400603,-3.2811844,Fibroblast,DVT
-1.8130753,14.379194,Fibroblast,DVT
3.6860192,-4.168079,Fibroblast,DVT
-0.7204048,-4.19202,Fibroblast,DVT
-0.23804468,-3.7243404,Fibroblast,DVT
3.0331798,-4.140403,Fibroblast,DVT
-6.0678706,8.315379,Macrophage,DVT
0.49793652,-3.4069786,Fibroblast,DVT
-1.6118699,-5.7955465,Fibroblast,DVT
-6.6660876,0.7262448,VSMC,DVT
-0.17394724,-2.3905334,Fibroblast,DVT
-3.7101202,9.742409,Monocyte,DVT
7.010211,6.1913667,Endothelial,DVT
-11.7225275,5.6366367,Fibroblast,DVT
-3.0664017,9.525421,Monocyte,DVT
-1.2500829,-5.689373,Fibroblast,DVT
-0.9359008,-5.8881683,Fibroblast,DVT
4.4559717,-4.270516,Fibroblast,DVT
-1.9165772,8.131069,Monocyte,DVT
-6.3883343,1.5312331,VSMC,DVT
-3.057812,9.178096,Monocyte,DVT
2.6494207,-1.0630404,Fibroblast,DVT
-0.07827908,-3.2854345,Fibroblast,DVT
5.495692,6.238107,Endothelial,DVT
-0.95618284,-5.1906333,Fibroblast,DVT
-3.2792137,-3.6642249,Fibroblast,DVT
-1.5679971,-3.9479773,Fibroblast,DVT
-3.717841,-3.7413704,Fibroblast,DVT
-4.871035,4.758867,Fibroblast,DVT
-3.5627127,6.3460903,Fibroblast,DVT
-8.425122,-1.1944747,VSMC,DVT
-3.2079942,5.022504,Fibroblast,DVT
5.7977223,5.730615,Endothelial,DVT
-2.5891564,-5.2759385,Fibroblast,DVT
0.981374,13.214035,Fibroblast,DVT
-2.0116463,-6.2297087,Fibroblast,DVT
2.7693603,16.343554,Fibroblast,DVT
5.378109,10.634704,B_cell,DVT
-1.2569377,-5.8312516,Fibroblast,DVT
6.9333916,6.0931005,Endothelial,DVT
-1.9094918,-3.1227965,Fibroblast,DVT
1.5646566,-6.240306,Fibroblast,DVT
-7.711728,-0.8380219,VSMC,DVT
-8.219284,-1.2718289,VSMC,DVT
2.9788604,-3.9732301,Fibroblast,DVT
-1.1280556,-4.7512875,Fibroblast,DVT
-6.3796644,-0.8171205,VSMC,DVT
-10.844606,4.124889,Fibroblast,DVT
1.2279313,15.020113,Fibroblast,DVT
0.4515047,-4.4591923,Fibroblast,DVT
-0.0144777065,-3.6992881,Fibroblast,DVT
-6.540395,13.26176,Neutrophil,DVT
-1.5496329,7.294847,Fibroblast,DVT
3.039624,0.13780004,Fibroblast,DVT
0.5038881,-3.4816334,Fibroblast,DVT
-10.837439,4.2109356,Fibroblast,DVT
1.4594648,-3.6423347,Fibroblast,DVT
-2.9956794,-4.273548,Fibroblast,DVT
-2.4375,-4.8543267,Fibroblast,DVT
-5.9097643,13.275044,Neutrophil,DVT
-1.9293513,8.40408,Monocyte,DVT
-1.3954664,-4.704928,Fibroblast,DVT
6.7425117,5.1602564,Endothelial,DVT
-2.6916692,-2.4214973,Fibroblast,DVT
-5.59556,-0.7760385,VSMC,DVT
-4.5182333,8.351059,Macrophage,DVT
2.272352,4.832968,Endothelial,DVT
1.4064851,-1.9430093,Fibroblast,DVT
-4.44578,-1.5242064,Fibroblast,DVT
5.91186,11.29807,B_cell,DVT
7.2354794,5.553173,Endothelial,DVT
1.2290295,15.777779,Fibroblast,DVT
4.5496607,0.64309037,Fibroblast,DVT
2.2234674,-1.089267,Fibroblast,DVT
0.8136421,2.4214497,Endothelial,DVT
-2.369358,-5.2592864,Fibroblast,DVT
5.3351007,11.984108,B_cell,DVT
-1.323169,-5.46477,Fibroblast,DVT
-2.2614567,-1.3584738,Fibroblast,DVT
-1.8112485,14.366246,Fibroblast,DVT
-0.6622681,3.066557,Endothelial,DVT
2.5291965,-3.9031584,Fibroblast,DVT
-1.4605318,7.0681896,Fibroblast,DVT
3.3471053,0.076717526,Fibroblast,DVT
-5.7361145,12.337033,Neutrophil,DVT
-2.3984337,-3.4913435,Fibroblast,DVT
-3.1379824,-4.453263,Fibroblast,DVT
1.6091532,12.661099,Fibroblast,DVT
-5.9740467,6.9508147,Macrophage,DVT
-10.809429,5.6241484,Fibroblast,DVT
0.9639608,-4.521226,Fibroblast,DVT
-3.0056357,-4.2032104,Fibroblast,DVT
1.4834473,13.393529,Fibroblast,DVT
-3.016653,-4.940646,Fibroblast,DVT
-3.2044253,-4.1306667,Fibroblast,DVT
0.118579336,2.7847595,Endothelial,DVT
2.179007,-4.2917976,Fibroblast,DVT
-0.070553385,-4.272557,Fibroblast,DVT
-7.1404486,0.97990775,VSMC,DVT
5.898741,6.4107866,Endothelial,DVT
-11.336343,5.1533914,Fibroblast,DVT
3.1242974,-4.0157585,Fibroblast,DVT
-10.289095,5.4448705,Fibroblast,DVT
-2.3562872,-4.467891,Fibroblast,DVT
-1.0797323,-2.9258776,Fibroblast,DVT
1.1284132,-7.030519,Fibroblast,DVT
-2.0543177,-4.1236296,Fibroblast,DVT
-2.0601387,-3.9149282,Fibroblast,DVT
-1.799121,-1.7088652,Fibroblast,DVT
-2.7250285,4.8890824,Fibroblast,DVT
2.413818,-3.774417,Fibroblast,DVT
7.7279587,6.133351,Endothelial,DVT
-6.043114,8.196984,Macrophage,DVT
1.711784,1.9346961,Fibroblast,DVT
-3.4829745,5.9811163,Fibroblast,DVT
-1.4054401,-5.0076766,Fibroblast,DVT
0.72709423,-3.171198,Fibroblast,DVT
-3.3592489,-2.5764034,Fibroblast,DVT
5.805964,10.888532,B_cell,DVT
1.7824937,13.256506,Fibroblast,DVT
-0.6277833,-2.7128472,Fibroblast,DVT
-5.7189546,13.061024,Neutrophil,DVT
-4.04644,-4.6934958,Fibroblast,DVT
-6.1161942,6.5532184,Macrophage,DVT
-0.14105609,-5.213251,Fibroblast,DVT
-6.7768106,0.8460261,VSMC,DVT
-1.4868003,-3.293889,Fibroblast,DVT
2.995375,0.34705707,Fibroblast,DVT
-1.475865,8.920777,Monocyte,DVT
-1.4737834,15.927385,Fibroblast,DVT
-6.2894797,6.69925,Macrophage,DVT
-0.35758078,-3.5595737,Fibroblast,DVT
6.0758023,6.008047,Endothelial,DVT
-4.357775,6.0105753,Fibroblast,DVT
-0.14480574,-6.498036,Fibroblast,DVT
-5.964375,7.5087395,Macrophage,DVT
-2.6196787,-0.6940126,Fibroblast,DVT
6.8741126,4.9990954,Endothelial,DVT
-0.3597327,-4.574089,Fibroblast,DVT
-5.2089057,7.7201476,Macrophage,DVT
2.863665,0.011335138,Fibroblast,DVT
0.17753285,2.8940184,Endothelial,DVT
2.1896245,9.035914,Fibroblast,DVT
-3.467348,5.2244835,Fibroblast,DVT
7.3834105,6.603658,Endothelial,DVT
1.040103,-2.4203181,Fibroblast,DVT
-2.6566076,5.1712227,Fibroblast,DVT
1.1559464,12.651349,Fibroblast,DVT
-3.8003998,-2.643328,Fibroblast,DVT
-3.3637934,6.3131113,Fibroblast,DVT
-1.3018336,14.048085,Fibroblast,DVT
-0.5770165,3.4777277,Endothelial,DVT
-2.9078155,6.9114194,Fibroblast,DVT
-1.3529221,-4.0778656,Fibroblast,DVT
-2.5527177,-4.1226077,Fibroblast,DVT
-1.1185793,-4.312666,Fibroblast,DVT
1.1379178,-5.052765,Fibroblast,DVT
-0.61831445,-5.1778655,Fibroblast,DVT
3.0154793,-4.3199797,Fibroblast,DVT
-2.9291549,8.74438,Monocyte,DVT
-2.105961,15.161047,Fibroblast,DVT
-0.37884876,-4.737122,Fibroblast,DVT
4.721075,3.331409,Endothelial,DVT
-2.3090672,-5.3650618,Fibroblast,DVT
1.1917053,12.7579775,Fibroblast,DVT
7.1745567,5.621956,Endothelial,DVT
-2.4869173,-4.471211,Fibroblast,DVT
-0.67929566,8.985036,Monocyte,DVT
-0.23933336,-4.7699213,Fibroblast,DVT
1.672784,-3.469217,Fibroblast,DVT
-1.3819567,-2.127074,Fibroblast,DVT
-5.705976,5.643778,Fibroblast,DVT
-3.0812867,7.85458,Fibroblast,DVT
-2.0030472,-5.5559573,Fibroblast,DVT
7.647259,4.8778267,Endothelial,DVT
-6.333865,1.5384916,VSMC,DVT
0.4699807,2.981956,Endothelial,DVT
-7.607857,-1.2442716,VSMC,DVT
-5.985276,7.70053,Macrophage,DVT
-4.051327,-1.9117275,Fibroblast,DVT
-5.8662777,7.3454537,Macrophage,DVT
-3.259218,-4.4821467,Fibroblast,DVT
7.968825,5.887466,Endothelial,DVT
-3.6693635,-3.2753322,Fibroblast,DVT
5.906422,11.760263,B_cell,DVT
0.5624555,-5.0810733,Fibroblast,DVT
7.948343,6.461507,Endothelial,DVT
-4.157229,7.4482503,Macrophage,DVT
6.0170283,10.730933,B_cell,DVT
2.6103945,4.3769984,Endothelial,DVT
-5.398356,6.2308407,Fibroblast,DVT
-4.791846,7.9225273,Macrophage,DVT
-5.244503,7.757562,Macrophage,DVT
-4.254769,-4.307879,Fibroblast,DVT
5.565374,5.5226803,Endothelial,DVT
3.4086125,-4.409865,Fibroblast,DVT
1.180664,13.004992,Fibroblast,DVT
-1.6020468,14.917297,Fibroblast,DVT
-0.5974004,-2.0141246,Fibroblast,DVT
2.8242905,4.47637,Endothelial,DVT
2.1971917,12.685626,Fibroblast,DVT
5.938984,12.029821,B_cell,DVT
-5.793589,12.55309,Neutrophil,DVT
-0.23982781,-3.6283367,Fibroblast,DVT
-0.41921046,-4.9415727,Fibroblast,DVT
4.5156918,5.3974137,Endothelial,DVT
-5.869701,-0.8606852,VSMC,DVT
-2.8151436,-0.82326144,Fibroblast,DVT
2.307536,0.8778111,Fibroblast,DVT
-3.4122689,10.23227,Monocyte,DVT
2.2756944,15.955609,Fibroblast,DVT
-1.5240754,15.535792,Fibroblast,DVT
-1.1042203,-3.4605384,Fibroblast,DVT
-3.6201131,-4.1584425,Fibroblast,DVT
4.6380353,5.236487,Endothelial,DVT
-3.303513,-5.0617228,Fibroblast,DVT
7.639592,3.5431893,Endothelial,DVT
-0.7730194,3.330827,Endothelial,DVT
6.1616826,12.087302,B_cell,DVT
2.6103535,0.011083395,Fibroblast,DVT
4.366559,5.0158772,Endothelial,DVT
-6.3694215,1.2102287,VSMC,DVT
6.214852,12.476459,B_cell,DVT
2.1672485,4.7164407,Endothelial,DVT
-3.302638,6.8409677,Fibroblast,DVT
2.3895462,7.2738476,B_cell,DVT
-1.0104231,8.690372,Monocyte,DVT
-1.229937,8.633005,Monocyte,DVT
2.502099,-1.1368151,Fibroblast,DVT
-1.6441312,12.718673,Fibroblast,DVT
-6.253688,1.6118796,VSMC,DVT
-3.578749,5.121526,Fibroblast,DVT
-1.8725604,9.699731,Monocyte,DVT
0.71560246,14.414313,Fibroblast,DVT
-1.7550845,-6.2421236,Fibroblast,DVT
-4.3037114,6.5463686,Fibroblast,DVT
1.2055997,-2.306024,Fibroblast,DVT
1.184775,1.4511013,Fibroblast,DVT
-5.754465,7.527772,Macrophage,DVT
-2.7926435,7.361336,Fibroblast,DVT
0.78932667,-3.408764,Fibroblast,DVT
-1.8692987,-4.332978,Fibroblast,DVT
-0.040181383,-4.7947307,Fibroblast,DVT
-4.1256084,5.10199,Fibroblast,DVT
3.887237,-4.1827006,Fibroblast,DVT
2.2123682,8.891789,Fibroblast,DVT
-2.6193256,4.995225,Fibroblast,DVT
0.9758354,-2.886557,Fibroblast,DVT
-1.4497458,15.901392,Fibroblast,DVT
-1.5057634,-6.0797887,Fibroblast,DVT
-1.2456291,-4.9401884,Fibroblast,DVT
0.9524864,-2.577571,Fibroblast,DVT
7.002344,6.097877,Endothelial,DVT
-5.309102,5.7411313,Fibroblast,DVT
-2.7724206,-1.9545783,Fibroblast,DVT
6.9213195,5.370288,Endothelial,DVT
8.001268,6.219471,Endothelial,DVT
-8.665858,-1.9156516,VSMC,DVT
2.7417684,0.29045388,Fibroblast,DVT
2.1077967,12.674701,Fibroblast,DVT
-0.16400364,-3.4904895,Fibroblast,DVT
-2.8191414,6.090626,Fibroblast,DVT
-7.287785,-1.2014318,VSMC,DVT
6.0624003,11.924612,B_cell,DVT
3.904284,20.620415,Fibroblast,DVT
0.6159883,-3.033377,Fibroblast,DVT
-3.4242513,-2.0910451,Fibroblast,DVT
-2.5506852,-4.265582,Fibroblast,DVT
-2.027912,-3.6603074,Fibroblast,DVT
5.921076,12.2553215,B_cell,DVT
-7.1316147,-0.6557538,VSMC,DVT
0.39067566,14.395652,Fibroblast,DVT
-0.48123074,-3.417896,Fibroblast,DVT
1.2961398,-4.903319,Fibroblast,DVT
-9.702961,4.038271,Fibroblast,DVT
-6.063916,7.249036,Macrophage,DVT
-2.2310536,-5.3355184,Fibroblast,DVT
-6.506371,12.606888,Neutrophil,DVT
-3.8294995,7.2645974,Macrophage,DVT
5.519723,11.117717,B_cell,DVT
2.8366654,4.5816135,Endothelial,DVT
-3.6295109,9.786601,Monocyte,DVT
6.0342197,12.381557,B_cell,DVT
-7.275622,-1.7964138,VSMC,DVT
-2.1470108,-2.0889196,Fibroblast,DVT
13.739478,7.2706003,Fibroblast,DVT
1.0628618,-3.9302564,Fibroblast,DVT
-5.8672643,8.224732,Macrophage,DVT
5.7026772,11.650193,B_cell,DVT
-2.2264633,-4.252196,Fibroblast,DVT
6.3727584,1.574864,Endothelial,DVT
-3.4140847,9.394705,Monocyte,DVT
0.13385066,-4.4012227,Fibroblast,DVT
3.1115198,0.25552043,Fibroblast,DVT
-2.262295,15.5566435,Fibroblast,DVT
-1.9274107,9.65215,Monocyte,DVT
-3.2846782,5.9580984,Fibroblast,DVT
7.87562,5.8187275,Endothelial,DVT
-8.534126,-1.351666,VSMC,DVT
6.8665423,2.2274806,Endothelial,DVT
-0.89786047,8.919738,Monocyte,DVT
7.9927106,6.068737,Endothelial,DVT
-7.75469,-0.89037627,VSMC,DVT
1.1600971,2.4617996,Endothelial,DVT
-3.5546727,-2.3226128,Fibroblast,DVT
0.27488405,13.116836,Fibroblast,DVT
-0.7246653,-4.854532,Fibroblast,DVT
4.944099,9.44634,B_cell,DVT
-6.5026846,-0.1802457,VSMC,DVT
7.4062276,6.6829023,Endothelial,DVT
-7.3421173,12.17768,Neutrophil,DVT
0.63208103,14.254448,Fibroblast,DVT
-2.019287,14.910065,Fibroblast,DVT
1.5714539,-3.901392,Fibroblast,DVT
-0.9748898,-5.0841393,Fibroblast,DVT
3.331421,-0.2702929,Fibroblast,DVT
-0.79126465,-3.8766475,Fibroblast,DVT
-9.679619,4.002272,Fibroblast,DVT
5.867843,10.820982,B_cell,DVT
-3.809924,-2.4325087,Fibroblast,DVT
2.8877223,16.45767,Fibroblast,DVT
0.64437854,-2.7391899,Fibroblast,DVT
-6.1685543,8.192077,Macrophage,DVT
-5.8057857,11.050207,Neutrophil,DVT
0.29787904,-5.051073,Fibroblast,DVT
0.92459756,-2.4424179,Fibroblast,DVT
14.286192,7.584011,Fibroblast,DVT
2.414155,3.059522,Fibroblast,DVT
1.8549844,6.769454,B_cell,DVT
-2.371683,-4.989141,Fibroblast,DVT
-1.8380407,16.042124,Fibroblast,DVT
-1.4796605,14.860477,Fibroblast,DVT
-2.6966043,-5.5609083,Fibroblast,DVT
-5.8712406,5.6387854,Fibroblast,DVT
0.85000014,15.221944,Fibroblast,DVT
2.7537937,0.33885592,Fibroblast,DVT
2.312439,8.760795,Fibroblast,DVT
-5.779724,-0.92154074,VSMC,DVT
-5.4864717,7.114914,Macrophage,DVT
4.6788583,5.3188,Endothelial,DVT
3.473925,4.4829597,Endothelial,DVT
-11.191478,5.177321,Fibroblast,DVT
-7.783615,-1.3345184,VSMC,DVT
4.196865,1.1290649,Endothelial,DVT
2.1585226,-3.2640188,Fibroblast,DVT
-8.561032,-1.680536,VSMC,DVT
-1.5804929,-5.747571,Fibroblast,DVT
3.8966112,20.610163,Fibroblast,DVT
-3.9232748,-1.4993291,Fibroblast,DVT
-2.3076227,-5.166629,Fibroblast,DVT
-8.185017,-1.2689866,VSMC,DVT
-3.041339,-3.7890928,Fibroblast,DVT
-0.76226723,-2.946217,Fibroblast,DVT
-0.4307987,-3.4275432,Fibroblast,DVT
3.0297573,0.41634238,Fibroblast,DVT
-3.014962,7.6313524,Fibroblast,DVT
-2.3021998,-5.605299,Fibroblast,DVT
-10.892538,4.742139,Fibroblast,DVT
-2.4625416,-2.4732723,Fibroblast,DVT
-3.5721924,8.66892,Monocyte,DVT
7.5889072,6.7240543,Endothelial,DVT
0.05094762,8.131888,Monocyte,DVT
-1.9852256,-4.1841598,Fibroblast,DVT
-2.352482,5.9748907,Fibroblast,DVT
-1.9530852,14.807707,Fibroblast,DVT
-2.1221805,-5.685508,Fibroblast,DVT
-4.623062,8.5237255,Macrophage,DVT
1.2495636,-2.0691042,Fibroblast,DVT
5.526126,11.66494,B_cell,DVT
5.6023536,5.7688513,Endothelial,DVT
6.32818,12.266204,B_cell,DVT
-2.54021,-3.2748148,Fibroblast,DVT
3.536526,-4.2177734,Fibroblast,DVT
-1.7780194,-4.5969844,Fibroblast,DVT
1.1296629,-3.837634,Fibroblast,DVT
2.0918853,-3.4557862,Fibroblast,DVT
0.8784234,-6.353833,Fibroblast,DVT
-8.409662,-1.8793362,VSMC,DVT
-6.237494,-0.8839329,VSMC,DVT
0.35737294,-2.045372,Fibroblast,DVT
-1.9783375,14.838892,Fibroblast,DVT
-4.261921,6.544768,Fibroblast,DVT
-3.5560434,10.381577,Monocyte,DVT
-5.5689874,6.1416454,Fibroblast,DVT
2.6713257,4.412431,Endothelial,DVT
0.0077472148,-3.2219753,Fibroblast,DVT
5.648152,11.565669,B_cell,DVT
1.989943,-3.5559728,Fibroblast,DVT
-2.705463,-5.168975,Fibroblast,DVT
-2.57657,-3.0957277,Fibroblast,DVT
5.9146423,0.51005524,Endothelial,DVT
2.3921092,8.668477,Fibroblast,DVT
5.1255026,10.622739,B_cell,DVT
1.289424,-1.9529479,Fibroblast,DVT
1.8018119,6.702956,B_cell,DVT
-4.0921116,-3.8825011,Fibroblast,DVT
-2.3459883,-3.8609467,Fibroblast,DVT
4.609623,1.9055068,Endothelial,DVT
-0.5585486,-5.039709,Fibroblast,DVT
-2.2611582,-5.8313303,Fibroblast,DVT
-5.536792,12.249097,Neutrophil,DVT
-1.1102203,-5.143205,Fibroblast,DVT
-7.746569,-1.7643422,VSMC,DVT
-7.316174,12.70794,Neutrophil,DVT
7.972687,6.4072495,Endothelial,DVT
7.617674,6.632157,Endothelial,DVT
-1.92856,-5.3520412,Fibroblast,DVT
-3.729926,9.753231,Monocyte,DVT
-7.529853,1.0356253,VSMC,DVT
-5.203274,7.548551,Macrophage,DVT
-5.5954227,12.250224,Neutrophil,DVT
-3.3241396,8.434713,Monocyte,DVT
-8.846209,-1.8005745,VSMC,DVT
-1.7737302,-5.350835,Fibroblast,DVT
-0.1345643,8.085672,Monocyte,DVT
-10.984275,5.173653,Fibroblast,DVT
-0.9810628,3.3923523,Endothelial,DVT
2.9747095,-3.5430515,Fibroblast,DVT
-2.7341943,9.109602,Monocyte,DVT
-10.709451,4.133367,Fibroblast,DVT
-7.009484,-0.9138756,VSMC,DVT
-6.7174606,1.2177444,VSMC,DVT
7.745426,5.966067,Endothelial,DVT
-1.7141345,8.420506,Monocyte,DVT
1.6945363,-3.5469394,Fibroblast,DVT
-5.8486667,5.766039,Fibroblast,DVT
-4.85103,8.454689,Macrophage,DVT
-2.3669653,-1.2176405,Fibroblast,DVT
2.235999,16.047892,Fibroblast,DVT
-2.0247002,-2.487797,Fibroblast,DVT
-5.484498,6.3548446,Fibroblast,DVT
-0.26805985,-5.4007363,Fibroblast,DVT
-2.9288876,-2.9901123,Fibroblast,DVT
3.4607627,0.22987264,Fibroblast,DVT
-0.88315755,-5.8079114,Fibroblast,DVT
0.74330294,-2.941602,Fibroblast,DVT
4.28273,0.551971,Fibroblast,DVT
1.6620101,-3.351419,Fibroblast,DVT
5.892088,12.185335,B_cell,DVT
-2.1871345,-0.24597067,Fibroblast,DVT
-5.917192,11.017922,Neutrophil,DVT
-3.62176,9.329313,Monocyte,DVT
-7.3525724,-0.96367085,VSMC,DVT
-5.614561,6.066909,Fibroblast,DVT
-3.545829,-2.29325,Fibroblast,DVT
2.1536353,-3.8578885,Fibroblast,DVT
2.4258156,-4.443924,Fibroblast,DVT
2.0839238,4.732934,Endothelial,DVT
3.741379,20.444538,Fibroblast,DVT
0.985233,15.448806,Fibroblast,DVT
1.1152655,14.974296,Fibroblast,DVT
0.111012876,-3.9684799,Fibroblast,DVT
5.744193,11.928368,B_cell,DVT
-7.0886106,-0.526941,VSMC,DVT
1.3749071,-3.0505154,Fibroblast,DVT
-1.2782619,-5.3625393,Fibroblast,DVT
0.044762872,-1.479533,Fibroblast,DVT
6.238437,5.8538475,Endothelial,DVT
-3.3332593,-1.9668779,Fibroblast,DVT
0.24076578,-0.99893445,Fibroblast,DVT
-2.6789103,-0.8315699,Fibroblast,DVT
5.945654,12.679463,B_cell,DVT
5.746001,10.657342,B_cell,DVT
-7.8852353,-1.1885002,VSMC,DVT
0.8900448,14.883151,Fibroblast,DVT
7.0722833,5.9591646,Endothelial,DVT
-1.6290622,-5.5844755,Fibroblast,DVT
-1.6920254,-2.628556,Fibroblast,DVT
-4.5611296,7.1661134,Macrophage,DVT
-2.0526865,16.00885,Fibroblast,DVT
-0.6379273,-6.246682,Fibroblast,DVT
5.918617,11.0648155,B_cell,DVT
-1.387426,-2.727966,Fibroblast,DVT
-2.6955192,-1.6991315,Fibroblast,DVT
-1.9961206,7.7780075,Monocyte,DVT
-6.6225047,13.226199,Neutrophil,DVT
1.5570214,-2.3585136,Fibroblast,DVT
-0.2685751,-3.0419533,Fibroblast,DVT
2.4133236,0.30804074,Fibroblast,DVT
-4.581844,10.218659,Macrophage,DVT
-3.045172,8.053527,Fibroblast,DVT
5.6371274,11.517767,B_cell,DVT
-1.2784042,-3.2052276,Fibroblast,DVT
0.22463398,-5.7811675,Fibroblast,DVT
-1.2655128,7.1027856,Fibroblast,DVT
2.7710981,-3.6794033,Fibroblast,DVT
-0.80362874,-4.0637865,Fibroblast,DVT
-5.3395042,7.496054,Macrophage,DVT
-3.0462413,-5.361888,Fibroblast,DVT
1.1215421,2.4566076,Endothelial,DVT
-1.6165732,-3.9268746,Fibroblast,DVT
-2.984935,7.813909,Fibroblast,DVT
0.08234836,-3.092194,Fibroblast,DVT
1.3148029,-2.146864,Fibroblast,DVT
2.5974917,-3.9794233,Fibroblast,DVT
-5.5471344,11.96107,Neutrophil,DVT
-6.4120297,12.917102,Neutrophil,DVT
-7.389222,-1.8430527,VSMC,DVT
7.2602997,4.466335,Endothelial,DVT
-1.3557307,-4.840927,Fibroblast,DVT
-2.369958,-4.0186477,Fibroblast,DVT
-6.204363,13.320827,Neutrophil,DVT
7.167939,5.8675075,Endothelial,DVT
2.3193924,0.8979091,Fibroblast,DVT
0.74301404,14.193736,Fibroblast,DVT
-3.3038976,-3.9965239,Fibroblast,DVT
6.2379427,5.93828,Endothelial,DVT
-0.19202892,-1.9843472,Fibroblast,DVT
-5.363927,7.77712,Macrophage,DVT
-6.225662,11.364813,Neutrophil,DVT
-5.7084446,7.568067,Macrophage,DVT
-5.1328344,6.484635,Fibroblast,DVT
-0.71231866,-4.850437,Fibroblast,DVT
-4.967895,11.474404,Neutrophil,DVT
0.7705367,14.02192,Fibroblast,DVT
6.3932805,5.796226,Endothelial,DVT
-0.49621826,8.884575,Monocyte,DVT
-2.014267,-4.90939,Fibroblast,DVT
0.9609423,13.23693,Fibroblast,DVT
2.773932,-3.8507502,Fibroblast,DVT
-2.4812086,4.7626877,Fibroblast,DVT
-3.1727648,-3.800684,Fibroblast,DVT
-1.8555601,-6.041541,Fibroblast,DVT
-0.9360058,8.726226,Monocyte,DVT
2.3164601,7.794619,Fibroblast,DVT
6.826456,5.70775,Endothelial,DVT
2.6609304,0.107264824,Fibroblast,DVT
8.721871,0.3838429,Endothelial,DVT
8.09157,5.6300097,Endothelial,DVT
-1.5059868,-5.580347,Fibroblast,DVT
-3.0166523,-2.6029868,Fibroblast,DVT
-2.6623533,-4.614941,Fibroblast,DVT
-1.2683039,-4.8751807,Fibroblast,DVT
-1.5580457,-5.4209795,Fibroblast,DVT
3.4406512,4.4576254,Endothelial,DVT
-0.50429386,-3.282827,Fibroblast,DVT
7.1835227,6.0811462,Endothelial,DVT
3.749981,20.454554,Fibroblast,DVT
-1.8946813,-2.2223952,Fibroblast,DVT
-6.4363384,-0.9882301,VSMC,DVT
1.2941947,11.840587,Fibroblast,DVT
-2.282454,-6.02097,Fibroblast,DVT
-5.1434913,12.889385,Neutrophil,DVT
-1.8546524,16.134396,Fibroblast,DVT
-1.3080503,0.089872934,Fibroblast,DVT
-3.9436352,-4.1061068,Fibroblast,DVT
-5.571305,12.153415,Neutrophil,DVT
-2.8015385,-4.0340657,Fibroblast,DVT
-5.8361254,12.038306,Neutrophil,DVT
2.2790656,0.03661198,Fibroblast,DVT
-2.6240351,-3.1551127,Fibroblast,DVT
-6.532481,13.256581,Neutrophil,DVT
1.186861,-2.593239,Fibroblast,DVT
-10.02865,4.358884,Fibroblast,DVT
4.2394023,-4.2834997,Fibroblast,DVT
2.8586419,-3.6913407,Fibroblast,DVT
-5.201156,7.08063,Macrophage,DVT
2.172249,-4.4327993,Fibroblast,DVT
-1.4867857,-3.3843184,Fibroblast,DVT
-2.216603,15.265238,Fibroblast,DVT
-8.022681,-1.2485515,VSMC,DVT
-5.76898,10.717772,Neutrophil,DVT
-2.269955,-2.8935938,Fibroblast,DVT
2.7964,16.448519,Fibroblast,DVT
5.789695,1.2465441,Fibroblast,DVT
-7.5332136,-0.9404503,VSMC,DVT
5.6482825,10.845136,B_cell,DVT
-5.7803116,13.181174,Neutrophil,DVT
-1.7983098,-3.0353854,Fibroblast,DVT
3.347033,0.1370629,Fibroblast,DVT
-2.249622,-1.0669718,Fibroblast,DVT
-2.242546,7.1748977,Fibroblast,DVT
-11.740872,0.33228043,Erythrocyte,DVT
-1.8440675,16.184198,Fibroblast,DVT
2.351499,8.701118,Fibroblast,DVT
0.5643714,14.301674,Fibroblast,DVT
0.4463558,15.748274,Fibroblast,DVT
2.5755296,4.4623847,Endothelial,DVT
-2.6115878,8.010612,Fibroblast,DVT
-4.1431446,6.250006,Fibroblast,DVT
2.3605006,8.701032,Fibroblast,DVT
-8.047753,-1.4612932,VSMC,DVT
0.2894171,15.847614,Fibroblast,DVT
2.9440873,0.086480685,Fibroblast,DVT
-11.5473385,5.059695,Fibroblast,DVT
6.13695,12.396816,B_cell,DVT
-4.505046,12.357663,Neutrophil,DVT
-5.821764,12.220336,Neutrophil,DVT
-5.7741017,6.498339,Macrophage,DVT
6.615733,5.259308,Endothelial,DVT
0.7660865,-0.9077778,Fibroblast,DVT
5.4398313,11.48761,B_cell,DVT
-4.7230015,11.4229145,Neutrophil,DVT
-10.332588,5.240091,Fibroblast,DVT
-3.5911784,-2.0184538,Fibroblast,DVT
4.422183,5.623805,Endothelial,DVT
0.7739165,-3.1307838,Fibroblast,DVT
1.327638,12.779917,Fibroblast,DVT
-2.1872926,-2.3643887,Fibroblast,DVT
-0.7761488,-5.4627466,Fibroblast,DVT
7.7316504,6.213553,Endothelial,DVT
-5.4243846,12.58344,Neutrophil,DVT
-6.366091,12.567544,Neutrophil,DVT
0.6612586,15.802692,Fibroblast,DVT
-1.1585102,-4.7936845,Fibroblast,DVT
4.9105897,5.5817475,Endothelial,DVT
-2.6608436,-5.2342277,Fibroblast,DVT
-6.667348,-1.636086,VSMC,DVT
7.9714293,5.7666655,Endothelial,DVT
5.4519763,10.808613,B_cell,DVT
-3.111349,7.797406,Fibroblast,DVT
-3.7401977,-4.022197,Fibroblast,DVT
2.356678,2.9784734,Fibroblast,DVT
1.1560102,-2.373784,Fibroblast,DVT
-3.260386,-4.2816153,Fibroblast,DVT
-3.0215006,8.185387,Fibroblast,DVT
-5.6447363,7.170681,Macrophage,DVT
-2.5197635,6.938745,Fibroblast,DVT
1.5428368,11.956721,Fibroblast,DVT
-4.149519,6.183436,Fibroblast,DVT
1.61742,13.08826,Fibroblast,DVT
-0.61218107,3.005976,Endothelial,DVT
1.6443118,-4.034183,Fibroblast,DVT
-7.3727818,-1.3784946,VSMC,DVT
-1.8628892,14.468733,Fibroblast,DVT
-2.482446,-1.5385028,Fibroblast,DVT
-4.8443346,10.920524,Neutrophil,DVT
6.1095862,11.832341,B_cell,DVT
-0.6945612,-5.184655,Fibroblast,DVT
-6.1463413,8.278029,Macrophage,DVT
7.7934895,4.9185143,Endothelial,DVT
-1.8676213,-4.555085,Fibroblast,DVT
5.5697923,11.4949255,B_cell,DVT
-2.672942,-5.185406,Fibroblast,DVT
-3.6087377,9.639073,Monocyte,DVT
6.1467113,12.265553,B_cell,DVT
-7.020651,12.347488,Neutrophil,DVT
-0.108670324,-4.055697,Fibroblast,DVT
-2.604928,-4.3657613,Fibroblast,DVT
3.38926,0.06339298,Fibroblast,DVT
1.3901823,13.234585,Fibroblast,DVT
-1.5562304,-3.8025343,Fibroblast,DVT
7.488771,6.015205,Endothelial,DVT
5.2031713,2.0653427,Endothelial,DVT
5.6309566,11.1836815,B_cell,DVT
1.2144754,14.356738,Fibroblast,DVT
-1.4157665,0.10172457,Fibroblast,DVT
-11.431054,5.045886,Fibroblast,DVT
-9.731633,3.7430367,Fibroblast,DVT
-4.324943,7.3180766,Macrophage,DVT
-0.22915128,3.0084975,Endothelial,DVT
6.1282334,6.0376134,Endothelial,DVT
-3.1631606,9.536239,Monocyte,DVT
-0.2069669,3.0181665,Endothelial,DVT
5.6296763,5.538791,Endothelial,DVT
0.02941247,-7.319305,Fibroblast,DVT
-0.8511126,13.352813,Fibroblast,DVT
-1.7105383,6.319936,Fibroblast,DVT
-0.31598946,7.147887,Fibroblast,DVT
-1.4409143,8.085149,Fibroblast,DVT
-0.6541267,-3.9729948,Fibroblast,DVT
1.1981452,14.040321,Fibroblast,DVT
-0.99417824,13.9389925,Fibroblast,DVT
2.7788827,8.107513,Fibroblast,DVT
0.16038127,-0.7924955,Fibroblast,DVT
-4.5011415,10.808376,Neutrophil,DVT
0.38784432,-4.719497,Fibroblast,DVT
-7.156059,-0.0020281796,VSMC,DVT
-3.6429553,-2.024829,Fibroblast,DVT
8.105016,6.1558013,Endothelial,DVT
-2.9722674,6.626266,Fibroblast,DVT
-2.5684316,-2.280238,Fibroblast,DVT
0.67196,-4.0606313,Fibroblast,DVT
0.9295246,-4.4634805,Fibroblast,DVT
-1.5037159,8.676766,Monocyte,DVT
-3.3643827,-4.3879104,Fibroblast,DVT
4.2854223,-4.210928,Fibroblast,DVT
0.98307794,-4.2458787,Fibroblast,DVT
-4.725116,12.723046,Neutrophil,DVT
3.3386438,4.883603,Endothelial,DVT
5.5531673,10.990742,B_cell,DVT
-4.407703,9.109218,Macrophage,DVT
-7.5059137,0.83605725,VSMC,DVT
-4.778379,10.9781885,Neutrophil,DVT
-3.8290422,9.238913,Monocyte,DVT
-1.8171672,-6.1044903,Fibroblast,DVT
-7.449009,-1.4385611,VSMC,DVT
-2.2039845,-1.913593,Fibroblast,DVT
5.8959312,11.382716,B_cell,DVT
1.1681418,0.55929685,Fibroblast,DVT
-0.87185365,7.3332577,Fibroblast,DVT
-2.3219633,-6.1690545,Fibroblast,DVT
-6.779247,-0.37733164,VSMC,DVT
-2.6334584,-3.872824,Fibroblast,DVT
-1.771829,-5.8003464,Fibroblast,DVT
-2.1979935,15.4101515,Fibroblast,DVT
-1.5681899,-4.1135983,Fibroblast,DVT
-7.096034,-0.9381826,VSMC,DVT
3.0192995,4.4841695,Endothelial,DVT
-8.126616,-1.3826345,VSMC,DVT
7.5976515,6.332621,Endothelial,DVT
-5.2021375,8.0793295,Macrophage,DVT
-3.9791307,8.751892,Monocyte,DVT
-6.2794824,7.2585983,Macrophage,DVT
-4.7876215,6.027402,Fibroblast,DVT
5.297942,6.1390224,Endothelial,DVT
1.1577773,13.103073,Fibroblast,DVT
-1.6408899,-4.7411213,Fibroblast,DVT
3.414828,-0.107037775,Fibroblast,DVT
-6.6413417,0.7513989,VSMC,DVT
-1.8795408,15.820089,Fibroblast,DVT
2.3069096,8.759793,Fibroblast,DVT
-3.7405508,-4.84275,Fibroblast,DVT
-3.8033733,-3.9351356,Fibroblast,DVT
-5.335425,7.608465,Macrophage,DVT
5.97416,12.76748,B_cell,DVT
-2.5658636,9.062166,Monocyte,DVT
-6.0385904,6.352208,Macrophage,DVT
-3.4055274,-2.009053,Fibroblast,DVT
-4.503919,12.0566025,Neutrophil,DVT
2.7644665,4.4791245,Endothelial,DVT
-1.348551,-3.9716706,Fibroblast,DVT
-1.9807242,6.4804635,Fibroblast,DVT
-2.5697212,5.7727065,Fibroblast,DVT
-7.923028,-1.1896354,VSMC,DVT
2.4193604,16.134592,Fibroblast,DVT
-1.9651786,-4.2196937,Fibroblast,DVT
2.9373925,0.2622016,Fibroblast,DVT
-0.27479306,-4.6945734,Fibroblast,DVT
-5.2167153,8.002591,Macrophage,DVT
1.2807764,11.896421,Fibroblast,DVT
-4.770058,12.74921,Neutrophil,DVT
-7.238791,12.505512,Neutrophil,DVT
-8.204228,-1.7238113,VSMC,DVT
5.989851,10.729399,B_cell,DVT
3.1977644,0.2160157,Fibroblast,DVT
4.8809066,5.296451,Endothelial,DVT
3.0778294,-3.6497896,Fibroblast,DVT
-1.5117123,-4.435568,Fibroblast,DVT
-2.6139102,-4.9562483,Fibroblast,DVT
-3.9945216,9.355656,Monocyte,DVT
7.3698764,5.998854,Endothelial,DVT
-0.38288552,-2.9719195,Fibroblast,DVT
1.8692895,4.667132,Endothelial,DVT
3.480772,0.5387491,Fibroblast,DVT
-0.78488964,8.876565,Monocyte,DVT
-2.1587842,-2.2597067,Fibroblast,DVT
-1.8846674,14.667489,Fibroblast,DVT
-5.7790337,6.7963357,Macrophage,DVT
-3.365335,-2.2845297,Fibroblast,DVT
1.2798089,-4.191418,Fibroblast,DVT
-1.9952917,8.413007,Monocyte,DVT
-2.6627219,-5.873037,Fibroblast,DVT
2.429548,-3.604114,Fibroblast,DVT
2.886933,-0.06941391,Fibroblast,DVT
0.47423428,15.193027,Fibroblast,DVT
-0.6721781,-6.078688,Fibroblast,DVT
-2.5749803,-0.9681796,Fibroblast,DVT
-1.326097,-5.704193,Fibroblast,DVT
0.62618214,-6.796626,Fibroblast,DVT
2.6704526,0.38985068,Fibroblast,DVT
-2.4604936,-2.4667184,Fibroblast,DVT
-11.650571,0.2761619,Erythrocyte,DVT
0.22252923,2.597504,Endothelial,DVT
-4.6816177,6.158501,Fibroblast,DVT
4.990365,4.4802,Endothelial,DVT
-6.18856,1.5796417,VSMC,DVT
-1.324487,-3.354869,Fibroblast,DVT
-2.603739,5.036082,Fibroblast,DVT
2.8051956,0.73609585,Fibroblast,DVT
1.9681944,6.828137,B_cell,DVT
-8.672514,-1.4541545,VSMC,DVT
-7.729909,12.28386,Neutrophil,DVT
-1.7055095,7.570007,Fibroblast,DVT
-3.3657155,-1.596585,Fibroblast,DVT
-8.282649,-1.8207145,VSMC,DVT
-2.1157823,-5.7433343,Fibroblast,DVT
-2.0093584,8.309047,Monocyte,DVT
-1.3251916,-3.8542736,Fibroblast,DVT
7.607055,5.9728913,Endothelial,DVT
-1.0447195,-5.2790594,Fibroblast,DVT
-1.4696413,8.767533,Monocyte,DVT
-3.2808957,-1.7971731,Fibroblast,DVT
2.9469004,16.398443,Fibroblast,DVT
7.714353,6.594318,Endothelial,DVT
-10.952473,4.780403,Fibroblast,DVT
-1.2175822,-4.745092,Fibroblast,DVT
-2.3358989,-3.3007443,Fibroblast,DVT
-0.15214664,2.8929875,Endothelial,DVT
-0.91976124,-5.023879,Fibroblast,DVT
-3.0085564,-4.825102,Fibroblast,DVT
2.5318341,16.363005,Fibroblast,DVT
-0.7464741,3.3708484,Endothelial,DVT
-0.43675265,-5.3743777,Fibroblast,DVT
-0.18672337,-5.203056,Fibroblast,DVT
-3.2728226,-3.9824777,Fibroblast,DVT
2.8516343,0.27079895,Fibroblast,DVT
-3.0983593,-2.031149,Fibroblast,DVT
1.3876556,-2.6922624,Fibroblast,DVT
4.6697645,5.2878475,Endothelial,DVT
-0.15653506,-6.0644975,Fibroblast,DVT
-2.7667787,-1.3068091,Fibroblast,DVT
2.1615589,12.6927805,Fibroblast,DVT
7.1567044,5.229294,Endothelial,DVT
3.2959137,-0.2897178,Fibroblast,DVT
-1.5821109,14.869339,Fibroblast,DVT
1.8728503,-4.226861,Fibroblast,DVT
-1.1958551,-5.19569,Fibroblast,DVT
7.8698325,5.572232,Endothelial,DVT
-3.0596745,-3.841672,Fibroblast,DVT
2.2193582,8.975221,Fibroblast,DVT
3.1268811,0.4396024,Fibroblast,DVT
-2.4039905,-4.00269,Fibroblast,DVT
3.8665102,20.58085,Fibroblast,DVT
5.510366,0.51686364,Fibroblast,DVT
-7.4999084,-0.8984013,VSMC,DVT
4.8568125,6.016009,Endothelial,DVT
-1.4022667,-4.8207417,Fibroblast,DVT
-0.07683917,8.206614,Monocyte,DVT
-6.7164383,-1.5574641,VSMC,DVT
-8.010302,-0.33849224,VSMC,DVT
-1.8304895,-3.9006028,Fibroblast,DVT
-1.0906237,-5.628651,Fibroblast,DVT
-3.3194945,-1.7424763,Fibroblast,DVT
6.181374,5.749177,Endothelial,DVT
-6.4169397,12.32454,Neutrophil,DVT
-3.2673244,6.7424707,Fibroblast,DVT
-1.2906913,-3.2326396,Fibroblast,DVT
-3.451305,5.782638,Fibroblast,DVT
0.95651835,15.16581,Fibroblast,DVT
-6.235156,12.499399,Neutrophil,DVT
-6.400922,1.5505841,VSMC,DVT
-8.349907,-1.882083,VSMC,DVT
1.6086429,1.8509417,Fibroblast,DVT
-8.786018,-1.5878434,VSMC,DVT
3.062164,4.521329,Endothelial,DVT
1.041649,-0.7042789,Fibroblast,DVT
-2.0088649,14.567862,Fibroblast,DVT
-5.651076,6.0248165,Fibroblast,DVT
-2.1220632,-4.6788235,Fibroblast,DVT
0.5777274,-2.862023,Fibroblast,DVT
-4.768022,10.043629,Macrophage,DVT
2.8574784,-3.8713684,Fibroblast,DVT
1.5478685,-2.6134815,Fibroblast,DVT
2.472378,7.210433,Fibroblast,DVT
-0.037149996,-1.6733888,Fibroblast,DVT
-3.7393332,8.706099,Monocyte,DVT
-2.7956836,-1.9925336,Fibroblast,DVT
-0.36996257,-2.4437425,Fibroblast,DVT
0.80941653,15.520742,Fibroblast,DVT
-2.8149781,9.6498165,Monocyte,DVT
-1.5265628,-5.7448764,Fibroblast,DVT
2.789118,0.4454073,Fibroblast,DVT
-1.6297481,-4.9250045,Fibroblast,DVT
-5.5719757,6.0221634,Fibroblast,DVT
0.13364376,-2.940811,Fibroblast,DVT
0.26694196,-3.330269,Fibroblast,DVT
-11.18496,5.669577,Fibroblast,DVT
-6.6121287,12.588664,Neutrophil,DVT
-0.77694005,-4.37699,Fibroblast,DVT
5.4230194,9.409384,B_cell,DVT
-7.160094,-1.2204483,VSMC,DVT
2.2346256,-3.7949374,Fibroblast,DVT
-2.3815556,-5.015964,Fibroblast,DVT
-5.0472445,8.521896,Macrophage,DVT
-5.030433,7.2643147,Macrophage,DVT
-3.802582,8.66405,Monocyte,DVT
2.753336,-0.118650176,Fibroblast,DVT
-0.0030555155,-6.200072,Fibroblast,DVT
-3.8714063,-2.932158,Fibroblast,DVT
-1.2876117,-2.2812085,Fibroblast,DVT
-2.0346074,15.025066,Fibroblast,DVT
-1.9186213,-5.007512,Fibroblast,DVT
-7.438813,-0.8823813,VSMC,DVT
1.5207182,-3.3785374,Fibroblast,DVT
-2.618706,-4.801505,Fibroblast,DVT
0.41583434,-0.34304115,Fibroblast,DVT
-2.0111182,-2.4000862,Fibroblast,DVT
-3.685656,9.656435,Monocyte,DVT
-1.0582272,8.701251,Monocyte,DVT
-1.0905173,8.671354,Monocyte,DVT
5.84906,4.878119,Endothelial,DVT
2.9660432,6.4327054,Fibroblast,DVT
7.7486506,6.7376976,Endothelial,DVT
-0.28060195,15.554699,Fibroblast,DVT
3.3566668,-4.2606673,Fibroblast,DVT
-1.7927293,16.141253,Fibroblast,DVT
1.1649032,-2.3134499,Fibroblast,DVT
1.0659661,15.58495,Fibroblast,DVT
-7.903675,-0.90435666,VSMC,DVT
-1.0609924,3.4359536,Endothelial,DVT
-1.544391,-6.652576,Fibroblast,DVT
-7.485805,-1.4395345,VSMC,DVT
1.35845,12.958351,Fibroblast,DVT
7.8374352,6.477032,Endothelial,DVT
0.32019097,2.584715,Endothelial,DVT
-5.4922924,12.6765585,Neutrophil,DVT
-3.1171532,8.963978,Monocyte,DVT
-1.5002097,-5.5576158,Fibroblast,DVT
-0.7399701,14.726044,Fibroblast,DVT
-7.4276757,-1.7168175,VSMC,DVT
-3.788507,7.2308855,Macrophage,DVT
2.5250993,0.7296137,Fibroblast,DVT
-0.14045218,-6.086029,Fibroblast,DVT
-3.518626,5.838472,Fibroblast,DVT
6.1513114,11.744208,B_cell,DVT
1.389248,11.93403,Fibroblast,DVT
-5.61681,7.943095,Macrophage,DVT
-0.82253104,-5.3569274,Fibroblast,DVT
5.673451,5.410504,Endothelial,DVT
-4.453209,12.051008,Neutrophil,DVT
5.961252,5.9060726,Endothelial,DVT
5.6538253,11.538809,B_cell,DVT
3.817421,20.527512,Fibroblast,DVT
-4.5947495,9.997902,Macrophage,DVT
0.9054308,13.998354,Fibroblast,DVT
-0.360988,2.821355,Endothelial,DVT
-6.0169635,1.27759,VSMC,DVT
7.5773177,6.5765266,Endothelial,DVT
-2.2112548,5.9642625,Fibroblast,DVT
2.7334354,0.3736621,Fibroblast,DVT
3.5412438,0.12742986,Fibroblast,DVT
-2.087666,-4.5957084,Fibroblast,DVT
1.0378095,15.414598,Fibroblast,DVT
-0.39233094,-4.319192,Fibroblast,DVT
-0.9683071,8.714549,Monocyte,DVT
-3.1330557,9.321777,Monocyte,DVT
-3.1801908,9.172959,Monocyte,DVT
0.4356414,14.201668,Fibroblast,DVT
-1.3754783,-3.6675053,Fibroblast,DVT
1.1993577,-1.8513558,Fibroblast,DVT
3.1188505,0.37000936,Fibroblast,DVT
-0.81786996,3.0489457,Endothelial,DVT
-7.9033604,-0.6924345,VSMC,DVT
-1.6797757,14.342512,Fibroblast,DVT
-2.2073462,-5.9199133,Fibroblast,DVT
-0.21873055,-3.5309582,Fibroblast,DVT
-11.246353,4.6084175,Fibroblast,DVT
6.452113,5.8043194,Endothelial,DVT
1.3836461,-2.9190514,Fibroblast,DVT
-11.525239,5.0650406,Fibroblast,DVT
-3.789964,-4.9131017,Fibroblast,DVT
-4.2447715,7.3321757,Monocyte,DVT
-0.47246093,-3.3408058,Fibroblast,DVT
0.42650616,14.224958,Fibroblast,DVT
1.9179562,6.853335,B_cell,DVT
-3.3469436,9.566901,Monocyte,DVT
-0.65552926,-4.455094,Fibroblast,DVT
4.6048512,10.544206,B_cell,DVT
-1.686274,-5.441497,Fibroblast,DVT
-3.5702937,8.685233,Monocyte,DVT
5.8378277,11.504267,B_cell,DVT
0.77347964,13.27552,Fibroblast,DVT
-3.2873054,10.057468,Monocyte,DVT
14.074104,7.4790454,Fibroblast,DVT
3.408234,4.2507553,Endothelial,DVT
1.7102951,13.030034,Fibroblast,DVT
-2.3856604,-4.738205,Fibroblast,DVT
-7.498983,-0.9110297,VSMC,DVT
-1.2711388,-4.1189637,Fibroblast,DVT
1.5393258,-2.9825757,Fibroblast,DVT
-0.67361444,-4.7579727,Fibroblast,DVT
2.3203807,16.35048,Fibroblast,DVT
2.0298438,9.110848,Fibroblast,DVT
0.11405447,-3.6739748,Fibroblast,DVT
0.6586611,-3.2074885,Fibroblast,DVT
-5.7559614,11.114297,Neutrophil,DVT
0.89659715,-3.9043906,Fibroblast,DVT
2.4131265,7.399522,Fibroblast,DVT
0.3863568,13.826212,Fibroblast,DVT
6.0522256,12.279903,B_cell,DVT
-3.1402738,9.581626,Monocyte,DVT
3.716002,4.5610614,Endothelial,DVT
-8.079168,-1.3452206,VSMC,DVT
0.8308584,14.854276,Fibroblast,DVT
-0.35621876,-5.124008,Fibroblast,DVT
1.9877372,7.854075,Fibroblast,DVT
-8.75414,-1.2742766,VSMC,DVT
2.6233854,8.393151,Fibroblast,DVT
3.0709574,4.4072514,Endothelial,DVT
-0.85497683,-5.108436,Fibroblast,DVT
-2.3895726,-3.174493,Fibroblast,DVT
-2.1556828,-5.045517,Fibroblast,DVT
5.232187,6.037285,Endothelial,DVT
-4.367224,10.207363,Macrophage,DVT
-2.8971565,-4.9498734,Fibroblast,DVT
-7.091785,-0.250461,VSMC,DVT
-1.341984,-4.0643535,Fibroblast,DVT
-1.9188154,8.258163,Monocyte,DVT
1.8342907,4.8362436,Endothelial,DVT
-3.4452791,6.988392,Fibroblast,DVT
-6.1618395,8.157286,Macrophage,DVT
0.24021618,-3.6537662,Fibroblast,DVT
2.2340784,-4.176169,Fibroblast,DVT
4.5105534,-4.269511,Fibroblast,DVT
-2.6364279,-5.520309,Fibroblast,DVT
-0.8389588,8.684695,Monocyte,DVT
-7.495735,1.0672286,VSMC,DVT
5.773591,10.594045,B_cell,DVT
-1.092056,-5.9155164,Fibroblast,DVT
-4.5639997,7.4182124,Macrophage,DVT
-1.2552623,13.826294,Fibroblast,DVT
-5.5531216,6.5976715,Macrophage,DVT
-6.925236,-1.657187,VSMC,DVT
-6.319286,6.79712,Macrophage,DVT
0.65814906,15.6011715,Fibroblast,DVT
3.9301424,20.647055,Fibroblast,DVT
-11.282743,5.6678166,Fibroblast,DVT
5.9034643,12.413784,B_cell,DVT
-5.9126697,8.138055,Macrophage,DVT
3.2430384,6.4670196,Fibroblast,DVT
3.2235546,-4.5247555,Fibroblast,DVT
6.914755,5.2057037,Endothelial,DVT
-1.3589896,0.116760775,Fibroblast,DVT
-2.1620922,5.809973,Fibroblast,DVT
-6.52066,12.903248,Neutrophil,DVT
-11.083266,5.45558,Fibroblast,DVT
3.7773898,-4.085831,Fibroblast,DVT
-0.5063076,-3.1514637,Fibroblast,DVT
0.9139962,1.594976,Endothelial,DVT
-3.0948312,5.818432,Fibroblast,DVT
0.7488663,-4.9897065,Fibroblast,DVT
-3.1662421,-2.2905598,Fibroblast,DVT
-5.9238076,13.221212,Neutrophil,DVT
-6.594507,0.6237457,VSMC,DVT
3.3603508,4.351651,Endothelial,DVT
-0.316061,-4.115409,Fibroblast,DVT
-2.3571675,5.235645,Fibroblast,DVT
-8.009918,-1.0739343,VSMC,DVT
-2.256196,-4.7225604,Fibroblast,DVT
-0.3142262,-5.241974,Fibroblast,DVT
0.2490473,13.054992,Fibroblast,DVT
-7.6263638,-0.24648586,VSMC,DVT
-2.6846905,-2.912075,Fibroblast,DVT
-5.912163,6.666519,Macrophage,DVT
0.7223169,-3.5234263,Fibroblast,DVT
5.8234696,11.383246,B_cell,DVT
-2.7413564,-4.698256,Fibroblast,DVT
-1.4100103,-3.7084653,Fibroblast,DVT
-5.8234997,6.500463,Macrophage,DVT
-1.8741114,14.254295,Fibroblast,DVT
3.5546722,3.902169,Endothelial,DVT
7.106999,6.105278,Endothelial,DVT
-5.526879,12.019005,Neutrophil,DVT
-2.063336,-2.4089398,Fibroblast,DVT
-1.9411243,8.280644,Monocyte,DVT
-6.4264884,0.871272,VSMC,DVT
2.2810197,8.919743,Fibroblast,DVT
-1.0190225,8.9937725,Monocyte,DVT
-2.9909823,7.924669,Fibroblast,DVT
3.6127667,4.8059564,Endothelial,DVT
2.41862,-3.611854,Fibroblast,DVT
-2.7339222,-1.7594643,Fibroblast,DVT
-9.030066,-1.2616997,VSMC,DVT
1.0253446,0.37348485,Fibroblast,DVT
-7.015489,-0.6853753,VSMC,DVT
-8.672163,-1.6099787,VSMC,DVT
-0.5293429,-3.5969548,Fibroblast,DVT
0.48983893,-2.522051,Fibroblast,DVT
-1.7536331,14.098438,Fibroblast,DVT
-0.43939915,-3.8758254,Fibroblast,DVT
-0.48627326,-3.1341867,Fibroblast,DVT
-3.1447635,-4.4148574,Fibroblast,DVT
1.1952345,-3.4704823,Fibroblast,DVT
-5.8768005,10.8848,Neutrophil,DVT
3.053442,-4.064427,Fibroblast,DVT
-2.3005674,-3.478187,Fibroblast,DVT
-3.2376292,9.542655,Monocyte,DVT
-1.6763141,14.012689,Fibroblast,DVT
-1.4166799,-4.876097,Fibroblast,DVT
7.784911,5.9484677,Endothelial,DVT
-5.8464894,12.846537,Neutrophil,DVT
-2.902786,4.7193384,Fibroblast,DVT
-6.656126,0.69956976,VSMC,DVT
1.5028808,-3.4786148,Fibroblast,DVT
4.8579483,9.097188,B_cell,DVT
-6.694845,12.490196,Neutrophil,DVT
0.72380525,13.902763,Fibroblast,DVT
-7.4257865,-1.585039,VSMC,DVT
1.0732113,-2.310667,Fibroblast,DVT
-2.4387856,-1.1621954,Fibroblast,DVT
6.1048117,11.649199,B_cell,DVT
-5.336625,7.480516,Macrophage,DVT
1.3818492,-1.9299845,Fibroblast,DVT
8.005584,5.8799047,Endothelial,DVT
1.7579266,-4.156842,Fibroblast,DVT
-3.1345685,-2.3623948,Fibroblast,DVT
2.578523,-0.111262284,Fibroblast,DVT
3.1306398,0.33384845,Fibroblast,DVT
0.36711308,14.038333,Fibroblast,DVT
-5.818577,5.718292,Fibroblast,DVT
2.2963154,4.7480383,Endothelial,DVT
7.63864,6.0174646,Endothelial,DVT
1.7874253,0.028362038,Fibroblast,DVT
2.4346702,0.5645778,Fibroblast,DVT
-2.147981,-3.6702611,Fibroblast,DVT
4.30711,3.2669082,Endothelial,DVT
-6.8103933,1.4042332,VSMC,DVT
-1.9220486,-5.6243935,Fibroblast,DVT
-1.9963278,5.479673,Fibroblast,DVT
-1.1377472,-5.450883,Fibroblast,DVT
-0.7161691,-3.4283721,Fibroblast,DVT
-0.3977234,-5.4140854,Fibroblast,DVT
2.6591625,-3.8377182,Fibroblast,DVT
3.8164687,0.73034024,Fibroblast,DVT
-1.2242812,8.675824,Monocyte,DVT
-1.4103057,-5.431968,Fibroblast,DVT
-3.0614824,-2.3807204,Fibroblast,DVT
-0.06622733,-7.3919134,Fibroblast,DVT
-3.168997,-2.0614188,Fibroblast,DVT
1.1593084,12.472603,Fibroblast,DVT
-8.637863,-1.6225508,VSMC,DVT
3.8973289,-4.175087,Fibroblast,DVT
-1.4997312,9.909018,Monocyte,DVT
5.5411253,11.727154,B_cell,DVT
-2.5986516,-3.1145797,Fibroblast,DVT
2.6713376,0.29339126,Fibroblast,DVT
3.3946688,4.92717,Endothelial,DVT
-0.5023362,-2.654454,Fibroblast,DVT
-0.7833122,3.2491777,Endothelial,DVT
-0.8100504,-4.3968654,Fibroblast,DVT
-5.5184126,12.826844,Neutrophil,DVT
-6.3963413,-1.1520629,VSMC,DVT
2.124978,8.9461,Fibroblast,DVT
-9.669593,3.9142044,Fibroblast,DVT
-4.0980034,-4.541392,Fibroblast,DVT
6.2209544,12.548126,B_cell,DVT
-3.1161823,-1.7530913,Fibroblast,DVT
-2.1535366,15.058621,Fibroblast,DVT
1.0053664,15.451752,Fibroblast,DVT
5.973341,11.812379,B_cell,DVT
-2.582346,-2.8688564,Fibroblast,DVT
-6.1123433,13.069478,Neutrophil,DVT
0.59232765,-4.5708613,Fibroblast,DVT
-1.0763347,-3.7117717,Fibroblast,DVT
-1.4391358,-5.9167767,Fibroblast,DVT
-7.8518324,-0.94625825,VSMC,DVT
5.574772,6.022207,Endothelial,DVT
-2.4303637,-3.3199632,Fibroblast,DVT
1.4623907,1.03007,Fibroblast,DVT
-4.179889,-4.615444,Fibroblast,DVT
1.6075041,2.4512203,Endothelial,DVT
-3.4804442,-4.322832,Fibroblast,DVT
-3.7835934,-3.9219718,Fibroblast,DVT
-4.491591,6.0502467,Fibroblast,DVT
-3.4874558,-4.60942,Fibroblast,DVT
1.8808718,12.992905,Fibroblast,DVT
-3.4772558,-3.4046786,Fibroblast,DVT
8.02852,5.950462,Endothelial,DVT
-0.41677508,2.9323683,Endothelial,DVT
3.2881794,0.17837542,Fibroblast,DVT
5.013444,5.780305,Endothelial,DVT
-3.1824658,6.372422,Fibroblast,DVT
-1.7629167,15.075852,Fibroblast,DVT
-0.0024268148,-1.7553573,Fibroblast,DVT
0.73221815,-2.4827297,Fibroblast,DVT
7.754124,5.259004,Endothelial,DVT
-5.0467753,7.877018,Macrophage,DVT
-7.88477,-0.7725211,VSMC,DVT
2.4419644,-1.5063673,Fibroblast,DVT
1.7459242,-4.53509,Fibroblast,DVT
-1.0420582,-5.1505203,Fibroblast,DVT
6.93387,2.658713,Endothelial,DVT
7.61739,6.377575,Endothelial,DVT
1.2401669,-3.1037722,Fibroblast,DVT
-1.7661039,15.183386,Fibroblast,DVT
0.2683914,14.871102,Fibroblast,DVT
-3.8979166,-2.5377543,Fibroblast,DVT
0.40006098,2.645774,Endothelial,DVT
-3.6459131,6.353314,Fibroblast,DVT
-5.8130665,12.650755,Neutrophil,DVT
-5.106127,5.4473367,Fibroblast,DVT
1.3613378,13.327307,Fibroblast,DVT
0.5450495,12.373402,Fibroblast,DVT
-2.2720048,5.0040693,Fibroblast,DVT
-0.31009808,-3.9539552,Fibroblast,DVT
3.5313704,4.869027,Endothelial,DVT
-2.0220988,14.5439205,Fibroblast,DVT
3.7060146,4.963797,Endothelial,DVT
-3.4353395,-2.061688,Fibroblast,DVT
1.4304727,14.215068,Fibroblast,DVT
1.767357,-6.0743876,Fibroblast,DVT
-4.130758,6.444222,Fibroblast,DVT
-0.36007532,-3.1861107,Fibroblast,DVT
2.2972665,0.8768977,Fibroblast,DVT
-8.430831,-1.2419521,VSMC,DVT
-2.9498806,6.261771,Fibroblast,DVT
-3.584938,-4.081703,Fibroblast,DVT
-3.4969068,10.197452,Monocyte,DVT
-6.100694,7.3314657,Macrophage,DVT
-1.3340125,0.12788166,Fibroblast,DVT
-3.5785725,10.344161,Monocyte,DVT
-1.8478696,15.567441,Fibroblast,DVT
0.62466264,14.509943,Fibroblast,DVT
5.6744385,10.908945,B_cell,DVT
-2.1889296,-3.072455,Fibroblast,DVT
-7.3219185,-0.7141908,VSMC,DVT
-1.9409926,-4.4318275,Fibroblast,DVT
5.2360606,4.395428,Endothelial,DVT
-3.4333782,8.366502,Monocyte,DVT
-0.49839345,-4.743392,Fibroblast,DVT
-7.701797,12.362449,Neutrophil,DVT
0.99436784,14.732763,Fibroblast,DVT
-2.1981118,15.473387,Fibroblast,DVT
2.8796527,-0.03059047,Fibroblast,DVT
-1.9861969,8.302332,Monocyte,DVT
-3.6797385,9.8165455,Monocyte,DVT
6.379191,6.006312,Endothelial,DVT
-2.8444428,-5.1345677,Fibroblast,DVT
-3.1154168,-4.7889457,Fibroblast,DVT
-1.852694,-4.3619313,Fibroblast,DVT
-4.8254943,8.301208,Macrophage,DVT
-3.6671755,-2.545585,Fibroblast,DVT
0.114512615,14.249094,Fibroblast,DVT
-2.435472,-2.2020762,Fibroblast,DVT
-0.29064676,-3.6199336,Fibroblast,DVT
-1.0336591,-4.9715137,Fibroblast,DVT
-10.984272,5.444145,Fibroblast,DVT
3.7949848,-4.138348,Fibroblast,DVT
-2.6196518,10.079608,Monocyte,DVT
5.757011,6.144315,Endothelial,DVT
-8.286854,-0.7691259,VSMC,DVT
0.93288696,-4.798879,Fibroblast,DVT
1.8413773,12.949017,Fibroblast,DVT
0.46823353,-2.68094,Fibroblast,DVT
-4.8102326,11.51345,Neutrophil,DVT
1.20142,13.218097,Fibroblast,DVT
1.1070098,15.430362,Fibroblast,DVT
3.3432956,0.034325548,Fibroblast,DVT
-3.1550207,6.1050386,Fibroblast,DVT
-4.0446897,-3.9292607,Fibroblast,DVT
-10.45767,5.4849353,Fibroblast,DVT
4.3439345,5.5493894,Endothelial,DVT
5.469276,10.30354,B_cell,DVT
-2.5064402,-2.9575913,Fibroblast,DVT
-6.2361083,7.607732,Macrophage,DVT
-7.7089067,12.343236,Neutrophil,DVT
1.7634119,-4.3998795,Fibroblast,DVT
2.9207659,-0.1684068,Fibroblast,DVT
-5.8777375,7.435789,Macrophage,DVT
-2.5220761,-2.9519079,Fibroblast,DVT
0.16018331,-3.1456056,Fibroblast,DVT
2.6547077,0.5844577,Fibroblast,DVT
-2.844227,-3.5237665,Fibroblast,DVT
2.7011,0.4684261,Fibroblast,DVT
-2.9766033,-3.3834896,Fibroblast,DVT
2.9141946,-0.24505877,Fibroblast,DVT
5.024127,6.000806,Endothelial,DVT
5.8507338,5.9582534,Endothelial,DVT
2.8990674,-0.13812631,Fibroblast,DVT
-0.26016444,-4.6589637,Fibroblast,DVT
6.0983405,11.408517,B_cell,DVT
5.61533,8.653101,B_cell,DVT
-8.15853,-1.5289488,VSMC,DVT
-2.4747696,-5.7421126,Fibroblast,DVT
-2.9530587,-4.0818324,Fibroblast,DVT
2.7890277,-0.94661003,Fibroblast,DVT
-4.0685344,6.531737,Fibroblast,DVT
-0.58658373,-3.3299923,Fibroblast,DVT
-1.2117686,-2.3308868,Fibroblast,DVT
-7.0868654,12.323547,Neutrophil,DVT
-8.088178,-0.6311167,VSMC,DVT
2.9025385,-0.5226494,Fibroblast,DVT
-3.069223,-4.620003,Fibroblast,DVT
1.0216409,-2.4766197,Fibroblast,DVT
-1.704771,-2.5049093,Fibroblast,DVT
-2.0940402,-1.9691886,Fibroblast,DVT
-3.1679027,9.348865,Monocyte,DVT
-5.677206,13.136696,Neutrophil,DVT
1.1828398,-2.6661541,Fibroblast,DVT
-4.2828407,-4.3131046,Fibroblast,DVT
-6.471815,-1.5625571,VSMC,DVT
1.6465027,-3.1399531,Fibroblast,DVT
-5.2956147,8.223175,Macrophage,DVT
4.6700106,2.5232754,Endothelial,DVT
0.8936391,-0.121636614,Fibroblast,DVT
-8.637568,-1.4612279,VSMC,DVT
-6.05548,7.5173736,Macrophage,DVT
0.44076458,-6.199628,Fibroblast,DVT
-2.9567275,-6.052193,Fibroblast,DVT
2.590481,4.832725,Endothelial,DVT
-0.7501046,-3.14615,Fibroblast,DVT
-1.6714185,15.788643,Fibroblast,DVT
-0.9640361,-5.2807245,Fibroblast,DVT
-4.4075418,8.800033,Macrophage,DVT
0.6915342,-5.730685,Fibroblast,DVT
7.320793,5.2726517,Endothelial,DVT
-2.6388378,7.606824,Fibroblast,DVT
-2.9087594,-3.0901232,Fibroblast,DVT
-6.3055015,-1.1316853,VSMC,DVT
6.0664015,12.694125,B_cell,DVT
5.511754,10.940048,B_cell,DVT
-0.34714875,-7.144449,Fibroblast,DVT
0.26598093,15.821497,Fibroblast,DVT
-4.6068754,7.551045,Macrophage,DVT
-1.6912998,15.707051,Fibroblast,DVT
2.9451087,-4.2636538,Fibroblast,DVT
-0.5212048,7.154918,Fibroblast,DVT
5.3283477,11.9138775,B_cell,DVT
7.83558,6.626925,Endothelial,DVT
-2.9031482,-5.9155836,Fibroblast,DVT
5.4914966,10.797981,B_cell,DVT
1.9320655,13.350281,Fibroblast,DVT
4.8844595,6.0561438,Endothelial,DVT
3.9066327,20.621305,Fibroblast,DVT
-1.8502561,7.1056647,Endothelial,DVT
7.338899,6.089794,Endothelial,DVT
-0.2522374,-6.3482113,Fibroblast,DVT
-3.8431857,9.347741,Monocyte,DVT
-8.345437,-1.8148566,VSMC,DVT
2.467698,0.3541979,Fibroblast,DVT
3.8007674,4.8588486,Endothelial,DVT
2.1319957,15.726324,Fibroblast,DVT
1.2597386,-1.973353,Fibroblast,DVT
0.53078705,-3.4303846,Fibroblast,DVT
6.2539196,12.01529,B_cell,DVT
-6.0725307,5.755558,Fibroblast,DVT
6.59309,5.8637986,Endothelial,DVT
-0.42714116,3.1392581,Endothelial,DVT
-2.2045088,-4.0499783,Fibroblast,DVT
2.60243,4.4701576,Endothelial,DVT
2.961871,0.18507159,Fibroblast,DVT
-3.4047217,10.269979,Monocyte,DVT
3.32956,0.18810797,Fibroblast,DVT
3.8561254,-4.1718473,Fibroblast,DVT
-5.2976604,5.649007,Fibroblast,DVT
-1.933743,8.266694,Monocyte,DVT
-1.7078462,-2.987169,Fibroblast,DVT
-3.3799486,-1.4892454,Fibroblast,DVT
-0.95420736,-3.8780506,Fibroblast,DVT
-6.2474995,11.382978,Neutrophil,DVT
-2.8964727,-3.2436762,Fibroblast,DVT
0.89291584,2.0203636,Endothelial,DVT
3.5442822,-4.5603156,Fibroblast,DVT
-6.2765207,12.645906,Neutrophil,DVT
1.0536954,0.3029043,Fibroblast,DVT
1.8972838,-3.7650456,Fibroblast,DVT
5.824361,12.569339,B_cell,DVT
-7.674171,-1.0070728,VSMC,DVT
5.79057,6.190893,Endothelial,DVT
-5.6227956,6.3691263,Fibroblast,DVT
-2.3168142,-2.61454,Fibroblast,DVT
-7.0908055,0.66514975,VSMC,DVT
1.9257581,4.785347,Endothelial,DVT
-10.91895,5.4626985,Fibroblast,DVT
-3.709833,9.142722,Monocyte,DVT
-2.1787884,4.6430116,Fibroblast,DVT
2.3062928,0.18291438,Fibroblast,DVT
3.4363883,-0.35801023,Fibroblast,DVT
-2.2092528,-1.5835847,Fibroblast,DVT
-3.5762606,-2.3156922,Fibroblast,DVT
-2.8133245,6.717157,Fibroblast,DVT
-0.41897485,7.0951757,Fibroblast,DVT
-6.0631905,5.4283943,Fibroblast,DVT
-3.0591657,8.608844,Monocyte,DVT
-1.7449669,-2.8746436,Fibroblast,DVT
7.846432,6.25709,Endothelial,DVT
-0.05780256,-3.5238817,Fibroblast,DVT
-5.2939286,11.657844,Neutrophil,DVT
-1.61818,-4.4634366,Fibroblast,DVT
0.4806426,-2.9225953,Fibroblast,DVT
2.9116902,-0.3168202,Fibroblast,DVT
-5.9767137,5.8548126,Fibroblast,DVT
-1.8404722,-2.1224067,Fibroblast,DVT
-1.5699029,-3.7697394,Fibroblast,DVT
2.0866902,-3.5688832,Fibroblast,DVT
3.0398731,-0.058220923,Fibroblast,DVT
-0.8879471,-5.661436,Fibroblast,DVT
-1.4273306,-4.0997663,Fibroblast,DVT
2.8778753,7.828622,Fibroblast,DVT
-3.4737346,10.197894,Monocyte,DVT
6.3243623,0.54656667,Endothelial,DVT
-2.4165125,-3.7141821,Fibroblast,DVT
-0.3752984,16.00952,Fibroblast,DVT
-4.3884654,8.671171,Macrophage,DVT
-2.4417312,8.63822,Monocyte,DVT
0.23853879,13.148677,Fibroblast,DVT
-6.018097,8.468339,Macrophage,DVT
4.46988,5.367593,Endothelial,DVT
3.4713602,-0.046899814,Fibroblast,DVT
-1.8547657,15.193181,Fibroblast,DVT
1.6290486,13.195455,Fibroblast,DVT
2.9441192,0.025006209,Fibroblast,DVT
2.4735148,16.179943,Fibroblast,DVT
-0.16408311,-2.596473,Fibroblast,DVT
-7.6326175,12.414186,Neutrophil,DVT
-0.78704566,13.848224,Fibroblast,DVT
-1.7410883,7.3375063,Fibroblast,DVT
-8.858756,-1.5592963,VSMC,DVT
2.90356,0.37345052,Fibroblast,DVT
0.94305366,-2.731394,Fibroblast,DVT
-1.9661461,-5.4365616,Fibroblast,DVT
-0.43169132,15.759887,Fibroblast,DVT
-4.399057,8.235028,Macrophage,DVT
-0.7264845,13.893462,Fibroblast,DVT
-8.234916,-0.87204784,VSMC,DVT
-5.0384483,7.9260955,Macrophage,DVT
-0.08271848,-3.697804,Fibroblast,DVT
1.6734244,-0.0913004,Fibroblast,DVT
-0.15859257,-4.5906715,Fibroblast,DVT
1.9822958,7.784822,Fibroblast,DVT
1.0580813,14.09809,Fibroblast,DVT
3.8833888,0.42617437,Fibroblast,DVT
-6.6591735,-1.4828479,VSMC,DVT
-2.9525268,-3.0490713,Fibroblast,DVT
-0.78116727,7.309559,Fibroblast,DVT
-5.6036,10.860501,Neutrophil,DVT
-5.94691,7.529777,Macrophage,DVT
-2.2484372,-5.8042417,Fibroblast,DVT
-2.2416813,15.2487955,Fibroblast,DVT
1.1619997,15.508635,Fibroblast,DVT
-2.962218,8.013587,Fibroblast,DVT
8.0277605,4.0964622,Endothelial,DVT
0.40656924,2.4906378,Endothelial,DVT
-1.1093823,15.745358,Fibroblast,DVT
1.8042867,-4.555127,Fibroblast,DVT
-4.2260823,6.5681543,Fibroblast,DVT
0.8497999,15.346874,Fibroblast,DVT
-3.21228,-1.9110726,Fibroblast,DVT
-3.2998395,-5.1293545,Fibroblast,DVT
-1.4535295,-4.1366687,Fibroblast,DVT
3.1643364,-0.018576618,Fibroblast,DVT
-1.803463,14.272382,Fibroblast,DVT
-0.52509975,-3.8083558,Fibroblast,DVT
-0.19933051,-4.9062757,Fibroblast,DVT
3.8326929,0.4822039,Fibroblast,DVT
2.2222466,12.7080965,Fibroblast,DVT
5.791868,5.848378,Endothelial,DVT
5.8525887,11.391681,B_cell,DVT
-3.5495834,-3.5340471,Fibroblast,DVT
2.5852082,16.27656,Fibroblast,DVT
2.192279,16.143019,Fibroblast,DVT
1.2016681,-4.296963,Fibroblast,DVT
0.74380684,14.23365,Fibroblast,DVT
-2.4752374,-2.2523372,Fibroblast,DVT
0.7869175,-7.7399673,Fibroblast,DVT
-2.44026,-5.4005504,Fibroblast,DVT
0.29440594,-4.795298,Fibroblast,DVT
-2.714968,-3.3630686,Fibroblast,DVT
-6.6576524,1.3748828,VSMC,DVT
-6.2960587,-1.3263167,VSMC,DVT
1.2547033,12.854595,Fibroblast,DVT
0.9719564,14.854782,Fibroblast,DVT
0.86214465,13.185356,Fibroblast,DVT
0.2968204,-0.97626114,Fibroblast,DVT
-3.940057,5.417879,Fibroblast,DVT
2.6098979,8.356851,Fibroblast,DVT
-3.2998273,9.042922,Monocyte,DVT
-1.4876808,14.902379,Fibroblast,DVT
-1.74493,7.0834956,Fibroblast,DVT
-0.7601262,2.98507,Endothelial,DVT
-1.8286221,-3.9156497,Fibroblast,DVT
-10.293224,5.4512753,Fibroblast,DVT
0.8878943,-5.9933825,Fibroblast,DVT
-2.6553943,6.945576,Fibroblast,DVT
2.172656,8.900273,Fibroblast,DVT
3.3396244,6.4525924,Fibroblast,DVT
-6.642337,1.3065783,VSMC,DVT
-0.077044815,-3.2878747,Fibroblast,DVT
0.6861951,-3.189007,Fibroblast,DVT
7.5249715,6.6301064,Endothelial,DVT
0.33938462,-5.3452554,Fibroblast,DVT
-3.1488783,-3.199236,Fibroblast,DVT
1.085674,14.03986,Fibroblast,DVT
-11.456715,4.9512486,Fibroblast,DVT
-2.5525725,-1.2651309,Fibroblast,DVT
3.546036,-5.258031,Fibroblast,DVT
-6.2383065,6.5680814,Macrophage,DVT
-0.79716724,3.2419047,Endothelial,DVT
0.99826837,-4.4876714,Fibroblast,DVT
7.330556,6.6657333,Endothelial,DVT
-0.59688205,-4.089207,Fibroblast,DVT
-2.0978334,-3.963156,Fibroblast,DVT
-3.0675416,9.136228,Monocyte,DVT
-0.3339414,2.9541879,Endothelial,DVT
-2.274999,-5.881286,Fibroblast,DVT
-1.1542826,13.676843,Fibroblast,DVT
-0.83822995,-5.1685143,Fibroblast,DVT
-0.46012324,-4.540556,Fibroblast,DVT
-3.6071646,9.577492,Monocyte,DVT
-1.4833401,-0.083644316,Fibroblast,DVT
2.7198799,-3.785205,Fibroblast,DVT
-1.9563394,-4.413941,Fibroblast,DVT
-0.40537155,-5.812095,Fibroblast,DVT
-8.188353,-1.2398281,VSMC,DVT
-5.8347936,10.69714,Neutrophil,DVT
0.4273105,15.040751,Fibroblast,DVT
-6.0393815,7.1429067,Macrophage,DVT
-5.5863233,7.591763,Macrophage,DVT
-6.4908767,-0.7755383,VSMC,DVT
-3.7797976,8.431788,Monocyte,DVT
7.2560253,6.072772,Endothelial,DVT
-2.8889728,9.673878,Monocyte,DVT
-7.8134804,-1.3892738,VSMC,DVT
-1.6620587,-6.0060453,Fibroblast,DVT
-2.537188,-2.7548144,Fibroblast,DVT
2.2709484,0.8523413,Fibroblast,DVT
1.8459295,6.7130966,B_cell,DVT
-11.651101,5.4259624,Fibroblast,DVT
2.7703724,-3.777221,Fibroblast,DVT
7.515266,6.8601356,Endothelial,DVT
-2.1105926,-5.5935974,Fibroblast,DVT
-3.0951917,7.3276668,Fibroblast,DVT
-0.09098294,-2.370104,Fibroblast,DVT
-3.249815,8.287925,Fibroblast,DVT
-3.8188963,6.8580394,Macrophage,DVT
-2.6893363,6.2331448,Fibroblast,DVT
2.9320352,-4.2882032,Fibroblast,DVT
0.7361521,-3.963036,Fibroblast,DVT
-4.5649743,10.085808,Macrophage,DVT
-2.1568828,-3.1677344,Fibroblast,DVT
1.645397,12.911005,Fibroblast,DVT
-0.78497416,-6.190234,Fibroblast,DVT
7.4256983,5.553621,Endothelial,DVT
-3.8033822,-4.3848124,Fibroblast,DVT
-6.6294994,-1.5241481,VSMC,DVT
-3.1763556,-2.1789181,Fibroblast,DVT
1.0760112,-3.6062548,Fibroblast,DVT
-0.3942511,-3.6280525,Fibroblast,DVT
-6.233729,13.231353,Neutrophil,DVT
3.7176068,-3.9461532,Fibroblast,DVT
-3.7267277,5.4937453,Fibroblast,DVT
-6.369826,12.777541,Neutrophil,DVT
3.7892375,1.0753183,Fibroblast,DVT
-2.1488268,15.016107,Fibroblast,DVT
-3.803663,6.561126,Fibroblast,DVT
-10.311721,5.4067693,Fibroblast,DVT
-0.9260829,15.760903,Fibroblast,DVT
-1.6434901,13.946417,Fibroblast,DVT
-3.3772354,-4.9040523,Fibroblast,DVT
-5.080576,5.5715504,Fibroblast,DVT
-1.3308036,-1.5818777,Fibroblast,DVT
-7.0257754,-0.7362425,VSMC,DVT
1.0891035,14.614067,Fibroblast,DVT
-1.2453909,-1.657857,Fibroblast,DVT
0.5482031,-4.4511046,Fibroblast,DVT
-6.1441517,-1.3508816,VSMC,DVT
-3.2156506,-1.9572014,Fibroblast,DVT
1.164784,0.24971338,Fibroblast,DVT
1.8992766,7.9416947,Fibroblast,DVT
1.2618281,16.153257,Fibroblast,DVT
-2.746962,-4.650224,Fibroblast,DVT
-1.5006244,-1.6986601,Fibroblast,DVT
-4.0595465,6.0107384,Fibroblast,DVT
4.388688,5.616657,Endothelial,DVT
0.33560878,-4.569694,Fibroblast,DVT
-0.40564615,-4.578152,Fibroblast,DVT
6.0423355,5.806604,Endothelial,DVT
-4.605159,12.585799,Neutrophil,DVT
2.9153228,-3.6947021,Fibroblast,DVT
0.94296926,14.0132475,Fibroblast,DVT
0.45753974,-3.6665065,Fibroblast,DVT
2.229812,0.9123356,Fibroblast,DVT
-1.5960006,15.787465,Fibroblast,DVT
-0.5042406,-4.9255304,Fibroblast,DVT
5.628578,10.976419,B_cell,DVT
3.612381,4.8449097,Endothelial,DVT
5.8283534,10.729909,B_cell,DVT
5.945939,5.8481174,Endothelial,DVT
-6.589886,-0.28935388,VSMC,DVT
-1.1580281,-5.0680394,Fibroblast,DVT
-2.5774417,6.7511835,Fibroblast,DVT
-0.16511211,-2.9269753,Fibroblast,DVT
-0.066138536,-1.9710279,Fibroblast,DVT
-2.4431655,-3.5529637,Fibroblast,DVT
-0.41829,7.07841,Fibroblast,DVT
0.03072116,-1.82981,Fibroblast,DVT
2.3704326,4.356127,Endothelial,DVT
1.7642809,4.779691,Endothelial,DVT
-1.3835888,-2.983647,Fibroblast,DVT
-0.59103686,-4.316172,Fibroblast,DVT
3.7334518,-4.2548075,Fibroblast,DVT
3.7444909,4.873229,Endothelial,DVT
0.9658903,15.50986,Fibroblast,DVT
4.590138,5.0719576,Endothelial,DVT
1.410225,-2.8680437,Fibroblast,DVT
-0.32261634,-4.8310037,Fibroblast,DVT
5.640689,10.515534,B_cell,DVT
3.7742314,3.586466,Endothelial,DVT
2.7554607,4.193765,Endothelial,DVT
-4.0038395,8.787042,Monocyte,DVT
2.3017063,-1.5439258,Fibroblast,DVT
-1.3639324,-6.497482,Fibroblast,DVT
-4.214918,6.8236256,Fibroblast,DVT
-0.50110966,3.2459674,Endothelial,DVT
-3.5094316,8.927246,Monocyte,DVT
-1.0460329,-4.761679,Fibroblast,DVT
3.927337,4.828547,Endothelial,DVT
-0.14645678,3.1788802,Endothelial,DVT
-5.9586368,-0.8853872,VSMC,DVT
-1.6128113,-4.448831,Fibroblast,DVT
-5.607832,12.423708,Neutrophil,DVT
-1.2547601,0.08796151,Fibroblast,DVT
6.7384796,5.811241,Endothelial,DVT
-0.27992404,-1.3835145,Fibroblast,DVT
-4.5032253,8.596697,Macrophage,DVT
-2.1265514,-3.4566288,Fibroblast,DVT
-1.5588346,14.731791,Fibroblast,DVT
-2.4732008,-4.685289,Fibroblast,DVT
0.21169484,-4.666601,Fibroblast,DVT
-3.4480705,-5.037871,Fibroblast,DVT
-1.8006707,14.417725,Fibroblast,DVT
-2.0616388,-3.831146,Fibroblast,DVT
1.2370139,0.7346603,Fibroblast,DVT
-3.0737936,-1.8083392,Fibroblast,DVT
-7.210602,-1.1233315,VSMC,DVT
-3.1312587,9.349223,Monocyte,DVT
1.0894061,12.0826645,Fibroblast,DVT
14.768344,7.9423203,Fibroblast,DVT
-0.30095643,-4.366478,Fibroblast,DVT
-3.1971662,-3.5388687,Fibroblast,DVT
-8.687379,-1.4213077,VSMC,DVT
7.2573256,6.0627713,Endothelial,DVT
-3.0698416,9.275922,Monocyte,DVT
-4.1435566,-4.63365,Fibroblast,DVT
-1.8189595,-5.2907877,Fibroblast,DVT
-2.9316976,-5.1370535,Fibroblast,DVT
-4.9066777,9.575222,Macrophage,DVT
-5.312292,8.505442,Macrophage,DVT
3.741199,0.20529303,Fibroblast,DVT
0.14236704,-3.5688355,Fibroblast,DVT
3.260839,6.315318,Fibroblast,DVT
-2.4314888,8.420749,Monocyte,DVT
-3.4707701,7.9108915,Fibroblast,DVT
-1.0665866,-5.3687973,Fibroblast,DVT
-7.20237,-0.5261837,VSMC,DVT
2.2269173,8.969315,Fibroblast,DVT
5.750268,10.887005,B_cell,DVT
1.6001956,-3.9310348,Fibroblast,DVT
5.620599,11.388597,B_cell,DVT
-1.8551784,-5.3085194,Fibroblast,DVT
-4.53149,12.271709,Neutrophil,DVT
-3.9247391,-3.5590816,Fibroblast,DVT
-1.8768704,8.747724,Monocyte,DVT
-5.729198,13.182215,Neutrophil,DVT
7.994765,6.2721276,Endothelial,DVT
-2.9994695,-2.9338338,Fibroblast,DVT
-2.5966425,-2.7296324,Fibroblast,DVT
2.039522,7.869161,Fibroblast,DVT
-3.4649923,5.777797,Fibroblast,DVT
-8.202088,-0.83257747,VSMC,DVT
0.07368789,8.121611,Monocyte,DVT
-0.25377533,-2.4135804,Fibroblast,DVT
14.473873,7.7203183,Fibroblast,DVT
-4.0406356,5.233621,Fibroblast,DVT
0.2653967,-1.0297139,Fibroblast,DVT
-3.5106049,7.7998967,Fibroblast,DVT
6.469591,6.026404,Endothelial,DVT
-1.1057044,-3.727398,Fibroblast,DVT
-6.012443,8.328688,Macrophage,DVT
-7.5264645,1.1291455,VSMC,DVT
-3.9304004,-1.6503953,Fibroblast,DVT
-2.5134506,-3.7961967,Fibroblast,DVT
0.88247347,15.317471,Fibroblast,DVT
2.3703003,16.10634,Fibroblast,DVT
-1.8123692,-4.2570596,Fibroblast,DVT
4.596147,5.482354,Endothelial,DVT
-2.171749,-4.22962,Fibroblast,DVT
-2.8016303,-5.6038704,Fibroblast,DVT
1.1308151,14.900662,Fibroblast,DVT
0.3223829,15.691619,Fibroblast,DVT
2.957475,7.835552,Fibroblast,DVT
-2.8821006,-4.8221364,Fibroblast,DVT
-0.21479678,-1.4713358,Fibroblast,DVT
-2.1326022,15.547945,Fibroblast,DVT
3.3784218,0.045924064,Fibroblast,DVT
6.0781007,11.653896,B_cell,DVT
-4.053881,8.911649,Monocyte,DVT
-11.531786,5.693655,Fibroblast,DVT
-1.6668093,14.266513,Fibroblast,DVT
7.097858,6.157816,Endothelial,DVT
1.3531505,13.962801,Fibroblast,DVT
7.5025225,6.3619814,Endothelial,DVT
1.0006593,14.6417465,Fibroblast,DVT
3.5682273,-5.593713,Fibroblast,DVT
-2.5175333,5.832777,Fibroblast,DVT
1.7457694,-0.27218994,Fibroblast,DVT
0.28696007,-4.282973,Fibroblast,DVT
-10.661227,4.5632234,Fibroblast,DVT
-5.0567594,11.275231,Neutrophil,DVT
-1.2466937,7.9033136,Fibroblast,DVT
7.433015,5.5379534,Endothelial,DVT
2.3717754,0.8311971,Fibroblast,DVT
-2.960456,-3.7915943,Fibroblast,DVT
-4.962837,6.64901,Fibroblast,DVT
-1.756206,15.019292,Fibroblast,DVT
3.1038296,-0.5605746,Fibroblast,DVT
5.916478,6.0623207,Endothelial,DVT
-1.4957031,-5.200298,Fibroblast,DVT
-0.28601682,-4.560228,Fibroblast,DVT
-2.1727936,8.290022,Monocyte,DVT
1.4833452,-4.115554,Fibroblast,DVT
2.5422597,16.432123,Fibroblast,DVT
-0.89877456,-2.6417089,Fibroblast,DVT
-3.2959318,-5.065433,Fibroblast,DVT
-0.76054287,-5.8031173,Fibroblast,DVT
1.181958,-5.7882547,Fibroblast,DVT
-3.121797,-2.8187833,Fibroblast,DVT
-3.2809699,-2.9920142,Fibroblast,DVT
3.4702997,-0.13827674,Fibroblast,DVT
-0.44771025,3.4603183,Endothelial,DVT
-2.7370503,8.803942,Monocyte,DVT
6.4272776,5.738663,Endothelial,DVT
0.056394305,2.7275872,Endothelial,DVT
-1.7621223,14.50893,Fibroblast,DVT
-7.7014832,-1.4835656,VSMC,DVT
-2.3999982,-4.580546,Fibroblast,DVT
-5.9498343,-1.196479,VSMC,DVT
-2.2297595,7.2078376,Fibroblast,DVT
1.1392347,0.45887512,Fibroblast,DVT
-0.028559308,-2.9148781,Fibroblast,DVT
1.6153773,-4.142703,Fibroblast,DVT
0.9745745,13.09123,Fibroblast,DVT
4.1928997,-4.329675,Fibroblast,DVT
-5.9058967,12.896764,Neutrophil,DVT
1.3997946,13.248985,Fibroblast,DVT
2.8213153,-0.14213416,Fibroblast,DVT
1.0662328,-2.5809484,Fibroblast,DVT
0.19572422,15.961512,Fibroblast,DVT
0.66832525,-3.7651546,Fibroblast,DVT
-3.239036,9.913979,Monocyte,DVT
2.9069645,-3.5466585,Fibroblast,DVT
-5.326529,7.1863713,Macrophage,DVT
2.2371178,15.558635,Fibroblast,DVT
-3.0259345,9.812353,Monocyte,DVT
-1.8251046,-4.8433404,Fibroblast,DVT
0.5785386,-3.7094574,Fibroblast,DVT
7.572973,6.6791887,Endothelial,DVT
-0.4455145,-1.7791141,Fibroblast,DVT
-0.43785378,-3.5719135,Fibroblast,DVT
-0.2302919,-2.010327,Fibroblast,DVT
-2.9434507,-1.6538318,Fibroblast,DVT
-2.2641633,-5.1845894,Fibroblast,DVT
7.8154216,6.1157,Endothelial,DVT
-4.2753854,9.235596,Macrophage,DVT
-1.2774534,14.69138,Fibroblast,DVT
1.6205235,-4.2241325,Fibroblast,DVT
-0.33287567,-3.931701,Fibroblast,DVT
-4.9179068,8.562292,Macrophage,DVT
-1.4506462,-4.009374,Fibroblast,DVT
-10.677637,5.4822826,Fibroblast,DVT
-11.476257,0.15855032,Erythrocyte,DVT
6.109403,11.880025,B_cell,DVT
-11.674837,5.495534,Fibroblast,DVT
-5.0462823,5.945097,Fibroblast,DVT
5.547592,10.526547,B_cell,DVT
5.378621,10.1862545,B_cell,DVT
3.3831186,0.07719197,Fibroblast,DVT
-5.680053,11.439178,Neutrophil,DVT
6.811616,6.34013,Endothelial,DVT
1.6693497,12.623212,Fibroblast,DVT
-2.0708148,15.542108,Fibroblast,DVT
2.2413394,-1.2147298,Fibroblast,DVT
7.330594,5.8904595,Endothelial,DVT
-0.089493215,-2.665613,Fibroblast,DVT
-0.3847,-4.0899677,Fibroblast,DVT
1.140575,-3.451904,Fibroblast,DVT
-6.9944787,12.812258,Neutrophil,DVT
-1.3370373,15.706395,Fibroblast,DVT
-2.2440712,-3.2816255,Fibroblast,DVT
-1.6292768,8.562905,Monocyte,DVT
-4.741168,6.3608303,Fibroblast,DVT
-3.6882,5.8047333,Fibroblast,DVT
-3.07699,-4.664765,Fibroblast,DVT
-2.0164554,8.26501,Monocyte,DVT
-5.683397,-1.0231067,VSMC,DVT
0.019675186,-3.644646,Fibroblast,DVT
-2.67163,-2.4209363,Fibroblast,DVT
3.4794543,-0.06527835,Fibroblast,DVT
-1.2448353,8.410623,Monocyte,DVT
-5.117699,7.3827605,Macrophage,DVT
0.18337965,2.6514397,Endothelial,DVT
1.5551441,13.1713295,Fibroblast,DVT
0.5764937,14.933952,Fibroblast,DVT
-0.4282231,-5.7279563,Fibroblast,DVT
4.668247,0.44687748,Fibroblast,DVT
-3.34749,9.810549,Monocyte,DVT
-1.5513359,15.14025,Fibroblast,DVT
-2.59078,8.112348,Fibroblast,DVT
-2.616347,-3.715866,Fibroblast,DVT
-3.175924,6.0077753,Fibroblast,DVT
2.2763433,16.309652,Fibroblast,DVT
-3.4610934,7.2431064,Fibroblast,DVT
-5.1970477,0.35382584,VSMC,DVT
4.78076,10.527309,B_cell,DVT
-11.573928,5.717099,Fibroblast,DVT
3.947093,0.6833459,Fibroblast,DVT
1.3558631,1.5175229,Fibroblast,DVT
-0.87696236,-3.3650692,Fibroblast,DVT
-5.9724836,5.286515,Fibroblast,DVT
0.32356295,-4.6393657,Fibroblast,DVT
-0.20479831,-1.400618,Fibroblast,DVT
2.7113616,-0.7707257,Fibroblast,DVT
-2.6537173,-2.9941623,Fibroblast,DVT
14.449024,7.6758523,Fibroblast,DVT
-5.913635,13.203733,Neutrophil,DVT
-6.062117,7.103799,Macrophage,DVT
-2.5751047,-1.1690274,Fibroblast,DVT
-0.71043104,-5.74437,Fibroblast,DVT
-1.2075515,14.46803,Fibroblast,DVT
0.87466854,14.064296,Fibroblast,DVT
-1.5146757,-5.8667727,Fibroblast,DVT
-5.758786,6.759552,Macrophage,DVT
-0.10289408,-3.2335637,Fibroblast,DVT
-2.048514,15.831918,Fibroblast,DVT
4.345311,3.1935134,Endothelial,DVT
-4.955276,6.8520894,Fibroblast,DVT
-2.0267477,-1.6432366,Fibroblast,DVT
-5.983618,7.2720013,Macrophage,DVT
-8.134088,-1.1034452,VSMC,DVT
6.18275,12.501221,B_cell,DVT
-6.026881,5.527445,Fibroblast,DVT
-1.6064324,13.962152,Fibroblast,DVT
-1.0965854,15.1453,Fibroblast,DVT
-1.6317325,-3.1755233,Fibroblast,DVT
2.4981973,0.39221504,Fibroblast,DVT
5.5246854,6.136003,Endothelial,DVT
0.72181404,-5.9983773,Fibroblast,DVT
-3.2175364,-2.9381287,Fibroblast,DVT
-8.818517,-0.83500695,VSMC,DVT
5.5577326,11.733099,B_cell,DVT
0.1204628,2.6143477,Endothelial,DVT
1.0419638,14.740562,Fibroblast,DVT
-0.7487822,3.238725,Endothelial,DVT
-1.4707412,15.265027,Fibroblast,DVT
-2.1165817,-5.5906043,Fibroblast,DVT
5.971491,11.433294,B_cell,DVT
-5.41949,7.530138,Macrophage,DVT
-1.62873,-6.326003,Fibroblast,DVT
-3.3334677,-3.4621189,Fibroblast,DVT
-5.9776945,6.202175,Fibroblast,DVT
1.8933287,-3.6122792,Fibroblast,DVT
-7.216167,12.7873125,Neutrophil,DVT
-5.4304647,11.953889,Neutrophil,DVT
7.8784313,6.357675,Endothelial,DVT
1.3922539,-2.976728,Fibroblast,DVT
-6.239155,1.5789613,VSMC,DVT
-3.8025327,-2.6907868,Fibroblast,DVT
6.052524,5.6211987,Endothelial,DVT
-2.9919045,4.793524,Fibroblast,DVT
-1.264745,14.649811,Fibroblast,DVT
-2.8336754,-2.9462285,Fibroblast,DVT
-8.6701565,-1.5996817,VSMC,DVT
-5.0387917,7.355734,Macrophage,DVT
-6.9226995,-0.6736235,VSMC,DVT
2.505367,0.40635774,Fibroblast,DVT
5.336009,11.247564,B_cell,DVT
0.66732657,-4.684658,Fibroblast,DVT
-0.8199153,-4.2851877,Fibroblast,DVT
-3.0304945,-5.054179,Fibroblast,DVT
-3.5649903,-2.3357406,Fibroblast,DVT
-5.9507256,-0.86104625,VSMC,DVT
-5.507845,6.6533265,Macrophage,DVT
-0.022972902,13.15161,Fibroblast,DVT
-2.1497633,-3.3236828,Fibroblast,DVT
1.1316779,12.05603,Fibroblast,DVT
-2.7296698,-4.031189,Fibroblast,DVT
-2.4519103,-2.5118573,Fibroblast,DVT
-2.1679082,-3.8978353,Fibroblast,DVT
2.794285,6.4852843,Fibroblast,DVT
-0.15995671,15.8418865,Fibroblast,DVT
-5.117466,8.297188,Macrophage,DVT
-1.2697917,13.690815,Fibroblast,DVT
0.8180651,-2.9507778,Fibroblast,DVT
7.556148,5.0839705,Endothelial,DVT
-2.7317832,6.7881284,Fibroblast,DVT
6.3354187,1.8299563,Fibroblast,DVT
3.0188558,-0.3836224,Fibroblast,DVT
-6.2280245,7.9634,Macrophage,DVT
-2.7414994,-6.0098042,Fibroblast,DVT
-1.0055718,-5.181092,Fibroblast,DVT
5.9238334,6.123182,Endothelial,DVT
-1.25898,-5.264032,Fibroblast,DVT
-3.3532286,9.007232,Monocyte,DVT
2.9158757,-0.07510763,Fibroblast,DVT
-2.235333,15.414207,Fibroblast,DVT
-1.5369884,15.500878,Fibroblast,DVT
-5.3891983,11.857763,Neutrophil,DVT
7.979941,4.974941,Endothelial,DVT
-1.0808759,-5.78472,Fibroblast,DVT
-2.3935676,-4.584467,Fibroblast,DVT
-4.8369455,7.2514987,Macrophage,DVT
2.2078705,16.12346,Fibroblast,DVT
-2.053041,5.516567,Fibroblast,DVT
7.099365,6.4308434,Endothelial,DVT
5.448165,11.259486,B_cell,DVT
-4.8913937,11.568376,Neutrophil,DVT
-1.3921881,-2.390181,Fibroblast,DVT
3.1513968,0.02229415,Fibroblast,DVT
4.3332615,5.5434895,Endothelial,DVT
-7.155517,-1.7335026,VSMC,DVT
-5.730418,8.253643,Macrophage,DVT
6.616283,6.0183673,Endothelial,DVT
-0.3606113,7.958152,Monocyte,DVT
-1.8571041,-5.589101,Fibroblast,DVT
2.2749605,-4.494824,Fibroblast,DVT
2.340515,16.07376,Fibroblast,DVT
-6.644968,-0.76153815,VSMC,DVT
-2.1922169,-4.770379,Fibroblast,DVT
-0.20672978,8.10755,Monocyte,DVT
-0.5985598,14.617721,Fibroblast,DVT
4.6617007,5.2283144,Endothelial,DVT
2.925308,-0.07701547,Fibroblast,DVT
-3.8383021,9.319542,Monocyte,DVT
-5.447075,8.478264,Macrophage,DVT
6.653469,5.7354383,Endothelial,DVT
-1.354956,7.8294926,Fibroblast,DVT
-6.2608585,7.6054864,Macrophage,DVT
-2.4090362,-5.1871796,Fibroblast,DVT
0.4032555,2.6005507,Endothelial,DVT
6.157012,12.493709,B_cell,DVT
-7.1140776,-0.9536668,VSMC,DVT
1.4518902,-3.0274017,Fibroblast,DVT
1.4940898,12.695713,Fibroblast,DVT
-3.1172276,-2.0664537,Fibroblast,DVT
-2.2600515,-1.9405514,Fibroblast,DVT
-8.285226,-1.7938603,VSMC,DVT
-2.1661317,15.66731,Fibroblast,DVT
5.59354,-0.4730106,Fibroblast,DVT
-1.2161565,-3.124261,Fibroblast,DVT
4.8940983,5.4468737,Endothelial,DVT
7.7857256,6.5639286,Endothelial,DVT
1.8339431,6.796871,B_cell,DVT
-10.923446,5.3480754,Fibroblast,DVT
-5.040027,7.2026587,Macrophage,DVT
-2.8563628,4.529138,Fibroblast,DVT
6.344839,12.131628,B_cell,DVT
-11.773064,0.34923503,Erythrocyte,DVT
5.5018015,11.006198,B_cell,DVT
-1.3304299,14.186693,Fibroblast,DVT
3.8297637,-4.207558,Fibroblast,DVT
-2.0198917,8.041408,Monocyte,DVT
-4.783278,5.9389033,Fibroblast,DVT
6.116868,12.637763,B_cell,DVT
-3.3293483,-1.9430221,Fibroblast,DVT
-5.9450397,6.7871127,Macrophage,DVT
4.6683774,5.835279,Endothelial,DVT
2.051757,0.9589196,Fibroblast,DVT
-3.5010905,-3.6731246,Fibroblast,DVT
-4.1126976,-4.570977,Fibroblast,DVT
-11.405982,4.2872376,Fibroblast,DVT
-7.3755093,-0.8148766,VSMC,DVT
-3.8847501,9.97724,Monocyte,DVT
2.0196183,-4.5052595,Fibroblast,DVT
-2.6683967,-2.3767,Fibroblast,DVT
-5.174767,5.506989,Fibroblast,DVT
4.412561,5.341412,Endothelial,DVT
-2.211635,-0.9866475,Fibroblast,DVT
-0.69864917,-3.39097,Fibroblast,DVT
5.991796,11.896857,B_cell,DVT
1.1947438,-0.08407832,Fibroblast,DVT
-1.43899,-4.423621,Fibroblast,DVT
0.22324882,-4.377688,Fibroblast,DVT
-0.33418274,-3.7246265,Fibroblast,DVT
-2.0712392,15.66168,Fibroblast,DVT
-6.1802864,5.4563413,Fibroblast,DVT
-1.658137,8.6096945,Monocyte,DVT
4.918645,6.1341143,Endothelial,DVT
1.0481752,15.695085,Fibroblast,DVT
-4.3513975,7.062272,Macrophage,DVT
-1.9724026,14.510014,Fibroblast,DVT
-4.121064,-3.9769495,Fibroblast,DVT
0.3683311,-3.676166,Fibroblast,DVT
-4.797101,12.777569,Neutrophil,DVT
0.855155,-3.2688265,Fibroblast,DVT
-6.774338,0.6245904,VSMC,DVT
-2.9616482,-5.6373196,Fibroblast,DVT
-1.516401,-4.695801,Fibroblast,DVT
5.665755,10.963723,B_cell,DVT
-2.7066429,-0.85458744,Fibroblast,DVT
1.3625906,-4.6406136,Fibroblast,DVT
-1.6180949,-3.4397635,Fibroblast,DVT
-3.6001854,10.298285,Monocyte,DVT
-0.7204461,-3.970496,Fibroblast,DVT
-2.12411,-6.2830753,Fibroblast,DVT
-3.0088437,-4.464035,Fibroblast,DVT
7.8891354,6.114873,Endothelial,DVT
-6.728051,-0.536952,VSMC,DVT
1.3367966,13.331396,Fibroblast,DVT
-2.169181,-1.9318715,Fibroblast,DVT
1.1467124,-1.9922731,Fibroblast,DVT
-2.468902,-0.96793103,Fibroblast,DVT
-5.090499,7.7524266,Macrophage,DVT
-3.2004678,-4.3659363,Fibroblast,DVT
-0.734611,3.0381207,Endothelial,DVT
-2.4789062,-3.169609,Fibroblast,DVT
-2.602816,-1.1057457,Fibroblast,DVT
-3.2276871,7.203199,Fibroblast,DVT
-6.728645,12.509518,Neutrophil,DVT
7.8507094,5.9606166,Endothelial,DVT
-1.3446919,-1.9658599,Fibroblast,DVT
5.519892,11.03755,B_cell,DVT
1.7676555,2.1758184,Fibroblast,DVT
1.2091756,-3.5166817,Fibroblast,DVT
5.640245,11.305971,B_cell,DVT
-6.663328,0.9625236,VSMC,DVT
-1.7129688,-5.3329945,Fibroblast,DVT
-1.4505724,-4.4363074,Fibroblast,DVT
-3.335527,-4.3907986,Fibroblast,DVT
5.9506817,0.020919815,Fibroblast,DVT
-0.4662187,-5.0448866,Fibroblast,DVT
7.383737,5.5284452,Endothelial,DVT
-3.7187626,8.620697,Monocyte,DVT
-3.142566,7.33581,Fibroblast,DVT
5.719618,11.244314,B_cell,DVT
5.7017374,11.068954,B_cell,DVT
0.8523848,14.409538,Fibroblast,DVT
-0.34458628,2.697439,Endothelial,DVT
-0.15920536,8.192711,Monocyte,DVT
-1.510068,13.174918,Fibroblast,DVT
-1.315891,9.880268,Monocyte,DVT
-5.623458,7.4571753,Macrophage,DVT
-2.3598287,9.786572,Monocyte,DVT
0.009414138,-2.0233476,Fibroblast,DVT
-6.7705317,-1.521209,VSMC,DVT
-5.497493,6.1382227,Fibroblast,DVT
4.4849343,-4.3513327,Fibroblast,DVT
-7.147316,-1.2727318,VSMC,DVT
-0.84544337,15.536976,Fibroblast,DVT
-0.8944302,14.206335,Fibroblast,DVT
-3.568974,-4.951807,Fibroblast,DVT
13.808614,7.365098,Fibroblast,DVT
-3.705059,-2.5785518,Fibroblast,DVT
3.0859077,6.344391,Fibroblast,DVT
1.0706133,-2.1457732,Fibroblast,DVT
3.848871,-4.2049136,Fibroblast,DVT
-4.2052007,6.750601,Fibroblast,DVT
-0.82337826,-5.0056143,Fibroblast,DVT
-8.878501,-1.3710576,VSMC,DVT
-1.7686791,-2.845509,Fibroblast,DVT
-1.5514122,0.025089683,Fibroblast,DVT
-2.3445373,-4.617443,Fibroblast,DVT
2.3244689,16.128439,Fibroblast,DVT
-5.638905,7.4831133,Macrophage,DVT
2.7364063,6.4343286,Fibroblast,DVT
-0.5341886,13.01651,Fibroblast,DVT
2.6202016,16.323227,Fibroblast,DVT
-6.2974706,7.795628,Macrophage,DVT
3.6294813,-4.260933,Fibroblast,DVT
-6.743666,-0.46635315,VSMC,DVT
-1.6280166,-4.5516033,Fibroblast,DVT
0.93689287,-4.8959866,Fibroblast,DVT
-0.95484674,-1.5739504,Fibroblast,DVT
3.5746012,4.657533,Endothelial,DVT
-5.6119423,13.008565,Neutrophil,DVT
5.5629706,11.392503,B_cell,DVT
-3.0780356,7.452005,Fibroblast,DVT
2.5299983,0.508666,Fibroblast,DVT
-6.408612,0.13102838,VSMC,DVT
0.107884176,13.398369,Fibroblast,DVT
-0.9730549,-3.7014384,Fibroblast,DVT
-0.71669877,8.894991,Monocyte,DVT
-3.3155332,9.901662,Monocyte,DVT
-4.292653,-4.5873146,Fibroblast,DVT
-2.779938,6.365811,Fibroblast,DVT
-2.2091606,-6.042632,Fibroblast,DVT
7.592144,6.0476484,Endothelial,DVT
-1.7181176,15.466247,Fibroblast,DVT
-2.6253767,-0.734387,Fibroblast,DVT
0.103677236,2.744138,Endothelial,DVT
2.0349565,-3.1158626,Fibroblast,DVT
-6.186243,8.171516,Macrophage,DVT
1.4701742,14.008353,Fibroblast,DVT
-10.399435,5.426111,Fibroblast,DVT
0.5593318,-4.7922244,Fibroblast,DVT
-3.3760667,-2.3793774,Fibroblast,DVT
-5.6170583,5.94881,Fibroblast,DVT
-3.7492974,10.125412,Monocyte,DVT
2.183986,12.715888,Fibroblast,DVT
0.6411011,-2.4203565,Fibroblast,DVT
-1.6648192,-4.061765,Fibroblast,DVT
1.4127955,-4.9297795,Fibroblast,DVT
6.078884,12.702139,B_cell,DVT
4.4564624,5.487794,Endothelial,DVT
3.8472157,4.7419734,Endothelial,DVT
-2.8252697,-5.057104,Fibroblast,DVT
3.9164898,-4.3442063,Fibroblast,DVT
-5.5803957,12.168619,Neutrophil,DVT
-3.1507666,-2.1353824,Fibroblast,DVT
-3.2967513,-4.022317,Fibroblast,DVT
2.1247842,-1.6272686,Fibroblast,DVT
-3.6472197,5.930664,Fibroblast,DVT
3.4510405,-0.13596353,Fibroblast,DVT
0.7344309,15.155162,Fibroblast,DVT
-2.3519726,-1.4588974,Fibroblast,DVT
3.8423314,0.5336786,Fibroblast,DVT
6.4422426,6.1450496,Endothelial,DVT
2.0254135,4.7000594,Endothelial,DVT
-7.7494617,-1.4724594,VSMC,DVT
-1.9311819,-5.2402015,Fibroblast,DVT
-7.9783115,-1.2954876,VSMC,DVT
2.7824812,-4.3643026,Fibroblast,DVT
5.094555,4.9184604,Endothelial,DVT
-0.7190397,-3.8664272,Fibroblast,DVT
-0.5626937,-4.381902,Fibroblast,DVT
-0.8175346,-4.199088,Fibroblast,DVT
-2.3271565,-5.6736946,Fibroblast,DVT
1.7912371,4.777688,Endothelial,DVT
5.833578,12.049825,B_cell,DVT
6.7344527,5.853971,Endothelial,DVT
-1.0787417,-5.286646,Fibroblast,DVT
-1.7363659,-3.6387892,Fibroblast,DVT
0.27641118,14.3189945,Fibroblast,DVT
2.6542194,-0.97330505,Fibroblast,DVT
-5.5594625,12.076014,Neutrophil,DVT
-4.196468,-1.7608006,Fibroblast,DVT
-8.055542,-1.0850836,VSMC,DVT
-2.0885274,-2.792399,Fibroblast,DVT
2.5639422,16.372581,Fibroblast,DVT
-4.2310753,-4.6234355,Fibroblast,DVT
-2.79864,7.304437,Fibroblast,DVT
1.0092198,-4.891014,Fibroblast,DVT
-6.937646,-1.1946383,VSMC,DVT
-0.72546005,-5.097395,Fibroblast,DVT
3.0730598,-0.13236529,Fibroblast,DVT
2.7532601,0.2608831,Fibroblast,DVT
5.5873537,11.531233,B_cell,DVT
3.3648171,-0.19147456,Fibroblast,DVT
-5.161001,5.600959,Fibroblast,DVT
-7.2236996,-1.511306,VSMC,DVT
-2.8816736,-4.5497327,Fibroblast,DVT
4.651252,2.7622676,Endothelial,DVT
-1.2217333,8.675245,Monocyte,DVT
9.425394,12.407615,Fibroblast,DVT
-3.7794237,-1.6654968,Fibroblast,DVT
5.8704486,6.103772,Endothelial,DVT
-2.811448,-5.7161107,Fibroblast,DVT
-5.4651766,12.688461,Neutrophil,DVT
-0.17411819,-2.6523952,Fibroblast,DVT
-5.697564,6.9176917,Macrophage,DVT
3.6506357,-4.120709,Fibroblast,DVT
2.5359683,-1.2230306,Fibroblast,DVT
-6.020554,8.327158,Macrophage,DVT
4.6610003,2.5589726,Endothelial,DVT
-2.341867,5.09866,Fibroblast,DVT
-1.9809675,-5.7731166,Fibroblast,DVT
-11.7649145,5.590832,Fibroblast,DVT
-6.5385256,-0.5764605,VSMC,DVT
-7.245043,-1.6920314,VSMC,DVT
-7.805031,-0.98351026,VSMC,DVT
3.4716785,0.10137424,Fibroblast,DVT
8.6389,2.190852,Endothelial,DVT
0.028985849,-6.5585427,Fibroblast,DVT
-7.9569836,-1.9362564,VSMC,DVT
0.31418014,13.088401,Fibroblast,DVT
1.5405633,-2.7987638,Fibroblast,DVT
-1.3834177,-4.2308655,Fibroblast,DVT
-4.54318,6.9831095,Macrophage,DVT
-6.8893843,1.2680398,VSMC,DVT
-0.6578556,-2.2157815,Fibroblast,DVT
-1.9260256,14.92079,Fibroblast,DVT
-2.0667129,-1.2409251,Fibroblast,DVT
3.1622365,0.02415046,Fibroblast,DVT
-1.790292,-4.573523,Fibroblast,DVT
-6.5509844,-0.70651543,VSMC,DVT
-2.4356549,-1.3286439,Fibroblast,DVT
-1.6673919,15.199182,Fibroblast,DVT
-1.1774119,-4.842792,Fibroblast,DVT
3.2603807,-4.729004,Fibroblast,DVT
-1.2961339,15.873874,Fibroblast,DVT
-2.8301387,4.832872,Fibroblast,DVT
-1.6150748,-1.6854998,Fibroblast,DVT
-3.2382827,-2.4262383,Fibroblast,DVT
-3.04891,-1.8720837,Fibroblast,DVT
3.5352545,4.5743637,Endothelial,DVT
-0.9668403,3.3641918,Endothelial,DVT
7.828649,6.396211,Endothelial,DVT
4.885765,0.93748397,Fibroblast,DVT
-1.060985,-1.7316194,Fibroblast,DVT
1.6751612,13.117676,Fibroblast,DVT
3.086506,-0.48943,Fibroblast,DVT
-8.361178,-1.4415462,VSMC,DVT
-6.768172,-1.1506146,VSMC,DVT
0.17318682,-3.5844243,Fibroblast,DVT
-6.0870667,13.170778,Neutrophil,DVT
-1.9956024,-4.9556484,Fibroblast,DVT
-8.477049,-1.1203914,VSMC,DVT
-2.014222,-4.29623,Fibroblast,DVT
0.2529393,-2.1655242,Fibroblast,DVT
-6.0131173,5.532654,Fibroblast,DVT
2.949433,0.26744884,Fibroblast,DVT
-0.68413156,-5.9439783,Fibroblast,DVT
0.05538071,-5.054895,Fibroblast,DVT
-3.1970162,-5.294573,Fibroblast,DVT
-6.0068626,5.515719,Fibroblast,DVT
2.7278492,0.04507779,Fibroblast,DVT
-1.5745296,-4.4024076,Fibroblast,DVT
-6.883707,1.385874,VSMC,DVT
2.9954696,-0.4423358,Fibroblast,DVT
0.22375742,-3.6281302,Fibroblast,DVT
-2.2604363,-3.95062,Fibroblast,DVT
0.43655473,-3.8838613,Fibroblast,DVT
3.1424294,-4.3088884,Fibroblast,DVT
-2.4261012,-5.1302686,Fibroblast,DVT
-0.42088926,-1.2970191,Fibroblast,DVT
-7.0477924,1.3077505,VSMC,DVT
2.4606318,4.6907496,Endothelial,DVT
-10.235267,5.1806316,Fibroblast,DVT
-2.7522843,-3.753059,Fibroblast,DVT
0.5193421,14.416776,Fibroblast,DVT
-5.1688085,8.589733,Macrophage,DVT
-2.1821184,15.235481,Fibroblast,DVT
-7.7371955,-1.3990694,VSMC,DVT
-1.0860033,3.4197276,Endothelial,DVT
-1.96167,15.086807,Fibroblast,DVT
-1.8461994,6.4236875,Fibroblast,DVT
-0.63325506,14.522793,Fibroblast,DVT
-3.8036919,9.226343,Monocyte,DVT
-6.3674374,-1.289814,VSMC,DVT
1.1984655,-5.233805,Fibroblast,DVT
0.1428709,-4.9461737,Fibroblast,DVT
8.078291,2.3455067,Endothelial,DVT
5.770601,1.0873035,Endothelial,DVT
-3.3380153,-2.3672698,Fibroblast,DVT
-1.0970279,14.825233,Fibroblast,DVT
2.0536137,9.043644,Fibroblast,DVT
-7.7453656,-1.1034963,VSMC,DVT
-2.6128106,-4.0514755,Fibroblast,DVT
-5.2876744,7.3585777,Macrophage,DVT
1.1274462,14.282918,Fibroblast,DVT
-2.4185004,-4.7680645,Fibroblast,DVT
-3.110562,6.0320315,Fibroblast,DVT
-3.3039532,-4.1668053,Fibroblast,DVT
-5.8985615,13.157381,Neutrophil,DVT
1.8998235,-3.1303651,Fibroblast,DVT
5.913784,11.8348675,B_cell,DVT
6.232021,6.206982,Endothelial,DVT
2.6390607,0.21400222,Fibroblast,DVT
2.4095185,3.0401134,Fibroblast,DVT
-6.8305736,0.5637227,VSMC,DVT
-3.5904062,10.368511,Monocyte,DVT
2.2266471,-0.0062008556,Fibroblast,DVT
-6.9398313,-0.8567142,VSMC,DVT
-0.10075243,-5.313032,Fibroblast,DVT
-0.60770535,-3.0997488,Fibroblast,DVT
-4.1834917,-1.4569767,Fibroblast,DVT
-3.337639,-2.0745754,Fibroblast,DVT
-4.249401,-4.60633,Fibroblast,DVT
-6.843644,-1.5992576,VSMC,DVT
-0.29073402,-4.671488,Fibroblast,DVT
-2.7847297,-5.580524,Fibroblast,DVT
-1.0230849,6.9906864,Endothelial,DVT
-5.464034,6.045778,Fibroblast,DVT
-3.153237,8.721903,Monocyte,DVT
-8.358001,-1.1859215,VSMC,DVT
6.079685,11.465927,B_cell,DVT
2.381016,-0.097875744,Fibroblast,DVT
7.4460564,5.8849454,Endothelial,DVT
-8.691894,-1.156867,VSMC,DVT
7.3054123,5.6012173,Endothelial,DVT
3.1911094,0.062267706,Fibroblast,DVT
-2.155965,8.238385,Monocyte,DVT
-1.4053066,14.791439,Fibroblast,DVT
-2.6786404,-4.9619703,Fibroblast,DVT
0.8082245,12.761286,Fibroblast,DVT
-2.2596924,8.220182,Monocyte,DVT
-6.3174095,7.86731,Macrophage,DVT
3.3520405,0.20627631,Fibroblast,DVT
-1.9399412,8.298009,Monocyte,DVT
-1.4976505,14.904037,Fibroblast,DVT
-7.2552824,-0.80473274,VSMC,DVT
-2.0167685,7.824787,Monocyte,DVT
0.4090354,2.5117178,Endothelial,DVT
0.016930783,8.089108,Monocyte,DVT
-3.273258,-4.169049,Fibroblast,DVT
-1.8925602,-6.0829144,Fibroblast,DVT
-6.4225307,13.137051,Neutrophil,DVT
-0.9863323,-5.0442185,Fibroblast,DVT
-4.971171,6.9551897,Fibroblast,DVT
-4.564459,12.599851,Neutrophil,DVT
2.87736,6.5289207,Fibroblast,DVT
-1.9211416,8.231906,Monocyte,DVT
-1.7603266,8.903612,Monocyte,DVT
-3.6393619,10.366556,Monocyte,DVT
5.489169,11.136743,B_cell,DVT
0.8267305,-2.5194964,Fibroblast,DVT
4.4665723,-4.272716,Fibroblast,DVT
-4.3592167,6.400409,Fibroblast,DVT
-3.3289723,-5.023069,Fibroblast,DVT
-7.26737,-0.79574597,VSMC,DVT
-4.2620516,7.833676,Macrophage,DVT
5.9341855,11.315907,B_cell,DVT
-1.3689405,12.925204,Fibroblast,DVT
-1.6198772,-2.3831356,Fibroblast,DVT
2.721746,0.4111007,Fibroblast,DVT
-7.514057,0.75521195,VSMC,DVT
-1.6272254,-2.8473268,Fibroblast,DVT
-3.0601292,-5.741143,Fibroblast,DVT
-8.947901,-1.2234019,VSMC,DVT
0.17114642,-7.565797,Fibroblast,DVT
-1.3748547,-0.07374496,Fibroblast,DVT
2.1810467,9.022815,Fibroblast,DVT
-7.2041945,1.3485863,VSMC,DVT
-3.8903813,-4.861778,Fibroblast,DVT
-0.052402366,-4.7234173,Fibroblast,DVT
-9.0189705,-1.2328886,VSMC,DVT
1.7739706,-3.6087337,Fibroblast,DVT
-2.1712735,-1.1003247,Fibroblast,DVT
-2.2616904,-3.9016678,Fibroblast,DVT
-2.5529675,-2.9611747,Fibroblast,DVT
-0.13803846,3.311056,Endothelial,DVT
-8.839932,-1.0306265,VSMC,DVT
-5.5675735,6.1527157,Fibroblast,DVT
-1.988796,8.323827,Monocyte,DVT
-2.8954842,8.087904,Fibroblast,DVT
-0.36443263,-2.5958076,Fibroblast,DVT
-1.8312995,14.194269,Fibroblast,DVT
4.6264696,0.72478014,Fibroblast,DVT
-4.838013,11.26223,Neutrophil,DVT
1.122276,13.92302,Fibroblast,DVT
3.3592165,0.023022676,Fibroblast,DVT
2.3088617,-3.5542686,Fibroblast,DVT
-5.457235,6.8125324,Macrophage,DVT
-2.3906224,5.7208676,Fibroblast,DVT
0.8190498,-3.8070354,Fibroblast,DVT
7.6796737,5.9031897,Endothelial,DVT
-4.0239096,5.766457,Fibroblast,DVT
-2.4081216,-3.0027733,Fibroblast,DVT
-1.7406546,8.003495,Fibroblast,DVT
2.9421108,4.894995,Endothelial,DVT
-0.8597809,-6.1734776,Fibroblast,DVT
-5.923382,8.293191,Macrophage,DVT
-1.4679557,-5.7594132,Fibroblast,DVT
-7.781407,12.467125,Neutrophil,DVT
7.593791,5.4946246,Endothelial,DVT
2.325219,0.6727314,Fibroblast,DVT
-0.34675574,15.711975,Fibroblast,DVT
-0.8702905,9.029303,Monocyte,DVT
-3.8639805,-4.8643923,Fibroblast,DVT
-6.945372,12.052247,Neutrophil,DVT
-2.0457454,7.017674,Fibroblast,DVT
-2.5660322,9.871385,Monocyte,DVT
-1.057683,14.233501,Fibroblast,DVT
8.09786,5.606505,Endothelial,DVT
1.4857447,13.032552,Fibroblast,DVT
5.3803244,5.0590096,Endothelial,DVT
-7.4723687,-1.1571232,VSMC,DVT
5.4468546,10.435499,B_cell,DVT
-1.4363853,8.894329,Monocyte,DVT
0.20025007,14.191531,Fibroblast,DVT
-1.7309977,12.516276,Fibroblast,DVT
-1.0986284,-3.5950813,Fibroblast,DVT
-0.6005276,-3.6007662,Fibroblast,DVT
-1.7130225,-3.975772,Fibroblast,DVT
-2.4682052,-2.9895346,Fibroblast,DVT
-3.9409287,6.26604,Fibroblast,DVT
-2.988235,-4.1899157,Fibroblast,DVT
2.8283498,-0.13460799,Fibroblast,DVT
0.30727664,-6.9349003,Fibroblast,DVT
-3.6566622,-4.0903163,Fibroblast,DVT
-1.8939024,-2.70401,Fibroblast,DVT
-2.2341788,8.496282,Monocyte,DVT
-3.1083784,-5.420116,Fibroblast,DVT
2.0665882,-4.481484,Fibroblast,DVT
-1.4184122,-4.8305516,Fibroblast,DVT
-5.060225,-1.2567362,Fibroblast,DVT
2.3662,0.61386836,Fibroblast,DVT
-2.6628866,-5.0816865,Fibroblast,DVT
-4.870485,7.8413243,Macrophage,DVT
2.7038746,-6.1455173,Fibroblast,DVT
2.1592464,-3.4788046,Fibroblast,DVT
-0.24467619,3.1165438,Endothelial,DVT
-2.309401,-3.4392085,Fibroblast,DVT
-2.8776715,6.003917,Fibroblast,DVT
5.5446353,10.815608,B_cell,DVT
0.3938542,15.2615795,Fibroblast,DVT
-5.953155,-0.78647184,VSMC,DVT
-5.264433,7.926344,Macrophage,DVT
2.5647066,4.2912683,Endothelial,DVT
0.68202794,-3.1174273,Fibroblast,DVT
-1.1402415,-5.0040336,Fibroblast,DVT
-2.7549431,-4.4534593,Fibroblast,DVT
6.1684923,12.536771,B_cell,DVT
-3.341394,-4.4056754,Fibroblast,DVT
1.5399319,-3.9709873,Fibroblast,DVT
-4.9949694,7.948101,Macrophage,DVT
-2.9735634,5.994117,Fibroblast,DVT
1.2817576,12.835557,Fibroblast,DVT
-5.704233,7.6262383,Macrophage,DVT
-8.062817,-0.7437608,VSMC,DVT
-0.374757,-5.28868,Fibroblast,DVT
5.608655,11.369758,B_cell,DVT
14.7460375,7.9219656,Fibroblast,DVT
-0.9037936,-5.5067782,Fibroblast,DVT
0.5296343,-4.199769,Fibroblast,DVT
-2.0705245,8.23061,Monocyte,DVT
-3.3518195,9.644613,Monocyte,DVT
-3.0329213,6.2595778,Fibroblast,DVT
2.0995007,9.001998,Fibroblast,DVT
-6.14381,7.3173614,Macrophage,DVT
-1.569043,-1.7156398,Fibroblast,DVT
4.729272,4.9125595,Endothelial,DVT
3.0013716,-0.2546502,Fibroblast,DVT
-0.1786926,8.26895,Monocyte,DVT
-7.3611727,-1.4008822,VSMC,DVT
0.32427943,15.098823,Fibroblast,DVT
2.1762455,8.766777,Fibroblast,DVT
0.67601573,14.297359,Fibroblast,DVT
-0.18837377,-5.025381,Fibroblast,DVT
1.5001215,-5.6774645,Fibroblast,DVT
-7.6082,12.647636,Neutrophil,DVT
-0.5986994,-3.5655062,Fibroblast,DVT
-8.952654,-1.1805098,VSMC,DVT
-0.1619743,-6.5544167,Fibroblast,DVT
-3.1397226,6.104262,Fibroblast,DVT
-1.0031185,15.6792,Fibroblast,DVT
-1.6552141,-4.6996512,Fibroblast,DVT
-0.09333419,8.1303425,Monocyte,DVT
-0.5343075,-4.4842606,Fibroblast,DVT
-1.8058592,-3.2830377,Fibroblast,DVT
-2.0170484,14.9848795,Fibroblast,DVT
-2.3002715,-3.6813388,Fibroblast,DVT
0.7108977,-2.8287654,Fibroblast,DVT
-6.6649127,-0.6669082,VSMC,DVT
-4.8848243,12.7772255,Neutrophil,DVT
-2.6732829,6.985798,Fibroblast,DVT
-8.07301,-1.6261286,VSMC,DVT
-2.0930996,-5.3604374,Fibroblast,DVT
-1.968991,-2.2150486,Fibroblast,DVT
1.7615215,-3.2966924,Fibroblast,DVT
-1.4973145,-5.610793,Fibroblast,DVT
-8.551884,-1.3077133,VSMC,DVT
-1.4112133,-2.5496888,Fibroblast,DVT
7.307551,1.636582,Endothelial,DVT
7.031017,5.931687,Endothelial,DVT
1.6490484,-3.8678,Fibroblast,DVT
-7.937736,-1.4200945,VSMC,DVT
-3.911741,8.465744,Monocyte,DVT
-2.697224,-5.699178,Fibroblast,DVT
3.8311613,4.7579994,Endothelial,DVT
0.75031435,14.104215,Fibroblast,DVT
-3.9744072,-3.9438727,Fibroblast,DVT
-2.2323568,8.085553,Monocyte,DVT
-2.3637662,4.9963756,Fibroblast,DVT
-0.2886389,2.7907326,Endothelial,DVT
-0.60998625,15.548766,Fibroblast,DVT
-2.5817745,-3.9177527,Fibroblast,DVT
-2.6051207,-5.2147307,Fibroblast,DVT
2.403371,0.38737035,Fibroblast,DVT
5.965939,12.0724535,B_cell,DVT
-7.611708,-1.0981737,VSMC,DVT
-6.0724597,13.272223,Neutrophil,DVT
0.6455154,-4.4959455,Fibroblast,DVT
2.7416995,16.476078,Fibroblast,DVT
-2.7711186,-4.5052805,Fibroblast,DVT
-7.480099,0.91763055,VSMC,DVT
-3.1595192,9.625717,Monocyte,DVT
-2.3206174,-6.181118,Fibroblast,DVT
-0.861692,-4.6969843,Fibroblast,DVT
-2.7769856,-3.8240345,Fibroblast,DVT
-3.4499404,6.7627087,Fibroblast,DVT
2.0979276,-1.4590226,Fibroblast,DVT
-6.116299,8.344157,Macrophage,DVT
7.5390544,6.001911,Endothelial,DVT
-2.6044636,9.044626,Monocyte,DVT
-3.8940272,8.315645,Monocyte,DVT
-0.73566115,-1.7667979,Fibroblast,DVT
-7.961477,-0.5684222,VSMC,DVT
-6.0040503,6.588826,Macrophage,DVT
9.430613,12.412449,Fibroblast,DVT
-7.703805,12.569194,Neutrophil,DVT
1.9563726,4.764206,Endothelial,DVT
-1.7636567,-1.9559798,Fibroblast,DVT
-3.0312989,-2.0607338,Fibroblast,DVT
1.5478241,-2.3891752,Fibroblast,DVT
6.008187,12.318835,B_cell,DVT
1.3720627,16.085653,Fibroblast,DVT
-0.8035901,3.3183599,Endothelial,DVT
-2.1562006,-4.680451,Fibroblast,DVT
14.783856,7.9461913,Fibroblast,DVT
2.7615516,-4.3020396,Fibroblast,DVT
-5.7196345,8.2996435,Macrophage,DVT
6.937936,5.595756,Endothelial,DVT
-2.184138,-5.518574,Fibroblast,DVT
-2.511269,7.0105653,Fibroblast,DVT
-3.542622,-4.3420234,Fibroblast,DVT
-6.4956517,-1.4652245,VSMC,DVT
-2.2879486,-5.4888678,Fibroblast,DVT
2.7455013,0.52737504,Fibroblast,DVT
-4.9180717,6.8069706,Fibroblast,DVT
-4.4377832,11.771791,Neutrophil,DVT
-3.5652077,9.394205,Monocyte,DVT
4.4095607,5.5066605,Endothelial,DVT
-0.7132652,15.741776,Fibroblast,DVT
-3.3104486,6.6555715,Fibroblast,DVT
5.6128516,10.756417,B_cell,DVT
0.8645091,13.845352,Fibroblast,DVT
-3.464701,-3.7939136,Fibroblast,DVT
-6.0954475,7.531159,Macrophage,DVT
-2.917585,-3.27378,Fibroblast,DVT
2.527952,8.512627,Fibroblast,DVT
-3.2788925,-2.437438,Fibroblast,DVT
6.7204943,5.759202,Endothelial,DVT
13.752002,7.318712,Fibroblast,DVT
-7.40827,12.582433,Neutrophil,DVT
-3.8726015,9.22342,Monocyte,DVT
14.307926,7.6050267,Fibroblast,DVT
5.9216733,6.235063,Endothelial,DVT
6.163654,5.8502192,Endothelial,DVT
6.128267,12.153223,B_cell,DVT
-5.3884387,7.294698,Macrophage,DVT
-0.71773684,-3.6950698,Fibroblast,DVT
-3.8545358,7.6010623,Monocyte,DVT
2.9417853,4.8963513,Endothelial,DVT
-1.158594,-6.052113,Fibroblast,DVT
-5.417239,-0.6704343,VSMC,DVT
2.0776608,9.170659,Fibroblast,DVT
3.4104502,-0.6766982,Fibroblast,DVT
-1.9886308,-3.939039,Fibroblast,DVT
-5.8103786,5.180848,Fibroblast,DVT
1.0172606,14.671111,Fibroblast,DVT
-7.59297,12.676702,Neutrophil,DVT
-3.0585403,-1.9064894,Fibroblast,DVT
1.2393637,14.577079,Fibroblast,DVT
-0.83951867,-5.739939,Fibroblast,DVT
14.547646,7.7201786,Fibroblast,DVT
0.2645795,-4.3072114,Fibroblast,DVT
0.6883628,-4.0009284,Fibroblast,DVT
3.7598379,-4.061493,Fibroblast,DVT
-10.239812,5.3483143,Fibroblast,DVT
-4.8395247,10.813012,Neutrophil,DVT
-1.755026,6.356183,Fibroblast,DVT
-1.983665,-3.342966,Fibroblast,DVT
2.794089,-0.79540634,Fibroblast,DVT
-3.6494524,-3.2275202,Fibroblast,DVT
2.3156419,3.38246,VSMC,DVT
-5.1795993,7.3919563,Macrophage,DVT
7.188948,2.3677254,Endothelial,DVT
-6.3105536,12.82328,Neutrophil,DVT
-1.0355196,-2.369107,Fibroblast,DVT
-2.6630096,-4.2027946,Fibroblast,DVT
-10.44081,5.523143,Fibroblast,DVT
-1.4269099,-4.8769236,Fibroblast,DVT
-0.72074044,14.679487,Fibroblast,DVT
-7.4567876,-1.4445243,VSMC,DVT
-3.2475588,-1.5804754,Fibroblast,DVT
1.7813714,6.7063975,B_cell,DVT
-2.1319604,-4.546628,Fibroblast,DVT
-0.3474274,-2.3446727,Fibroblast,DVT
5.627523,10.831594,B_cell,DVT
2.213911,15.839693,Fibroblast,DVT
3.588881,-0.019066898,Fibroblast,DVT
-1.6999124,8.052231,Monocyte,DVT
-3.4353018,8.692221,Monocyte,DVT
-7.6337194,-1.8369863,VSMC,DVT
-2.4140275,-5.884664,Fibroblast,DVT
-4.7986097,7.4665117,Macrophage,DVT
-11.7449045,5.570638,Fibroblast,DVT
-4.097488,-3.9259179,Fibroblast,DVT
-10.490183,5.417567,Fibroblast,DVT
-1.4380935,-1.8415446,Fibroblast,DVT
1.9705951,4.713419,Endothelial,DVT
-4.061979,5.9192705,Fibroblast,DVT
7.0051455,0.58561856,Endothelial,DVT
5.5401015,10.717755,B_cell,DVT
0.31572092,14.663918,Fibroblast,DVT
-2.5852945,-4.7283726,Fibroblast,DVT
4.9829893,5.977832,Endothelial,DVT
1.194558,-1.9629152,Fibroblast,DVT
3.937107,20.65432,Fibroblast,DVT
0.48574388,-3.907768,Fibroblast,DVT
5.5306187,11.818318,B_cell,DVT
-1.5103782,-4.224928,Fibroblast,DVT
-6.9812865,-0.49447563,VSMC,DVT
0.08533241,2.7308931,Endothelial,DVT
-4.412184,8.196564,Macrophage,DVT
0.37754455,15.035457,Fibroblast,DVT
5.6744084,10.8276825,B_cell,DVT
-4.5329614,-1.621899,Fibroblast,DVT
0.92049843,2.4802008,Endothelial,DVT
2.5974429,0.070396855,Fibroblast,DVT
2.0776925,7.766564,Fibroblast,DVT
-5.251638,7.9023085,Macrophage,DVT
-0.58315694,9.063837,Monocyte,DVT
-7.2494226,1.2707186,VSMC,DVT
-7.321113,0.38104883,VSMC,DVT
-1.7816861,-3.1879654,Fibroblast,DVT
0.41437095,15.053494,Fibroblast,DVT
5.733511,10.754617,B_cell,DVT
-1.4607301,15.747463,Fibroblast,DVT
-3.6786628,-4.876845,Fibroblast,DVT
3.394503,4.106787,Endothelial,DVT
-3.8648558,10.317082,Monocyte,DVT
-6.25095,7.2891264,Macrophage,DVT
-2.1076448,-1.4837489,Fibroblast,DVT
-0.51615536,8.245529,Monocyte,DVT
14.593049,7.789801,Fibroblast,DVT
14.3420515,7.6342916,Fibroblast,DVT
1.4830667,16.090391,Fibroblast,DVT
2.8782527,16.51692,Fibroblast,DVT
-0.3640187,-4.868424,Fibroblast,DVT
-6.040131,8.207992,Macrophage,DVT
14.609675,7.817961,Fibroblast,DVT
-5.601574,12.380861,Neutrophil,DVT
-6.01941,7.014523,Macrophage,DVT
7.12523,5.3931856,Endothelial,DVT
2.5520945,4.7727575,Endothelial,DVT
1.8832445,-4.3500414,Fibroblast,DVT
-5.332953,7.801324,Macrophage,DVT
-0.86288255,-3.819622,Fibroblast,DVT
-2.7754307,-2.1611083,Fibroblast,DVT
-2.523096,-2.0166302,Fibroblast,DVT
-5.276939,11.710526,Neutrophil,DVT
-0.59866136,15.71467,Fibroblast,DVT
-1.6358999,15.333993,Fibroblast,DVT
2.727614,4.2837424,Endothelial,DVT
-2.5937016,-3.2758846,Fibroblast,DVT
-0.232843,3.0780914,Endothelial,DVT
-1.9914863,-6.2829027,Fibroblast,DVT
-6.2144527,7.29153,Macrophage,DVT
1.121969,13.167413,Fibroblast,DVT
-1.5426197,-3.7076194,Fibroblast,DVT
-2.0701208,6.9139237,Fibroblast,DVT
-2.882425,-5.488457,Fibroblast,DVT
-1.2292649,-2.2836866,Fibroblast,DVT
-4.6530924,4.892942,Fibroblast,DVT
5.9286733,11.507282,B_cell,DVT
5.356646,5.2797875,Endothelial,DVT
-3.4335823,5.9942694,Fibroblast,DVT
-3.6600902,-3.6064417,Fibroblast,DVT
-0.81523925,-5.982949,Fibroblast,DVT
1.891361,4.888662,Endothelial,DVT
1.7463502,-6.0883546,Fibroblast,DVT
4.856535,4.5822196,Endothelial,DVT
1.2615108,-2.3437576,Fibroblast,DVT
5.7196865,11.128528,B_cell,DVT
-2.0798585,-1.9489425,Fibroblast,DVT
1.6104665,1.8701392,Fibroblast,DVT
-1.2099465,-2.9220247,Fibroblast,DVT
-3.3980515,6.890234,Fibroblast,DVT
4.3623776,4.3386865,Endothelial,DVT
-3.6156278,-4.5098686,Fibroblast,DVT
4.690891,5.4688015,Endothelial,DVT
-1.0519897,-5.2157283,Fibroblast,DVT
-0.5777912,-3.8190508,Fibroblast,DVT
1.0419012,2.4481652,Endothelial,DVT
-1.0870662,14.91822,Fibroblast,DVT
-7.5872226,-1.5781189,VSMC,DVT
2.701927,16.36454,Fibroblast,DVT
-4.3985157,12.543299,Neutrophil,DVT
-3.4888523,9.867061,Monocyte,DVT
-1.9369719,8.277542,Monocyte,DVT
1.0856957,13.656696,Fibroblast,DVT
-4.193964,6.4957695,Fibroblast,DVT
1.9586251,9.172652,Fibroblast,DVT
-1.9703579,14.68801,Fibroblast,DVT
-4.6620536,10.336562,Macrophage,DVT
5.8763866,1.7917548,Endothelial,DVT
-1.3097917,-0.019003043,Fibroblast,DVT
0.16610578,-6.169513,Fibroblast,DVT
2.2936597,16.28464,Fibroblast,DVT
6.0763707,5.5133715,Endothelial,DVT
-0.99872845,-2.9237597,Fibroblast,DVT
-1.509853,8.759303,Monocyte,DVT
4.7193117,5.112108,Endothelial,DVT
-0.7930374,14.539983,Fibroblast,DVT
0.0028755115,-4.0583024,Fibroblast,DVT
-11.642042,5.789596,Fibroblast,DVT
-1.4520309,-2.3835433,Fibroblast,DVT
1.489986,-2.1983557,Fibroblast,DVT
6.642795,5.5660677,Endothelial,DVT
0.70612854,15.857412,Fibroblast,DVT
4.775317,5.543881,Endothelial,DVT
-0.11139927,15.527056,Fibroblast,DVT
-4.7899203,5.773779,Fibroblast,DVT
-4.998436,12.868816,Neutrophil,DVT
-6.456875,-1.4461285,VSMC,DVT
-3.454503,8.7278805,Monocyte,DVT
-0.15402983,8.119458,Monocyte,DVT
-5.685127,8.153705,Macrophage,DVT
-9.667296,3.8886755,Fibroblast,DVT
3.6610558,4.5417004,Endothelial,DVT
-3.5265658,-1.6622978,Fibroblast,DVT
2.2370784,-1.5990846,Fibroblast,DVT
-3.4020379,9.911705,Monocyte,DVT
-7.362703,12.4740505,Neutrophil,DVT
-2.873427,-3.101277,Fibroblast,DVT
-0.6459862,-3.4061677,Fibroblast,DVT
2.6791182,4.623869,Endothelial,DVT
-5.222249,0.3434835,VSMC,DVT
-1.8866879,-3.8929725,Fibroblast,DVT
7.966502,5.051449,Endothelial,DVT
-2.1403205,15.607567,Fibroblast,DVT
-4.4658933,5.875881,Fibroblast,DVT
1.1723807,-6.254498,Fibroblast,DVT
5.389785,5.8595057,Endothelial,DVT
-3.6272006,-4.0459833,Fibroblast,DVT
-10.237228,5.2539682,Fibroblast,DVT
1.5433513,-2.0500705,Fibroblast,DVT
2.6519709,-0.8364554,Fibroblast,DVT
-4.8918014,10.313525,Macrophage,DVT
0.42999047,2.4947767,Endothelial,DVT
-6.170594,1.5577962,VSMC,DVT
-0.58815765,9.102955,Monocyte,DVT
-3.9951904,9.587222,Monocyte,DVT
2.0821826,7.9838223,Fibroblast,DVT
-5.402726,6.702431,Fibroblast,DVT
2.9334521,-0.807961,Fibroblast,DVT
1.0399336,14.53739,Fibroblast,DVT
0.8487688,15.895212,Fibroblast,DVT
1.953342,6.8411274,B_cell,DVT
-3.151589,-4.358765,Fibroblast,DVT
3.2732975,-0.10408271,Fibroblast,DVT
0.48432848,13.949524,Fibroblast,DVT
0.98732984,14.411407,Fibroblast,DVT
-0.7980947,3.0552955,Endothelial,DVT
2.7564209,6.4699035,Fibroblast,DVT
-1.0581914,-2.193888,Fibroblast,DVT
0.6048041,2.4639742,Endothelial,DVT
3.3006797,-0.058197558,Fibroblast,DVT
-0.9339425,-3.1922739,Fibroblast,DVT
14.606469,7.8047,Fibroblast,DVT
2.7883039,0.2487686,Fibroblast,DVT
3.975291,4.9464216,Endothelial,DVT
-5.67352,11.77623,Neutrophil,DVT
-3.374125,-5.330121,Fibroblast,DVT
-1.3455164,-4.367113,Fibroblast,DVT
-0.63438386,14.67833,Fibroblast,DVT
-6.044633,5.2582746,Fibroblast,DVT
-5.6424246,7.5414453,Macrophage,DVT
1.0901074,13.302487,Fibroblast,DVT
2.2259474,1.0010669,Fibroblast,DVT
2.1160948,-3.2246277,Fibroblast,DVT
0.7442444,-6.4252133,Fibroblast,DVT
-2.3250628,5.113057,Fibroblast,DVT
2.9941506,0.14788201,Fibroblast,DVT
0.27043575,13.270583,Fibroblast,DVT
5.7924905,11.150582,B_cell,DVT
0.7824994,13.8251,Fibroblast,DVT
1.300165,-6.5434957,Fibroblast,DVT
7.5229445,5.9385147,Endothelial,DVT
-10.237469,5.50368,Fibroblast,DVT
-5.4909515,8.42879,Macrophage,DVT
1.0642245,13.29537,Fibroblast,DVT
3.813206,-4.163394,Fibroblast,DVT
-5.356909,8.390182,Macrophage,DVT
-2.125268,-2.6685548,Fibroblast,DVT
7.568881,6.1147666,Endothelial,DVT
-3.2821648,-2.084884,Fibroblast,DVT
-4.672861,11.330763,Neutrophil,DVT
-3.22334,9.883393,Monocyte,DVT
-4.5380282,-1.5512903,Fibroblast,DVT
2.0358722,-3.4456887,Fibroblast,DVT
-1.9807773,8.028924,Monocyte,DVT
-1.4932678,-4.8536367,Fibroblast,DVT
-3.079271,-4.652959,Fibroblast,DVT
6.0368834,12.732242,B_cell,DVT
-0.3377407,2.829957,Endothelial,DVT
3.2171082,0.05127899,Fibroblast,DVT
0.48310906,-4.195533,Fibroblast,DVT
-0.3854225,2.6785831,Endothelial,DVT
4.978516,9.313275,B_cell,DVT
-1.0389917,-4.528664,Fibroblast,DVT
-0.040849745,3.2221344,Endothelial,DVT
-4.8350105,9.957021,Macrophage,DVT
3.0555673,0.5086949,Fibroblast,DVT
0.81836647,15.397191,Fibroblast,DVT
3.3487866,-0.055249687,Fibroblast,DVT
5.080565,6.061345,Endothelial,DVT
-0.57534933,-3.516293,Fibroblast,DVT
-3.635262,10.327679,Monocyte,DVT
6.997183,5.439587,Endothelial,DVT
0.5804267,14.335224,Fibroblast,DVT
-6.9657664,-0.6896126,VSMC,DVT
-11.144319,4.779452,Fibroblast,DVT
-3.5334332,10.280684,Monocyte,DVT
-6.0840383,11.106279,Neutrophil,DVT
-0.38430268,7.084799,Fibroblast,DVT
-0.7759218,-4.272426,Fibroblast,DVT
-6.3949656,0.25324917,VSMC,DVT
-0.5675853,-4.1947355,Fibroblast,DVT
-1.234262,15.850656,Fibroblast,DVT
6.8583393,6.0535784,Endothelial,DVT
1.8176814,-3.1871207,Fibroblast,DVT
-0.32767478,7.0998306,Fibroblast,DVT
7.632717,6.175489,Endothelial,DVT
-5.857836,12.602738,Neutrophil,DVT
3.6706471,4.809661,Endothelial,DVT
-0.5823448,13.860358,Fibroblast,DVT
-1.9436905,-4.4122677,Fibroblast,DVT
0.15116331,-3.0879118,Fibroblast,DVT
-1.0801355,-5.768056,Fibroblast,DVT
-0.42317712,-5.2811804,Fibroblast,DVT
13.755639,7.301007,Fibroblast,DVT
1.2893974,15.727721,Fibroblast,DVT
-4.0036364,-1.4689099,Fibroblast,DVT
2.8558495,7.8761206,Fibroblast,DVT
1.2150685,-4.409942,Fibroblast,DVT
3.2288053,0.5395736,Fibroblast,DVT
-1.5047505,-0.050693013,Fibroblast,DVT
-4.217211,6.850275,Macrophage,DVT
4.650613,4.7943726,Endothelial,DVT
-5.385448,12.430849,Neutrophil,DVT
-7.618841,12.457972,Neutrophil,DVT
-0.89042467,-6.29828,Fibroblast,DVT
0.31353748,-4.2251735,Fibroblast,DVT
3.3869922,-0.098215304,Fibroblast,DVT
0.82016873,15.927885,Fibroblast,DVT
-6.100364,12.639636,Neutrophil,DVT
-0.2574725,-4.002227,Fibroblast,DVT
1.2729119,11.970078,Fibroblast,DVT
-6.799718,-1.4986956,VSMC,DVT
-3.3229625,10.075411,Monocyte,DVT
1.0996233,-2.1571674,Fibroblast,DVT
-2.523656,6.270801,Fibroblast,DVT
1.4498332,-6.230251,Fibroblast,DVT
-1.08019,-4.2876925,Fibroblast,DVT
-1.7756466,-3.545006,Fibroblast,DVT
-3.7760186,-4.252946,Fibroblast,DVT
-6.141804,5.946321,Fibroblast,DVT
-8.512943,-1.2688347,VSMC,DVT
-0.038413133,-4.5480504,Fibroblast,DVT
2.2356682,-4.3923197,Fibroblast,DVT
1.1363579,-4.9616423,Fibroblast,DVT
-7.9352427,-0.37191904,VSMC,DVT
-5.000251,7.294925,Macrophage,DVT
-6.24482,7.6260176,Macrophage,DVT
0.9397786,-2.2644713,Fibroblast,DVT
-2.057603,-2.2943861,Fibroblast,DVT
-7.605122,-1.7681329,VSMC,DVT
-8.274575,-1.3113518,VSMC,DVT
-2.6891816,-2.0498667,Fibroblast,DVT
-11.715879,0.38982335,Erythrocyte,DVT
-3.5113184,10.314897,Monocyte,DVT
-2.0769188,-5.2546964,Fibroblast,DVT
-2.1679034,-2.3869603,Fibroblast,DVT
-0.6362481,-2.3813896,Fibroblast,DVT
-1.3369908,-4.982906,Fibroblast,DVT
-6.370813,0.43599617,VSMC,DVT
0.9160233,-3.7712874,Fibroblast,DVT
6.3002143,12.014737,B_cell,DVT
-5.2839117,7.3268623,Macrophage,DVT
-5.4183764,10.743368,Neutrophil,DVT
-2.2250388,-4.212104,Fibroblast,DVT
1.4461849,-2.4001582,Fibroblast,DVT
-0.065108605,-1.5587775,Fibroblast,DVT
-0.015086262,8.1394,Monocyte,DVT
5.8543267,11.833866,B_cell,DVT
-6.045266,5.7081356,Fibroblast,DVT
-3.4072735,8.560946,Monocyte,DVT
-1.881627,16.120195,Fibroblast,DVT
-8.394087,-0.88365996,VSMC,DVT
2.269276,12.6828375,Fibroblast,DVT
-5.9053555,6.6361585,Macrophage,DVT
-2.04624,-3.625759,Fibroblast,DVT
-0.4929105,7.057784,Fibroblast,DVT
-1.5255269,-5.159682,Fibroblast,DVT
3.2355037,-4.50262,Fibroblast,DVT
-2.1908884,-2.229717,Fibroblast,DVT
-7.922054,-1.5408041,VSMC,DVT
-2.7483432,8.514689,Monocyte,DVT
3.1915495,4.7099123,Endothelial,DVT
-1.8226594,14.364791,Fibroblast,DVT
0.6168119,13.936119,Fibroblast,DVT
1.1870742,-1.9224528,Fibroblast,DVT
-2.0131817,-3.858821,Fibroblast,DVT
-0.21630572,8.272658,Monocyte,DVT
-3.7675898,5.9479628,Fibroblast,DVT
-7.022407,-1.4374183,VSMC,DVT
-2.478591,-3.3103669,Fibroblast,DVT
-3.058072,-3.5759864,Fibroblast,DVT
-4.0422125,6.074584,Fibroblast,DVT
-2.3935637,-3.418513,Fibroblast,DVT
1.5299743,1.5620575,Fibroblast,DVT
-4.7362657,11.060556,Neutrophil,DVT
2.1378052,8.96945,Fibroblast,DVT
7.840276,6.6114054,Endothelial,DVT
-7.450723,12.082821,Neutrophil,DVT
-4.472695,11.975574,Neutrophil,DVT
0.70883286,12.114183,Fibroblast,DVT
-3.2695518,6.048009,Fibroblast,DVT
-1.5923054,-5.3445644,Fibroblast,DVT
0.9538354,15.38951,Fibroblast,DVT
-3.2941527,5.9883895,Fibroblast,DVT
-1.088111,-4.84906,Fibroblast,DVT
1.0314118,12.144347,Fibroblast,DVT
-1.7696782,15.742412,Fibroblast,DVT
-2.9929364,-5.021135,Fibroblast,DVT
2.5591745,8.44339,Fibroblast,DVT
-1.4443243,-5.398667,Fibroblast,DVT
-0.8619223,-4.2802815,Fibroblast,DVT
-0.5210127,-3.9392445,Fibroblast,DVT
-1.2213253,-4.8841324,Fibroblast,DVT
-5.7203474,12.6683855,Neutrophil,DVT
-3.3799982,6.085038,Fibroblast,DVT
-4.7886796,5.942282,Fibroblast,DVT
-0.048368488,-5.789991,Fibroblast,DVT
-1.1029502,8.656057,Monocyte,DVT
-2.263222,-3.5433788,Fibroblast,DVT
5.7461367,10.72057,B_cell,DVT
3.288513,0.14053847,Fibroblast,DVT
5.6206155,5.917019,Endothelial,DVT
0.20860054,-3.9319797,Fibroblast,DVT
-6.561006,12.562998,Neutrophil,DVT
3.406032,4.862928,Endothelial,DVT
2.8161404,16.528227,Fibroblast,DVT
-3.3931234,9.606368,Monocyte,DVT
-2.1564336,-4.591963,Fibroblast,DVT
2.7405639,16.336155,Fibroblast,DVT
-1.0486448,14.309665,Fibroblast,DVT
-11.407998,4.9162507,Fibroblast,DVT
-5.6148534,12.845382,Neutrophil,DVT
-5.2552047,7.3151803,Macrophage,DVT
1.8675089,6.800933,B_cell,DVT
-0.94897527,-5.720557,Fibroblast,DVT
-3.145278,-2.5898526,Fibroblast,DVT
0.9092806,-5.219958,Fibroblast,DVT
-0.5713164,-5.943413,Fibroblast,DVT
7.2002716,6.034413,Endothelial,DVT
-6.0242014,-1.0939457,VSMC,DVT
-4.454934,6.7241874,Fibroblast,DVT
-3.0125349,8.347244,Fibroblast,DVT
-1.1616222,-3.171456,Fibroblast,DVT
-3.8911192,6.121579,Fibroblast,DVT
5.93512,12.805986,B_cell,DVT
-1.1631258,14.600635,Fibroblast,DVT
6.032087,2.705318,Endothelial,DVT
-3.360805,9.480842,Monocyte,DVT
-5.5315037,6.4127417,Fibroblast,DVT
-1.4799662,8.92564,Monocyte,DVT
5.6501966,10.860518,B_cell,DVT
6.5700364,5.6582026,Endothelial,DVT
0.81324244,-2.525673,Fibroblast,DVT
-6.08467,6.5423665,Macrophage,DVT
-3.6946383,-4.44667,Fibroblast,DVT
2.9698327,0.5652285,Fibroblast,DVT
3.2722702,4.556826,Endothelial,DVT
1.3521563,-3.8481736,Fibroblast,DVT
-8.689911,-1.6868386,VSMC,DVT
-0.8922152,-5.8411574,Fibroblast,DVT
-0.5317903,-1.5887355,Fibroblast,DVT
-0.7407458,14.709913,Fibroblast,DVT
-0.98482364,-3.5033455,Fibroblast,DVT
3.1741998,-3.906164,Fibroblast,DVT
5.978513,11.162063,B_cell,DVT
1.287123,-2.485788,Fibroblast,DVT
-4.529462,11.739965,Neutrophil,DVT
-3.4737782,5.804339,Fibroblast,DVT
2.0198112,16.192417,Fibroblast,DVT
-1.6885957,-3.03089,Fibroblast,DVT
7.111486,6.1586823,Endothelial,DVT
2.9416797,7.4118857,Fibroblast,DVT
-0.63510776,15.900601,Fibroblast,DVT
-1.6038996,-3.033775,Fibroblast,DVT
-1.6946812,15.078975,Fibroblast,DVT
0.34436893,-3.6242666,Fibroblast,DVT
-1.3035551,15.818968,Fibroblast,DVT
3.951438,20.66864,Fibroblast,DVT
3.9335864,0.8578331,Fibroblast,DVT
0.61456966,2.4903312,Endothelial,DVT
0.42186305,-3.900066,Fibroblast,DVT
-5.7845573,13.164182,Neutrophil,DVT
3.9754922,-4.547022,Fibroblast,DVT
-6.170104,1.477355,VSMC,DVT
6.074353,11.456081,B_cell,DVT
2.7214541,4.3250604,Endothelial,DVT
-4.4311857,8.373453,Macrophage,DVT
-4.0343857,8.610512,Monocyte,DVT
5.8432918,11.804778,B_cell,DVT
-1.6347742,-4.077094,Fibroblast,DVT
1.5405707,1.507022,Fibroblast,DVT
-0.82116115,3.0345063,Endothelial,DVT
-2.6837897,-0.73513204,Fibroblast,DVT
-0.3749997,7.149583,Fibroblast,DVT
-0.024192058,3.1473663,Endothelial,DVT
3.700765,20.402826,Fibroblast,DVT
-5.514254,6.2778516,Fibroblast,DVT
-3.1448984,6.252729,Fibroblast,DVT
-0.61457354,-5.145379,Fibroblast,DVT
-7.0910716,0.7403975,VSMC,DVT
-6.6630974,1.4233913,VSMC,DVT
-1.5295292,8.749769,Monocyte,DVT
-3.4472482,10.140793,Monocyte,DVT
-4.9082084,9.468007,Macrophage,DVT
-1.306796,-4.2971654,Fibroblast,DVT
2.5885785,16.245056,Fibroblast,DVT
2.9282298,0.11685878,Fibroblast,DVT
-3.7883723,8.345979,Monocyte,DVT
-2.2146275,15.239105,Fibroblast,DVT
1.9280217,-3.881701,Fibroblast,DVT
-1.424769,-2.5801036,Fibroblast,DVT
-4.5540648,12.590894,Neutrophil,DVT
-8.511761,-0.8575603,VSMC,DVT
-2.0068204,-6.0885835,Fibroblast,DVT
-1.5780079,13.155566,Fibroblast,DVT
-3.1421835,-2.022795,Fibroblast,DVT
-7.8384175,-1.5449713,VSMC,DVT
-5.6405354,11.536576,Neutrophil,DVT
-3.2240827,-1.992358,Fibroblast,DVT
-0.57566935,7.7487607,Monocyte,DVT
-3.7487822,-2.4699004,Fibroblast,DVT
-6.7465944,-1.6834306,VSMC,DVT
-2.2735078,6.6488023,Fibroblast,DVT
-0.88391685,-3.6065466,Fibroblast,DVT
0.5203418,-3.7452471,Fibroblast,DVT
1.2037998,-3.4836204,Fibroblast,DVT
-0.81710863,-5.240387,Fibroblast,DVT
-3.7691598,7.2537923,Macrophage,DVT
-0.78886443,15.843811,Fibroblast,DVT
-2.5524037,-4.7469015,Fibroblast,DVT
-0.29794222,-3.0134487,Fibroblast,DVT
-3.4213364,-4.1776395,Fibroblast,DVT
-3.7688758,8.648082,Monocyte,DVT
3.543574,0.41767722,Fibroblast,DVT
-2.8213894,-5.670452,Fibroblast,DVT
-2.2393048,-3.1119554,Fibroblast,DVT
7.806889,5.604109,Endothelial,DVT
-5.620875,7.286048,Macrophage,DVT
-3.6498232,9.553371,Monocyte,DVT
-1.6812497,9.802621,Monocyte,DVT
-0.45898545,-4.0691366,Fibroblast,DVT
-2.2656164,-3.1170526,Fibroblast,DVT
-0.6464855,-4.5080523,Fibroblast,DVT
-1.9917941,15.708281,Fibroblast,DVT
-6.3407283,-1.2470977,VSMC,DVT
2.3383272,0.78718156,Fibroblast,DVT
-4.418622,7.2470665,Fibroblast,DVT
-10.908882,5.291704,Fibroblast,DVT
-1.6887035,16.038794,Fibroblast,DVT
-0.4723598,-4.76137,Fibroblast,DVT
-2.0908065,-1.8991107,Fibroblast,DVT
1.1783963,13.296874,Fibroblast,DVT
4.1630926,0.6638808,Fibroblast,DVT
2.0457191,9.079374,Fibroblast,DVT
14.610574,7.806329,Fibroblast,DVT
6.206024,5.6128354,Endothelial,DVT
2.1037817,-3.7884796,Fibroblast,DVT
-8.947548,-1.1335131,VSMC,DVT
6.202745,11.825112,B_cell,DVT
-5.0811963,7.589304,Macrophage,DVT
-0.20244893,-4.442975,Fibroblast,DVT
-6.407025,7.2029624,Macrophage,DVT
-1.1838058,8.776161,Monocyte,DVT
-1.5469075,8.742679,Monocyte,DVT
-0.36018324,-6.4112945,Fibroblast,DVT
2.7932632,-0.2461769,Fibroblast,DVT
-3.5993311,-3.409212,Fibroblast,DVT
-8.86117,-1.5210145,VSMC,DVT
6.099981,12.523848,B_cell,DVT
-2.2029417,-3.836522,Fibroblast,DVT
5.302589,6.012231,Endothelial,DVT
-1.905086,5.6766524,Fibroblast,DVT
-5.747537,-1.3333895,VSMC,DVT
0.9341557,14.047296,Fibroblast,DVT
-2.514265,-5.1325264,Fibroblast,DVT
-1.5838628,-4.499206,Fibroblast,DVT
-7.4724774,12.697342,Neutrophil,DVT
-11.6424465,5.4607606,Fibroblast,DVT
6.3391604,12.025695,B_cell,DVT
1.1207776,-6.421522,Fibroblast,DVT
2.8926466,7.733499,Fibroblast,DVT
-1.0439129,-4.7232943,Fibroblast,DVT
-6.0745463,-1.1566542,VSMC,DVT
-1.6959671,-3.2751265,Fibroblast,DVT
-1.0296477,-6.0518594,Fibroblast,DVT
-0.3318746,-2.9961061,Fibroblast,DVT
-6.15713,-0.9163813,VSMC,DVT
-5.89038,7.397223,Macrophage,DVT
2.1229434,-3.374724,Fibroblast,DVT
-8.214791,-0.7041606,VSMC,DVT
0.28859702,-6.8439097,Fibroblast,DVT
-1.8016845,9.592027,Monocyte,DVT
5.922519,6.0844345,Endothelial,DVT
2.9794133,16.406141,Fibroblast,DVT
-2.4670024,8.598055,Monocyte,DVT
6.2550597,12.089331,B_cell,DVT
-3.7996464,-4.549473,Fibroblast,DVT
-1.2821753,-3.598145,Fibroblast,DVT
0.2963972,-4.4517255,Fibroblast,DVT
2.6511376,16.391459,Fibroblast,DVT
0.21465491,15.735693,Fibroblast,DVT
1.4248755,-3.056753,Fibroblast,DVT
-2.082732,-4.4870195,Fibroblast,DVT
-5.461981,6.093836,Fibroblast,DVT
-4.8962126,6.5394173,Fibroblast,DVT
3.426516,0.013147284,Fibroblast,DVT
-1.0063305,8.900233,Monocyte,DVT
-0.9660696,-2.4878273,Fibroblast,DVT
0.508211,-6.5651717,Fibroblast,DVT
1.0893923,-4.780169,Fibroblast,DVT
2.5214846,0.33621627,Fibroblast,DVT
5.8943005,12.87631,B_cell,DVT
6.285166,1.3100749,Fibroblast,DVT
-3.393725,-2.836967,Fibroblast,DVT
0.014806586,-4.7878437,Fibroblast,DVT
1.7365673,-0.507284,Fibroblast,DVT
1.5592631,-4.2040005,Fibroblast,DVT
-6.447481,11.475462,Neutrophil,DVT
-2.010205,15.198282,Fibroblast,DVT
0.16557011,-4.4261312,Fibroblast,DVT
-3.8840954,-4.122506,Fibroblast,DVT
-4.4732175,6.9368815,Macrophage,DVT
2.3138328,-4.1793666,Fibroblast,DVT
-3.28032,8.608411,Monocyte,DVT
1.9346519,6.900761,B_cell,DVT
4.3250766,5.543361,Endothelial,DVT
1.8607911,13.263308,Fibroblast,DVT
-1.8104733,-5.123336,Fibroblast,DVT
-3.5720909,10.081392,Monocyte,DVT
6.623988,0.49542108,Endothelial,DVT
1.6815128,-5.896198,Fibroblast,DVT
-4.7314677,11.3268175,Neutrophil,DVT
-0.69534415,-6.0353546,Fibroblast,DVT
-4.2637415,-1.2287052,Fibroblast,DVT
-1.3069917,-4.9830875,Fibroblast,DVT
-0.14877295,-4.1609783,Fibroblast,DVT
-7.2968683,-1.0805684,VSMC,DVT
3.3567576,0.08590061,Fibroblast,DVT
-2.6195202,-1.6278849,Fibroblast,DVT
5.0543947,6.0023212,Endothelial,DVT
-1.509222,-6.2892084,Fibroblast,DVT
4.449561,3.0738328,Endothelial,DVT
-1.178272,-0.32423237,Fibroblast,DVT
-3.2436447,-3.8175151,Fibroblast,DVT
-1.969577,-3.5448153,Fibroblast,DVT
5.158526,6.069127,Endothelial,DVT
-11.003058,5.537903,Fibroblast,DVT
-0.9277145,-6.129263,Fibroblast,DVT
-1.4085444,8.930362,Monocyte,DVT
-2.3314116,-2.2195332,Fibroblast,DVT
-3.4767504,-3.1355488,Fibroblast,DVT
-5.541276,7.147619,Macrophage,DVT
-6.5505395,0.6114275,VSMC,DVT
-6.1746616,8.198836,Macrophage,DVT
2.7669444,0.1760084,Fibroblast,DVT
5.1271253,5.932163,Endothelial,DVT
1.1886789,14.743785,Fibroblast,DVT
1.2028434,15.645072,Fibroblast,DVT
-2.193912,8.349288,Monocyte,DVT
5.968122,2.4606888,Endothelial,DVT
-8.08049,-0.7495793,VSMC,DVT
-8.090238,-1.6768328,VSMC,DVT
2.1394339,12.691058,Fibroblast,DVT
-3.9398084,-1.5748836,Fibroblast,DVT
3.957132,0.46021783,Fibroblast,DVT
0.8728078,-4.630079,Fibroblast,DVT
-6.298894,12.930681,Neutrophil,DVT
1.9922545,-3.826506,Fibroblast,DVT
2.6767268,4.70345,Endothelial,DVT
-0.7733004,-2.2757323,Fibroblast,DVT
-5.919113,6.631108,Macrophage,DVT
-5.825669,7.6910276,Macrophage,DVT
1.1048452,16.076185,Fibroblast,DVT
-0.91203696,-4.349551,Fibroblast,DVT
-0.47446302,-4.2548704,Fibroblast,DVT
1.8736743,6.833904,B_cell,DVT
-5.0862226,11.460778,Neutrophil,DVT
-4.075904,8.583206,Monocyte,DVT
-2.144583,-6.205723,Fibroblast,DVT
-0.11393762,-3.409091,Fibroblast,DVT
-1.4566882,6.6415377,Fibroblast,DVT
-2.6540773,-5.2473707,Fibroblast,DVT
-2.6384947,-2.8464792,Fibroblast,DVT
-0.78869236,-3.4838996,Fibroblast,DVT
-2.617783,-2.855627,Fibroblast,DVT
-0.23371781,-7.201032,Fibroblast,DVT
-2.1001728,15.378368,Fibroblast,DVT
-1.932416,14.734566,Fibroblast,DVT
-1.6023681,15.652843,Fibroblast,DVT
-7.5192695,0.9247752,VSMC,DVT
3.9124076,-4.437312,Fibroblast,DVT
0.8850794,16.149736,Fibroblast,DVT
-0.83808607,-3.1408377,Fibroblast,DVT
5.937924,10.940462,B_cell,DVT
-5.506253,5.944593,Fibroblast,DVT
-3.6215417,6.719566,Macrophage,DVT
2.8691826,0.42332178,Fibroblast,DVT
-1.9683427,-2.4703748,Fibroblast,DVT
1.326561,-4.2702,Fibroblast,DVT
0.32957718,-2.7075646,Fibroblast,DVT
0.8358323,-2.9221115,Fibroblast,DVT
-3.6068687,-3.5347168,Fibroblast,DVT
7.7731075,4.029051,Endothelial,DVT
-0.80736446,9.513528,Monocyte,DVT
2.0074265,-4.47573,Fibroblast,DVT
0.53440017,14.501703,Fibroblast,DVT
2.6813226,0.2978557,Fibroblast,DVT
-1.1516575,-5.733553,Fibroblast,DVT
-3.1845274,-4.509818,Fibroblast,DVT
-6.720788,1.1569932,VSMC,DVT
-2.657274,-0.70690256,Fibroblast,DVT
-1.7210348,-5.0073953,Fibroblast,DVT
2.6370945,0.47069976,Fibroblast,DVT
-0.29762882,12.458818,Fibroblast,DVT
-1.8557538,6.403177,Fibroblast,DVT
-2.5381777,-3.234399,Fibroblast,DVT
7.205683,5.409354,Endothelial,DVT
3.3377354,0.062453084,Fibroblast,DVT
-2.353925,-4.3594255,Fibroblast,DVT
3.093982,-0.5129614,Fibroblast,DVT
0.5305913,-3.6625752,Fibroblast,DVT
7.538909,6.151234,Endothelial,DVT
7.291362,5.299074,Endothelial,DVT
-3.0518787,-3.6437595,Fibroblast,DVT
-4.7903686,6.123672,Fibroblast,DVT
-3.3082626,-2.9868643,Fibroblast,DVT
1.2246006,-3.9274132,Fibroblast,DVT
2.572366,8.424333,Fibroblast,DVT
6.159432,12.275977,B_cell,DVT
1.9296756,-4.1816416,Fibroblast,DVT
-2.802883,-4.972851,Fibroblast,DVT
-0.9825695,15.671307,Fibroblast,DVT
-1.5736852,-4.4011807,Fibroblast,DVT
-5.1404266,11.313845,Neutrophil,DVT
-6.8756986,-0.939942,VSMC,DVT
-5.447736,8.45394,Macrophage,DVT
1.0757498,-3.3953872,Fibroblast,DVT
-4.6947637,10.117518,Macrophage,DVT
-3.8288362,-2.492277,Fibroblast,DVT
-0.64186186,-3.4629579,Fibroblast,DVT
-3.3672376,10.195147,Monocyte,DVT
1.2565771,14.08171,Fibroblast,DVT
-1.5871199,-2.4917352,Fibroblast,DVT
0.07302758,-6.2613206,Fibroblast,DVT
-3.8623664,6.456592,Fibroblast,DVT
-1.1721951,15.011278,Fibroblast,DVT
-1.9653653,-2.7581573,Fibroblast,DVT
2.8963606,4.4522386,Endothelial,DVT
-1.3457547,-3.6165736,Fibroblast,DVT
-8.629437,-1.1017885,VSMC,DVT
-2.450367,-5.369802,Fibroblast,DVT
-1.6139718,12.713537,Fibroblast,DVT
-2.0432854,7.9770865,Monocyte,DVT
-4.461048,12.537747,Neutrophil,DVT
-11.463408,5.806118,Fibroblast,DVT
3.4739199,-0.2938649,Fibroblast,DVT
-0.37413752,-2.22127,Fibroblast,DVT
2.0920844,4.808869,Endothelial,DVT
-1.6549718,-3.306827,Fibroblast,DVT
6.76672,5.8488145,Endothelial,DVT
0.11935414,2.5887246,Endothelial,DVT
-2.6054566,-5.245787,Fibroblast,DVT
-0.8268653,-4.6254635,Fibroblast,DVT
-2.461797,-6.104037,Fibroblast,DVT
-1.3674263,-2.305322,Fibroblast,DVT
-0.16419598,2.7248535,Endothelial,DVT
2.9180088,4.6721487,Endothelial,DVT
-6.1106806,12.6431265,Neutrophil,DVT
9.42323,12.406368,Fibroblast,DVT
-5.4128084,11.971779,Neutrophil,DVT
-1.9603657,14.564187,Fibroblast,DVT
-1.2792636,-5.1150384,Fibroblast,DVT
1.4120135,-4.578789,Fibroblast,DVT
-3.2533343,-5.339482,Fibroblast,DVT
-6.764636,-1.7589335,VSMC,DVT
2.6577876,0.52797157,Fibroblast,DVT
-1.4411497,-5.194717,Fibroblast,DVT
-0.86417866,7.9313064,Monocyte,DVT
0.7049335,-3.6101904,Fibroblast,DVT
-2.9464521,-3.9921894,Fibroblast,DVT
6.4930034,6.166076,Endothelial,DVT
-10.227589,5.4661465,Fibroblast,DVT
-5.587827,-0.7622021,VSMC,DVT
7.3772087,5.9051104,Endothelial,DVT
3.1579716,4.395868,Endothelial,DVT
0.24497427,-4.2245164,Fibroblast,DVT
-7.544477,12.073764,Neutrophil,DVT
3.0808034,-3.959547,Fibroblast,DVT
1.2423571,14.161134,Fibroblast,DVT
-1.7832905,7.426634,Fibroblast,DVT
0.87050354,-4.4904985,Fibroblast,DVT
0.099205606,-8.97198,Fibroblast,DVT
1.1019968,13.858278,Fibroblast,DVT
-2.0105264,8.211177,Monocyte,DVT
-4.8910513,6.3998766,Fibroblast,DVT
-8.564153,-1.1381515,VSMC,DVT
-6.7093334,1.3815153,VSMC,DVT
-1.9819064,15.307634,Fibroblast,DVT
0.22062728,15.046015,Fibroblast,DVT
0.9002905,-3.795292,Fibroblast,DVT
-7.817536,-1.5917796,VSMC,DVT
-0.18014766,8.167248,Monocyte,DVT
-6.548312,11.813205,Neutrophil,DVT
-1.4204998,-1.977191,Fibroblast,DVT
-1.3740782,0.12672453,Fibroblast,DVT
-7.1433234,12.40613,Neutrophil,DVT
-2.2207732,-4.135214,Fibroblast,DVT
-3.600376,-2.6674995,Fibroblast,DVT
0.096443586,-4.2058105,Fibroblast,DVT
-1.2181374,-4.3366323,Fibroblast,DVT
-4.8363833,8.219123,Macrophage,DVT
-2.1820972,-4.029209,Fibroblast,DVT
-8.574809,-1.0290854,VSMC,DVT
-1.5603094,13.875837,Fibroblast,DVT
-2.7892394,-3.482624,Fibroblast,DVT
-1.799012,-3.179671,Fibroblast,DVT
-3.205059,6.0786924,Fibroblast,DVT
-6.278614,6.4537897,Macrophage,DVT
-1.5787569,-5.4525867,Fibroblast,DVT
-5.4204335,-0.54924756,VSMC,DVT
5.339232,11.922146,B_cell,DVT
-1.1450293,-6.1217165,Fibroblast,DVT
7.0864096,5.474614,Endothelial,DVT
6.168063,5.8541083,Endothelial,DVT
-6.4752626,12.514469,Neutrophil,DVT
-1.6547071,14.682269,Fibroblast,DVT
-3.637494,10.363918,Monocyte,DVT
-7.6083336,-1.4744806,VSMC,DVT
-0.43785676,-4.8892055,Fibroblast,DVT
3.9526398,20.670769,Fibroblast,DVT
-10.908585,5.474104,Fibroblast,DVT
2.2209408,0.054074463,Fibroblast,DVT
-2.8932989,-2.0831761,Fibroblast,DVT
5.892314,12.612541,B_cell,DVT
-3.9898913,-3.569232,Fibroblast,DVT
-3.8174443,-1.4996778,Fibroblast,DVT
-2.814857,-0.9689736,Fibroblast,DVT
6.2742095,11.562466,B_cell,DVT
-6.1648555,12.689425,Neutrophil,DVT
-2.783493,-2.44712,Fibroblast,DVT
-1.9918702,-5.3430934,Fibroblast,DVT
7.2244096,5.043181,Endothelial,DVT
0.37972775,13.382761,Fibroblast,DVT
-3.928612,-4.4103703,Fibroblast,DVT
-7.4236546,12.725683,Neutrophil,DVT
-3.917168,6.0614862,Fibroblast,DVT
-1.788152,9.668183,Monocyte,DVT
6.197942,1.2991227,Fibroblast,DVT
-5.530635,7.8585424,Macrophage,DVT
-6.694203,13.22398,Neutrophil,DVT
0.57486635,-3.530119,Fibroblast,DVT
0.50341696,14.161564,Fibroblast,DVT
-2.5366228,-3.1219654,Fibroblast,DVT
3.2483442,-3.8496158,Fibroblast,DVT
-3.370287,-5.183923,Fibroblast,DVT
-3.8535302,-2.5862598,Fibroblast,DVT
0.35675347,-2.689437,Fibroblast,DVT
0.1865888,-4.9986854,Fibroblast,DVT
-3.7934482,7.232247,Macrophage,DVT
-11.429544,5.1333585,Fibroblast,DVT
-0.014274694,-3.0622644,Fibroblast,DVT
1.2110547,12.275099,Fibroblast,DVT
0.22629762,-4.0921483,Fibroblast,DVT
-0.7926595,-6.252902,Fibroblast,DVT
-3.5346332,10.297314,Monocyte,DVT
-0.606268,-5.153525,Fibroblast,DVT
3.4373991,4.5206037,Endothelial,DVT
-1.4205482,-2.5002077,Fibroblast,DVT
1.075103,-3.027696,Fibroblast,DVT
-3.1834993,9.712475,Monocyte,DVT
-6.861476,-1.4326386,VSMC,DVT
-5.7458572,5.659561,Fibroblast,DVT
2.111574,4.88503,Endothelial,DVT
-1.6858594,-2.3760595,Fibroblast,DVT
-2.472385,-5.71186,Fibroblast,DVT
-3.36497,6.2112937,Fibroblast,DVT
1.8745021,4.7270384,Endothelial,DVT
-0.6284455,2.9874868,Endothelial,DVT
1.2460642,16.071096,Fibroblast,DVT
-7.3991613,12.753897,Neutrophil,DVT
-2.394295,-3.1911564,Fibroblast,DVT
2.9097323,7.5964313,Fibroblast,DVT
-2.7079628,-2.6582208,Fibroblast,DVT
-4.2968273,12.4878,Neutrophil,DVT
-11.72848,5.751147,Fibroblast,DVT
-4.498104,6.288918,Fibroblast,DVT
-6.935988,1.2991456,VSMC,DVT
-3.7413464,-4.397681,Fibroblast,DVT
-2.3908808,-5.4960647,Fibroblast,DVT
-0.7728079,-5.0568876,Fibroblast,DVT
4.7013335,2.8802269,Endothelial,DVT
-6.371798,-1.2991163,VSMC,DVT
-3.3209274,6.840452,Fibroblast,DVT
0.7136543,14.110299,Fibroblast,DVT
-4.171077,6.784597,Fibroblast,DVT
-0.8008045,15.809035,Fibroblast,DVT
-2.065586,-2.0917113,Fibroblast,DVT
1.7408662,16.209631,Fibroblast,DVT
-0.8009999,3.0758162,Endothelial,DVT
3.365765,0.26040608,Fibroblast,DVT
-8.62753,-1.3079495,VSMC,DVT
-3.0219367,-3.8903863,Fibroblast,DVT
5.2106547,4.019276,Endothelial,DVT
-10.287876,5.0598497,Fibroblast,DVT
-0.4531608,-4.3452635,Fibroblast,DVT
2.6065168,4.430527,Endothelial,DVT
0.6944443,-3.7748353,Fibroblast,DVT
0.33251762,-4.983541,Fibroblast,DVT
-6.1992626,1.4726214,VSMC,DVT
-0.20449226,-4.851754,Fibroblast,DVT
-3.491694,-2.797578,Fibroblast,DVT
-5.870185,8.35008,Macrophage,DVT
5.7593584,5.836589,Endothelial,DVT
6.696834,4.9172273,Endothelial,DVT
1.1015139,14.550336,Fibroblast,DVT
-1.7997736,15.437363,Fibroblast,DVT
1.1957607,15.824554,Fibroblast,DVT
-5.989041,6.517213,Macrophage,DVT
0.53808355,-4.6226172,Fibroblast,DVT
-6.6386485,1.4156176,VSMC,DVT
-3.7921333,9.465263,Monocyte,DVT
-5.8040624,8.260595,Macrophage,DVT
0.60515743,-3.6936529,Fibroblast,DVT
7.4728374,2.4934852,Endothelial,DVT
1.2954293,-2.6988919,Fibroblast,DVT
1.8003706,0.10761227,Fibroblast,DVT
-2.9616063,4.890176,Fibroblast,DVT
1.928293,4.873761,Endothelial,DVT
-8.355188,-1.4004664,VSMC,DVT
0.7715657,14.1715355,Fibroblast,DVT
-0.025436746,-1.8114581,Fibroblast,DVT
-5.6296325,12.440564,Neutrophil,DVT
-0.33318573,-3.0733519,Fibroblast,DVT
6.1259527,12.6684265,B_cell,DVT
-1.472079,15.699872,Fibroblast,DVT
-3.596431,5.7924237,Fibroblast,DVT
0.71314967,-3.2298455,Fibroblast,DVT
2.2645748,8.857527,Fibroblast,DVT
2.3808703,4.3178005,Endothelial,DVT
-4.075768,8.566769,Monocyte,DVT
-1.5311959,12.791812,Fibroblast,DVT
-11.14854,5.28967,Fibroblast,DVT
-3.1636605,-4.6140122,Fibroblast,DVT
0.40245667,2.5013402,Endothelial,DVT
2.4889884,-3.6564445,Fibroblast,DVT
-0.8062874,8.522676,Monocyte,DVT
-2.2854855,6.54221,Fibroblast,DVT
-3.3309093,6.159061,Fibroblast,DVT
0.7315011,-3.9327059,Fibroblast,DVT
-2.624679,-0.97865415,Fibroblast,DVT
6.311035,11.700494,B_cell,DVT
-3.677973,9.951507,Monocyte,DVT
3.8467505,-4.2898636,Fibroblast,DVT
-3.3703816,8.833785,Monocyte,DVT
1.5126657,15.936748,Fibroblast,DVT
-1.0146694,9.190008,Monocyte,DVT
-1.3705361,8.506186,Monocyte,DVT
4.917794,6.1761827,Endothelial,DVT
1.3412287,-2.776943,Fibroblast,DVT
0.7385847,12.7331705,Fibroblast,DVT
-6.0545025,-1.365881,VSMC,DVT
3.62005,20.318811,Fibroblast,DVT
-5.782492,12.461717,Neutrophil,DVT
-2.1196,-1.7173702,Fibroblast,DVT
-0.1541413,-3.231585,Fibroblast,DVT
3.592315,0.35895082,Fibroblast,DVT
-7.1224627,1.281087,VSMC,DVT
0.8241393,-2.5014253,Fibroblast,DVT
-6.678798,0.64837235,VSMC,DVT
5.8311334,10.819448,B_cell,DVT
-0.46184054,-2.5536995,Fibroblast,DVT
0.3316906,15.29533,Fibroblast,DVT
6.9481463,6.207953,Endothelial,DVT
-0.30800104,-4.0164495,Fibroblast,DVT
1.5713643,12.956923,Fibroblast,DVT
-1.6567845,-6.4245424,Fibroblast,DVT
0.085965835,-2.956983,Fibroblast,DVT
-8.522601,-0.9109418,VSMC,DVT
-2.0513687,14.788971,Fibroblast,DVT
3.182627,-4.0589895,Fibroblast,DVT
-1.4815259,-4.5079613,Fibroblast,DVT
-7.8231664,-1.003214,VSMC,DVT
1.1649802,-1.8644328,Fibroblast,DVT
-3.499589,-3.235379,Fibroblast,DVT
-6.4819093,-0.7354459,VSMC,DVT
1.8055836,4.6803513,Endothelial,DVT
-1.4347708,15.082551,Fibroblast,DVT
3.3734703,4.1783934,Endothelial,DVT
-1.4546694,-6.197176,Fibroblast,DVT
-2.5065942,4.9801655,Fibroblast,DVT
2.6027231,-4.602983,Fibroblast,DVT
-3.4422956,-4.3141003,Fibroblast,DVT
0.082876585,-4.7408895,Fibroblast,DVT
-3.2092466,-3.7128432,Fibroblast,DVT
6.040801,12.09795,B_cell,DVT
-0.8611726,-5.6867933,Fibroblast,DVT
-2.2116616,-6.098652,Fibroblast,DVT
-2.8242934,-5.837885,Fibroblast,DVT
1.143818,-2.159114,Fibroblast,DVT
2.3788564,4.51208,Endothelial,DVT
14.249493,7.584591,Fibroblast,DVT
1.4616925,12.039698,Fibroblast,DVT
-7.1584797,0.36006394,VSMC,DVT
-2.0007257,-4.7642674,Fibroblast,DVT
-4.0691733,8.38548,Monocyte,DVT
-7.743925,-0.52377504,VSMC,DVT
0.49807075,-0.9061727,Fibroblast,DVT
-2.5406034,-2.9254158,Fibroblast,DVT
5.651785,5.906195,Endothelial,DVT
1.4114879,11.916811,Fibroblast,DVT
5.2327714,10.213703,B_cell,DVT
5.8516564,12.341215,B_cell,DVT
0.64010227,-3.3099654,Fibroblast,DVT
-3.3767617,6.241456,Fibroblast,DVT
-7.778321,12.345478,Neutrophil,DVT
-3.586161,-1.4693903,Fibroblast,DVT
6.040659,11.812553,B_cell,DVT
7.804528,5.9199514,Endothelial,DVT
-1.9698,-3.35334,Fibroblast,DVT
6.389059,11.903883,B_cell,DVT
-4.2292447,-4.7083335,Fibroblast,DVT
-5.5918226,5.681872,Fibroblast,DVT
1.2708862,-2.8047,Fibroblast,DVT
-7.22584,12.688192,Neutrophil,DVT
-3.2292335,-5.387968,Fibroblast,DVT
-0.9670074,-3.1409802,Fibroblast,DVT
-1.9383217,-4.5695405,Fibroblast,DVT
-3.3171291,-4.278088,Fibroblast,DVT
-0.94887143,-5.0670624,Fibroblast,DVT
-3.0550194,6.5209556,Fibroblast,DVT
-2.5184002,-5.135489,Fibroblast,DVT
5.9712043,11.076315,B_cell,DVT
-5.6028867,8.038454,Macrophage,DVT
-3.5718544,-3.8294585,Fibroblast,DVT
5.6700335,10.978677,B_cell,DVT
3.4733012,5.147974,Endothelial,DVT
-10.818324,4.595151,Fibroblast,DVT
6.070746,5.537788,Endothelial,DVT
3.8112466,4.6724257,Endothelial,DVT
-1.6797017,14.124434,Fibroblast,DVT
-1.2958646,13.732388,Fibroblast,DVT
3.1893773,0.28096205,Fibroblast,DVT
-5.3881,-0.5346784,Fibroblast,DVT
3.9526458,20.670984,Fibroblast,DVT
2.9913645,-0.7187587,Fibroblast,DVT
-0.21645252,15.378492,Fibroblast,DVT
-3.2741058,-2.4230056,Fibroblast,DVT
-5.712744,12.280839,Neutrophil,DVT
-3.9993503,6.6231027,Fibroblast,DVT
-5.5355563,6.362106,Fibroblast,DVT
-2.9028382,9.097645,Monocyte,DVT
-0.103775956,-5.2744107,Fibroblast,DVT
8.762837,4.4861927,Endothelial,DVT
0.56153345,-4.211175,Fibroblast,DVT
0.2488755,-4.8678703,Fibroblast,DVT
2.7319744,-3.4495916,Fibroblast,DVT
-1.626271,-5.495581,Fibroblast,DVT
3.474466,0.1862479,Fibroblast,DVT
-2.6261146,-1.2264028,Fibroblast,DVT
1.5119692,-4.61479,Fibroblast,DVT
0.9028542,-2.2447486,Fibroblast,DVT
0.9294367,-4.4130616,Fibroblast,DVT
-0.57839304,-5.19572,Fibroblast,DVT
-5.5253353,8.211888,Macrophage,DVT
6.093697,11.365878,B_cell,DVT
-3.8706088,8.440877,Monocyte,DVT
-2.1987362,-6.25673,Fibroblast,DVT
2.5607543,-0.18645129,Fibroblast,DVT
7.818394,6.237588,Endothelial,DVT
3.0347323,0.11285934,Fibroblast,DVT
5.682566,11.415403,B_cell,DVT
0.9868574,12.029662,Fibroblast,DVT
-2.8660407,4.7585425,Fibroblast,DVT
-8.343168,-1.2775645,VSMC,DVT
1.1381247,15.249187,Fibroblast,DVT
-1.8519886,-2.8425438,Fibroblast,DVT
-1.9520309,6.350727,Fibroblast,DVT
-6.2945423,-0.73848516,VSMC,DVT
-3.5545256,-4.92865,Fibroblast,DVT
-0.24560027,3.1153631,Endothelial,DVT
1.4385478,-4.7838135,Fibroblast,DVT
-3.3656883,10.136948,Monocyte,DVT
-4.77112,7.2139363,Macrophage,DVT
6.3900065,12.215593,B_cell,DVT
5.0983367,5.899228,Endothelial,DVT
4.7257605,5.9202533,Endothelial,DVT
7.384113,5.5372367,Endothelial,DVT
0.65426356,-2.6214354,Fibroblast,DVT
4.4350276,5.511595,Endothelial,DVT
-5.156089,8.222258,Macrophage,DVT
-2.5193613,-2.64306,Fibroblast,DVT
-3.4658582,9.914452,Monocyte,DVT
-0.29492837,-4.116773,Fibroblast,DVT
-0.8162834,-5.462662,Fibroblast,DVT
-2.473326,-2.397419,Fibroblast,DVT
-8.97675,-1.373414,VSMC,DVT
2.441017,8.629367,Fibroblast,DVT
1.2242172,13.423998,Fibroblast,DVT
-1.9938513,-5.0606813,Fibroblast,DVT
3.119469,0.304346,Fibroblast,DVT
-2.7790346,-4.249659,Fibroblast,DVT
7.6173487,6.245224,Endothelial,DVT
4.286692,4.837915,Endothelial,DVT
-3.0661983,-2.7820463,Fibroblast,DVT
4.6941633,4.9539785,Endothelial,DVT
1.4709204,-1.9296366,Fibroblast,DVT
-5.9574957,5.4044533,Fibroblast,DVT
3.8567483,4.508314,Endothelial,DVT
3.2317798,-0.26769173,Fibroblast,DVT
3.590643,-0.067386955,Fibroblast,DVT
-6.835599,-1.6427895,VSMC,DVT
6.849886,5.5506825,Endothelial,DVT
-2.2233317,8.41547,Monocyte,DVT
1.6232867,13.292844,Fibroblast,DVT
0.42119074,14.010999,Fibroblast,DVT
-11.409258,4.99457,Fibroblast,DVT
-2.0907369,14.479626,Fibroblast,DVT
2.1815386,16.004324,Fibroblast,DVT
1.9160571,6.865688,B_cell,DVT
-1.614411,-3.1642985,Fibroblast,DVT
-1.9746218,5.4882445,Fibroblast,DVT
-1.743891,-4.230555,Fibroblast,DVT
1.2428356,16.129381,Fibroblast,DVT
0.026887637,-6.5017185,Fibroblast,DVT
-5.713101,8.303376,Macrophage,DVT
0.4371959,-2.461521,Fibroblast,DVT
2.315709,-1.0218136,Fibroblast,DVT
2.627629,-0.9914405,Fibroblast,DVT
-2.6723945,-2.2811716,Fibroblast,DVT
3.238177,0.08840822,Fibroblast,DVT
-5.065044,7.6988745,Macrophage,DVT
0.38368294,2.5268853,Endothelial,DVT
5.1957884,5.877915,Endothelial,DVT
-8.13303,-1.4120098,VSMC,DVT
1.0454837,-6.480914,Fibroblast,DVT
-3.285774,-1.9936144,Fibroblast,DVT
3.1404989,4.884253,Endothelial,DVT
6.357972,5.9505377,Endothelial,DVT
2.48518,-3.5935981,Fibroblast,DVT
0.7512726,-0.1864645,Fibroblast,DVT
3.4614694,5.0543094,Endothelial,DVT
-2.0065794,-3.6212711,Fibroblast,DVT
1.2931306,-4.6958213,Fibroblast,DVT
1.5898511,12.783384,Fibroblast,DVT
-5.7207413,8.017149,Macrophage,DVT
1.3086915,-5.86813,Fibroblast,DVT
-2.0377247,15.073979,Fibroblast,DVT
-2.916601,-3.4341583,Fibroblast,DVT
0.8403826,-3.1408184,Fibroblast,DVT
-2.8947816,-1.8217838,Fibroblast,DVT
2.3574636,-4.410042,Fibroblast,DVT
-3.032405,-2.9713335,Fibroblast,DVT
-0.7386621,8.85351,Monocyte,DVT
-1.4556178,-0.24478382,Fibroblast,DVT
-0.24753657,-3.3820436,Fibroblast,DVT
2.413727,-4.4276505,Fibroblast,DVT
-2.0068202,-6.3756323,Fibroblast,DVT
-1.9888247,-4.0172653,Fibroblast,DVT
3.1312768,6.3484387,Fibroblast,DVT
-5.4131365,12.541225,Neutrophil,DVT
-2.3175383,-5.554429,Fibroblast,DVT
2.4887073,15.830843,Fibroblast,DVT
1.2281564,13.926798,Fibroblast,DVT
-0.34375995,-4.1447945,Fibroblast,DVT
-4.533686,12.6280365,Neutrophil,DVT
3.4892304,0.09186712,Fibroblast,DVT
2.1419172,8.966095,Fibroblast,DVT
-2.6407924,-2.9812567,Fibroblast,DVT
0.18660642,-7.1753955,Fibroblast,DVT
-8.063656,-0.89573604,VSMC,DVT
-1.0897542,-4.833667,Fibroblast,DVT
2.3443377,8.867652,Fibroblast,DVT
0.01718679,3.1246438,Endothelial,DVT
0.5238312,-4.540364,Fibroblast,DVT
-7.3351808,-0.84942615,VSMC,DVT
2.3555238,8.734705,Fibroblast,DVT
1.2483166,-2.2583756,Fibroblast,DVT
-6.653986,-1.6940688,VSMC,DVT
1.0905907,-3.811702,Fibroblast,DVT
0.08065418,2.7286148,Endothelial,DVT
2.7412915,8.211179,Fibroblast,DVT
-3.1243267,-4.438719,Fibroblast,DVT
-5.787917,8.215656,Macrophage,DVT
-5.9297066,12.695228,Neutrophil,DVT
3.930815,0.29256254,Fibroblast,DVT
-7.5459785,-1.5100378,VSMC,DVT
-7.316106,-0.883915,VSMC,DVT
-2.1709626,-2.38403,Fibroblast,DVT
1.167133,-2.1183758,Fibroblast,DVT
-5.194849,7.0823965,Macrophage,DVT
-1.689681,12.615744,Fibroblast,DVT
0.7099703,-3.332749,Fibroblast,DVT
-4.35722,12.358025,Neutrophil,DVT
3.0508056,0.19251654,Fibroblast,DVT
-2.8927426,-1.8896251,Fibroblast,DVT
-8.014535,-1.026266,VSMC,DVT
-3.382553,8.816392,Monocyte,DVT
5.8059316,5.552077,Endothelial,DVT
3.7691329,5.0093765,Endothelial,DVT
2.9810445,-0.12767568,Fibroblast,DVT
-1.1200856,-5.6083126,Fibroblast,DVT
4.7462053,5.9763846,Endothelial,DVT
5.989529,11.946048,B_cell,DVT
-5.5685663,7.1244545,Macrophage,DVT
-7.530778,-1.2552059,VSMC,DVT
1.8612533,4.6505947,Endothelial,DVT
-2.416326,-2.7771945,Fibroblast,DVT
7.567217,5.840148,Endothelial,DVT
2.7506635,0.35723945,Fibroblast,DVT
-2.2827945,6.653934,Fibroblast,DVT
-4.6668205,12.477453,Neutrophil,DVT
-0.78189886,3.002852,Endothelial,DVT
-5.251014,6.9981165,Macrophage,DVT
0.3610483,13.079767,Fibroblast,DVT
1.4384712,1.4916166,Fibroblast,DVT
-0.37905985,-4.4026136,Fibroblast,DVT
-0.8148046,9.089595,Monocyte,DVT
-2.6311715,-4.5503635,Fibroblast,DVT
-3.559239,9.855477,Monocyte,DVT
2.5089366,-3.9034977,Fibroblast,DVT
-0.5676066,3.3022642,Endothelial,DVT
-7.157444,-0.99999577,VSMC,DVT
0.20142229,-4.3413153,Fibroblast,DVT
2.099709,16.207434,Fibroblast,DVT
-2.2701252,-2.3160357,Fibroblast,DVT
2.5976746,7.788401,Fibroblast,DVT
-2.686412,-5.024535,Fibroblast,DVT
-5.5164876,-0.64578015,VSMC,DVT
0.29018188,-1.0201238,Fibroblast,DVT
1.6290168,-4.738703,Fibroblast,DVT
-1.9844333,-2.6951952,Fibroblast,DVT
3.3048556,-0.11223056,Fibroblast,DVT
0.6701685,15.5355835,Fibroblast,DVT
-1.1843393,-5.773837,Fibroblast,DVT
-1.0459144,-4.791364,Fibroblast,DVT
4.042127,-4.281855,Fibroblast,DVT
-2.6330998,-3.5262716,Fibroblast,DVT
-3.4555438,10.277448,Monocyte,DVT
-7.5439534,-1.3375621,VSMC,DVT
-2.1514072,8.221798,Monocyte,DVT
2.8011236,4.5331893,Endothelial,DVT
0.6413653,15.00384,Fibroblast,DVT
-0.6209997,-2.917849,Fibroblast,DVT
0.6377708,15.023929,Fibroblast,DVT
0.2709187,-3.1258953,Fibroblast,DVT
-1.4935528,-6.294095,Fibroblast,DVT
-2.5711327,-3.6019275,Fibroblast,DVT
7.5352907,5.4715014,Endothelial,DVT
0.17588888,-2.8552072,Fibroblast,DVT
-3.2019365,-4.008352,Fibroblast,DVT
-5.8621526,7.2005115,Macrophage,DVT
-1.5518824,-4.549928,Fibroblast,DVT
6.2169523,11.869894,B_cell,DVT
2.1269908,-0.13098022,Fibroblast,DVT
-3.4150412,5.74861,Fibroblast,DVT
-4.6955934,8.359988,Macrophage,DVT
-1.5777645,6.7838745,Fibroblast,DVT
4.4090776,-4.2757373,Fibroblast,DVT
-1.0281373,8.724996,Monocyte,DVT
-1.5741055,-5.1487865,Fibroblast,DVT
-2.5789936,-5.192211,Fibroblast,DVT
-0.55424404,8.755874,Monocyte,DVT
-11.758494,5.672874,Fibroblast,DVT
3.771917,20.47638,Fibroblast,DVT
-2.6632516,-1.7898655,Fibroblast,DVT
5.64391,10.585927,B_cell,DVT
-2.1428626,-6.0657015,Fibroblast,DVT
-3.2032204,-3.5332341,Fibroblast,DVT
-6.682498,-1.1514996,VSMC,DVT
-5.488616,11.963261,Neutrophil,DVT
-1.135067,8.683503,Monocyte,DVT
3.0141292,-0.915573,Fibroblast,DVT
-7.2778707,-1.3610821,VSMC,DVT
-8.176396,-0.79995555,VSMC,DVT
-0.8678585,3.4847627,Endothelial,DVT
0.4759779,-2.9281082,Fibroblast,DVT
-7.7404923,-1.3513194,VSMC,DVT
-11.122405,4.8828926,Fibroblast,DVT
-4.3339243,5.9822526,Fibroblast,DVT
2.458309,-0.6696294,Fibroblast,DVT
7.708724,6.133552,Endothelial,DVT
-5.3173265,5.979409,Fibroblast,DVT
4.69041,5.075394,Endothelial,DVT
-4.3598585,8.4007225,Monocyte,DVT
2.658013,0.14583215,Fibroblast,DVT
-1.6909807,15.303962,Fibroblast,DVT
-5.3294926,7.331562,Macrophage,DVT
6.121951,11.908839,B_cell,DVT
-7.1070046,1.2292079,VSMC,DVT
-5.7732306,6.9800324,Macrophage,DVT
-0.122171335,-2.8937635,Fibroblast,DVT
0.5661499,14.355335,Fibroblast,DVT
-0.76918185,-5.774922,Fibroblast,DVT
5.4019895,11.007859,B_cell,DVT
-2.3353674,5.3292327,Fibroblast,DVT
3.8738952,20.58746,Fibroblast,DVT
-1.0386808,-5.7535267,Fibroblast,DVT
-2.2084508,-3.3673153,Fibroblast,DVT
5.570587,11.062854,B_cell,DVT
4.0181413,3.5751173,Endothelial,DVT
2.94457,0.7116613,Fibroblast,DVT
-1.838661,8.744441,Monocyte,DVT
0.07932516,-3.4607017,Fibroblast,DVT
1.8254341,-3.2762702,Fibroblast,DVT
-2.4348018,-2.3186738,Fibroblast,DVT
-0.99278975,14.338657,Fibroblast,DVT
-2.4587567,6.059592,Fibroblast,DVT
-7.175521,0.1565884,VSMC,DVT
-2.4669542,-3.7565432,Fibroblast,DVT
-0.80669,3.2518063,Endothelial,DVT
0.6760787,14.071282,Fibroblast,DVT
4.097942,4.580912,Endothelial,DVT
-3.3410306,10.145729,Monocyte,DVT
4.708717,5.0284495,Endothelial,DVT
-6.264921,0.19080675,VSMC,DVT
-2.1989806,8.203865,Monocyte,DVT
-0.33739674,-2.2152028,Fibroblast,DVT
2.8108795,4.4510365,Endothelial,DVT
7.696397,6.297179,Endothelial,DVT
0.9599704,13.337574,Fibroblast,DVT
-2.2261302,6.6246696,Fibroblast,DVT
5.387628,10.057285,B_cell,DVT
-0.036656104,14.573758,Fibroblast,DVT
3.5281549,4.6087503,Endothelial,DVT
0.75409734,-4.6546288,Fibroblast,DVT
-0.49454352,-5.6003127,Fibroblast,DVT
-8.921773,-1.3751718,VSMC,DVT
-3.5640688,9.537329,Monocyte,DVT
-1.4609413,-3.9230647,Fibroblast,DVT
-0.46576002,14.318171,Fibroblast,DVT
0.79375356,-4.045786,Fibroblast,DVT
-1.0437641,-0.009352281,Fibroblast,DVT
4.7301764,5.4441576,Endothelial,DVT
-7.7183743,-0.70611423,VSMC,DVT
-2.9461842,-2.241675,Fibroblast,DVT
-3.6036685,9.922489,Monocyte,DVT
1.5166277,1.6449172,Fibroblast,DVT
-1.4965813,-3.9037154,Fibroblast,DVT
-6.2045727,7.5883455,Macrophage,DVT
-4.8977494,7.7636094,Macrophage,DVT
-1.9678228,16.0699,Fibroblast,DVT
0.38455307,-3.7285707,Fibroblast,DVT
-5.5384307,11.635902,Neutrophil,DVT
7.1432757,2.19267,Endothelial,DVT
-0.50563437,-2.8148093,Fibroblast,DVT
-3.7283247,7.0417924,Fibroblast,DVT
-2.648217,-5.2548947,Fibroblast,DVT
-5.7830343,-0.77503145,VSMC,DVT
-1.1508569,13.712722,Fibroblast,DVT
-2.2643046,-4.585396,Fibroblast,DVT
0.27587563,-4.542335,Fibroblast,DVT
-1.5519453,-4.7010713,Fibroblast,DVT
-0.24826479,-4.7338157,Fibroblast,DVT
-2.3610063,-2.7781215,Fibroblast,DVT
5.3406134,11.976748,B_cell,DVT
3.3106318,0.020549562,Fibroblast,DVT
5.053979,4.431828,Endothelial,DVT
0.54499936,15.879222,Fibroblast,DVT
-8.353348,-1.2880776,VSMC,DVT
3.7156134,-4.2070127,Fibroblast,DVT
-1.6584044,-4.9182463,Fibroblast,DVT
4.8988,6.0996356,Endothelial,DVT
7.105311,5.9418726,Endothelial,DVT
-4.0551057,-1.6879961,Fibroblast,DVT
0.5007806,-3.637615,Fibroblast,DVT
7.1706967,5.2816553,Endothelial,DVT
0.8512312,16.113672,Fibroblast,DVT
-8.684757,-1.5188209,VSMC,DVT
4.2569847,3.4445927,Endothelial,DVT
-4.708198,5.8446746,Fibroblast,DVT
1.0380785,-4.9208694,Fibroblast,DVT
-5.700482,12.573856,Neutrophil,DVT
-3.6513493,-3.4821033,Fibroblast,DVT
-0.24805331,-5.6846147,Fibroblast,DVT
-2.886973,-2.9974136,Fibroblast,DVT
-5.6887608,11.43771,Neutrophil,DVT
-11.147991,4.567563,Fibroblast,DVT
-4.876669,7.6715155,Macrophage,DVT
-6.231311,1.6478949,VSMC,DVT
-5.72243,7.507588,Macrophage,DVT
-0.4158939,-2.2510228,Fibroblast,DVT
0.64012617,2.5008836,Endothelial,DVT
-4.7926435,4.959968,Fibroblast,DVT
7.9754753,5.2676663,Endothelial,DVT
-2.466013,8.517049,Monocyte,DVT
14.423627,7.647423,Fibroblast,DVT
-0.8182476,-4.9245343,Fibroblast,DVT
-10.749987,5.557493,Fibroblast,DVT
-0.16184342,12.254649,Fibroblast,DVT
6.8288965,5.9314637,Endothelial,DVT
6.111803,12.618603,B_cell,DVT
2.2822497,8.833808,Fibroblast,DVT
-2.3857422,-2.476351,Fibroblast,DVT
-6.81502,-0.41136643,VSMC,DVT
3.6520686,0.10649773,Fibroblast,DVT
-1.8005934,14.683942,Fibroblast,DVT
1.941778,9.17368,Fibroblast,DVT
-4.014136,-1.7600195,Fibroblast,DVT
-5.7146506,7.87612,Macrophage,DVT
-7.7218018,-0.8699611,VSMC,DVT
6.965035,5.7043986,Endothelial,DVT
-3.8038962,8.334406,Monocyte,DVT
-6.864794,1.4130743,VSMC,DVT
5.5417557,5.8061357,Endothelial,DVT
-1.4431493,15.292853,Fibroblast,DVT
-5.2199574,11.433225,Neutrophil,DVT
-3.4384558,-3.2112608,Fibroblast,DVT
-6.265182,-1.2896111,VSMC,DVT
7.4440002,6.4733534,Endothelial,DVT
2.4263718,16.066366,Fibroblast,DVT
-1.3842461,8.758684,Monocyte,DVT
-2.8156416,5.969193,Fibroblast,DVT
2.760636,0.56651956,Fibroblast,DVT
1.0166739,14.120444,Fibroblast,DVT
-4.8623233,12.509042,Neutrophil,DVT
-3.1421976,-3.2539382,Fibroblast,DVT
3.0732117,4.211637,Endothelial,DVT
-5.5873933,12.978835,Neutrophil,DVT
-10.793281,5.6136413,Fibroblast,DVT
3.7098951,2.0516899,Endothelial,DVT
-4.358863,12.32278,Neutrophil,DVT
-11.444871,5.7175393,Fibroblast,DVT
0.66210604,14.010762,Fibroblast,DVT
6.123174,0.7821881,Fibroblast,DVT
-8.125235,-1.6136657,VSMC,DVT
-3.2374463,-1.5744045,Fibroblast,DVT
-2.8835166,-1.3113441,Fibroblast,DVT
-1.3015071,-2.7144089,Fibroblast,DVT
-0.103424855,-4.3866944,Fibroblast,DVT
-2.263833,-3.938054,Fibroblast,DVT
-7.096422,-0.89292365,VSMC,DVT
1.4452178,1.6306278,Fibroblast,DVT
-0.6614732,-5.9730735,Fibroblast,DVT
0.6559861,-6.568593,Fibroblast,DVT
0.8173145,-0.6937051,Fibroblast,DVT
-1.314991,-2.4150767,Fibroblast,DVT
-1.8372946,14.599547,Fibroblast,DVT
-2.443907,-2.0970595,Fibroblast,DVT
7.5830383,6.2574954,Endothelial,DVT
0.5599176,12.996993,Fibroblast,DVT
-2.147464,6.6497035,Fibroblast,DVT
-1.1211829,-5.72413,Fibroblast,DVT
-6.060874,1.3904697,VSMC,DVT
1.8539441,-3.7932963,Fibroblast,DVT
-1.6715568,-5.473506,Fibroblast,DVT
-1.8677557,-5.377611,Fibroblast,DVT
-0.6745889,8.785382,Monocyte,DVT
2.9454184,0.5650585,Fibroblast,DVT
1.0821732,-4.2527676,Fibroblast,DVT
3.4582372,-0.029001355,Fibroblast,DVT
0.828698,-3.677338,Fibroblast,DVT
-0.8441359,-2.1845179,Fibroblast,DVT
-2.8980284,6.217838,Fibroblast,DVT
0.008600496,-4.5664673,Fibroblast,DVT
0.86086833,16.013168,Fibroblast,DVT
-3.620758,-2.1053803,Fibroblast,DVT
-3.339639,6.2172,Fibroblast,DVT
-2.9613807,6.3149333,Fibroblast,DVT
-1.193428,-6.377675,Fibroblast,DVT
-5.938097,11.132215,Neutrophil,DVT
2.4184213,-4.237654,Fibroblast,DVT
2.590301,-0.0732584,Fibroblast,DVT
-0.18208499,-4.1234474,Fibroblast,DVT
-7.7805867,-0.72410095,VSMC,DVT
2.74324,-6.068935,Fibroblast,DVT
1.2249949,0.7232429,Fibroblast,DVT
-1.303652,-3.9495125,Fibroblast,DVT
-1.9940468,-2.4047518,Fibroblast,DVT
-3.3063223,-4.2310367,Fibroblast,DVT
-2.9998813,-5.607725,Fibroblast,DVT
-6.189169,11.877428,Neutrophil,DVT
7.5442224,6.8130913,Endothelial,DVT
-7.719172,-0.9649408,VSMC,DVT
1.1005085,-2.6466227,Fibroblast,DVT
2.2554102,15.948392,Fibroblast,DVT
-5.7006273,8.281078,Macrophage,DVT
-9.71898,3.8285966,Fibroblast,DVT
-0.677293,-2.5608277,Fibroblast,DVT
-7.461736,1.1159526,VSMC,DVT
1.1786703,-1.9451716,Fibroblast,DVT
6.0644255,11.026087,B_cell,DVT
13.818723,7.381611,Fibroblast,DVT
-6.2971687,-1.02151,VSMC,DVT
-3.213609,-4.592136,Fibroblast,DVT
1.074665,14.575674,Fibroblast,DVT
-1.0117693,-4.1898828,Fibroblast,DVT
-3.288255,-1.9423641,Fibroblast,DVT
-0.6662486,-3.2928505,Fibroblast,DVT
-8.266224,-0.9116297,VSMC,DVT
-4.283051,-4.6322803,Fibroblast,DVT
-6.476776,0.0023053063,VSMC,DVT
-3.8306782,7.2521234,Macrophage,DVT
-5.835355,5.3324676,Fibroblast,DVT
0.40028426,-3.1038857,Fibroblast,DVT
-4.0285716,-4.0948844,Fibroblast,DVT
1.5820131,-2.6523387,Fibroblast,DVT
3.337945,-0.053830367,Fibroblast,DVT
0.34810853,-0.9449695,Fibroblast,DVT
1.4547161,-3.7092688,Fibroblast,DVT
-5.1011686,6.5477085,Fibroblast,DVT
2.5053537,-4.700157,Fibroblast,DVT
5.959356,11.333134,B_cell,DVT
3.0615177,-0.3833022,Fibroblast,DVT
2.8207645,0.3804498,Fibroblast,DVT
5.799632,11.524126,B_cell,DVT
-6.0447493,7.4125347,Macrophage,DVT
-3.229665,-3.8124566,Fibroblast,DVT
-1.9737732,15.663618,Fibroblast,DVT
1.0391753,16.006166,Fibroblast,DVT
5.9192977,12.107741,B_cell,DVT
-3.2694132,-1.3300407,Fibroblast,DVT
-2.4669948,8.667954,Monocyte,DVT
-6.1413407,7.1687875,Macrophage,DVT
-2.408357,-2.4124496,Fibroblast,DVT
-2.063176,-4.3252378,Fibroblast,DVT
6.864397,5.1883307,Endothelial,DVT
2.4381764,7.225843,Fibroblast,DVT
-7.479512,-0.8862887,VSMC,DVT
-1.3275976,-6.027387,Fibroblast,DVT
3.1997104,-4.34082,Fibroblast,DVT
5.056311,6.0993986,Endothelial,DVT
-5.543678,6.545798,Fibroblast,DVT
-5.8876023,13.20747,Neutrophil,DVT
0.33738503,-3.382475,Fibroblast,DVT
-5.477797,8.379507,Macrophage,DVT
-7.530001,0.9355243,VSMC,DVT
-6.189407,1.472365,VSMC,DVT
-2.3112297,-5.736686,Fibroblast,DVT
-1.6045548,15.162074,Fibroblast,DVT
-5.644459,7.4580345,Macrophage,DVT
-11.45283,4.3574767,Fibroblast,DVT
3.7748048,-4.261906,Fibroblast,DVT
-0.8257663,3.2118623,Endothelial,DVT
1.3114018,-3.2876067,Fibroblast,DVT
2.768188,4.57472,Endothelial,DVT
3.7325125,4.985361,Endothelial,DVT
-4.705696,7.2035856,Macrophage,DVT
-1.8601958,-4.1023006,Fibroblast,DVT
-11.673799,5.35584,Fibroblast,DVT
-2.6563928,-2.061625,Fibroblast,DVT
-6.424291,0.9148597,VSMC,DVT
-6.0533385,5.8505597,Fibroblast,DVT
-2.8524618,4.815532,Fibroblast,DVT
-3.9821746,-4.4184313,Fibroblast,DVT
-3.8166099,9.204767,Monocyte,DVT
1.3051425,12.949681,Fibroblast,DVT
3.4426813,0.55303425,Fibroblast,DVT
4.674459,5.2720056,Endothelial,DVT
0.9350907,15.523866,Fibroblast,DVT
-2.4909012,4.9695816,Fibroblast,DVT
0.5064536,-3.3949378,Fibroblast,DVT
-1.663849,-3.8948524,Fibroblast,DVT
1.544116,13.158596,Fibroblast,DVT
-7.603544,12.066212,Neutrophil,DVT
-8.272353,-1.6376901,VSMC,DVT
0.6378294,-3.3009098,Fibroblast,DVT
-5.582415,6.026596,Fibroblast,DVT
-5.0057945,6.215504,Fibroblast,DVT
-5.8327813,-0.8898498,VSMC,DVT
-1.9714751,15.722746,Fibroblast,DVT
-1.9101081,15.714834,Fibroblast,DVT
-0.40660626,-5.277571,Fibroblast,DVT
-10.326292,5.101453,Fibroblast,DVT
-6.0429907,5.216172,Fibroblast,DVT
-5.9976206,8.194356,Macrophage,DVT
-3.3592103,10.033002,Monocyte,DVT
0.12638286,-6.4422894,Fibroblast,DVT
-3.8477757,6.8717003,Fibroblast,DVT
-2.4132187,9.12807,Monocyte,DVT
-1.4074887,14.711217,Fibroblast,DVT
6.0298233,11.159836,B_cell,DVT
2.879873,0.06557228,Fibroblast,DVT
-8.471952,-1.4342076,VSMC,DVT
6.004818,11.308087,B_cell,DVT
-0.077996545,-3.2565796,Fibroblast,DVT
-4.3234534,7.8076777,Monocyte,DVT
-0.81407994,9.151787,Monocyte,DVT
-3.4752128,8.786254,Monocyte,DVT
-1.9658602,-1.3900083,Fibroblast,DVT
-6.2051015,8.305558,Macrophage,DVT
-1.0499418,-5.653165,Fibroblast,DVT
6.04778,12.525736,B_cell,DVT
-2.232178,-6.106959,Fibroblast,DVT
1.1813327,14.028039,Fibroblast,DVT
6.2349267,11.71049,B_cell,DVT
-6.400957,12.552317,Neutrophil,DVT
-1.1501399,-0.18522859,Fibroblast,DVT
3.427121,0.09780363,Fibroblast,DVT
4.3822455,5.490132,Endothelial,DVT
1.9983392,7.8252134,Fibroblast,DVT
0.12726068,14.837,Fibroblast,DVT
-1.0233017,-5.374118,Fibroblast,DVT
-6.416989,12.156604,Neutrophil,DVT
2.4609504,-4.3556585,Fibroblast,DVT
2.3703465,-3.7947185,Fibroblast,DVT
-7.641304,-1.450163,VSMC,DVT
-0.34825668,-3.9360535,Fibroblast,DVT
-4.055136,-2.2252324,Fibroblast,DVT
-1.4841015,0.0043881526,Fibroblast,DVT
-1.8150399,8.183137,Monocyte,DVT
6.210224,11.518002,B_cell,DVT
-1.7695482,8.505756,Monocyte,DVT
-4.854491,12.577261,Neutrophil,DVT
-2.1217952,15.156814,Fibroblast,DVT
-3.0609148,-4.3744206,Fibroblast,DVT
3.2843404,4.386543,Endothelial,DVT
-1.8683442,7.746903,Monocyte,DVT
2.5529995,4.622546,Endothelial,DVT
-3.9411347,10.210021,Monocyte,DVT
1.7575619,4.7792506,Endothelial,DVT
0.4453127,13.052759,Fibroblast,DVT
-7.2246594,0.39014292,VSMC,DVT
-1.472178,-4.841396,Fibroblast,DVT
1.111592,-4.4793663,Fibroblast,DVT
0.8563835,-3.3073564,Fibroblast,DVT
-2.1520581,8.335561,Monocyte,DVT
5.9908853,12.233567,B_cell,DVT
-3.4497805,9.904273,Monocyte,DVT
-5.005603,11.634636,Neutrophil,DVT
1.1974747,2.6073945,Endothelial,DVT
-7.6491814,-0.8223273,VSMC,DVT
-4.1686974,6.322789,Fibroblast,DVT
-2.034084,-2.572558,Fibroblast,DVT
-6.3783536,-0.98840284,VSMC,DVT
-8.200088,-1.8088233,VSMC,DVT
-0.38868305,15.543327,Fibroblast,DVT
-5.80308,6.13827,Fibroblast,DVT
-4.6517653,-1.3981984,Fibroblast,DVT
-1.5229845,-2.3064027,Fibroblast,DVT
3.098758,0.19107482,Fibroblast,DVT
1.3925573,-2.250638,Fibroblast,DVT
-6.1086698,12.705234,Neutrophil,DVT
-5.359038,7.699711,Macrophage,DVT
-1.5459411,-4.7687445,Fibroblast,DVT
3.8411112,-4.1434712,Fibroblast,DVT
-4.9865746,7.5371795,Macrophage,DVT
-1.562954,-5.592405,Fibroblast,DVT
-0.2830435,-5.649248,Fibroblast,DVT
-11.582536,0.23786266,Erythrocyte,DVT
-1.6147665,-3.7284143,Fibroblast,DVT
4.6425366,2.6631017,Endothelial,DVT
-5.091786,11.751802,Neutrophil,DVT
-0.82325524,-4.8572245,Fibroblast,DVT
7.961031,6.119785,Endothelial,DVT
-6.20784,1.6040552,VSMC,DVT
-2.6431558,-4.51587,Fibroblast,DVT
-1.0070925,-5.5715475,Fibroblast,DVT
2.6814427,0.35312712,Fibroblast,DVT
-1.7744614,-5.223405,Fibroblast,DVT
-0.7663384,15.936188,Fibroblast,DVT
-0.5200177,-2.0081732,Fibroblast,DVT
-1.1086817,8.465461,Monocyte,DVT
-11.25271,4.8590975,Fibroblast,DVT
3.1818342,-4.0275903,Fibroblast,DVT
1.1349274,16.18194,Fibroblast,DVT
5.924296,5.9147377,Endothelial,DVT
-5.5589375,7.0349364,Macrophage,DVT
2.4281986,-3.6023748,Fibroblast,DVT
1.4260429,11.908701,Fibroblast,DVT
-7.1894126,-0.57306606,VSMC,DVT
-3.466164,9.150739,Monocyte,DVT
-1.3084785,-4.4069176,Fibroblast,DVT
-0.89849585,-4.660131,Fibroblast,DVT
-5.8769875,6.6834474,Macrophage,DVT
-1.8134279,-5.8324475,Fibroblast,DVT
-7.4021993,-0.81865364,VSMC,DVT
-2.2486186,-2.8906157,Fibroblast,DVT
-2.505237,-5.6580667,Fibroblast,DVT
-2.633907,-5.5237846,Fibroblast,DVT
-2.247034,-6.134098,Fibroblast,DVT
6.198994,11.553483,B_cell,DVT
-4.153216,-4.115065,Fibroblast,DVT
0.23601665,-6.8332787,Fibroblast,DVT
-6.8405275,-1.6841458,VSMC,DVT
-7.879813,-1.7337024,VSMC,DVT
-6.1913686,1.6631472,VSMC,DVT
-2.81842,-3.2544665,Fibroblast,DVT
-7.048392,1.3815373,VSMC,DVT
-2.898486,4.7578382,Fibroblast,DVT
0.2743489,14.887962,Fibroblast,DVT
-6.106272,6.6984625,Macrophage,DVT
7.784419,0.07411733,Endothelial,DVT
0.5748464,-6.0757494,Fibroblast,DVT
-1.9035192,-2.4915307,Fibroblast,DVT
-3.5043788,-3.2066453,Fibroblast,DVT
6.1764307,11.175756,B_cell,DVT
-1.8009453,14.871024,Fibroblast,DVT
-10.33441,5.1162844,Fibroblast,DVT
0.71872765,-3.327847,Fibroblast,DVT
0.20426644,-3.680762,Fibroblast,DVT
-6.079171,6.6145563,Macrophage,DVT
-2.125381,-5.593215,Fibroblast,DVT
-7.270875,-0.92807,VSMC,DVT
-7.7551265,12.149059,Neutrophil,DVT
-6.7917686,12.459978,Neutrophil,DVT
0.01534065,-4.02944,Fibroblast,DVT
1.1802107,12.029009,Fibroblast,DVT
-0.7224886,13.840312,Fibroblast,DVT
1.1558492,-2.552897,Fibroblast,DVT
-6.2308946,8.187729,Macrophage,DVT
-8.763416,-1.2622491,VSMC,DVT
-2.1224608,-5.7367945,Fibroblast,DVT
14.690813,7.8761053,Fibroblast,DVT
1.7712767,6.5096493,B_cell,DVT
3.107013,0.5973262,Fibroblast,DVT
-3.7883894,-2.9941442,Fibroblast,DVT
-6.458286,12.151151,Neutrophil,DVT
-2.721146,-0.68512636,Fibroblast,DVT
-2.5770583,-5.340326,Fibroblast,DVT
-2.0834558,-3.8417072,Fibroblast,DVT
-6.086123,-1.3125776,VSMC,DVT
-6.757488,-1.611608,VSMC,DVT
-0.16884951,15.37561,Fibroblast,DVT
5.392526,11.0296335,B_cell,DVT
-2.327225,-1.667896,Fibroblast,DVT
1.7680372,4.7562137,Endothelial,DVT
7.660011,5.6632023,Endothelial,DVT
-5.576117,11.862079,Neutrophil,DVT
0.8623096,-3.8259397,Fibroblast,DVT
-2.4471602,6.476548,Fibroblast,DVT
-7.35678,-0.97518736,VSMC,DVT
-0.38831452,-5.659017,Fibroblast,DVT
0.2438843,-5.9605575,Fibroblast,DVT
-2.8388498,-3.0113025,Fibroblast,DVT
0.4232365,-3.426296,Fibroblast,DVT
1.8204322,13.161897,Fibroblast,DVT
0.5741923,-3.329685,Fibroblast,DVT
-5.372688,11.900011,Neutrophil,DVT
-0.44435012,15.914539,Fibroblast,DVT
1.0058639,-3.8286073,Fibroblast,DVT
-0.7093375,-1.4086534,Fibroblast,DVT
6.051583,11.773604,B_cell,DVT
-6.6650624,12.651323,Neutrophil,DVT
4.684731,5.526012,Endothelial,DVT
-1.8597823,-5.8339763,Fibroblast,DVT
0.8644234,-4.35407,Fibroblast,DVT
0.35301906,-4.357094,Fibroblast,DVT
-3.602736,9.997818,Monocyte,DVT
14.511536,7.713656,Fibroblast,DVT
2.916084,-0.5414251,Fibroblast,DVT
-1.5516081,15.010377,Fibroblast,DVT
-1.5978249,-4.7083197,Fibroblast,DVT
-5.778366,12.370526,Neutrophil,DVT
-5.6580305,6.400054,Fibroblast,DVT
2.8162172,16.2922,Fibroblast,DVT
-6.2215266,12.768087,Neutrophil,DVT
-5.484141,6.561331,Fibroblast,DVT
-11.32749,5.555815,Fibroblast,DVT
-2.968022,-6.0113335,Fibroblast,DVT
-0.31528646,-2.3145041,Fibroblast,DVT
-6.2353964,12.254891,Neutrophil,DVT
-2.9346287,-4.867753,Fibroblast,DVT
6.878726,6.2121396,Endothelial,DVT
-3.1972013,9.441538,Monocyte,DVT
-6.8781123,-1.7578079,VSMC,DVT
-3.093941,-2.2969952,Fibroblast,DVT
5.3997836,10.33171,B_cell,DVT
-1.841828,15.376099,Fibroblast,DVT
-3.0840237,9.332481,Monocyte,DVT
-2.3530824,-5.986318,Fibroblast,DVT
-1.0084122,-3.2337828,Fibroblast,DVT
-6.095881,11.81283,Neutrophil,DVT
-6.0410357,-1.0885935,VSMC,DVT
3.0171485,6.4161434,Fibroblast,DVT
-3.750903,8.7568245,Monocyte,DVT
-2.2611098,-3.871149,Fibroblast,DVT
-1.787298,-4.8727107,Fibroblast,DVT
14.54791,7.758401,Fibroblast,DVT
-0.7031115,-5.1158953,Fibroblast,DVT
-4.846779,8.258305,Macrophage,DVT
-5.802006,7.3922744,Macrophage,DVT
-1.1239753,-4.5476007,Fibroblast,DVT
2.0795012,4.8707404,Endothelial,DVT
-3.9264934,10.226373,Monocyte,DVT
-4.041324,-3.861977,Fibroblast,DVT
6.5059695,0.38576475,Endothelial,DVT
-6.9349236,-0.5004341,VSMC,DVT
-3.807011,-1.657218,Fibroblast,DVT
0.3439577,-0.9856093,Fibroblast,DVT
0.7301732,2.4246862,Endothelial,DVT
3.8815637,20.596392,Fibroblast,DVT
-3.471671,9.232408,Monocyte,DVT
4.3578086,4.4226623,Endothelial,DVT
-1.081704,-4.86042,Fibroblast,DVT
-2.904407,-1.7289474,Fibroblast,DVT
-2.1671815,-2.1330767,Fibroblast,DVT
14.5667715,7.765344,Fibroblast,DVT
-5.7033362,5.8628592,Fibroblast,DVT
0.97626287,0.30646983,Fibroblast,DVT
3.1187227,0.38636255,Fibroblast,DVT
0.5228978,14.270364,Fibroblast,DVT
14.425244,7.6654577,Fibroblast,DVT
-5.8458405,-0.95833564,VSMC,DVT
5.1817975,0.94189745,Fibroblast,DVT
-0.24392423,-5.1944294,Fibroblast,DVT
2.3897185,7.3913493,Fibroblast,DVT
-7.086216,-1.0452542,VSMC,DVT
-3.4490626,-2.936639,Fibroblast,DVT
5.9699087,12.052893,B_cell,DVT
-0.560882,15.181357,Fibroblast,DVT
-6.1675935,1.4222944,VSMC,DVT
-2.7735732,-2.649472,Fibroblast,DVT
-7.783703,-1.6430501,VSMC,DVT
-5.6940384,13.070779,Neutrophil,DVT
-3.4593334,8.73503,Monocyte,DVT
0.8282749,12.07065,Fibroblast,DVT
5.7736015,10.922502,B_cell,DVT
2.2344108,7.0939994,B_cell,DVT
3.233927,4.883911,Endothelial,DVT
-1.3870915,-4.7866325,Fibroblast,DVT
1.6868968,-6.1024528,Fibroblast,DVT
3.030352,4.885089,Endothelial,DVT
-3.4267313,-2.888652,Fibroblast,DVT
2.399363,0.7421913,Fibroblast,DVT
-3.2114568,-2.0201495,Fibroblast,DVT
-0.8821442,-4.62479,Fibroblast,DVT
-3.897944,6.587997,Fibroblast,DVT
6.21478,11.193597,B_cell,DVT
1.001249,-3.9986734,Fibroblast,DVT
-7.0672965,-0.9946703,VSMC,DVT
1.1979182,-8.74512,Fibroblast,DVT
-3.4230528,-1.5972973,Fibroblast,DVT
0.57098794,13.5161,Fibroblast,DVT
-2.5385625,-4.2426853,Fibroblast,DVT
1.2931849,-2.0528767,Fibroblast,DVT
-1.0254439,-0.53557664,Fibroblast,DVT
-1.9489537,-1.885509,Fibroblast,DVT
2.6285555,4.310893,Endothelial,DVT
-7.993608,-0.47559,VSMC,DVT
-3.6428537,-4.6231575,Fibroblast,DVT
-4.3425612,-4.4757257,Fibroblast,DVT
-1.0829899,-3.840936,Fibroblast,DVT
-1.9564176,-5.473207,Fibroblast,DVT
-6.7305064,12.993324,Neutrophil,DVT
-3.454536,-5.016054,Fibroblast,DVT
-3.2926838,9.658132,Monocyte,DVT
-2.1432815,8.203858,Monocyte,DVT
-3.2011626,9.727644,Monocyte,DVT
2.2924747,15.981688,Fibroblast,DVT
-1.7892208,-4.8309793,Fibroblast,DVT
0.59818625,2.7056446,Endothelial,DVT
-3.6880562,8.898093,Monocyte,DVT
0.18555832,-4.748178,Fibroblast,DVT
-2.1770966,-2.1114357,Fibroblast,DVT
-2.9045439,-5.8025117,Fibroblast,DVT
-1.0052851,14.179077,Fibroblast,DVT
-2.9960034,6.0908756,Fibroblast,DVT
-3.9804194,-3.5140076,Fibroblast,DVT
-2.6689017,-2.975351,Fibroblast,DVT
-1.646949,-3.0660574,Fibroblast,DVT
-0.9353223,-3.0457387,Fibroblast,DVT
-3.7513888,-4.898657,Fibroblast,DVT
1.1068971,13.316731,Fibroblast,DVT
-3.7153077,6.351914,Fibroblast,DVT
-0.11330229,15.626009,Fibroblast,DVT
-6.624239,13.163814,Neutrophil,DVT
1.7480758,6.6405544,B_cell,DVT
-2.7045534,-2.6363785,Fibroblast,DVT
-11.522371,5.7222457,Fibroblast,DVT
2.8804624,0.06763219,Fibroblast,DVT
-3.18415,9.747166,Monocyte,DVT
-3.2491815,-4.279692,Fibroblast,DVT
-6.857509,-1.5759012,VSMC,DVT
-3.5198326,-5.007882,Fibroblast,DVT
-1.7742817,-5.6021767,Fibroblast,DVT
-3.17848,8.34685,Fibroblast,DVT
0.4592949,16.015556,Fibroblast,DVT
-2.1547432,-6.0844793,Fibroblast,DVT
0.7202303,15.560797,Fibroblast,DVT
-7.527362,0.78810984,VSMC,DVT
-2.7755895,-4.8532543,Fibroblast,DVT
-3.0312362,-1.7918838,Fibroblast,DVT
-1.6061544,-4.0426517,Fibroblast,DVT
-0.15279256,-6.5297585,Fibroblast,DVT
-6.2168055,12.693191,Neutrophil,DVT
-0.33637503,-3.0981922,Fibroblast,DVT
5.795965,12.05416,B_cell,DVT
14.33995,7.5982637,Fibroblast,DVT
-3.0105443,9.634478,Monocyte,DVT
1.8311135,4.869237,Endothelial,DVT
-0.5014395,-4.863904,Fibroblast,DVT
-2.5206428,-3.3260236,Fibroblast,DVT
6.223921,12.393315,B_cell,DVT
5.807277,1.4291022,Fibroblast,DVT
-2.699826,5.9749136,Fibroblast,DVT
-1.3820181,-4.4461923,Fibroblast,DVT
-2.6463792,-4.7047043,Fibroblast,DVT
-0.31534734,-4.506823,Fibroblast,DVT
-2.1745787,-4.732739,Fibroblast,DVT
-11.618275,5.389544,Fibroblast,DVT
-6.2071652,12.95747,Neutrophil,DVT
-5.421565,11.219028,Neutrophil,DVT
-5.4752197,8.465082,Macrophage,DVT
-5.483244,7.03151,Macrophage,DVT
-8.647811,-1.4083302,VSMC,DVT
0.45648664,13.532914,Fibroblast,DVT
1.6076078,12.908142,Fibroblast,DVT
7.732399,5.9049973,Endothelial,DVT
-2.9708204,8.750877,Monocyte,DVT
-2.0066512,8.15512,Monocyte,DVT
-11.596522,5.792364,Fibroblast,DVT
-3.3549342,-2.8761356,Fibroblast,DVT
-5.787656,5.433476,Fibroblast,DVT
-4.9668217,9.150312,Macrophage,DVT
-7.379703,0.59886885,VSMC,DVT
-0.8922286,-4.5945244,Fibroblast,DVT
-8.343659,-1.7119703,VSMC,DVT
-1.8562706,8.037355,Monocyte,DVT
1.2179362,12.989677,Fibroblast,DVT
-8.636877,-1.8052934,VSMC,DVT
2.7619479,4.396476,Endothelial,DVT
-2.3960307,-5.310766,Fibroblast,DVT
3.086466,0.43169338,Fibroblast,DVT
-1.7650285,-5.568433,Fibroblast,DVT
3.396346,0.6311456,Fibroblast,DVT
3.3694303,0.26092896,Fibroblast,DVT
2.209446,8.900916,Fibroblast,DVT
-1.2263193,12.500195,Fibroblast,DVT
-1.6858854,7.0659246,Fibroblast,DVT
-2.058805,5.432849,Fibroblast,DVT
-4.981172,7.993374,Macrophage,DVT
-2.3051064,-2.6095548,Fibroblast,DVT
-4.0188146,-4.0132,Fibroblast,DVT
3.3892663,5.1447487,Endothelial,DVT
-0.71928513,-1.976805,Fibroblast,DVT
-10.339465,5.5292115,Fibroblast,DVT
-5.0415983,6.38524,Fibroblast,DVT
5.1429806,5.744191,Endothelial,DVT
-3.4321623,5.897379,Fibroblast,DVT
-1.7754322,14.568949,Fibroblast,DVT
-3.2808332,-2.022583,Fibroblast,DVT
-2.1331346,-4.5999336,Fibroblast,DVT
-0.7418857,-3.367979,Fibroblast,DVT
-3.0817478,-3.4384396,Fibroblast,DVT
14.350679,7.6191196,Fibroblast,DVT
3.9552407,20.672848,Fibroblast,DVT
5.5076885,5.1906047,Endothelial,DVT
-4.5085893,12.585703,Neutrophil,DVT
6.421957,12.017443,B_cell,DVT
1.4944589,11.913006,Fibroblast,DVT
7.6388373,5.9724483,Endothelial,DVT
6.1832485,11.149386,B_cell,DVT
3.5760882,0.044593766,Fibroblast,DVT
1.1004994,0.4079538,Fibroblast,DVT
-4.723863,6.3766317,Fibroblast,DVT
6.2394495,11.489013,B_cell,DVT
-6.399333,12.894864,Neutrophil,DVT
6.248664,11.129825,B_cell,DVT
-5.4347043,7.656071,Macrophage,DVT
2.343042,8.821278,Fibroblast,DVT
2.719996,0.5743842,Fibroblast,DVT
-1.3458955,7.519899,Fibroblast,DVT
-5.022065,6.1844525,Fibroblast,DVT
0.507469,15.979417,Fibroblast,DVT
3.1247613,4.5546284,Endothelial,DVT
14.581142,7.7831817,Fibroblast,DVT
-4.1404905,5.0803804,Fibroblast,DVT
-3.6487718,5.9127116,Fibroblast,DVT
-0.9712311,-5.2314963,Fibroblast,DVT
0.78174454,-4.2897635,Fibroblast,DVT
-0.2711767,-4.2737007,Fibroblast,DVT
2.8952572,0.27820083,Fibroblast,DVT
-1.4853735,-1.9419271,Fibroblast,DVT
6.5616765,5.4218826,Endothelial,DVT
-3.3151531,-3.8240523,Fibroblast,DVT
-3.0024157,9.520814,Monocyte,DVT
7.6805267,5.7753716,Endothelial,DVT
-3.5437107,6.03704,Fibroblast,DVT
7.6162033,5.116969,Endothelial,DVT
0.54680794,14.5851965,Fibroblast,DVT
-3.9497616,-4.186787,Fibroblast,DVT
6.151728,12.123763,B_cell,DVT
-2.26931,-3.5376167,Fibroblast,DVT
2.6547434,-3.8730335,Fibroblast,DVT
7.140202,5.689167,Endothelial,DVT
0.2831598,-0.7016221,Fibroblast,DVT
6.6239634,6.1393547,Endothelial,DVT
-0.9987972,6.8137093,Endothelial,DVT
-3.0835574,-1.3858681,Fibroblast,DVT
-0.3490062,-4.0722775,Fibroblast,DVT
5.641747,11.931869,B_cell,DVT
-5.132903,5.7939825,Fibroblast,DVT
-2.8427956,-4.7676563,Fibroblast,DVT
2.5941298,2.3594446,Endothelial,DVT
5.8806467,11.595177,B_cell,DVT
-2.1167557,-2.8240514,Fibroblast,DVT
-2.540711,-1.6455841,Fibroblast,DVT
-5.660511,5.5804863,Fibroblast,DVT
-7.2454386,1.0251652,VSMC,DVT
-4.95834,7.61181,Macrophage,DVT
7.4350367,1.3676641,Endothelial,DVT
0.38213825,13.919408,Fibroblast,DVT
1.0997292,-2.5617352,Fibroblast,DVT
-6.763107,1.0381341,VSMC,DVT
-0.64626825,-2.1438925,Fibroblast,DVT
-1.1086541,-2.9497244,Fibroblast,DVT
3.5609527,-3.896023,Fibroblast,DVT
-1.2395084,-5.0043283,Fibroblast,DVT
3.9251313,-4.22854,Fibroblast,DVT
2.2894325,-4.261341,Fibroblast,DVT
-4.0150905,9.392111,Monocyte,DVT
2.682297,0.6841345,Fibroblast,DVT
-4.564002,11.856281,Neutrophil,DVT
-6.0771117,6.9808807,Macrophage,DVT
4.511132,-4.255765,Fibroblast,DVT
-2.838861,-4.354597,Fibroblast,DVT
3.5500348,-3.7804236,Fibroblast,DVT
5.5749793,10.735969,B_cell,DVT
-2.7581193,-5.2998533,Fibroblast,DVT
1.8402097,4.650262,Endothelial,DVT
-0.33986047,3.0680416,Endothelial,DVT
0.3814362,13.308839,Fibroblast,DVT
-4.555103,7.808647,Macrophage,DVT
-3.2121317,-2.9336088,Fibroblast,DVT
1.5637392,12.74631,Fibroblast,DVT
4.5724587,-4.7342005,Fibroblast,DVT
-5.152527,11.617747,Neutrophil,DVT
-0.39575538,-4.494594,Fibroblast,DVT
0.60861516,-9.521698,Fibroblast,DVT
-2.111903,-4.1283283,Fibroblast,DVT
-1.5126003,-3.6998868,Fibroblast,DVT
-2.8272476,-1.6689472,Fibroblast,DVT
-0.8945524,-5.9612226,Fibroblast,DVT
-1.7815877,14.560102,Fibroblast,DVT
-0.15656078,3.0954266,Endothelial,DVT
0.0537144,-3.1857674,Fibroblast,DVT
-5.9442925,12.988794,Neutrophil,DVT
-3.24547,-4.783099,Fibroblast,DVT
-1.9816756,14.809727,Fibroblast,DVT
-1.1139016,-6.369968,Fibroblast,DVT
7.4531507,6.01242,Endothelial,DVT
-3.0462904,6.694676,Fibroblast,DVT
-7.4524117,-1.2159039,VSMC,DVT
-1.7249159,-4.9016967,Fibroblast,DVT
0.86071455,-2.7095456,Fibroblast,DVT
3.0862935,0.62416,Fibroblast,DVT
-2.6212137,6.7646646,Fibroblast,DVT
-1.3274486,-3.655521,Fibroblast,DVT
4.4887037,0.5226176,Fibroblast,DVT
-7.2449565,-1.3395344,VSMC,DVT
4.810422,5.630879,Endothelial,DVT
3.8838146,0.4474361,Fibroblast,DVT
2.0278673,7.8343325,Fibroblast,DVT
-1.3462844,-4.559878,Fibroblast,DVT
-1.3713492,8.657993,Monocyte,DVT
-0.5109495,3.0638251,Endothelial,DVT
0.97170836,-4.007181,Fibroblast,DVT
2.139912,8.709512,Fibroblast,DVT
7.77898,5.662378,Endothelial,DVT
-7.8836255,-0.46506876,VSMC,DVT
-0.48955488,-3.3673518,Fibroblast,DVT
5.6624403,11.415938,B_cell,DVT
-1.927277,14.499579,Fibroblast,DVT
-3.4982145,9.493228,Monocyte,DVT
-0.3449987,15.575769,Fibroblast,DVT
-0.49311185,-4.261474,Fibroblast,DVT
-10.674794,5.5987587,Fibroblast,DVT
-8.66705,-1.0601262,VSMC,DVT
3.1859944,-0.347138,Fibroblast,DVT
-2.029667,8.149421,Monocyte,DVT
-1.7109541,-2.2051318,Fibroblast,DVT
2.0983517,9.031136,Fibroblast,DVT
-2.028037,14.817752,Fibroblast,DVT
-1.9967872,15.06146,Fibroblast,DVT
-2.978502,-4.8588777,Fibroblast,DVT
-2.0234911,6.2487025,Fibroblast,DVT
2.5134985,0.053266633,Fibroblast,DVT
-3.0914836,5.8318458,Fibroblast,DVT
-0.8351258,-5.8425364,Fibroblast,DVT
3.0624235,0.16025196,Fibroblast,DVT
3.8813267,20.59534,Fibroblast,DVT
5.081819,5.9274035,Endothelial,DVT
-7.463266,0.75867534,VSMC,DVT
5.2518315,5.230649,Endothelial,DVT
7.5989246,2.069879,Endothelial,DVT
-5.0642104,6.8763785,Macrophage,DVT
-2.1175044,-5.25677,Fibroblast,DVT
-1.1572572,14.563918,Fibroblast,DVT
-1.0147719,-4.7480006,Fibroblast,DVT
-2.1930726,5.623807,Fibroblast,DVT
-11.5878105,5.162293,Fibroblast,DVT
-1.8849539,8.478192,Monocyte,DVT
-6.1866407,8.118586,Macrophage,DVT
-5.2685056,8.403628,Macrophage,DVT
0.98270255,12.208321,Fibroblast,DVT
-2.2273672,-4.6639853,Fibroblast,DVT
-0.7259339,9.18612,Monocyte,DVT
2.2276266,0.9566114,Fibroblast,DVT
0.4221137,-4.1660285,Fibroblast,DVT
-5.237529,-0.6655169,Fibroblast,DVT
0.5137683,-4.4580636,Fibroblast,DVT
-2.1117806,7.2523694,Fibroblast,DVT
6.2610183,11.769833,B_cell,DVT
0.9365007,15.337964,Fibroblast,DVT
-3.3937194,-1.8572881,Fibroblast,DVT
-2.2135797,6.625521,Fibroblast,DVT
-8.943416,-1.3768518,VSMC,DVT
6.692152,5.5460935,Endothelial,DVT
-1.5252378,14.123045,Fibroblast,DVT
-8.800483,-1.8211137,VSMC,DVT
-1.8888574,-2.483144,Fibroblast,DVT
-3.2780168,10.193192,Monocyte,DVT
-0.93625706,14.787806,Fibroblast,DVT
-7.477063,-1.6047318,VSMC,DVT
-7.5899343,12.6411705,Neutrophil,DVT
-0.31423214,-5.239364,Fibroblast,DVT
-1.7895881,-3.985832,Fibroblast,DVT
-4.4760313,8.071426,Macrophage,DVT
-2.768392,-5.8220625,Fibroblast,DVT
-1.2190319,-5.124587,Fibroblast,DVT
-2.228546,-4.808868,Fibroblast,DVT
1.0289774,0.37600172,Fibroblast,DVT
-1.2415214,8.862605,Monocyte,DVT
-0.30874288,-4.861396,Fibroblast,DVT
-2.4089408,-4.488834,Fibroblast,DVT
-5.5816407,11.743917,Neutrophil,DVT
0.3418184,-1.0589039,Fibroblast,DVT
6.2084875,5.3389225,Endothelial,DVT
-7.404603,-0.9280403,VSMC,DVT
-0.33178648,-1.8156908,Fibroblast,DVT
3.4601932,4.173733,Endothelial,DVT
3.2095406,-0.18498722,Fibroblast,DVT
5.8602395,10.960751,B_cell,DVT
0.6634945,-4.735018,Fibroblast,DVT
-1.9453562,9.523836,Monocyte,DVT
-1.3729547,-4.745281,Fibroblast,DVT
0.7682461,-2.317902,Fibroblast,DVT
6.215461,11.592981,B_cell,DVT
-5.5062127,7.6476808,Macrophage,DVT
2.2347205,-3.8027592,Fibroblast,DVT
-2.820676,-2.3338797,Fibroblast,DVT
1.1040416,-7.2051845,Fibroblast,DVT
5.219251,5.8400955,Endothelial,DVT
-1.8010885,15.686788,Fibroblast,DVT
-5.566491,6.1147466,Fibroblast,DVT
-7.7664585,-1.9195333,VSMC,DVT
-1.9314649,-4.4220753,Fibroblast,DVT
-2.9116826,-4.4399714,Fibroblast,DVT
6.3204923,11.421601,B_cell,DVT
-5.4020987,7.022118,Macrophage,DVT
-2.6172216,-2.7601585,Fibroblast,DVT
6.272525,11.850193,B_cell,DVT
-1.3862122,-5.530315,Fibroblast,DVT
-7.376263,1.2050579,VSMC,DVT
-1.3340238,-3.3086336,Fibroblast,DVT
-5.213707,6.6073174,Fibroblast,DVT
-3.9569926,7.465747,Monocyte,DVT
5.518734,11.397529,B_cell,DVT
3.0514035,0.45829776,Fibroblast,DVT
-2.892506,-5.375767,Fibroblast,DVT
3.191933,0.15542457,Fibroblast,DVT
-1.9987912,-4.4996963,Fibroblast,DVT
-5.3492393,8.134118,Macrophage,DVT
-3.2813716,5.357145,Fibroblast,DVT
2.1437628,16.378529,Fibroblast,DVT
2.4621425,8.592719,Fibroblast,DVT
-0.45528787,-1.8416517,Fibroblast,DVT
3.159427,-4.3451266,Fibroblast,DVT
-2.9900494,-5.809802,Fibroblast,DVT
-6.0957313,7.8868213,Macrophage,DVT
1.1101141,14.085141,Fibroblast,DVT
5.1102004,10.625506,B_cell,DVT
-3.459561,-3.2516997,Fibroblast,DVT
1.4671468,-2.368392,Fibroblast,DVT
4.158983,5.4285107,Endothelial,DVT
-1.495193,-3.1578932,Fibroblast,DVT
-7.9756136,-1.5683106,VSMC,DVT
-1.9331181,16.114813,Fibroblast,DVT
-0.41165802,-4.1050525,Fibroblast,DVT
-5.4688587,6.649083,Fibroblast,DVT
-2.9247653,-3.364082,Fibroblast,DVT
-5.3545794,6.3700986,Fibroblast,DVT
3.2800183,5.043528,Endothelial,DVT
0.4645216,-2.1878154,Fibroblast,DVT
-1.4809449,-2.755652,Fibroblast,DVT
-0.89154005,14.662816,Fibroblast,DVT
2.7822225,0.23762482,Fibroblast,DVT
-4.596653,10.093952,Macrophage,DVT
-2.1324244,-2.6970181,Fibroblast,DVT
-3.1880083,-3.7841513,Fibroblast,DVT
-3.0151465,-1.7341592,Fibroblast,DVT
-2.3114278,-2.6995914,Fibroblast,DVT
-5.621765,12.240304,Neutrophil,DVT
-2.0466707,14.905613,Fibroblast,DVT
-2.1262636,6.9970875,Fibroblast,DVT
0.53785515,-7.133667,Fibroblast,DVT
-4.715114,11.550152,Neutrophil,DVT
-0.031033086,-6.0292664,Fibroblast,DVT
-3.1861994,9.7785015,Monocyte,DVT
-2.5664196,-5.116472,Fibroblast,DVT
7.9247465,5.982737,Endothelial,DVT
7.211658,6.5792947,Endothelial,DVT
-1.6016989,-4.4630656,Fibroblast,DVT
-1.1873032,-2.4776962,Fibroblast,DVT
5.574574,10.565994,B_cell,DVT
-0.32838637,-4.4051437,Fibroblast,DVT
-2.0325885,-3.7498088,Fibroblast,DVT
-3.0843353,4.8338757,Fibroblast,DVT
-1.8947891,-4.711691,Fibroblast,DVT
-5.525057,6.9515553,Macrophage,DVT
-6.957283,0.4712679,VSMC,DVT
0.08275138,-5.153251,Fibroblast,DVT
-0.97628415,-6.0306344,Fibroblast,DVT
0.6760008,-4.226741,Fibroblast,DVT
-8.077577,-1.6211301,VSMC,DVT
-2.6732204,-2.5977917,Fibroblast,DVT
3.5470679,-3.9037619,Fibroblast,DVT
-6.1577272,12.770316,Neutrophil,DVT
3.7447205,0.32936558,Fibroblast,DVT
-1.9090625,16.09366,Fibroblast,DVT
-0.17688647,-3.3983622,Fibroblast,DVT
3.8971002,4.557992,Endothelial,DVT
-5.116479,7.4060707,Macrophage,DVT
3.0353541,-3.654511,Fibroblast,DVT
5.7050924,11.55443,B_cell,DVT
-2.228099,-3.02158,Fibroblast,DVT
-2.7959657,4.6482806,Fibroblast,DVT
-2.596167,-3.2916584,Fibroblast,DVT
-2.0873528,-5.2149706,Fibroblast,DVT
0.34590614,-3.3791656,Fibroblast,DVT
-3.5403757,9.148539,Monocyte,DVT
-5.5805655,8.47799,Macrophage,DVT
-2.59047,5.943765,Fibroblast,DVT
-4.177882,6.6710362,Fibroblast,DVT
0.38257,-3.3941193,Fibroblast,DVT
5.393815,11.232648,B_cell,DVT
-7.925005,-1.8421754,VSMC,DVT
-1.9578166,-5.378759,Fibroblast,DVT
-8.162481,-0.8529613,VSMC,DVT
14.522077,7.701303,Fibroblast,DVT
0.7455799,-3.462976,Fibroblast,DVT
2.8414018,7.8642464,Fibroblast,DVT
-3.0473871,4.799915,Fibroblast,DVT
-2.2314432,-5.616939,Fibroblast,DVT
-0.5174695,8.905159,Monocyte,DVT
-1.5016758,6.5738897,Fibroblast,DVT
-3.3663514,-3.6554806,Fibroblast,DVT
14.753285,7.9309077,Fibroblast,DVT
-0.7585026,13.695267,Fibroblast,DVT
-5.0342307,8.382996,Macrophage,DVT
-2.4355116,7.374191,Fibroblast,DVT
-4.789262,10.783539,Neutrophil,DVT
-2.5081713,-4.562702,Fibroblast,DVT
6.099901,11.097805,B_cell,DVT
-2.145486,-1.1920775,Fibroblast,DVT
1.5455539,0.09498962,Fibroblast,DVT
1.4158398,14.254694,Fibroblast,DVT
-2.6247098,-0.8016421,Fibroblast,DVT
-2.3685718,-3.6719515,Fibroblast,DVT
-0.7820966,-4.87516,Fibroblast,DVT
-7.60791,-1.5962857,VSMC,DVT
-3.3955946,6.1632214,Fibroblast,DVT
-3.275375,8.447412,Monocyte,DVT
5.112698,5.9306536,Endothelial,DVT
-5.454411,6.2151117,Fibroblast,DVT
-0.78305066,-5.8577356,Fibroblast,DVT
2.7766602,4.685548,Endothelial,DVT
-5.210597,5.8247104,Fibroblast,DVT
-1.6776359,14.3961525,Fibroblast,DVT
-8.619823,-1.78325,VSMC,DVT
1.0761364,-4.7834196,Fibroblast,DVT
-7.663611,-1.8838942,VSMC,DVT
-1.5455315,0.10922714,Fibroblast,DVT
-0.30341157,3.0305414,Endothelial,DVT
-2.6362302,-4.312314,Fibroblast,DVT
-6.3990173,12.837561,Neutrophil,DVT
-5.7759347,6.470514,Fibroblast,DVT
-3.9579928,8.862204,Monocyte,DVT
0.22083443,-3.8519142,Fibroblast,DVT
-1.0529094,-0.47244865,Fibroblast,DVT
6.004666,10.87307,B_cell,DVT
-3.51456,9.410686,Monocyte,DVT
-0.17417936,15.961175,Fibroblast,DVT
-9.693125,3.916888,Fibroblast,DVT
-3.0706646,-5.783727,Fibroblast,DVT
2.8288784,16.510298,Fibroblast,DVT
-6.892707,-0.9906332,VSMC,DVT
-2.5775762,8.379477,Monocyte,DVT
-4.482238,8.176709,Macrophage,DVT
-3.1959858,-3.0807507,Fibroblast,DVT
-1.9711858,-6.2823815,Fibroblast,DVT
-4.749999,7.9399185,Macrophage,DVT
4.2895837,4.913192,Endothelial,DVT
2.2730255,9.13201,Fibroblast,DVT
-3.2516153,-4.371184,Fibroblast,DVT
-5.415022,8.175579,Macrophage,DVT
-0.15510967,8.091872,Monocyte,DVT
3.108836,0.19567566,Fibroblast,DVT
-1.1129757,-2.3226643,Fibroblast,DVT
-3.1209576,-1.8085026,Fibroblast,DVT
2.8812084,16.414515,Fibroblast,DVT
-0.6744759,-5.7640276,Fibroblast,DVT
-5.8655863,6.616463,Macrophage,DVT
-0.12072166,-3.3370128,Fibroblast,DVT
-0.9452872,-2.8340163,Fibroblast,DVT
-1.1994488,15.551534,Fibroblast,DVT
-0.38075107,-3.7038455,Fibroblast,DVT
1.2142489,-3.2992759,Fibroblast,DVT
7.9096594,6.2836742,Endothelial,DVT
-5.348762,8.499616,Macrophage,DVT
2.5024188,0.13475385,Fibroblast,DVT
-10.579298,5.5757737,Fibroblast,DVT
3.1607606,0.2686787,Fibroblast,DVT
-1.7224811,14.094725,Fibroblast,DVT
-3.2801447,9.860115,Monocyte,DVT
-1.0878294,-4.3385763,Fibroblast,DVT
0.4705853,-4.0654426,Fibroblast,DVT
-0.2402455,-1.984424,Fibroblast,DVT
-6.106604,-1.0962843,VSMC,DVT
-1.0834328,14.35894,Fibroblast,DVT
-6.1063747,7.639887,Macrophage,DVT
14.339398,7.6448555,Fibroblast,DVT
2.671807,-6.0520787,Fibroblast,DVT
1.0261632,0.042791773,Fibroblast,DVT
-2.9715445,7.857274,Fibroblast,DVT
-4.566373,7.357513,Macrophage,DVT
7.7086086,5.4924808,Endothelial,DVT
5.2408423,6.0128384,Endothelial,DVT
-0.7890284,3.0527031,Endothelial,DVT
-2.5590262,-2.4362109,Fibroblast,DVT
5.8097005,5.9647756,Endothelial,DVT
1.3989561,15.834103,Fibroblast,DVT
-0.45920685,7.101543,Fibroblast,DVT
-8.996562,-1.264256,VSMC,DVT
3.2813482,-0.71162736,Fibroblast,DVT
-2.4576218,-2.284814,Fibroblast,DVT
0.856085,-2.528807,Fibroblast,DVT
6.088685,12.200318,B_cell,DVT
-2.6496584,-3.2130504,Fibroblast,DVT
7.1666055,6.726788,Endothelial,DVT
-7.7225404,12.526664,Neutrophil,DVT
-1.7597066,-4.3420563,Fibroblast,DVT
2.2684958,-1.0534275,Fibroblast,DVT
-2.5366042,-2.4889345,Fibroblast,DVT
-8.4741,-1.6977419,VSMC,DVT
-3.7742956,-4.5835156,Fibroblast,DVT
-2.7724798,-5.205645,Fibroblast,DVT
9.046948,2.8486426,Endothelial,DVT
6.6833415,5.9115186,Endothelial,DVT
-3.6077576,9.8369255,Monocyte,DVT
7.3867598,5.3011336,Endothelial,DVT
-6.812544,-1.6025087,VSMC,DVT
-1.5704689,-5.8555403,Fibroblast,DVT
-4.8008003,5.8285594,Fibroblast,DVT
6.8728485,6.0809846,Endothelial,DVT
-0.8881501,-3.155068,Fibroblast,DVT
2.461596,-3.8440285,Fibroblast,DVT
-6.2720466,1.4518778,VSMC,DVT
-1.4432676,14.56121,Fibroblast,DVT
-3.7458923,5.2883887,Fibroblast,DVT
-0.008773356,-3.4362855,Fibroblast,DVT
-4.0482736,-3.8583074,Fibroblast,DVT
0.06273409,-3.0337448,Fibroblast,DVT
3.2065737,0.155234,Fibroblast,DVT
-1.3722689,-2.6749253,Fibroblast,DVT
-6.0980434,-0.98874974,VSMC,DVT
0.36950162,-4.603908,Fibroblast,DVT
-6.8752465,-1.3277963,VSMC,DVT
-4.0988173,-4.1869783,Fibroblast,DVT
4.3781238,10.50981,B_cell,DVT
7.5487375,6.8690643,Endothelial,DVT
2.9108696,0.42414466,Fibroblast,DVT
-1.4599893,9.902875,Monocyte,DVT
-1.0355486,-4.691063,Fibroblast,DVT
2.81629,-3.7999618,Fibroblast,DVT
3.5347698,-0.18039131,Fibroblast,DVT
6.142716,12.153971,B_cell,DVT
-6.149263,1.3461375,VSMC,DVT
-0.21650115,-5.5202603,Fibroblast,DVT
0.6591463,14.353918,Fibroblast,DVT
-1.9833367,-1.5455058,Fibroblast,DVT
4.428441,5.4850855,Endothelial,DVT
-1.0453105,3.4476347,Endothelial,DVT
2.8684857,-4.3771544,Fibroblast,DVT
-0.40106887,-4.1549525,Fibroblast,DVT
0.3607162,-4.9569507,Fibroblast,DVT
0.505152,2.5128338,Endothelial,DVT
2.8909464,-4.13083,Fibroblast,DVT
4.6634216,4.9963017,Endothelial,DVT
-0.9617785,7.330179,Fibroblast,DVT
-7.1334586,12.473662,Neutrophil,DVT
-11.205334,4.809392,Fibroblast,DVT
-1.7689946,14.426031,Fibroblast,DVT
5.9714694,11.448501,B_cell,DVT
1.6273915,12.703371,Fibroblast,DVT
0.46386978,15.584316,Fibroblast,DVT
-4.4799266,8.124832,Macrophage,DVT
-3.4171076,10.166086,Monocyte,DVT
-3.2310348,5.016649,Fibroblast,DVT
-5.8471775,11.995977,Neutrophil,DVT
-10.248312,5.190009,Fibroblast,DVT
2.8433912,4.6853075,Endothelial,DVT
3.1916432,-3.922906,Fibroblast,DVT
-4.3564253,7.0308123,Fibroblast,DVT
-3.722729,-1.8884542,Fibroblast,DVT
0.051499948,-3.642926,Fibroblast,DVT
-0.56322265,-4.12133,Fibroblast,DVT
-1.3738062,-5.7280316,Fibroblast,DVT
-0.154584,3.0029862,Endothelial,DVT
9.429516,12.411762,Fibroblast,DVT
-3.5031078,5.9530416,Fibroblast,DVT
-0.81264645,-1.895563,Fibroblast,DVT
-1.335896,-4.60923,Fibroblast,DVT
-1.245021,-5.2384267,Fibroblast,DVT
4.4482975,5.149019,Endothelial,DVT
-0.04978656,-4.8105097,Fibroblast,DVT
0.84850854,-4.9645705,Fibroblast,DVT
-8.083634,-1.7127757,VSMC,DVT
0.17504615,-6.202021,Fibroblast,DVT
-2.0173485,7.9205112,Monocyte,DVT
3.0924726,-6.21156,Fibroblast,DVT
-5.66172,6.337933,Fibroblast,DVT
2.2504172,8.788775,Fibroblast,DVT
0.8990351,-4.102038,Fibroblast,DVT
-3.03251,4.9273505,Fibroblast,DVT
0.060818058,3.0943987,Endothelial,DVT
-5.2907305,7.5643544,Macrophage,DVT
-3.0080042,-2.0105782,Fibroblast,DVT
3.7630997,0.26080215,Fibroblast,DVT
6.012223,11.054075,B_cell,DVT
0.64605004,14.118589,Fibroblast,DVT
-11.633126,5.6734314,Fibroblast,DVT
1.1557392,0.121560514,Fibroblast,DVT
-5.1418586,7.1651964,Macrophage,DVT
-3.4849708,-3.7088377,Fibroblast,DVT
3.1097019,0.29486874,Fibroblast,DVT
-3.6356766,10.087804,Monocyte,DVT
-0.46265915,-3.304685,Fibroblast,DVT
-1.5211008,15.892705,Fibroblast,DVT
4.649197,5.765923,Endothelial,DVT
-1.013957,7.252732,Fibroblast,DVT
14.174333,7.458852,Fibroblast,DVT
-1.8374615,-5.0350537,Fibroblast,DVT
-2.4595256,-3.6712587,Fibroblast,DVT
-6.2619605,12.674576,Neutrophil,DVT
0.7784887,-4.3455367,Fibroblast,DVT
-3.924776,-4.5385146,Fibroblast,DVT
-6.2562838,1.4412677,VSMC,DVT
-6.232253,1.5964577,VSMC,DVT
3.9302118,20.64608,Fibroblast,DVT
2.8643062,7.8114514,Fibroblast,DVT
-2.7213826,-2.2780707,Fibroblast,DVT
3.9000003,5.0429864,Endothelial,DVT
2.5816953,-0.01670425,Fibroblast,DVT
-1.0080335,3.4107127,Endothelial,DVT
-1.9908032,5.305838,Fibroblast,DVT
-0.860623,8.61885,Monocyte,DVT
-7.101328,-1.6386678,VSMC,DVT
-0.7625682,-4.777542,Fibroblast,DVT
-0.90258175,-5.5786815,Fibroblast,DVT
-7.684993,12.310997,Neutrophil,DVT
-3.1712184,-5.216333,Fibroblast,DVT
-11.363377,4.970134,Fibroblast,DVT
2.1864657,12.729211,Fibroblast,DVT
-11.039787,4.4456463,Fibroblast,DVT
2.1849117,4.552621,Endothelial,DVT
1.5121224,15.957711,Fibroblast,DVT
6.482638,6.2338157,Endothelial,DVT
-1.5917289,-5.3465643,Fibroblast,DVT
-3.3155756,5.8631563,Fibroblast,DVT
0.214526,-5.786703,Fibroblast,DVT
-3.1804895,-1.4252602,Fibroblast,DVT
3.149668,0.16455232,Fibroblast,DVT
-5.4996777,8.024425,Macrophage,DVT
1.2304503,-6.2807074,Fibroblast,DVT
-5.8396893,13.191591,Neutrophil,DVT
-3.3972163,8.45779,Monocyte,DVT
-1.453831,-5.705958,Fibroblast,DVT
-5.90173,13.1599045,Neutrophil,DVT
-10.324003,5.1304984,Fibroblast,DVT
-3.0371146,-3.9301252,Fibroblast,DVT
2.3995845,-0.8866265,Fibroblast,DVT
6.2731037,11.625452,B_cell,DVT
1.147202,13.145679,Fibroblast,DVT
2.9121192,4.482806,Endothelial,DVT
4.570779,5.620834,Endothelial,DVT
-1.2334832,-4.318152,Fibroblast,DVT
-2.2829094,-5.0756316,Fibroblast,DVT
5.95364,12.82939,B_cell,DVT
-8.396928,-1.1811941,VSMC,DVT
-7.1137533,-0.9536468,VSMC,DVT
-6.4843707,12.523893,Neutrophil,DVT
-2.91824,6.0231237,Fibroblast,DVT
3.302838,0.17414382,Fibroblast,DVT
7.1248136,6.0876355,Endothelial,DVT
-2.1499317,-3.9315598,Fibroblast,DVT
-0.19092077,8.145872,Monocyte,DVT
2.501935,4.7657156,Endothelial,DVT
-1.0135272,-3.84011,Fibroblast,DVT
-8.428319,-1.6159003,VSMC,DVT
-6.2781105,7.3760157,Macrophage,DVT
0.46887928,-4.731157,Fibroblast,DVT
-1.8193315,-4.2200804,Fibroblast,DVT
0.41262433,13.566233,Fibroblast,DVT
5.8098183,6.103246,Endothelial,DVT
0.44372606,-0.97829115,Fibroblast,DVT
-0.045806143,-6.538069,Fibroblast,DVT
-2.828996,-2.6755824,Fibroblast,DVT
-2.0702918,-1.313788,Fibroblast,DVT
2.2937605,0.82030827,Fibroblast,DVT
-6.0525417,8.159574,Macrophage,DVT
-4.436,12.103724,Neutrophil,DVT
-0.5173046,-2.347085,Fibroblast,DVT
2.4234009,4.772866,Endothelial,DVT
4.3654222,4.669533,Endothelial,DVT
-6.26524,6.268367,Macrophage,DVT
-3.6994026,10.283253,Monocyte,DVT
0.7958802,12.065033,Fibroblast,DVT
2.993929,-4.3824654,Fibroblast,DVT
0.5463181,-3.7011876,Fibroblast,DVT
0.780656,15.796352,Fibroblast,DVT
-2.1816647,6.864444,Fibroblast,DVT
6.8736663,0.4664069,Endothelial,DVT
-7.335321,-0.7248454,VSMC,DVT
-3.4688263,-2.2382522,Fibroblast,DVT
-0.12824062,-2.1936975,Fibroblast,DVT
-3.142896,6.384055,Fibroblast,DVT
-1.9539952,-5.966293,Fibroblast,DVT
-7.3112273,0.9834726,VSMC,DVT
5.9839506,0.39223245,Endothelial,DVT
1.8279916,-3.7005093,Fibroblast,DVT
5.6630435,8.624738,B_cell,DVT
-2.1375654,14.98598,Fibroblast,DVT
-5.5525427,11.5048065,Neutrophil,DVT
5.817044,11.298582,B_cell,DVT
-0.7832576,-4.9548435,Fibroblast,DVT
-11.375971,5.6896977,Fibroblast,DVT
-9.706315,4.0049796,Fibroblast,DVT
-3.1748147,5.2622476,Fibroblast,DVT
-4.560646,12.60209,Neutrophil,DVT
-4.3320413,8.253554,Monocyte,DVT
1.6211027,-3.9355252,Fibroblast,DVT
-5.6022887,11.569417,Neutrophil,DVT
5.948345,12.285001,B_cell,DVT
-2.469053,-4.3544884,Fibroblast,DVT
-3.2763855,5.7302065,Fibroblast,DVT
-6.590874,0.28035775,VSMC,DVT
-4.831879,7.7113276,Macrophage,DVT
0.55003196,14.02943,Fibroblast,DVT
-2.9087017,6.1360364,Fibroblast,DVT
-0.27100387,-4.511766,Fibroblast,DVT
-3.8250408,8.334726,Monocyte,DVT
-3.7967756,8.368345,Monocyte,DVT
1.8708677,-3.8005557,Fibroblast,DVT
-2.9292789,-4.544976,Fibroblast,DVT
14.7574625,7.9331923,Fibroblast,DVT
1.3472121,-3.961244,Fibroblast,DVT
1.5703317,-2.3137653,Fibroblast,DVT
-0.54871243,-4.795236,Fibroblast,DVT
-2.8582919,7.400346,Fibroblast,DVT
-2.078852,-5.3379006,Fibroblast,DVT
-6.8147154,-0.94718206,VSMC,DVT
-1.7355682,15.354684,Fibroblast,DVT
0.15489976,14.422653,Fibroblast,DVT
0.80761147,-0.718443,Fibroblast,DVT
5.811542,11.216298,B_cell,DVT
8.003938,5.6164455,Endothelial,DVT
3.5773232,4.8142037,Endothelial,DVT
-3.7062535,8.767554,Monocyte,DVT
-0.51642823,-1.3160882,Fibroblast,DVT
-3.3920681,-3.302842,Fibroblast,DVT
-2.3948317,-3.9285946,Fibroblast,DVT
1.1585201,-3.8517559,Fibroblast,DVT
-0.9538968,-4.602893,Fibroblast,DVT
-0.6256847,8.945717,Monocyte,DVT
1.8261741,13.314762,Fibroblast,DVT
-3.990056,7.5449014,Monocyte,DVT
-1.6378549,15.856175,Fibroblast,DVT
-3.848343,8.408473,Monocyte,DVT
14.267482,7.5697303,Fibroblast,DVT
5.7915316,11.037338,B_cell,DVT
3.26243,-0.23071754,Fibroblast,DVT
1.8848655,6.854058,B_cell,DVT
-7.708493,-1.564498,VSMC,DVT
-2.9985275,-5.522654,Fibroblast,DVT
-2.7367382,-4.9892673,Fibroblast,DVT
5.7886767,11.1868925,B_cell,DVT
-5.7780256,5.8736553,Fibroblast,DVT
1.2867328,-4.6594515,Fibroblast,DVT
2.7873747,0.36089465,Fibroblast,DVT
-6.8502984,13.132083,Neutrophil,DVT
2.7284222,-4.2363977,Fibroblast,DVT
-3.300528,8.669958,Monocyte,DVT
-5.8239546,11.409604,Neutrophil,DVT
0.7452601,14.133584,Fibroblast,DVT
-5.4758077,5.6795845,Fibroblast,DVT
-3.0260046,6.998186,Fibroblast,DVT
-3.1712937,-2.4873393,Fibroblast,DVT
-0.19316375,2.869257,Endothelial,DVT
0.10831213,-2.4685473,Fibroblast,DVT
0.6968231,-2.5781493,Fibroblast,DVT
0.4747066,2.3659263,Endothelial,DVT
2.629855,6.4113994,Fibroblast,DVT
0.1518995,-7.3022666,Fibroblast,DVT
3.2757108,0.04573231,Fibroblast,DVT
-2.6239228,-0.94822896,Fibroblast,DVT
7.070076,6.7517524,Endothelial,DVT
-1.7924774,-5.6863666,Fibroblast,DVT
-11.046311,4.2240334,Fibroblast,DVT
-1.2724626,-5.073283,Fibroblast,DVT
1.1780428,14.677703,Fibroblast,DVT
-2.8052738,-3.6720815,Fibroblast,DVT
1.619762,-4.0873685,Fibroblast,DVT
-2.3690505,-5.649487,Fibroblast,DVT
7.257013,6.6816025,Endothelial,DVT
-1.2518568,-4.7021446,Fibroblast,DVT
0.10519527,-3.0068858,Fibroblast,DVT
0.06549436,14.572117,Fibroblast,DVT
5.2224684,1.1030473,Fibroblast,DVT
1.938894,6.8514614,B_cell,DVT
-6.193762,11.330638,Neutrophil,DVT
-6.2872086,7.483577,Macrophage,DVT
-3.4782455,6.6501884,Fibroblast,DVT
-6.732477,1.0058209,VSMC,DVT
-5.0029297,-1.447033,Fibroblast,DVT
4.5040736,2.9788728,Endothelial,DVT
-1.9698207,8.37451,Monocyte,DVT
-1.6812621,-4.185934,Fibroblast,DVT
5.9745812,11.638367,B_cell,DVT
-3.6427357,7.5643787,Fibroblast,DVT
-7.3610387,-0.58051264,VSMC,DVT
-5.563918,-0.7287449,VSMC,DVT
2.691169,-0.96917933,Fibroblast,DVT
-0.7297816,14.040733,Fibroblast,DVT
-2.2378447,-3.7209685,Fibroblast,DVT
3.1540215,-0.072069876,Fibroblast,DVT
-2.2776883,-3.3631845,Fibroblast,DVT
1.5941123,15.849692,Fibroblast,DVT
-3.4103527,-3.1646485,Fibroblast,DVT
-1.8740973,14.598304,Fibroblast,DVT
-1.7154666,-3.5540888,Fibroblast,DVT
7.8130198,4.980727,Endothelial,DVT
-2.585141,-5.9621243,Fibroblast,DVT
0.8156325,1.8130451,Endothelial,DVT
-5.92858,12.915537,Neutrophil,DVT
4.407914,5.4486866,Endothelial,DVT
-3.038932,6.4313583,Fibroblast,DVT
-2.395963,-2.5943196,Fibroblast,DVT
2.8649707,0.34313,Fibroblast,DVT
-4.057755,9.228028,Monocyte,DVT
7.2593794,5.9716635,Endothelial,DVT
0.92175764,13.617156,Fibroblast,DVT
-4.638592,7.760643,Macrophage,DVT
1.5050879,1.1408542,Fibroblast,DVT
-3.2827218,-2.323054,Fibroblast,DVT
-0.8871993,3.3621502,Endothelial,DVT
-1.841889,-4.278924,Fibroblast,DVT
-1.683559,-4.329124,Fibroblast,DVT
-1.5876696,-5.601636,Fibroblast,DVT
-4.2902617,-1.512269,Fibroblast,DVT
7.666212,6.7070947,Endothelial,DVT
1.8785822,4.7051854,Endothelial,DVT
4.4128985,-4.2834396,Fibroblast,DVT
3.852897,0.097579256,Fibroblast,DVT
5.281784,9.874423,B_cell,DVT
6.4045467,11.958287,B_cell,DVT
3.772987,0.19618055,Fibroblast,DVT
3.3144438,-4.183512,Fibroblast,DVT
-1.2079258,-5.702577,Fibroblast,DVT
8.079581,2.1039107,Endothelial,DVT
-3.8479877,8.281585,Monocyte,DVT
6.251115,6.0407343,Endothelial,DVT
-6.736749,-1.0159078,VSMC,DVT
1.3914157,14.3167925,Fibroblast,DVT
3.0512621,6.3584094,Fibroblast,DVT
7.1040177,6.0597405,Endothelial,DVT
8.158183,4.9400167,Endothelial,DVT
-1.6264709,-5.2041416,Fibroblast,DVT
-10.941301,4.6026716,Fibroblast,DVT
0.48708993,15.446885,Fibroblast,DVT
-6.028446,7.0051823,Macrophage,DVT
-4.468861,6.9824758,Fibroblast,DVT
-1.5109149,-4.4604635,Fibroblast,DVT
-7.938444,-0.40169755,VSMC,DVT
0.059808224,-5.303274,Fibroblast,DVT
-1.5848594,-5.785846,Fibroblast,DVT
6.14111,11.754753,B_cell,DVT
-1.3829753,0.03803984,Fibroblast,DVT
-3.3034892,6.027452,Fibroblast,DVT
-4.771281,11.221163,Neutrophil,DVT
3.7352254,-4.3654766,Fibroblast,DVT
2.615476,16.121666,Fibroblast,DVT
5.837408,1.0234855,Fibroblast,DVT
-1.4527642,-2.1075547,Fibroblast,DVT
-0.6588487,-3.4525518,Fibroblast,DVT
-1.0917222,-4.486821,Fibroblast,DVT
14.033323,7.491232,Fibroblast,DVT
-6.241861,7.296246,Macrophage,DVT
-0.21661988,-5.992278,Fibroblast,DVT
-0.8939703,8.675364,Monocyte,DVT
1.0393438,-3.1947858,Fibroblast,DVT
-1.2773346,-6.0805635,Fibroblast,DVT
-0.8909813,3.1510267,Endothelial,DVT
-8.23476,-1.8715637,VSMC,DVT
0.47701934,-4.951159,Fibroblast,DVT
-1.352533,-1.7040744,Fibroblast,DVT
5.0070305,6.152808,Endothelial,DVT
-5.9711995,7.2859554,Macrophage,DVT
3.3484864,4.1564755,Endothelial,DVT
1.732943,-2.8418274,Fibroblast,DVT
14.633513,7.830326,Fibroblast,DVT
-2.999266,-5.345871,Fibroblast,DVT
-4.1176486,6.157992,Fibroblast,DVT
-4.557114,8.165922,Macrophage,DVT
-3.7518227,7.30448,Macrophage,DVT
-1.6402266,-5.619902,Fibroblast,DVT
-1.3473548,-3.734199,Fibroblast,DVT
2.5028706,7.376709,Fibroblast,DVT
-10.64016,5.5091677,Fibroblast,DVT
-0.11397553,-7.32734,Fibroblast,DVT
-2.5705721,6.0593886,Fibroblast,DVT
1.3371246,13.664903,Fibroblast,DVT
1.5339725,-7.005404,Fibroblast,DVT
-5.6062913,13.007776,Neutrophil,DVT
4.818375,1.9748076,Endothelial,DVT
-4.7363186,6.7575397,Fibroblast,DVT
0.9549602,2.3845837,Endothelial,DVT
-5.5313635,11.916217,Neutrophil,DVT
-8.262823,-1.5440073,VSMC,DVT
-3.1031935,9.360811,Monocyte,DVT
-1.6799706,-5.5767374,Fibroblast,DVT
-3.7590313,9.465764,Monocyte,DVT
-2.3358777,5.9295826,Fibroblast,DVT
-0.47193533,-4.833419,Fibroblast,DVT
-3.3136573,-1.5958735,Fibroblast,DVT
3.885658,4.903452,Endothelial,DVT
2.082327,-4.4375916,Fibroblast,DVT
-2.5958724,-2.6665373,Fibroblast,DVT
5.722318,10.727329,B_cell,DVT
-8.315691,-1.9215504,VSMC,DVT
2.5225127,4.6906714,Endothelial,DVT
-5.69904,6.999878,Macrophage,DVT
-4.298014,9.051443,Macrophage,DVT
-2.5144346,-2.3068278,Fibroblast,DVT
3.3355906,-5.5211835,Fibroblast,DVT
-3.7588017,9.672153,Monocyte,DVT
-3.8980021,-2.715595,Fibroblast,DVT
8.119869,5.254314,Endothelial,DVT
3.393894,-4.1598597,Fibroblast,DVT
-4.888243,10.087255,Macrophage,DVT
0.5839831,12.270654,Fibroblast,DVT
-1.9636431,-2.8962111,Fibroblast,DVT
13.981563,7.4397106,Fibroblast,DVT
0.5560986,15.190769,Fibroblast,DVT
-1.8948786,16.138798,Fibroblast,DVT
-6.5813794,-1.6551948,VSMC,DVT
-1.6863649,-5.2226954,Fibroblast,DVT
-9.744668,3.77811,Fibroblast,DVT
-6.2718573,12.597577,Neutrophil,DVT
-3.1524298,-1.6036642,Fibroblast,DVT
-0.22217564,-1.3577912,Fibroblast,DVT
-8.133905,-1.1095476,VSMC,DVT
-1.4827139,15.400727,Fibroblast,DVT
-2.723619,-1.8001837,Fibroblast,DVT
3.1982453,0.05346216,Fibroblast,DVT
0.5815292,-3.940148,Fibroblast,DVT
-3.2764306,6.6785126,Fibroblast,DVT
-2.9524057,8.4725065,Fibroblast,DVT
6.2363577,11.825647,B_cell,DVT
0.06515385,-3.4495099,Fibroblast,DVT
7.7571807,6.278091,Endothelial,DVT
-2.8583696,-5.047049,Fibroblast,DVT
-4.296214,12.482113,Neutrophil,DVT
-7.6949997,-0.700031,VSMC,DVT
-2.6511033,4.7087197,Fibroblast,DVT
3.1623025,0.36915284,Fibroblast,DVT
-6.0306373,7.2457476,Macrophage,DVT
-4.1966577,7.077728,Fibroblast,DVT
-2.0935297,-3.16805,Fibroblast,DVT
1.3252041,16.150705,Fibroblast,DVT
-1.8093917,-2.5190682,Fibroblast,DVT
1.2582784,-3.928426,Fibroblast,DVT
4.677553,5.3738804,Endothelial,DVT
-4.229858,6.2881627,Fibroblast,DVT
-1.7439659,14.18547,Fibroblast,DVT
3.2306743,-0.001492081,Fibroblast,DVT
-5.512274,7.275468,Macrophage,DVT
-1.1121964,-4.492334,Fibroblast,DVT
-6.483368,12.842721,Neutrophil,DVT
0.35345393,-3.9430013,Fibroblast,DVT
1.2191029,13.305806,Fibroblast,DVT
-1.7956883,8.62881,Monocyte,DVT
-2.8005192,7.45865,Fibroblast,DVT
-3.4490042,8.511777,Monocyte,DVT
0.3733548,-2.4332063,Fibroblast,DVT
-4.5141788,6.7803655,Fibroblast,DVT
-6.1044984,7.1089745,Macrophage,DVT
1.9094731,4.7005477,Endothelial,DVT
5.524683,10.834838,B_cell,DVT
-5.748846,12.561336,Neutrophil,DVT
-3.6903117,10.457216,Monocyte,DVT
0.6341147,-8.938941,Fibroblast,DVT
-6.0278244,-0.8966245,VSMC,DVT
-0.7248508,-3.963847,Fibroblast,DVT
-2.6253624,-2.703001,Fibroblast,DVT
-0.5054765,-3.856082,Fibroblast,DVT
-5.8819346,5.7153783,Fibroblast,DVT
-5.256601,7.676914,Macrophage,DVT
-0.3163959,15.650803,Fibroblast,DVT
-1.0036968,-5.518439,Fibroblast,DVT
-1.0779657,15.884523,Fibroblast,DVT
-3.2424345,10.259708,Monocyte,DVT
2.500816,-3.779384,Fibroblast,DVT
-3.1220167,6.0982513,Fibroblast,DVT
4.5110264,5.3524837,Endothelial,DVT
1.0230327,-2.5934808,Fibroblast,DVT
3.922075,20.63733,Fibroblast,DVT
-2.080547,8.178764,Monocyte,DVT
-2.4576418,-2.3395917,Fibroblast,DVT
-2.622836,7.117676,Fibroblast,DVT
0.7856499,-4.662139,Fibroblast,DVT
-0.02742488,8.178028,Monocyte,DVT
-2.524438,7.374928,Fibroblast,DVT
-0.6106414,2.9002779,Endothelial,DVT
-0.58120257,15.66083,Fibroblast,DVT
0.53014594,-3.455933,Fibroblast,DVT
-0.55650383,-3.2740426,Fibroblast,DVT
3.4196298,-4.294141,Fibroblast,DVT
14.731909,7.911304,Fibroblast,DVT
1.3796065,-3.1983702,Fibroblast,DVT
-2.1218376,7.842308,Monocyte,DVT
-0.45758173,-1.4413155,Fibroblast,DVT
-8.335892,-1.6049371,VSMC,DVT
-1.3442676,-4.774275,Fibroblast,DVT
-5.039154,8.013034,Macrophage,DVT
3.2073183,4.558763,Endothelial,DVT
-4.6582513,6.824686,Fibroblast,DVT
-0.20403379,-1.8163968,Fibroblast,DVT
4.3233547,-4.2141542,Fibroblast,DVT
-5.6617494,13.094259,Neutrophil,DVT
3.3524244,4.7713485,Endothelial,DVT
0.9890294,13.2570915,Fibroblast,DVT
-3.0420258,-2.8511853,Fibroblast,DVT
-0.59467125,-4.2348914,Fibroblast,DVT
2.1933353,12.7031975,Fibroblast,DVT
-0.3049659,-4.0038443,Fibroblast,DVT
-3.3390455,10.161825,Monocyte,DVT
-5.7894826,12.604304,Neutrophil,DVT
7.7487497,5.710595,Endothelial,DVT
-1.607227,-4.157954,Fibroblast,DVT
-2.5578082,-5.007424,Fibroblast,DVT
-5.7186427,8.313536,Macrophage,DVT
7.6477976,5.203037,Endothelial,DVT
-1.5669739,-5.0215063,Fibroblast,DVT
0.24575093,2.6410193,Endothelial,DVT
-8.173029,-1.2780043,VSMC,DVT
-3.5498002,-1.8325588,Fibroblast,DVT
5.9038005,10.926424,B_cell,DVT
-10.936136,5.532692,Fibroblast,DVT
-1.586164,-1.4636037,Fibroblast,DVT
-2.1790986,-3.048457,Fibroblast,DVT
-11.218053,4.3533077,Fibroblast,DVT
-5.682427,12.780911,Neutrophil,DVT
-4.66935,11.590455,Neutrophil,DVT
5.994744,11.752927,B_cell,DVT
5.873458,11.472507,B_cell,DVT
-2.309562,-2.0163276,Fibroblast,DVT
-3.294393,-1.7354397,Fibroblast,DVT
-2.598453,-2.0886645,Fibroblast,DVT
0.37313172,2.529158,Endothelial,DVT
-1.1968081,-3.855875,Fibroblast,DVT
-4.4070296,8.756281,Macrophage,DVT
-7.849703,-0.9432655,VSMC,DVT
-1.6026511,7.844156,Fibroblast,DVT
-5.6783648,7.7540884,Macrophage,DVT
-11.060468,5.451048,Fibroblast,DVT
-1.4355074,-4.2400365,Fibroblast,DVT
-2.6018002,-1.7272106,Fibroblast,DVT
4.44875,5.1276255,Endothelial,DVT
-6.927581,-1.0078514,VSMC,DVT
2.9819624,4.6274095,Endothelial,DVT
-4.052044,6.8764215,Fibroblast,DVT
2.3113818,0.8920073,Fibroblast,DVT
0.37618488,-3.9746737,Fibroblast,DVT
-1.0715501,-2.5076313,Fibroblast,DVT
0.7670742,-2.7706764,Fibroblast,DVT
2.893385,-0.2578211,Fibroblast,DVT
0.40008447,-4.6591606,Fibroblast,DVT
0.38253376,-6.3697953,Fibroblast,DVT
-1.1551629,-4.1451554,Fibroblast,DVT
-6.63199,0.51384383,VSMC,DVT
-1.3874872,9.015642,Monocyte,DVT
-5.7108827,-0.8752293,VSMC,DVT
1.8005338,-3.6464345,Fibroblast,DVT
-2.596915,-3.3294759,Fibroblast,DVT
-5.9134517,10.909833,Neutrophil,DVT
-4.3914814,6.2164464,Fibroblast,DVT
-2.6309779,-0.72244,Fibroblast,DVT
-5.672563,13.073642,Neutrophil,DVT
-5.354988,8.16815,Macrophage,DVT
-7.5058002,-1.7838447,VSMC,DVT
7.938058,6.1246367,Endothelial,DVT
3.6961954,0.42277884,Fibroblast,DVT
2.3822663,-4.382973,Fibroblast,DVT
-1.7502781,-2.215023,Fibroblast,DVT
-5.5019555,6.36916,Fibroblast,DVT
-2.3982854,6.5623064,Fibroblast,DVT
2.5827596,-3.6362724,Fibroblast,DVT
-1.8259435,-5.1223087,Fibroblast,DVT
-3.40079,-1.9723961,Fibroblast,DVT
0.178858,-3.959779,Fibroblast,DVT
-1.3767011,-6.094477,Fibroblast,DVT
-6.137807,13.330352,Neutrophil,DVT
14.326613,7.5985684,Fibroblast,DVT
14.568762,7.769074,Fibroblast,DVT
-0.43630904,-4.6115947,Fibroblast,DVT
-3.227242,9.816769,Monocyte,DVT
4.173637,4.4627056,Endothelial,DVT
-0.75862163,-5.484032,Fibroblast,DVT
-2.0381033,8.061635,Monocyte,DVT
-1.4559219,-3.655876,Fibroblast,DVT
1.9491825,4.7499304,Endothelial,DVT
-11.533853,5.1092153,Fibroblast,DVT
7.601418,5.4242663,Endothelial,DVT
-2.4743593,7.3517923,Fibroblast,DVT
-0.91683203,-4.804226,Fibroblast,DVT
-2.088079,15.440961,Fibroblast,DVT
5.443436,10.438082,B_cell,DVT
-5.272904,5.783885,Fibroblast,DVT
2.1757357,-1.3424822,Fibroblast,DVT
1.7598244,15.29963,Fibroblast,DVT
2.6061134,-3.861247,Fibroblast,DVT
5.6843295,5.799139,Endothelial,DVT
2.7195938,0.318282,Fibroblast,DVT
5.1649437,5.1152744,Endothelial,DVT
-0.97043866,-5.9431214,Fibroblast,DVT
7.8528275,6.0061502,Endothelial,DVT
-4.488237,12.58674,Neutrophil,DVT
3.5667021,0.08228877,Fibroblast,DVT
0.674734,-3.6945493,Fibroblast,DVT
-6.369551,-1.4178632,VSMC,DVT
-6.204989,8.286693,Macrophage,DVT
-1.4045373,-4.4196615,Fibroblast,DVT
-2.2611654,-3.2783399,Fibroblast,DVT
2.78552,8.017631,Fibroblast,DVT
0.9905442,14.402008,Fibroblast,DVT
-1.8598084,-1.8785723,Fibroblast,DVT
-0.638962,-4.446007,Fibroblast,DVT
1.2874272,14.183434,Fibroblast,DVT
-2.0494993,15.961904,Fibroblast,DVT
-2.5940633,-3.6596663,Fibroblast,DVT
2.2460487,-3.9593391,Fibroblast,DVT
-7.8227243,-1.4121784,VSMC,DVT
5.9416795,11.393117,B_cell,DVT
-1.4054996,-4.432042,Fibroblast,DVT
-4.7737875,12.722617,Neutrophil,DVT
-2.170767,-6.016151,Fibroblast,DVT
-0.8619097,-5.4876647,Fibroblast,DVT
0.7561105,-4.1122327,Fibroblast,DVT
-0.32237512,-4.561993,Fibroblast,DVT
-1.2588655,7.2059965,Fibroblast,DVT
-4.5274935,6.091145,Fibroblast,DVT
4.5180836,4.69583,Endothelial,DVT
-1.6997267,14.048113,Fibroblast,DVT
7.2197833,5.8722715,Endothelial,DVT
5.5431585,11.487649,B_cell,DVT
-0.80256045,-5.464111,Fibroblast,DVT
-0.8322231,-4.93559,Fibroblast,DVT
1.7539246,13.158507,Fibroblast,DVT
2.3775,16.36318,Fibroblast,DVT
-1.7286474,-5.253177,Fibroblast,DVT
-8.374494,-1.1770247,VSMC,DVT
1.4367565,13.538609,Fibroblast,DVT
13.960739,7.4582973,Fibroblast,DVT
1.0303762,15.495613,Fibroblast,DVT
-3.5866237,-1.7404826,Fibroblast,DVT
-4.248674,12.374737,Neutrophil,DVT
-3.7770865,6.7806377,Macrophage,DVT
-3.5085535,-2.198186,Fibroblast,DVT
-6.266755,-1.2991894,VSMC,DVT
-7.5346885,-1.7579598,VSMC,DVT
6.241041,12.400662,B_cell,DVT
-1.7543144,-5.547267,Fibroblast,DVT
-5.6802363,5.7317476,Fibroblast,DVT
-2.6382976,4.9010296,Fibroblast,DVT
-1.1986632,-5.7973347,Fibroblast,DVT
-9.002833,-1.2241433,VSMC,DVT
-0.8184858,-3.9012828,Fibroblast,DVT
-8.625601,-0.94501805,VSMC,DVT
-0.9935047,-5.3802586,Fibroblast,DVT
0.59240454,14.421561,Fibroblast,DVT
0.31816247,-0.9927457,Fibroblast,DVT
-1.6412866,15.58819,Fibroblast,DVT
-0.89069414,-3.9345953,Fibroblast,DVT
4.440827,4.75379,Endothelial,DVT
-2.760404,4.665967,Fibroblast,DVT
-5.532997,11.995192,Neutrophil,DVT
-3.4232533,8.760336,Monocyte,DVT
-5.636923,11.553585,Neutrophil,DVT
-1.6526023,12.658792,Fibroblast,DVT
-1.8463727,-3.4159281,Fibroblast,DVT
-2.398533,-4.0461054,Fibroblast,DVT
-1.6853518,15.263812,Fibroblast,DVT
2.9549708,16.432993,Fibroblast,DVT
0.63398004,-3.489591,Fibroblast,DVT
-2.886087,-5.3228564,Fibroblast,DVT
-6.9034657,-0.48580423,VSMC,DVT
-0.8212249,-6.0702043,Fibroblast,DVT
0.89428747,-5.0622797,Fibroblast,DVT
6.4036083,11.978393,B_cell,DVT
-2.6388934,-3.3177733,Fibroblast,DVT
-5.466623,12.29463,Neutrophil,DVT
1.0154163,-3.2117212,Fibroblast,DVT
-0.47907877,-4.3188105,Fibroblast,DVT
-3.13466,-3.5006487,Fibroblast,DVT
-0.7780813,-4.4719744,Fibroblast,DVT
-3.7977858,-3.4103446,Fibroblast,DVT
0.691967,13.579863,Fibroblast,DVT
-6.283008,6.758321,Macrophage,DVT
-0.058251064,-6.3600655,Fibroblast,DVT
-1.7674782,-3.0636373,Fibroblast,DVT
0.34292006,-1.0093,Fibroblast,DVT
-2.9280357,-3.1859837,Fibroblast,DVT
-4.7997894,11.510338,Neutrophil,DVT
-0.24860153,-3.6487994,Fibroblast,DVT
-3.9485111,-4.0525594,Fibroblast,DVT
2.0198398,-4.402461,Fibroblast,DVT
2.0632057,-4.534524,Fibroblast,DVT
-1.521284,-6.0391507,Fibroblast,DVT
-2.3011785,-4.210007,Fibroblast,DVT
-1.4592079,9.877941,Monocyte,DVT
-6.66379,-1.5306379,VSMC,DVT
-6.642354,-1.0200536,VSMC,DVT
5.4556346,11.073977,B_cell,DVT
-2.3597188,-4.997096,Fibroblast,DVT
-3.607788,-2.4370751,Fibroblast,DVT
-6.0687633,7.133705,Macrophage,DVT
-5.467941,7.41781,Macrophage,DVT
-3.528017,-3.5998685,Fibroblast,DVT
0.15941991,-3.670121,Fibroblast,DVT
-3.2476459,9.909408,Monocyte,DVT
-0.7609725,-2.9773295,Fibroblast,DVT
-7.380035,1.2299882,VSMC,DVT
-1.7131356,-4.8897295,Fibroblast,DVT
7.437545,6.155607,Endothelial,DVT
-1.6608012,14.855021,Fibroblast,DVT
-1.7185405,15.553722,Fibroblast,DVT
-5.244458,11.133461,Neutrophil,DVT
2.3777864,16.123123,Fibroblast,DVT
-6.673742,0.16612813,VSMC,DVT
-6.6398606,12.164356,Neutrophil,DVT
-7.3175035,-0.77818024,VSMC,DVT
-2.224862,-3.74035,Fibroblast,DVT
-3.213765,-2.6066964,Fibroblast,DVT
-7.760175,-0.9975036,VSMC,DVT
-1.838129,14.655744,Fibroblast,DVT
-6.139783,7.491435,Macrophage,DVT
-1.2236723,-3.1844835,Fibroblast,DVT
-1.2518141,-5.5561705,Fibroblast,DVT
7.376969,6.4235845,Endothelial,DVT
-3.4355175,5.8294544,Fibroblast,DVT
-8.92491,-1.062764,VSMC,DVT
-3.588422,-3.253987,Fibroblast,DVT
-6.0953426,12.014232,Neutrophil,DVT
6.5365624,12.289179,B_cell,DVT
-8.521025,-1.1263964,VSMC,DVT
6.111408,12.175472,B_cell,DVT
-7.4399333,0.9544987,VSMC,DVT
-2.1031337,-4.4333572,Fibroblast,DVT
-1.6038705,-4.551997,Fibroblast,DVT
-1.9060344,14.760741,Fibroblast,DVT
-2.896292,8.7687645,Monocyte,DVT
-3.1734738,6.1954613,Fibroblast,DVT
-3.7946422,-1.7280953,Fibroblast,DVT
4.3025208,-4.508952,Fibroblast,DVT
-7.201425,12.391167,Neutrophil,DVT
-1.6017952,-4.5430493,Fibroblast,DVT
-2.8315134,-1.9808872,Fibroblast,DVT
-1.006748,-4.307999,Fibroblast,DVT
-1.430694,-0.046870936,Fibroblast,DVT
6.42977,6.1455503,Endothelial,DVT
-6.9253073,-1.4674265,VSMC,DVT
-1.7971486,14.444914,Fibroblast,DVT
1.0774771,16.104982,Fibroblast,DVT
-5.5492096,5.8980446,Fibroblast,DVT
3.9353917,4.9873896,Endothelial,DVT
0.19582574,-4.8638935,Fibroblast,DVT
-1.711155,-4.9855328,Fibroblast,DVT
-1.0859765,-4.651293,Fibroblast,DVT
-0.83696985,3.2306619,Endothelial,DVT
5.7389207,10.818683,B_cell,DVT
14.805367,7.9781556,Fibroblast,DVT
-2.890765,-5.047822,Fibroblast,DVT
7.2420926,6.5078034,Endothelial,DVT
0.08970865,13.658268,Fibroblast,DVT
-3.698733,10.476376,Monocyte,DVT
1.9244843,13.37012,Fibroblast,DVT
-0.7571737,-2.7041514,Fibroblast,DVT
1.4432529,-3.6820428,Fibroblast,DVT
-1.3244133,-5.9548745,Fibroblast,DVT
-1.8360641,-4.7526746,Fibroblast,DVT
4.94599,4.6551957,Endothelial,DVT
1.5229279,11.921424,Fibroblast,DVT
-2.8936903,7.509006,Fibroblast,DVT
-3.3146117,-5.3500047,Fibroblast,DVT
-8.736313,-1.6420723,VSMC,DVT
5.8033986,12.18711,B_cell,DVT
-3.1278584,-2.748513,Fibroblast,DVT
-2.3583994,-1.9004486,Fibroblast,DVT
0.62193185,14.871184,Fibroblast,DVT
-1.3224974,-4.543582,Fibroblast,DVT
5.0236597,5.959684,Endothelial,DVT
6.208852,2.623027,Endothelial,DVT
-0.51479846,-4.3658223,Fibroblast,DVT
-5.801431,-1.4252063,VSMC,DVT
3.946528,20.663937,Fibroblast,DVT
5.909798,6.1899333,Endothelial,DVT
1.1352544,-3.540978,Fibroblast,DVT
8.26645,2.0980742,Endothelial,DVT
1.7624335,4.779618,Endothelial,DVT
2.7762132,8.153582,Fibroblast,DVT
-1.3061547,8.612266,Monocyte,DVT
2.9154334,16.500904,Fibroblast,DVT
2.117196,8.981384,Fibroblast,DVT
3.6945245,0.23838596,Fibroblast,DVT
2.2578785,16.252811,Fibroblast,DVT
-6.4731436,12.990115,Neutrophil,DVT
-0.89933884,-3.3789685,Fibroblast,DVT
-2.3330889,-5.9132214,Fibroblast,DVT
14.344186,7.6166778,Fibroblast,DVT
0.5623867,-3.3440754,Fibroblast,DVT
-0.39386037,-4.078726,Fibroblast,DVT
-0.65837246,-2.8487866,Fibroblast,DVT
2.7617576,0.07323099,Fibroblast,DVT
-0.47484487,-4.4053082,Fibroblast,DVT
-1.8266776,-6.097776,Fibroblast,DVT
-0.9664612,-2.0375028,Fibroblast,DVT
2.6494534,-0.89471215,Fibroblast,DVT
-7.2341805,-0.8839037,VSMC,DVT
-1.1114715,-0.17464556,Fibroblast,DVT
-6.3196163,13.291442,Neutrophil,DVT
-3.3173273,-1.9683099,Fibroblast,DVT
4.9119434,5.3701897,Endothelial,DVT
3.4774423,-0.09354943,Fibroblast,DVT
-8.866793,-1.6526519,VSMC,DVT
-1.083916,-1.8866615,Fibroblast,DVT
-2.0725458,-2.67549,Fibroblast,DVT
1.2425963,12.685973,Fibroblast,DVT
-0.6723161,-5.190738,Fibroblast,DVT
8.00374,5.212877,Endothelial,DVT
-2.4446373,-5.2881455,Fibroblast,DVT
-0.044673536,-3.505748,Fibroblast,DVT
3.2572784,4.848149,Endothelial,DVT
-2.678081,-1.460827,Fibroblast,DVT
2.1200902,8.964472,Fibroblast,DVT
-7.978138,-1.4821835,VSMC,DVT
7.3177648,6.0216875,Endothelial,DVT
7.8114457,6.3723803,Endothelial,DVT
0.7646962,-4.231187,Fibroblast,DVT
-1.3563769,14.782147,Fibroblast,DVT
-0.48059335,-4.761474,Fibroblast,DVT
2.6483746,4.7366962,Endothelial,DVT
-4.289002,5.841568,Fibroblast,DVT
-1.0504731,9.107799,Monocyte,DVT
5.7609415,5.7983065,Endothelial,DVT
-1.2756374,-5.880821,Fibroblast,DVT
7.915869,6.1387563,Endothelial,DVT
-0.5063156,3.2601087,Endothelial,DVT
-2.6428535,-4.2061734,Fibroblast,DVT
-6.18261,-1.0335631,VSMC,DVT
-4.281493,8.446902,Macrophage,DVT
0.12278571,-4.614809,Fibroblast,DVT
-2.1112142,-4.1558123,Fibroblast,DVT
0.40184167,-3.5394127,Fibroblast,DVT
3.6100135,-4.1101933,Fibroblast,DVT
-5.4148993,5.92933,Fibroblast,DVT
-1.7391907,-5.653533,Fibroblast,DVT
7.457567,6.091123,Endothelial,DVT
-0.4436013,-5.8373604,Fibroblast,DVT
0.48987195,-8.103284,Fibroblast,DVT
-2.0726612,14.867812,Fibroblast,DVT
-4.232949,6.1393433,Fibroblast,DVT
-1.3493946,-4.522153,Fibroblast,DVT
-3.5111177,8.487204,Monocyte,DVT
0.40393156,-2.1365733,Fibroblast,DVT
0.219432,13.846412,Fibroblast,DVT
2.7262454,4.360961,Endothelial,DVT
-2.452478,-3.5224514,Fibroblast,DVT
-1.9537656,14.661033,Fibroblast,DVT
4.758106,4.8797016,Endothelial,DVT
6.178213,11.363357,B_cell,DVT
2.8325438,4.4804397,Endothelial,DVT
3.4893167,4.934551,Endothelial,DVT
0.8445207,14.175757,Fibroblast,DVT
6.802458,5.775396,Endothelial,DVT
0.99742395,15.808444,Fibroblast,DVT
-8.789736,-1.2446386,VSMC,DVT
-0.46794903,14.359141,Fibroblast,DVT
-3.0882804,5.9919243,Fibroblast,DVT
-1.9897478,-5.463622,Fibroblast,DVT
-3.2222447,-1.3256762,Fibroblast,DVT
-5.9796505,7.3330436,Macrophage,DVT
0.52048236,-4.2059493,Fibroblast,DVT
1.8704377,4.6882153,Endothelial,DVT
0.5207018,15.917411,Fibroblast,DVT
-1.7249588,7.8127584,Fibroblast,DVT
-3.8939483,-4.2840905,Fibroblast,DVT
-4.3499665,9.068265,Macrophage,DVT
2.8458588,-0.26585367,Fibroblast,DVT
1.1979735,-2.211657,Fibroblast,DVT
1.311155,13.22512,Fibroblast,DVT
-5.7330894,7.7773166,Macrophage,DVT
2.9101832,-3.5074637,Fibroblast,DVT
4.9674244,6.0714703,Endothelial,DVT
-1.9041854,8.928846,Monocyte,DVT
-0.7892599,-2.5420218,Fibroblast,DVT
-2.198569,-1.6080695,Fibroblast,DVT
1.4578441,1.591525,Fibroblast,DVT
-5.5284066,6.4223166,Fibroblast,DVT
-1.7529165,14.639425,Fibroblast,DVT
-1.0728978,-5.2734103,Fibroblast,DVT
0.4816037,2.526688,Endothelial,DVT
-0.42300737,-3.9944978,Fibroblast,DVT
-1.3657801,-1.6476955,Fibroblast,DVT
-2.4091244,-3.6360774,Fibroblast,DVT
-0.13460813,-3.1614797,Fibroblast,DVT
-1.6151291,-5.292326,Fibroblast,DVT
1.4348574,2.5109553,Endothelial,DVT
0.17740925,2.7720504,Endothelial,DVT
-7.4944897,-0.6506118,VSMC,DVT
7.4773808,5.90644,Endothelial,DVT
-1.0032523,-4.538182,Fibroblast,DVT
1.8029302,-4.087571,Fibroblast,DVT
-5.3411503,5.550027,Fibroblast,DVT
-1.9267014,-6.258596,Fibroblast,DVT
-7.288155,12.346303,Neutrophil,DVT
-2.461657,-6.0604253,Fibroblast,DVT
-6.8822193,-1.0478164,VSMC,DVT
1.8135519,13.227725,Fibroblast,DVT
-3.4927197,5.7072,Fibroblast,DVT
-5.585801,12.861066,Neutrophil,DVT
-2.1104107,15.861695,Fibroblast,DVT
0.6399073,-3.890854,Fibroblast,DVT
-0.35538557,-3.834437,Fibroblast,DVT
-1.9732436,14.685628,Fibroblast,DVT
7.8288407,6.108369,Endothelial,DVT
1.3561543,-2.6716812,Fibroblast,DVT
2.2279413,4.452016,Endothelial,DVT
-2.6323235,-1.7528764,Fibroblast,DVT
-2.239269,-2.1107411,Fibroblast,DVT
-1.0645964,15.561686,Fibroblast,DVT
-3.1914718,-2.3281207,Fibroblast,DVT
-0.7675193,3.010884,Endothelial,DVT
-2.241722,-3.3020787,Fibroblast,DVT
-6.0078816,6.9687223,Macrophage,DVT
4.6476226,5.0544367,Endothelial,DVT
-7.20026,1.3374355,VSMC,DVT
-1.2760096,9.800491,Monocyte,DVT
-5.7223296,6.0788517,Fibroblast,DVT
1.6276526,-3.1094136,Fibroblast,DVT
-5.649922,7.675914,Macrophage,DVT
-2.6567829,-5.8648047,Fibroblast,DVT
14.623646,7.8174047,Fibroblast,DVT
3.2424505,-3.9771004,Fibroblast,DVT
-1.2225323,-3.5390768,Fibroblast,DVT
14.6286335,7.820961,Fibroblast,DVT
0.6875914,-3.4946926,Fibroblast,DVT
-1.4303863,-5.935001,Fibroblast,DVT
4.43061,5.396203,Endothelial,DVT
5.631949,11.906041,B_cell,DVT
4.714261,5.473805,Endothelial,DVT
-6.3989444,0.10915752,VSMC,DVT
1.1007423,13.734871,Fibroblast,DVT
0.99343777,-2.5403364,Fibroblast,DVT
5.96687,10.906839,B_cell,DVT
-3.4346113,8.603396,Monocyte,DVT
5.4203787,10.2099285,B_cell,DVT
-1.3428969,15.022303,Fibroblast,DVT
-1.0178878,-4.410985,Fibroblast,DVT
-4.6612034,-1.2811693,Fibroblast,DVT
3.1260543,0.24818176,Fibroblast,DVT
-6.1524053,8.115464,Macrophage,DVT
-0.9829163,-4.6578,Fibroblast,DVT
-6.6621017,11.84663,Neutrophil,DVT
2.8514616,7.8029,Fibroblast,DVT
0.28771427,-4.853784,Fibroblast,DVT
-5.638987,6.1845994,Fibroblast,DVT
7.2185855,1.1078115,Endothelial,DVT
7.729751,5.608621,Endothelial,DVT
-2.488145,-5.391613,Fibroblast,DVT
-1.3561974,-5.8717337,Fibroblast,DVT
-3.1853979,-3.0478528,Fibroblast,DVT
-5.9136944,10.90209,Neutrophil,DVT
-10.330726,5.3993053,Fibroblast,DVT
-11.72391,5.6327558,Fibroblast,DVT
2.5388975,3.6719677,VSMC,DVT
-6.6029525,1.1105471,VSMC,DVT
-1.7261547,-6.190495,Fibroblast,DVT
-2.372636,-3.8395636,Fibroblast,DVT
-3.8323467,7.2694902,Macrophage,DVT
-2.6275668,-1.5048907,Fibroblast,DVT
-2.9404726,-4.1982565,Fibroblast,DVT
1.340941,14.500524,Fibroblast,DVT
-1.6656101,-3.2075748,Fibroblast,DVT
-1.4566321,-5.1036377,Fibroblast,DVT
-2.059099,7.6591153,Monocyte,DVT
5.7472434,11.613974,B_cell,DVT
-7.388261,-1.2110986,VSMC,DVT
-0.25190118,8.019014,Monocyte,DVT
6.8419514,5.5120006,Endothelial,DVT
-1.9375621,-6.2484117,Fibroblast,DVT
-0.6165679,-3.8754694,Fibroblast,DVT
-7.2994127,-1.7742018,VSMC,DVT
-0.14900787,-5.2068734,Fibroblast,DVT
-2.4400663,-5.740045,Fibroblast,DVT
-5.812994,-0.94267005,VSMC,DVT
-2.297163,-5.845702,Fibroblast,DVT
-6.5161242,-1.1313852,VSMC,DVT
2.5620263,0.71336955,Fibroblast,DVT
1.149521,-2.781416,Fibroblast,DVT
-3.853122,-2.1840656,Fibroblast,DVT
-6.1280375,12.727998,Neutrophil,DVT
-6.5892324,13.2108135,Neutrophil,DVT
1.9159077,-3.624395,Fibroblast,DVT
-0.25180337,15.816244,Fibroblast,DVT
2.6781797,-4.047415,Fibroblast,DVT
1.3790878,-2.4057088,Fibroblast,DVT
0.2990624,-5.026579,Fibroblast,DVT
-1.9453864,14.5642,Fibroblast,DVT
-1.9532577,14.905823,Fibroblast,DVT
-10.909722,5.2178917,Fibroblast,DVT
-8.3333235,-1.4276314,VSMC,DVT
5.7187843,12.02158,B_cell,DVT
2.9080927,-0.21181788,Fibroblast,DVT
2.337747,16.088299,Fibroblast,DVT
-6.8992367,-1.5996878,VSMC,DVT
1.5261693,13.331174,Fibroblast,DVT
7.443945,6.7435136,Endothelial,DVT
1.6203247,-6.1964064,Fibroblast,DVT
3.1533706,-3.5278435,Fibroblast,DVT
6.7206697,6.242694,Endothelial,DVT
-0.63660556,-4.9963045,Fibroblast,DVT
-1.8754928,14.694706,Fibroblast,DVT
-2.2012076,-5.554039,Fibroblast,DVT
-2.2869616,-5.957911,Fibroblast,DVT
-1.7246245,-5.807844,Fibroblast,DVT
-1.2865962,-5.165524,Fibroblast,DVT
2.4187381,3.0510116,Fibroblast,DVT
-1.4679769,-5.775556,Fibroblast,DVT
-0.48898518,-4.6165357,Fibroblast,DVT
-0.8142347,-3.1606097,Fibroblast,DVT
5.311359,10.322589,B_cell,DVT
0.5592023,2.5449977,Endothelial,DVT
-2.8957975,4.702561,Fibroblast,DVT
-5.178069,7.2695284,Macrophage,DVT
-2.1910481,6.8975725,Fibroblast,DVT
-1.0571738,-5.797973,Fibroblast,DVT
0.27138346,13.203262,Fibroblast,DVT
-5.8565745,7.981746,Macrophage,DVT
6.5934515,5.848286,Endothelial,DVT
1.313792,16.000963,Fibroblast,DVT
-2.1630225,5.2927613,Fibroblast,DVT
-2.5618997,-2.2747664,Fibroblast,DVT
1.1087229,-6.18601,Fibroblast,DVT
-2.852397,-5.503419,Fibroblast,DVT
1.2995621,13.383084,Fibroblast,DVT
-1.0542729,-3.2824788,Fibroblast,DVT
5.1916003,5.6849866,Endothelial,DVT
-0.3304668,-4.234071,Fibroblast,DVT
-3.4174695,-5.2999063,Fibroblast,DVT
-0.71715003,-3.7102108,Fibroblast,DVT
-1.6160951,-5.3271146,Fibroblast,DVT
-2.6674776,-0.8858409,Fibroblast,DVT
4.5023437,-4.2568274,Fibroblast,DVT
-1.5501517,-1.5807831,Fibroblast,DVT
-3.720731,7.2558203,Macrophage,DVT
-2.5843425,-1.494554,Fibroblast,DVT
-10.178192,5.291574,Fibroblast,DVT
-2.3978927,-2.4452891,Fibroblast,DVT
-3.1007798,5.1217694,Fibroblast,DVT
-2.8827374,7.695425,Fibroblast,DVT
4.3354616,10.514899,B_cell,DVT
-0.24577901,-6.774459,Fibroblast,DVT
5.261303,10.804374,B_cell,DVT
-5.85743,8.018939,Macrophage,DVT
-2.7678442,-3.522438,Fibroblast,DVT
-3.1470687,10.075818,Monocyte,DVT
-2.0689876,7.3188405,Fibroblast,DVT
3.3933015,-0.15575065,Fibroblast,DVT
-2.8538592,8.514171,Monocyte,DVT
-5.484786,7.3659267,Macrophage,DVT
-0.89303017,8.78131,Monocyte,DVT
-2.810789,-3.0786216,Fibroblast,DVT
4.7095156,5.6521893,Endothelial,DVT
-2.2348661,15.105002,Fibroblast,DVT
-0.33595976,15.647522,Fibroblast,DVT
0.8589473,-3.9674814,Fibroblast,DVT
-1.0673153,-5.009866,Fibroblast,DVT
6.139559,5.7537913,Endothelial,DVT
4.231954,1.5863054,Endothelial,DVT
-1.1599697,-4.758379,Fibroblast,DVT
0.907377,-4.5855174,Fibroblast,DVT
2.2891252,-4.419506,Fibroblast,DVT
1.8485571,6.760752,B_cell,DVT
-2.2259543,15.753058,Fibroblast,DVT
6.805273,5.5421433,Endothelial,DVT
-2.7491834,-5.997361,Fibroblast,DVT
-2.321333,-4.8774233,Fibroblast,DVT
7.8758273,6.073464,Endothelial,DVT
-0.5427773,-2.8536744,Fibroblast,DVT
-1.7356201,-4.793715,Fibroblast,DVT
-2.142692,-5.240227,Fibroblast,DVT
5.680078,1.3878993,Fibroblast,DVT
-0.5379492,-4.3182697,Fibroblast,DVT
-4.6241126,12.583062,Neutrophil,DVT
-0.9490787,-4.496188,Fibroblast,DVT
-3.8621013,8.951571,Monocyte,DVT
-0.4953393,-1.4801583,Fibroblast,DVT
-4.858484,7.364257,Macrophage,DVT
-4.394303,12.125899,Neutrophil,DVT
3.0156898,-0.11597458,Fibroblast,DVT
-0.8203043,14.26195,Fibroblast,DVT
-2.0000105,8.203793,Monocyte,DVT
-1.1031744,8.383465,Monocyte,DVT
2.5459063,16.34909,Fibroblast,DVT
4.3894157,1.5263277,Fibroblast,DVT
-5.5746427,5.977665,Fibroblast,DVT
-6.142847,-1.3383296,VSMC,DVT
-5.402016,7.5252647,Macrophage,DVT
-1.9241116,-3.3113358,Fibroblast,DVT
-0.7794379,13.901758,Fibroblast,DVT
-0.00058289757,8.112823,Monocyte,DVT
-7.9681306,-1.5041767,VSMC,DVT
2.1171746,8.996524,Fibroblast,DVT
-1.6169912,15.63778,Fibroblast,DVT
2.6735873,0.04871936,Fibroblast,DVT
5.695732,12.466428,B_cell,DVT
-2.9378858,-4.92634,Fibroblast,DVT
1.9830552,12.740446,Fibroblast,DVT
-1.6656742,14.4619055,Fibroblast,DVT
-1.4511647,-6.088121,Fibroblast,DVT
-3.7257977,-4.5906696,Fibroblast,DVT
-11.130537,5.6207585,Fibroblast,DVT
-2.5053139,-1.7674297,Fibroblast,DVT
-5.872984,-1.3005328,VSMC,DVT
-6.8008,-1.7245946,VSMC,DVT
-9.648648,4.0393457,Fibroblast,DVT
-1.7181755,-4.160751,Fibroblast,DVT
-2.301154,-5.118462,Fibroblast,DVT
7.0978165,5.9659348,Endothelial,DVT
7.585269,6.5536823,Endothelial,DVT
2.527074,0.69348955,Fibroblast,DVT
-10.316423,5.433854,Fibroblast,DVT
-1.4852083,13.607461,Fibroblast,DVT
-3.6243374,-2.8413122,Fibroblast,DVT
-5.2616315,5.446286,Fibroblast,DVT
-2.0895374,15.877167,Fibroblast,DVT
-2.7614346,-3.870926,Fibroblast,DVT
-3.302595,-3.9054673,Fibroblast,DVT
-4.290321,6.5772214,Fibroblast,DVT
3.964523,20.682707,Fibroblast,DVT
7.6188846,4.9402575,Endothelial,DVT
7.167404,6.748559,Endothelial,DVT
5.4035068,5.954408,Endothelial,DVT
-11.217638,4.996035,Fibroblast,DVT
-2.037098,-4.478081,Fibroblast,DVT
-6.668613,0.89294994,VSMC,DVT
2.4399066,-7.3599486,Fibroblast,DVT
-0.51495,-5.0749226,Fibroblast,DVT
0.97532743,-2.6821318,Fibroblast,DVT
7.2926536,1.9530497,Endothelial,DVT
-5.8513765,5.3171043,Fibroblast,DVT
-0.6841612,-2.527187,Fibroblast,DVT
2.5674448,16.1782,Fibroblast,DVT
-3.1215432,7.909759,Fibroblast,DVT
-0.5865863,-2.2254899,Fibroblast,DVT
-2.1135633,15.669097,Fibroblast,DVT
2.1441514,8.409227,Fibroblast,DVT
-3.521291,10.197481,Monocyte,DVT
-0.30031317,-3.946387,Fibroblast,DVT
1.5345069,13.020826,Fibroblast,DVT
3.1912682,4.283825,Endothelial,DVT
-5.8993607,12.660296,Neutrophil,DVT
0.015781362,14.204101,Fibroblast,DVT
-5.704237,7.3799706,Macrophage,DVT
-1.6742808,-2.8064046,Fibroblast,DVT
-6.027422,8.114889,Macrophage,DVT
-0.9827981,-4.534151,Fibroblast,DVT
-2.981474,-1.4933485,Fibroblast,DVT
-3.6693873,-2.8810875,Fibroblast,DVT
-1.3308897,8.713342,Monocyte,DVT
-0.13824767,-4.5625005,Fibroblast,DVT
-0.68352234,-4.756937,Fibroblast,DVT
-0.26177105,2.9964309,Endothelial,DVT
5.572892,11.326189,B_cell,DVT
-5.737953,5.58252,Fibroblast,DVT
-1.2588886,-5.370432,Fibroblast,DVT
2.3659136,3.6420329,VSMC,DVT
-2.8594697,-1.5896826,Fibroblast,DVT
3.1885657,-0.21888672,Fibroblast,DVT
7.6478424,5.573402,Endothelial,DVT
-1.5835073,-2.860711,Fibroblast,DVT
-3.794234,9.599741,Monocyte,DVT
0.7307432,2.0995667,Endothelial,DVT
-1.4119581,-2.6894827,Fibroblast,DVT
-3.2590866,6.079966,Fibroblast,DVT
2.6977432,0.04875493,Fibroblast,DVT
-7.2676024,-1.4005075,VSMC,DVT
5.4701996,5.5228076,Endothelial,DVT
-0.03715502,-2.3558395,Fibroblast,DVT
-5.265116,11.246694,Neutrophil,DVT
1.9920638,4.9244432,Endothelial,DVT
-3.2060149,-2.5732214,Fibroblast,DVT
-0.6874147,-2.2034152,Fibroblast,DVT
3.0947251,-0.057606634,Fibroblast,DVT
-6.4894214,-1.7038406,VSMC,DVT
2.1972346,-1.3416269,Fibroblast,DVT
1.8911059,6.89512,B_cell,DVT
-3.9197896,8.803098,Monocyte,DVT
-3.2063463,-4.571081,Fibroblast,DVT
2.638683,0.40787035,Fibroblast,DVT
2.1392343,12.698263,Fibroblast,DVT
-5.12428,5.8981404,Fibroblast,DVT
2.897145,-0.37538952,Fibroblast,DVT
14.05288,7.488742,Fibroblast,DVT
-2.1610074,7.2307043,Fibroblast,DVT
-2.9642367,-4.6154823,Fibroblast,DVT
-2.1561854,-4.8439655,Fibroblast,DVT
-5.207247,11.31486,Neutrophil,DVT
3.1016555,-0.09238308,Fibroblast,DVT
6.0960274,12.282459,B_cell,DVT
2.2590601,8.823902,Fibroblast,DVT
-2.0272834,-2.595712,Fibroblast,DVT
-6.3884544,11.805388,Neutrophil,DVT
-0.19041118,2.9506118,Endothelial,DVT
-6.1760955,1.5430548,VSMC,DVT
2.3663619,8.746574,Fibroblast,DVT
-1.3618636,-4.293272,Fibroblast,DVT
3.0398126,4.2517023,Endothelial,DVT
-2.2769692,9.838281,Monocyte,DVT
-6.0916715,12.761068,Neutrophil,DVT
-3.9291074,-1.9376658,Fibroblast,DVT
-8.894215,-1.2867243,VSMC,DVT
2.3177214,-3.4179788,Fibroblast,DVT
-0.91890925,-4.719355,Fibroblast,DVT
-1.8467355,-4.54067,Fibroblast,DVT
-1.3806751,-5.49188,Fibroblast,DVT
0.40455702,-4.514851,Fibroblast,DVT
-1.7591423,12.3700905,Fibroblast,DVT
0.6437762,-0.6776423,Fibroblast,DVT
3.7934735,-4.1125755,Fibroblast,DVT
-5.822233,-1.0012108,VSMC,DVT
3.24976,4.4020314,Endothelial,DVT
-11.415268,0.10387108,Erythrocyte,DVT
5.4107614,10.805799,B_cell,DVT
2.2124717,0.96824056,Fibroblast,DVT
-6.1731644,1.4630715,VSMC,DVT
-1.6499046,-2.9143155,Fibroblast,DVT
2.8239284,0.47822052,Fibroblast,DVT
-3.1001382,-1.5691191,Fibroblast,DVT
-6.3999333,12.387749,Neutrophil,DVT
-5.4055605,-1.5312927,VSMC,DVT
-1.2423977,-5.09826,Fibroblast,DVT
0.76975167,-3.9791193,Fibroblast,DVT
0.2829721,13.160217,Fibroblast,DVT
-4.111353,7.151146,Fibroblast,DVT
-1.0233982,-4.8701797,Fibroblast,DVT
-3.343961,-5.192973,Fibroblast,DVT
-1.5868204,-4.0603695,Fibroblast,DVT
5.013411,5.366706,Endothelial,DVT
-1.3572994,-3.7875724,Fibroblast,DVT
1.2659439,0.79936665,Fibroblast,DVT
-3.7306383,7.132972,Macrophage,DVT
-1.6244503,-3.170041,Fibroblast,DVT
-1.8995521,14.614195,Fibroblast,DVT
-11.598037,5.1015425,Fibroblast,DVT
6.0207033,11.105476,B_cell,DVT
-1.951991,16.111637,Fibroblast,DVT
-1.830404,-6.117934,Fibroblast,DVT
1.164354,-3.1604564,Fibroblast,DVT
7.476821,4.9090023,Endothelial,DVT
1.4635102,-4.6544113,Fibroblast,DVT
2.3942997,8.751695,Fibroblast,DVT
-2.1850019,7.037505,Fibroblast,DVT
-0.66559994,-4.9368534,Fibroblast,DVT
-2.127107,6.924415,Fibroblast,DVT
2.89112,0.3523621,Fibroblast,DVT
1.7804232,-4.00824,Fibroblast,DVT
-0.44235966,2.6829617,Endothelial,DVT
-4.0997906,6.1876574,Fibroblast,DVT
-2.8905883,-5.5246873,Fibroblast,DVT
-6.0372887,7.192885,Macrophage,DVT
-5.3217244,7.5454125,Macrophage,DVT
-2.3422618,8.26621,Monocyte,DVT
-7.222164,1.2582034,VSMC,DVT
-7.372805,-0.1519012,VSMC,DVT
-1.4358503,-2.6912022,Fibroblast,DVT
-2.1151066,-4.7076354,Fibroblast,DVT
-3.4234505,-3.1627152,Fibroblast,DVT
-5.5786743,11.9163685,Neutrophil,DVT
2.755304,0.2949158,Fibroblast,DVT
-0.5048039,12.638043,Fibroblast,DVT
-5.63466,8.2838545,Macrophage,DVT
3.131573,-3.5363364,Fibroblast,DVT
3.786105,-3.965628,Fibroblast,DVT
-4.974416,11.039112,Endothelial,DVT
5.9548573,11.506989,B_cell,DVT
-5.9734993,6.7883334,Macrophage,DVT
3.7522485,20.458569,Fibroblast,DVT
-5.8136067,-0.9784012,VSMC,DVT
7.5859957,6.1919317,Endothelial,DVT
7.6488404,5.3631973,Endothelial,DVT
-6.6417313,-0.62600523,VSMC,DVT
-2.247106,8.244063,Monocyte,DVT
0.6749754,14.066383,Fibroblast,DVT
-2.2191613,-1.2470315,Fibroblast,DVT
-0.998616,-2.3665633,Fibroblast,DVT
2.2819195,8.75922,Fibroblast,DVT
5.1433516,6.049922,Endothelial,DVT
3.4949355,-0.07476358,Fibroblast,DVT
0.4576602,12.838799,Fibroblast,DVT
-7.2710648,-0.52027386,VSMC,DVT
-2.3143885,-5.8140492,Fibroblast,DVT
-3.5553744,9.935363,Monocyte,DVT
-4.7827096,6.112576,Fibroblast,DVT
-2.51621,-3.1274111,Fibroblast,DVT
-3.143713,-5.429394,Fibroblast,DVT
5.4419694,10.682855,B_cell,DVT
3.7516248,5.126104,Endothelial,DVT
2.8768911,7.7871184,Fibroblast,DVT
2.426147,-3.7832851,Fibroblast,DVT
-6.5021048,-0.6747656,VSMC,DVT
-2.8429844,-3.9180162,Fibroblast,DVT
-2.3810377,6.393815,Fibroblast,DVT
-0.08209339,-6.2202225,Fibroblast,DVT
-2.4800081,-2.4676561,Fibroblast,DVT
-7.482318,0.90616167,VSMC,DVT
-7.1802025,-1.2258537,VSMC,DVT
-1.4828236,-1.631921,Fibroblast,DVT
-2.3868196,7.255241,Fibroblast,DVT
-0.74866456,-5.678386,Fibroblast,DVT
-4.0014014,8.625114,Monocyte,DVT
7.2843103,5.5219727,Endothelial,DVT
2.2337856,4.732107,Endothelial,DVT
2.1100147,8.995756,Fibroblast,DVT
-7.9101777,-0.7606556,VSMC,DVT
5.2942824,10.61434,B_cell,DVT
1.5736153,-6.130077,Fibroblast,DVT
-2.2599099,-5.098171,Fibroblast,DVT
2.8923626,0.2388095,Fibroblast,DVT
-6.702653,-0.9652188,VSMC,DVT
-1.4072683,-4.3557267,Fibroblast,DVT
5.421575,10.986698,B_cell,DVT
-2.7459843,-5.113594,Fibroblast,DVT
0.50846845,-6.628516,Fibroblast,DVT
-5.978842,7.6610665,Macrophage,DVT
-7.1379886,-0.76526475,VSMC,DVT
4.908327,3.0007167,Endothelial,DVT
-0.28617328,-1.557949,Fibroblast,DVT
5.945224,10.927362,B_cell,DVT
5.7318125,6.300282,Endothelial,DVT
3.251324,-4.2902875,Fibroblast,DVT
3.4909177,0.38555688,Fibroblast,DVT
-5.601315,11.9893055,Neutrophil,DVT
-3.0049205,-5.345097,Fibroblast,DVT
2.308519,0.8624573,Fibroblast,DVT
2.923695,0.47017547,Fibroblast,DVT
2.5746312,4.648649,Endothelial,DVT
-1.6608658,8.797588,Monocyte,DVT
-0.022669034,-5.1520386,Fibroblast,DVT
-7.265188,0.17851123,VSMC,DVT
-2.2459111,8.422941,Monocyte,DVT
5.467414,6.0154376,Endothelial,DVT
0.6627591,2.1787238,Endothelial,DVT
-5.876182,10.792406,Neutrophil,DVT
-7.490884,-0.7947284,VSMC,DVT
-3.619903,9.52065,Monocyte,DVT
-10.834476,5.5258274,Fibroblast,DVT
-6.4138083,12.257668,Neutrophil,DVT
-2.1093364,15.643045,Fibroblast,DVT
5.424532,5.779182,Endothelial,DVT
2.5598037,4.5217123,Endothelial,DVT
-2.4185054,-1.0755336,Fibroblast,DVT
2.2899442,8.89982,Fibroblast,DVT
0.6032986,-4.5695105,Fibroblast,DVT
-6.5627637,-1.5642997,VSMC,DVT
-4.8425646,7.364733,Macrophage,DVT
1.389612,1.026907,Fibroblast,DVT
-7.7404714,-1.4793519,VSMC,DVT
1.6247793,-1.8932183,Fibroblast,DVT
-1.9047315,-4.856869,Fibroblast,DVT
-6.020912,-1.3740039,VSMC,DVT
-1.2019455,8.362866,Fibroblast,DVT
8.703005,4.489642,Endothelial,DVT
2.8765943,-0.5768594,Fibroblast,DVT
2.7880123,16.452696,Fibroblast,DVT
-0.42174944,-5.1617284,Fibroblast,DVT
-5.4856625,12.059996,Neutrophil,DVT
-3.1128612,-1.817549,Fibroblast,DVT
-5.1176734,6.336664,Fibroblast,DVT
-0.5891768,-2.1189978,Fibroblast,DVT
-3.3281624,9.623789,Monocyte,DVT
2.8622074,16.489815,Fibroblast,DVT
7.698468,5.2045636,Endothelial,DVT
-1.6401395,-5.104064,Fibroblast,DVT
-1.4636257,9.012514,Monocyte,DVT
-1.43886,-4.427921,Fibroblast,DVT
-2.1196685,-4.1324663,Fibroblast,DVT
3.2646136,4.2362432,Endothelial,DVT
-7.7556057,-1.6724234,VSMC,DVT
-11.546953,5.4507923,Fibroblast,DVT
-3.6757789,-2.6893706,Fibroblast,DVT
3.215983,-0.2895845,Fibroblast,DVT
-1.8871819,5.588007,Fibroblast,DVT
-0.82328326,3.1838913,Endothelial,DVT
2.9224172,-0.60277766,Fibroblast,DVT
7.9155507,5.7902546,Endothelial,DVT
-3.8315792,-3.359418,Fibroblast,DVT
-3.6081886,-3.6804843,Fibroblast,DVT
0.95386696,16.116571,Fibroblast,DVT
2.0748541,-3.9720457,Fibroblast,DVT
6.9670405,5.653555,Endothelial,DVT
2.6568813,0.16585498,Fibroblast,DVT
-7.7762995,12.350459,Neutrophil,DVT
-3.6920788,8.522687,Monocyte,DVT
-1.3439157,-3.9472446,Fibroblast,DVT
2.2072372,-4.3469243,Fibroblast,DVT
-1.5005636,-5.960718,Fibroblast,DVT
0.53167903,-2.9306967,Fibroblast,DVT
0.5390772,-3.269034,Fibroblast,DVT
3.2410471,-4.111836,Fibroblast,DVT
6.347341,11.393623,B_cell,DVT
1.345473,14.05819,Fibroblast,DVT
-11.667992,5.789413,Fibroblast,DVT
-2.5200527,-5.5453677,Fibroblast,DVT
-2.0444362,15.287546,Fibroblast,DVT
6.574426,5.7847733,Endothelial,DVT
-4.7608013,7.7541976,Macrophage,DVT
-0.06735424,-6.1010847,Fibroblast,DVT
1.1086823,12.093255,Fibroblast,DVT
0.7674111,-2.4941854,Fibroblast,DVT
-3.1937745,-2.0910523,Fibroblast,DVT
0.051484745,-5.897213,Fibroblast,DVT
-7.042531,1.3866193,VSMC,DVT
-2.9267654,-3.7081423,Fibroblast,DVT
-0.74285364,8.988678,Monocyte,DVT
5.3492165,9.54372,B_cell,DVT
-1.0909386,-4.4148645,Fibroblast,DVT
1.1930305,-2.521007,Fibroblast,DVT
-2.302098,-2.3564398,Fibroblast,DVT
1.1998236,-4.7322,Fibroblast,DVT
2.5362504,4.260629,Endothelial,DVT
-1.0440181,14.250145,Fibroblast,DVT
1.5046278,13.284737,Fibroblast,DVT
-4.7655654,11.198488,Neutrophil,DVT
-0.033011053,-1.8424987,Fibroblast,DVT
-2.283524,15.597065,Fibroblast,DVT
-5.8001804,6.4552393,Fibroblast,DVT
-7.1850977,-1.7901316,VSMC,DVT
-2.8862782,-1.3962076,Fibroblast,DVT
-1.0099633,-5.7315927,Fibroblast,DVT
-3.0071588,-5.612904,Fibroblast,DVT
-1.9350224,14.673709,Fibroblast,DVT
7.337731,5.6225934,Endothelial,DVT
-3.4260476,5.540471,Fibroblast,DVT
5.7384357,11.1767845,B_cell,DVT
2.60385,-3.422152,Fibroblast,DVT
-2.531378,-2.420252,Fibroblast,DVT
-3.4866142,-3.8787994,Fibroblast,DVT
3.4307468,-4.1875744,Fibroblast,DVT
2.521412,8.540337,Fibroblast,DVT
-3.6015866,-3.4849455,Fibroblast,DVT
2.4951491,4.400574,Endothelial,DVT
-5.8712997,5.5332055,Fibroblast,DVT
4.6627755,4.1359262,Endothelial,DVT
2.5518723,4.392625,Endothelial,DVT
0.9982189,-4.5802307,Fibroblast,DVT
-1.1874994,14.60031,Fibroblast,DVT
4.6747093,4.1688733,Endothelial,DVT
-3.404457,5.0984435,Fibroblast,DVT
-3.027032,-3.9564383,Fibroblast,DVT
3.2111862,-4.1455545,Fibroblast,DVT
-0.5820994,-6.1788263,Fibroblast,DVT
0.5204603,-3.267842,Fibroblast,DVT
-1.2043777,-0.089279264,Fibroblast,DVT
-1.516435,12.886909,Fibroblast,DVT
0.449368,2.5497277,Endothelial,DVT
-4.35199,5.7352247,Fibroblast,DVT
-7.64563,-0.660329,VSMC,DVT
7.6225824,5.8849797,Endothelial,DVT
5.962861,12.335112,B_cell,DVT
2.421175,16.039772,Fibroblast,DVT
-6.5587845,12.77973,Neutrophil,DVT
6.1565185,11.096076,B_cell,DVT
-3.2387235,-5.28055,Fibroblast,DVT
-5.274049,12.674885,Neutrophil,DVT
6.4181213,6.13829,Endothelial,DVT
-0.41942427,-3.9204671,Fibroblast,DVT
-2.7269316,-4.521741,Fibroblast,DVT
3.911135,-4.0768547,Fibroblast,DVT
0.23585717,-0.56251615,Fibroblast,DVT
-0.9986014,7.226291,Fibroblast,DVT
4.7847733,5.5550203,Endothelial,DVT
-5.867101,6.65798,Macrophage,DVT
-2.6391714,6.878529,Fibroblast,DVT
-6.4524064,12.674496,Neutrophil,DVT
7.4056563,5.747271,Endothelial,DVT
-2.0230043,-4.871516,Fibroblast,DVT
-2.05355,15.978249,Fibroblast,DVT
-2.307826,5.0616207,Fibroblast,DVT
3.832076,4.5311556,Endothelial,DVT
-11.656043,0.33122015,Erythrocyte,DVT
-2.0935001,16.029394,Fibroblast,DVT
4.690495,4.991342,Endothelial,DVT
2.8411481,-0.11034503,Fibroblast,DVT
-4.9112186,11.398017,Neutrophil,DVT
-0.85419023,-4.9452314,Fibroblast,DVT
-7.0495043,-1.835545,VSMC,DVT
-0.98881114,3.4056826,Endothelial,DVT
-3.7376845,-2.2895343,Fibroblast,DVT
-2.4028149,-3.586252,Fibroblast,DVT
-5.69923,5.658414,Fibroblast,DVT
-2.5402415,-3.294119,Fibroblast,DVT
3.364182,4.5175743,Endothelial,DVT
-6.117001,6.800664,Macrophage,DVT
-0.7018844,-4.3000865,Fibroblast,DVT
-4.074676,10.586229,Monocyte,DVT
0.31002653,15.097719,Fibroblast,DVT
-6.277612,0.24263808,VSMC,DVT
-0.049552076,-4.68238,Fibroblast,DVT
4.0044203,3.4410594,Endothelial,DVT
-3.112692,-4.0182724,Fibroblast,DVT
0.1350846,-3.4161358,Fibroblast,DVT
-3.040691,6.857121,Fibroblast,DVT
-2.3652778,-2.0102057,Fibroblast,DVT
-6.784884,-1.3421578,VSMC,DVT
-5.4996467,6.404771,Fibroblast,DVT
5.4338493,5.7947197,Endothelial,DVT
0.60487133,-0.91452134,Fibroblast,DVT
-1.2698516,9.835175,Monocyte,DVT
-0.114542745,-5.8119364,Fibroblast,DVT
-6.904635,-0.18825224,VSMC,DVT
-1.258638,-1.7769138,Fibroblast,DVT
-5.119825,4.3157206,Fibroblast,DVT
1.9166448,13.13822,Fibroblast,DVT
5.1994777,4.5362287,Endothelial,DVT
0.43536624,15.974774,Fibroblast,DVT
2.9987056,6.433757,Fibroblast,DVT
0.74882007,-3.9984138,Fibroblast,DVT
-5.351586,6.690548,Macrophage,DVT
7.919932,6.1073575,Endothelial,DVT
-3.2637534,-3.2006211,Fibroblast,DVT
-1.4635257,-3.9587972,Fibroblast,DVT
-2.173411,-1.7572622,Fibroblast,DVT
7.6000404,5.3944044,Endothelial,DVT
2.6792192,-4.19438,Fibroblast,DVT
-5.502996,10.702827,Neutrophil,DVT
0.8608961,-3.191984,Fibroblast,DVT
8.766819,1.8654183,Endothelial,DVT
-3.6260219,9.805822,Monocyte,DVT
9.0448675,0.28950232,Endothelial,DVT
-5.648207,8.342738,Macrophage,DVT
6.318673,11.995519,B_cell,DVT
0.38734487,-3.270469,Fibroblast,DVT
2.646811,0.32674062,Fibroblast,DVT
0.19805275,-4.011913,Fibroblast,DVT
-1.9078755,-3.928661,Fibroblast,DVT
2.285219,-4.0244293,Fibroblast,DVT
0.17494318,-3.9866116,Fibroblast,DVT
14.286654,7.5852766,Fibroblast,DVT
-7.774871,-0.21677664,VSMC,DVT
-2.153911,7.7905006,Monocyte,DVT
-1.9055464,-5.978456,Fibroblast,DVT
-5.4314113,-0.586954,VSMC,DVT
1.4133999,11.948881,Fibroblast,DVT
2.2900105,8.650102,Fibroblast,DVT
-6.141244,8.244324,Macrophage,DVT
-7.1724677,1.3496718,VSMC,DVT
0.71859145,13.159661,Fibroblast,DVT
2.9596748,4.920224,Endothelial,DVT
2.223168,16.172602,Fibroblast,DVT
-1.174406,13.554965,Fibroblast,DVT
-2.6954448,8.725986,Monocyte,DVT
-2.0736897,-6.2968655,Fibroblast,DVT
7.608784,5.8140235,Endothelial,DVT
-1.7531177,-6.086569,Fibroblast,DVT
2.3579414,0.8833158,Fibroblast,DVT
6.822953,5.446882,Endothelial,DVT
2.4064927,4.455403,Endothelial,DVT
2.6689692,4.277725,Endothelial,DVT
6.4609003,0.95238304,Endothelial,DVT
-4.8036094,7.3320513,Macrophage,DVT
0.12206291,2.7506988,Endothelial,DVT
-1.0133624,-4.2429705,Fibroblast,DVT
-7.245902,12.87102,Neutrophil,DVT
-0.81094885,14.58422,Fibroblast,DVT
3.0776584,-4.1135535,Fibroblast,DVT
-1.3043101,-5.698942,Fibroblast,DVT
1.0456344,-2.3225455,Fibroblast,DVT
-3.8041112,-2.6748583,Fibroblast,DVT
5.815034,6.128255,Endothelial,DVT
-8.1698475,-0.75169754,VSMC,DVT
-7.2199793,-1.409854,VSMC,DVT
-2.0838218,-2.7111018,Fibroblast,DVT
6.5011926,5.8374114,Endothelial,DVT
-3.451671,6.0268083,Fibroblast,DVT
3.6147976,20.316038,Fibroblast,DVT
-1.5151688,-5.103708,Fibroblast,DVT
-6.100696,-0.83747417,VSMC,DVT
-3.3649862,6.852157,Fibroblast,DVT
-2.079082,-2.0922782,Fibroblast,DVT
1.0441976,13.04803,Fibroblast,DVT
-1.2835683,9.0315895,Monocyte,DVT
-11.022358,5.359465,Fibroblast,DVT
-2.504896,-3.1703544,Fibroblast,DVT
0.48229852,-3.4786506,Fibroblast,DVT
-1.0768318,-5.058992,Fibroblast,DVT
-1.4465508,14.247795,Fibroblast,DVT
-2.8126633,5.4123144,Fibroblast,DVT
-0.29689327,-3.143998,Fibroblast,DVT
0.7949233,14.302589,Fibroblast,DVT
-0.24363658,-3.642643,Fibroblast,DVT
2.9750116,-0.089642785,Fibroblast,DVT
-2.4340744,8.199266,Monocyte,DVT
-0.5376786,-5.7214546,Fibroblast,DVT
1.7189119,-4.619228,Fibroblast,DVT
5.5639443,10.621289,B_cell,DVT
5.724017,12.142474,B_cell,DVT
7.0204334,5.1530023,Endothelial,DVT
-1.2367886,-4.9200544,Fibroblast,DVT
-1.1278362,-4.787691,Fibroblast,DVT
-3.4205399,-1.849201,Fibroblast,DVT
-7.1747117,-1.5734608,VSMC,DVT
2.9839613,0.15689875,Fibroblast,DVT
1.3110193,-3.6149943,Fibroblast,DVT
-2.2225804,-3.978961,Fibroblast,DVT
2.970814,4.1419344,Endothelial,DVT
0.38361588,-2.4304082,Fibroblast,DVT
-7.696952,12.351092,Neutrophil,DVT
2.8678467,7.669556,Fibroblast,DVT
-4.3251405,8.115768,Macrophage,DVT
2.0645409,15.874092,Fibroblast,DVT
0.089873664,-2.8509536,Fibroblast,DVT
-2.727788,-2.8997343,Fibroblast,DVT
-5.2682824,7.4536896,Macrophage,DVT
2.278339,0.89415514,Fibroblast,DVT
-5.9351435,10.999774,Neutrophil,DVT
-2.953672,-5.614351,Fibroblast,DVT
0.29562393,-0.97395915,Fibroblast,DVT
-2.6727247,-5.1770806,Fibroblast,DVT
-2.087198,8.257048,Monocyte,DVT
2.545711,8.482876,Fibroblast,DVT
2.612071,-0.069387175,Fibroblast,DVT
-6.623909,-0.7806308,VSMC,DVT
6.491897,11.915852,B_cell,DVT
0.44448283,-4.4564514,Fibroblast,DVT
1.8382349,6.801043,B_cell,DVT
-1.9886744,15.882004,Fibroblast,DVT
-4.5205913,7.6592894,Monocyte,DVT
-7.6999464,-0.75502676,VSMC,DVT
5.584624,5.3006024,Endothelial,DVT
0.20220175,-4.3432317,Fibroblast,DVT
3.847286,0.16134864,Fibroblast,DVT
1.4515941,11.908642,Fibroblast,DVT
7.6335025,4.9049196,Endothelial,DVT
-3.3712435,9.458486,Monocyte,DVT
-3.5699074,-1.3308164,Fibroblast,DVT
-6.892927,0.4772967,VSMC,DVT
-2.7647746,4.834318,Fibroblast,DVT
-0.097682945,-5.9390187,Fibroblast,DVT
2.571784,16.312647,Fibroblast,DVT
3.0129495,-0.10853118,Fibroblast,DVT
-5.2165475,-1.0483544,Fibroblast,DVT
-5.837682,5.5048623,Fibroblast,DVT
-3.3434713,-3.1719363,Fibroblast,DVT
4.9671283,4.7431846,Endothelial,DVT
-6.0507145,8.432465,Macrophage,DVT
3.6781085,0.396527,Fibroblast,DVT
0.4317566,-2.6783824,Fibroblast,DVT
-1.4135008,-5.7873054,Fibroblast,DVT
-5.3970833,12.015108,Neutrophil,DVT
-1.976092,-4.6355004,Fibroblast,DVT
-0.3283295,3.1304483,Endothelial,DVT
0.85069245,-2.8563452,Fibroblast,DVT
1.2048017,11.974745,Fibroblast,DVT
-2.5568888,-5.143919,Fibroblast,DVT
-3.4302497,-4.324449,Fibroblast,DVT
2.2068744,4.521194,Endothelial,DVT
2.4783008,0.127303,Fibroblast,DVT
-5.6561627,8.336855,Macrophage,DVT
3.0986328,-3.5790272,Fibroblast,DVT
-2.561308,-3.796187,Fibroblast,DVT
-4.898643,9.476892,Macrophage,DVT
-2.6979887,-3.963042,Fibroblast,DVT
6.0649104,11.057167,B_cell,DVT
0.32785472,15.930207,Fibroblast,DVT
0.2307482,-4.187328,Fibroblast,DVT
-0.2813233,-5.8088613,Fibroblast,DVT
-1.1841862,-5.637995,Fibroblast,DVT
-5.463318,11.502491,Neutrophil,DVT
-3.2673333,-4.351746,Fibroblast,DVT
-2.4296615,9.83955,Monocyte,DVT
-2.3022366,6.722464,Fibroblast,DVT
4.881124,9.086576,B_cell,DVT
-4.6724563,7.5627236,Macrophage,DVT
-3.793819,7.415807,Fibroblast,DVT
-3.4749608,-4.3965635,Fibroblast,DVT
-4.09234,8.493804,Macrophage,DVT
-0.2625848,-4.812518,Fibroblast,DVT
-10.956939,5.152699,Fibroblast,DVT
2.6585982,0.4308187,Fibroblast,DVT
-2.1927748,-2.0387003,Fibroblast,DVT
-5.9940033,6.878982,Macrophage,DVT
-2.3973846,6.1925883,Fibroblast,DVT
2.8167667,-4.196658,Fibroblast,DVT
-0.95064205,8.705392,Monocyte,DVT
-0.28441775,8.010391,Monocyte,DVT
-1.1771146,-2.9739993,Fibroblast,DVT
-2.1644645,15.5152235,Fibroblast,DVT
-8.07178,-0.92415136,VSMC,DVT
1.6963466,-4.212752,Fibroblast,DVT
-6.4484076,-1.4583144,VSMC,DVT
3.257671,-4.279067,Fibroblast,DVT
-2.030607,-4.963129,Fibroblast,DVT
3.4224076,-5.2666473,Fibroblast,DVT
5.951892,11.953469,B_cell,DVT
0.04470936,-7.396837,Fibroblast,DVT
-6.2829533,0.457063,VSMC,DVT
-2.8782609,-3.3023324,Fibroblast,DVT
-7.4907117,12.489731,Neutrophil,DVT
-1.9347773,14.665916,Fibroblast,DVT
-4.798505,5.7820153,Fibroblast,DVT
-1.9633206,14.641214,Fibroblast,DVT
2.0242803,4.790313,Endothelial,DVT
-4.1874275,10.209538,Macrophage,DVT
-7.943345,-0.47588858,VSMC,DVT
0.081549756,-2.7300053,Fibroblast,DVT
6.923408,5.7675147,Endothelial,DVT
-3.2020416,9.690136,Monocyte,DVT
-3.4094229,-2.233778,Fibroblast,DVT
-0.4722792,-1.3124373,Fibroblast,DVT
-1.9372566,-2.8205261,Fibroblast,DVT
-6.777988,0.55840385,VSMC,DVT
0.7212338,14.956051,Fibroblast,DVT
0.4268246,-3.3571506,Fibroblast,DVT
-2.7842443,4.356836,Fibroblast,DVT
2.9761362,0.5991819,Fibroblast,DVT
0.61801994,-3.8998706,Fibroblast,DVT
0.50951684,-4.5103416,Fibroblast,DVT
-5.9206038,7.142785,Macrophage,DVT
-2.928897,9.667131,Monocyte,DVT
-6.6120048,1.1162529,VSMC,DVT
-5.081907,11.003593,Neutrophil,DVT
-5.8625517,5.383458,Fibroblast,DVT
-10.729705,4.5951824,Fibroblast,DVT
6.1393347,5.6526127,Endothelial,DVT
-1.9249434,14.415087,Fibroblast,DVT
-0.21064328,-3.3311868,Fibroblast,DVT
-1.2783518,-2.4754844,Fibroblast,DVT
-1.1870977,-0.14733909,Fibroblast,DVT
6.9582973,5.267876,Endothelial,DVT
0.07303629,-6.1538024,Fibroblast,DVT
-3.9286096,8.703647,Monocyte,DVT
-5.3123584,12.685475,Neutrophil,DVT
-1.9840214,-3.6117182,Fibroblast,DVT
-3.60715,-1.7103897,Fibroblast,DVT
-0.9946535,8.507463,Monocyte,DVT
-5.446776,-0.64661866,Fibroblast,DVT
2.727485,4.505382,Endothelial,DVT
3.5211663,-3.9650502,Fibroblast,DVT
-3.9624445,7.3549976,Fibroblast,DVT
2.3151758,16.097597,Fibroblast,DVT
6.963344,5.25926,Endothelial,DVT
2.8044922,4.830379,Endothelial,DVT
-1.1746283,-1.8103924,Fibroblast,DVT
1.8631915,6.714762,B_cell,DVT
-5.8474445,12.617553,Neutrophil,DVT
-0.60233,-6.195083,Fibroblast,DVT
-0.19819136,2.8910089,Endothelial,DVT
-2.9337623,6.6899724,Fibroblast,DVT
-2.0460997,5.4420185,Fibroblast,DVT
3.0353916,4.527414,Endothelial,DVT
1.2902104,13.5616255,Fibroblast,DVT
0.72590923,-4.4043307,Fibroblast,DVT
-7.595908,-1.4275844,VSMC,DVT
1.122596,14.187458,Fibroblast,DVT
-2.8355806,-5.2136774,Fibroblast,DVT
-3.6272795,-1.6911291,Fibroblast,DVT
-11.0059805,4.320665,Fibroblast,DVT
7.588484,6.770406,Endothelial,DVT
2.322626,8.786982,Fibroblast,DVT
-5.398907,6.147349,Fibroblast,DVT
2.504275,16.097067,Fibroblast,DVT
-0.9836872,-4.4658,Fibroblast,DVT
5.279441,9.980543,B_cell,DVT
-2.1158528,6.288533,Fibroblast,DVT
1.9991732,12.708473,Fibroblast,DVT
-0.7199781,-3.4618015,Fibroblast,DVT
6.002821,11.97214,B_cell,DVT
-1.405067,-0.0717139,Fibroblast,DVT
-5.9535527,7.464738,Macrophage,DVT
-0.7305799,8.805424,Monocyte,DVT
1.1923428,-1.9364364,Fibroblast,DVT
-6.0668716,-0.9321628,VSMC,DVT
-4.6249595,6.1319857,Fibroblast,DVT
-5.474761,11.901516,Neutrophil,DVT
-1.6883509,8.497586,Monocyte,DVT
0.24859366,13.118513,Fibroblast,DVT
-6.3591585,12.608519,Neutrophil,DVT
5.257332,5.852813,Endothelial,DVT
-0.7105581,-1.9461312,Fibroblast,DVT
-4.3799043,6.2929235,Fibroblast,DVT
-1.0550606,-3.827696,Fibroblast,DVT
-7.0420666,-1.1506418,VSMC,DVT
2.0419807,7.864244,Fibroblast,DVT
-4.0403624,6.0704336,Fibroblast,DVT
-5.646155,7.2312484,Macrophage,DVT
0.3015476,-3.9830847,Fibroblast,DVT
-1.4222544,-4.7135925,Fibroblast,DVT
-5.5525484,7.779393,Macrophage,DVT
-2.2091954,-2.1707904,Fibroblast,DVT
-0.63362694,8.8573,Monocyte,DVT
0.63920367,-6.586762,Fibroblast,DVT
0.87027127,0.21876352,Fibroblast,DVT
0.22814533,-3.5945342,Fibroblast,DVT
-3.493124,10.08976,Monocyte,DVT
0.16020814,16.121647,Fibroblast,DVT
-1.1592809,-5.6398516,Fibroblast,DVT
-4.9819026,11.642806,Neutrophil,DVT
8.036319,5.6493735,Endothelial,DVT
1.4438545,-4.883855,Fibroblast,DVT
2.4422312,-4.5239515,Fibroblast,DVT
4.223879,1.0917817,Fibroblast,DVT
1.8326975,16.174799,Fibroblast,DVT
-3.5788972,6.0437284,Fibroblast,DVT
-1.8994468,-5.423806,Fibroblast,DVT
3.2672408,4.4522467,Endothelial,DVT
0.64304465,-4.9265656,Fibroblast,DVT
-0.32933375,-4.116127,Fibroblast,DVT
-2.999929,-4.961997,Fibroblast,DVT
1.1180918,-2.3643644,Fibroblast,DVT
-6.5853953,-0.7993823,VSMC,DVT
-2.5888085,5.8324895,Fibroblast,DVT
6.8016114,5.506213,Endothelial,DVT
-2.260371,5.7819867,Fibroblast,DVT
-1.2769792,-0.008091666,Fibroblast,DVT
-5.49214,12.130791,Neutrophil,DVT
-3.3963735,-4.166588,Fibroblast,DVT
-1.0188237,-4.043978,Fibroblast,DVT
7.1832986,6.03299,Endothelial,DVT
0.8852135,-4.334473,Fibroblast,DVT
-1.9812729,8.150712,Monocyte,DVT
2.4659388,4.344007,Endothelial,DVT
7.741981,5.327511,Endothelial,DVT
-6.417399,12.043853,Neutrophil,DVT
0.10684691,2.7350152,Endothelial,DVT
-4.155931,8.397452,Monocyte,DVT
-3.062643,9.181951,Monocyte,DVT
-1.9272801,-2.9223444,Fibroblast,DVT
4.4420023,-4.5848494,Fibroblast,DVT
-8.839522,-1.5725181,VSMC,DVT
-0.036481936,8.155941,Monocyte,DVT
-1.3056476,6.7414737,Fibroblast,DVT
-0.46705982,-2.8587153,Fibroblast,DVT
-1.6223123,-2.3783069,Fibroblast,DVT
3.3412044,0.112851165,Fibroblast,DVT
-0.56471294,-3.0735838,Fibroblast,DVT
-0.49172884,-2.1471927,Fibroblast,DVT
-0.9188052,-5.2527347,Fibroblast,DVT
-2.7946296,-2.559719,Fibroblast,DVT
0.9029225,13.999216,Fibroblast,DVT
-7.448444,1.1480548,VSMC,DVT
-5.9549055,7.5799613,Macrophage,DVT
1.4004296,13.841653,Fibroblast,DVT
-8.890981,-1.2251922,VSMC,DVT
-6.073728,-0.84026814,VSMC,DVT
3.1638749,0.15821326,Fibroblast,DVT
-2.152324,15.100781,Fibroblast,DVT
-5.815919,12.593257,Neutrophil,DVT
0.96684635,-0.768302,Fibroblast,DVT
0.017396495,-7.8261685,Fibroblast,DVT
1.0190761,-5.3509245,Fibroblast,DVT
-3.6922631,8.565075,Monocyte,DVT
-3.078606,-1.9184151,Fibroblast,DVT
-2.632268,-5.2139025,Fibroblast,DVT
8.458381,4.2715335,Endothelial,DVT
-3.9428546,8.337221,Monocyte,DVT
-4.5255504,8.457679,Macrophage,DVT
2.7437534,8.198578,Fibroblast,DVT
-5.937822,6.8138084,Macrophage,DVT
-1.7714393,-2.9463036,Fibroblast,DVT
-3.3217473,-5.1302423,Fibroblast,DVT
-2.2517707,15.293758,Fibroblast,DVT
3.019153,0.9122978,Fibroblast,DVT
-3.7662013,-4.5248685,Fibroblast,DVT
-2.9700358,-3.6258178,Fibroblast,DVT
-1.3798474,-5.744203,Fibroblast,DVT
-3.1849566,8.95287,Monocyte,DVT
-3.090175,-4.5986953,Fibroblast,DVT
-7.7101083,-1.4131337,VSMC,DVT
7.1209774,5.758879,Endothelial,DVT
-5.887109,10.8520975,Neutrophil,DVT
-6.220037,-1.3657058,VSMC,DVT
-0.9547171,-2.7531378,Fibroblast,DVT
-1.6865522,-2.9872625,Fibroblast,DVT
1.159693,-2.2631907,Fibroblast,DVT
5.40448,10.167195,B_cell,DVT
-7.4039555,-1.3088359,VSMC,DVT
-8.417894,-1.4609257,VSMC,DVT
-0.8541208,-4.3508244,Fibroblast,DVT
-1.6942259,-5.762991,Fibroblast,DVT
0.52232194,-3.06849,Fibroblast,DVT
7.9804173,5.345774,Endothelial,DVT
-5.384527,6.994407,Macrophage,DVT
-3.1249146,-3.9415796,Fibroblast,DVT
-2.2550077,8.32088,Monocyte,DVT
-2.8041482,-5.9806037,Fibroblast,DVT
-1.9676464,8.226677,Monocyte,DVT
-2.0894816,-1.9173486,Fibroblast,DVT
-1.5521054,-3.576888,Fibroblast,DVT
5.863535,10.930169,B_cell,DVT
2.7179837,4.8897405,Endothelial,DVT
-4.5777335,10.852333,Neutrophil,DVT
4.789085,4.6930766,Endothelial,DVT
-6.042655,5.7284164,Fibroblast,DVT
3.0289338,0.3195395,Fibroblast,DVT
-2.542113,8.478466,Monocyte,DVT
-5.8819814,10.978569,Neutrophil,DVT
-0.58242947,3.3516552,Endothelial,DVT
-1.219541,10.089369,Monocyte,DVT
3.539334,0.6012494,Fibroblast,DVT
0.09571155,14.106179,Fibroblast,DVT
-5.75762,8.234805,Macrophage,DVT
-1.707032,-4.093468,Fibroblast,DVT
8.076504,5.99079,Endothelial,DVT
8.004318,6.2380385,Endothelial,DVT
-6.080822,6.6531253,Macrophage,DVT
-7.4961057,0.7515751,VSMC,DVT
2.1468844,9.058496,Fibroblast,DVT
6.1544604,12.052475,B_cell,DVT
-4.0568175,8.282268,Macrophage,DVT
3.1738992,4.5979185,Endothelial,DVT
-0.10140926,-2.361264,Fibroblast,DVT
-4.3542557,12.55089,Neutrophil,DVT
-5.0941978,6.57087,Fibroblast,DVT
0.47961903,14.368479,Fibroblast,DVT
-5.9931164,7.2229295,Macrophage,DVT
-1.4953362,14.957386,Fibroblast,DVT
-0.9824418,3.2127237,Endothelial,DVT
1.8806633,6.8774214,B_cell,DVT
-1.6901511,7.258151,Fibroblast,DVT
-1.3818668,13.816563,Fibroblast,DVT
0.83922446,16.046112,Fibroblast,DVT
2.7483675,4.712414,Endothelial,DVT
-1.0492039,-4.5626926,Fibroblast,DVT
0.8516291,-4.6463532,Fibroblast,DVT
-5.0592794,8.094155,Macrophage,DVT
2.4409282,-4.0783324,Fibroblast,DVT
0.5925862,-4.4981866,Fibroblast,DVT
-1.5252676,-3.0942783,Fibroblast,DVT
0.22989377,15.363716,Fibroblast,DVT
-1.878436,-3.3809078,Fibroblast,DVT
-2.0252538,-1.9274907,Fibroblast,DVT
-4.059735,-4.375263,Fibroblast,DVT
6.1177835,12.243448,B_cell,DVT
-6.5352697,12.442694,Neutrophil,DVT
-6.7743425,-0.76906043,VSMC,DVT
-2.4477394,-2.710082,Fibroblast,DVT
-0.7483572,-4.777262,Fibroblast,DVT
3.2209325,-0.17793256,Fibroblast,DVT
0.15940231,-3.6969087,Fibroblast,DVT
-2.0223765,-4.306193,Fibroblast,DVT
5.706113,10.692917,B_cell,DVT
2.5084214,-4.069136,Fibroblast,DVT
-3.284326,-1.8978877,Fibroblast,DVT
-5.1493735,6.421581,Fibroblast,DVT
-2.515728,-4.814406,Fibroblast,DVT
1.0863038,1.0886542,Fibroblast,DVT
3.3842645,4.2789335,Endothelial,DVT
-0.54576737,-5.7979455,Fibroblast,DVT
3.2390065,-0.2851027,Fibroblast,DVT
14.652683,7.835967,Fibroblast,DVT
-2.8190606,-4.282406,Fibroblast,DVT
6.290111,11.511666,B_cell,DVT
4.971068,9.464668,B_cell,DVT
-2.389655,-5.638123,Fibroblast,DVT
-8.6322975,-1.5890512,VSMC,DVT
2.6597795,7.402001,Fibroblast,DVT
-1.7689059,14.388571,Fibroblast,DVT
-8.258868,-0.8537857,VSMC,DVT
2.755616,4.3539715,Endothelial,DVT
2.4473646,-0.09378052,Fibroblast,DVT
5.6210375,11.29971,B_cell,DVT
-0.34406954,7.0578966,Fibroblast,DVT
1.7935803,-4.1963434,Fibroblast,DVT
0.5975679,-4.9691157,Fibroblast,DVT
3.2372346,-3.9772851,Fibroblast,DVT
1.4594758,-4.666083,Fibroblast,DVT
-7.5831404,-1.0524617,VSMC,DVT
-2.7716312,-4.684591,Fibroblast,DVT
-1.8306017,15.731498,Fibroblast,DVT
-5.2481303,-1.0282253,Fibroblast,DVT
-1.0770181,-5.420876,Fibroblast,DVT
-2.7744064,-5.8095274,Fibroblast,DVT
-8.886506,-1.1554484,VSMC,DVT
-2.3013444,-2.6534193,Fibroblast,DVT
-6.998961,-1.4973252,VSMC,DVT
0.4980702,-0.87628317,Fibroblast,DVT
2.1610951,8.724787,Fibroblast,DVT
-0.8560447,-5.4749284,Fibroblast,DVT
-4.981152,8.514599,Macrophage,DVT
-2.1666992,-5.5725293,Fibroblast,DVT
-4.578089,12.672879,Neutrophil,DVT
-2.3257787,-5.054744,Fibroblast,DVT
-5.221884,6.233169,Fibroblast,DVT
-6.643564,-0.5158315,VSMC,DVT
-6.2235317,7.203287,Macrophage,DVT
-0.25213885,-5.2694626,Fibroblast,DVT
-2.4713435,-3.3459282,Fibroblast,DVT
-3.501267,6.4458904,Fibroblast,DVT
-6.9408717,-0.8513753,VSMC,DVT
-4.60625,5.9656982,Fibroblast,DVT
-4.794336,-1.6202879,Fibroblast,DVT
-0.19274355,-4.329865,Fibroblast,DVT
-2.9449742,-5.0397,Fibroblast,DVT
1.8160765,-4.27661,Fibroblast,DVT
-11.3088045,4.545656,Fibroblast,DVT
6.0030947,12.137679,B_cell,DVT
-4.4712567,8.187845,Macrophage,DVT
-0.31339768,8.173833,Monocyte,DVT
-1.4556811,6.6201205,Fibroblast,DVT
0.7680231,15.327776,Fibroblast,DVT
-0.15221244,-4.1308703,Fibroblast,DVT
-2.0429475,8.226596,Monocyte,DVT
5.97209,12.39822,B_cell,DVT
1.2976421,12.731305,Fibroblast,DVT
0.36689475,13.11072,Fibroblast,DVT
-0.07754807,-5.964602,Fibroblast,DVT
-1.5110142,12.927595,Fibroblast,DVT
-1.8845439,-6.09602,Fibroblast,DVT
-2.7488384,-3.3944428,Fibroblast,DVT
-5.705204,5.94727,Fibroblast,DVT
3.079716,0.050063804,Fibroblast,DVT
6.0987935,5.0134373,Endothelial,DVT
-9.7281685,4.026617,Fibroblast,DVT
-8.215743,-1.2965943,VSMC,DVT
-1.4717185,0.084786765,Fibroblast,DVT
1.2850362,-1.8968633,Fibroblast,DVT
-1.2874032,-5.865473,Fibroblast,DVT
7.630742,5.86003,Endothelial,DVT
-3.2338808,5.0302052,Fibroblast,DVT
0.4404053,13.690125,Fibroblast,DVT
-1.6182418,-0.025076209,Fibroblast,DVT
-2.7612522,-4.798442,Fibroblast,DVT
-2.3602204,-4.6560283,Fibroblast,DVT
3.9105752,-4.083263,Fibroblast,DVT
-2.6945617,-4.2616086,Fibroblast,DVT
6.521284,5.855372,Endothelial,DVT
3.7670493,4.9589477,Endothelial,DVT
-5.0372324,6.8321958,Fibroblast,DVT
-4.9145174,7.7115703,Macrophage,DVT
-11.131482,5.7080526,Fibroblast,DVT
2.9985282,-3.8626027,Fibroblast,DVT
-5.860648,5.354767,Fibroblast,DVT
-5.3583617,8.117867,Macrophage,DVT
-1.8365273,15.90321,Fibroblast,DVT
-1.4408302,-3.3295412,Fibroblast,DVT
1.592782,-2.9497879,Fibroblast,DVT
-6.386698,6.9110913,Macrophage,DVT
-1.7898011,14.483107,Fibroblast,DVT
2.843347,0.57203585,Fibroblast,DVT
-7.939176,-1.4655211,VSMC,DVT
-8.92332,-1.5329765,VSMC,DVT
-6.220451,1.4283272,VSMC,DVT
7.874322,4.8666778,Endothelial,DVT
-0.5084908,-5.645905,Fibroblast,DVT
-3.299345,-3.7764478,Fibroblast,DVT
-5.80104,11.820239,Neutrophil,DVT
5.573199,11.367926,B_cell,DVT
6.55815,5.6820416,Endothelial,DVT
2.699761,-3.553463,Fibroblast,DVT
-2.9023106,-5.6639237,Fibroblast,DVT
2.7286024,0.35749787,Fibroblast,DVT
-3.2764022,-4.0331225,Fibroblast,DVT
-5.536573,12.018842,Neutrophil,DVT
-2.146652,-3.347898,Fibroblast,DVT
2.5572329,-3.746459,Fibroblast,DVT
-5.009588,8.178268,Macrophage,DVT
-1.4099572,-5.114732,Fibroblast,DVT
-3.705925,-2.0992877,Fibroblast,DVT
-2.9312024,-5.397165,Fibroblast,DVT
5.0897307,10.678449,B_cell,DVT
-2.37675,-5.57916,Fibroblast,DVT
-6.7824078,-1.674194,VSMC,DVT
2.9914436,-0.31892934,Fibroblast,DVT
-5.594377,6.837876,Macrophage,DVT
-3.536023,-2.872872,Fibroblast,DVT
-1.1743588,-5.847937,Fibroblast,DVT
-7.100164,-1.0447141,VSMC,DVT
-1.6823082,-5.6334853,Fibroblast,DVT
5.263074,5.7103467,Endothelial,DVT
0.26787415,-4.4867826,Fibroblast,DVT
-3.8676448,6.2974133,Fibroblast,DVT
-2.2399998,-4.2991576,Fibroblast,DVT
-6.2146964,7.9561806,Macrophage,DVT
-2.0518968,-5.859533,Fibroblast,DVT
-3.518603,-1.9742148,Fibroblast,DVT
-2.9921193,-3.634511,Fibroblast,DVT
-4.9917793,7.5295625,Macrophage,DVT
-1.843905,-3.2896438,Fibroblast,DVT
-3.2575514,-2.924291,Fibroblast,DVT
0.8970132,13.683001,Fibroblast,DVT
-3.820745,-3.809204,Fibroblast,DVT
5.6870613,6.186826,Endothelial,DVT
-1.4279271,9.887388,Monocyte,DVT
0.58508366,2.5318081,Endothelial,DVT
-2.0746908,-5.054627,Fibroblast,DVT
-3.3540251,-3.3321164,Fibroblast,DVT
0.883797,15.282205,Fibroblast,DVT
2.9785383,-3.8383036,Fibroblast,DVT
-3.3901625,-4.995251,Fibroblast,DVT
0.6055204,-3.5158625,Fibroblast,DVT
3.7929652,-3.9745026,Fibroblast,DVT
0.83279043,13.961768,Fibroblast,DVT
-3.5335963,-4.9291363,Fibroblast,DVT
-1.6266913,-5.063235,Fibroblast,DVT
1.0122895,-2.953301,Fibroblast,DVT
0.86907744,14.125856,Fibroblast,DVT
-2.9177666,-4.9819465,Fibroblast,DVT
-1.8358369,15.602174,Fibroblast,DVT
2.9362562,-3.6366026,Fibroblast,DVT
-1.7958357,-5.067642,Fibroblast,DVT
-7.8460407,-1.7912703,VSMC,DVT
7.9537716,5.6846905,Endothelial,DVT
-5.8516808,-1.1081635,VSMC,DVT
1.6334409,-3.952523,Fibroblast,DVT
-3.3380566,-1.4360201,Fibroblast,DVT
-5.2994123,6.45586,Fibroblast,DVT
1.4294425,13.023387,Fibroblast,DVT
-0.84970707,-1.7985901,Fibroblast,DVT
-3.4737494,-2.183028,Fibroblast,DVT
-0.71983206,-5.574934,Fibroblast,DVT
-6.207889,7.4446216,Macrophage,DVT
7.864953,5.84093,Endothelial,DVT
1.5145346,-6.136925,Fibroblast,DVT
1.9823776,-3.4328198,Fibroblast,DVT
-3.5759897,5.8605437,Fibroblast,DVT
0.4474184,-4.0428624,Fibroblast,DVT
5.9372015,11.066102,B_cell,DVT
1.705308,-4.531397,Fibroblast,DVT
-2.3122036,5.0369105,Fibroblast,DVT
-6.974375,1.3746223,VSMC,DVT
-5.2657776,5.6283097,Fibroblast,DVT
3.950006,20.667078,Fibroblast,DVT
-7.6322308,-1.2920021,VSMC,DVT
0.76314825,-0.7640529,Fibroblast,DVT
0.5164471,15.671148,Fibroblast,DVT
-5.4919033,11.048365,Neutrophil,DVT
7.48631,5.7907734,Endothelial,DVT
2.8253639,7.8648124,Fibroblast,DVT
-1.6469754,14.227752,Fibroblast,DVT
-2.1488907,5.481913,Fibroblast,DVT
-1.0458463,3.4148524,Endothelial,DVT
14.496627,7.7314725,Fibroblast,DVT
-0.87683535,14.680442,Fibroblast,DVT
-1.6816722,-2.1703167,Fibroblast,DVT
-6.5367856,1.4075925,VSMC,DVT
1.2966769,14.117982,Fibroblast,DVT
-8.586272,-1.6590079,VSMC,DVT
1.1280394,13.034921,Fibroblast,DVT
-4.9778337,6.737508,Fibroblast,DVT
-2.3789485,-5.405401,Fibroblast,DVT
-5.890622,13.001973,Neutrophil,DVT
-2.8249629,-5.3372746,Fibroblast,DVT
-3.7379248,-4.3317904,Fibroblast,DVT
14.76947,7.941937,Fibroblast,DVT
-8.123547,-1.7711282,VSMC,DVT
2.2527902,-3.450892,Fibroblast,DVT
2.3494947,-1.2587969,Fibroblast,DVT
6.231505,2.3159437,Endothelial,DVT
-3.0941906,-2.5130215,Fibroblast,DVT
-0.0055292654,-2.3669617,Fibroblast,DVT
2.9701107,-0.10946806,Fibroblast,DVT
-1.239819,14.975059,Fibroblast,DVT
0.8939146,-3.1140487,Fibroblast,DVT
-0.8188663,-4.910001,Fibroblast,DVT
3.680092,-3.9474823,Fibroblast,DVT
-2.9034653,-3.9743247,Fibroblast,DVT
-6.2075725,7.313839,Macrophage,DVT
-5.9736495,12.837453,Neutrophil,DVT
7.2999263,5.5187693,Endothelial,DVT
-7.0847173,12.408712,Neutrophil,DVT
2.0387964,-4.3176093,Fibroblast,DVT
-4.805582,6.128531,Fibroblast,DVT
5.8528767,12.433519,B_cell,DVT
2.0963097,7.7395163,Fibroblast,DVT
2.9024699,7.737852,Fibroblast,DVT
2.2463095,0.8672673,Fibroblast,DVT
-3.5663383,-3.9410377,Fibroblast,DVT
-3.7863123,10.090393,Monocyte,DVT
-1.4646372,-5.42842,Fibroblast,DVT
-6.5911417,0.5065951,VSMC,DVT
0.16729099,-2.3956718,Fibroblast,DVT
-2.1281667,-4.683509,Fibroblast,DVT
-2.783942,-4.7609406,Fibroblast,DVT
5.6969156,5.9753814,Endothelial,DVT
-1.1750289,-5.9407206,Fibroblast,DVT
-8.445423,-1.3233186,VSMC,DVT
-1.5382962,12.843796,Fibroblast,DVT
-1.5264977,-3.858365,Fibroblast,DVT
-6.4473953,-0.022582408,VSMC,DVT
-5.7501683,8.1683,Macrophage,DVT
2.2741604,8.7903805,Fibroblast,DVT
1.6960355,-4.2991114,Fibroblast,DVT
-1.436088,8.910047,Monocyte,DVT
-3.5011609,-2.9260867,Fibroblast,DVT
-2.2322562,-4.558812,Fibroblast,DVT
3.6446621,0.02797899,Fibroblast,DVT
-2.7880273,4.261339,Fibroblast,DVT
1.4651757,-3.0429556,Fibroblast,DVT
0.96521133,16.086657,Fibroblast,DVT
-2.338582,-3.8621128,Fibroblast,DVT
3.0068264,6.402962,Fibroblast,DVT
-4.5695024,8.553907,Macrophage,DVT
-4.5322914,8.183588,Macrophage,DVT
-2.1296072,14.809429,Fibroblast,DVT
3.9569628,20.67476,Fibroblast,DVT
2.7301617,4.8171787,Endothelial,DVT
-2.3802254,-2.904926,Fibroblast,DVT
-6.4012117,12.663528,Neutrophil,DVT
-0.9410112,14.030971,Fibroblast,DVT
-3.5157194,-1.9233394,Fibroblast,DVT
3.6833982,20.382025,Fibroblast,DVT
5.83491,1.6116061,Fibroblast,DVT
-7.4110866,-1.201433,VSMC,DVT
-5.877336,-0.9307247,VSMC,DVT
1.5154413,-2.9890049,Fibroblast,DVT
-2.7517068,4.9083686,Fibroblast,DVT
-2.4493194,-4.632628,Fibroblast,DVT
-4.9604278,11.591238,Neutrophil,DVT
0.018526101,-6.821671,Fibroblast,DVT
-3.1451523,6.436227,Fibroblast,DVT
-0.7044259,7.6208954,Monocyte,DVT
-2.089804,8.272021,Monocyte,DVT
-2.4615953,4.80636,Fibroblast,DVT
3.1628873,0.08485817,Fibroblast,DVT
6.5699477,5.6079187,Endothelial,DVT
-1.2235901,-3.898445,Fibroblast,DVT
-1.2366782,-5.7198544,Fibroblast,DVT
-1.3126959,-1.8586603,Fibroblast,DVT
-2.6052206,-3.1153247,Fibroblast,DVT
14.537656,7.7348437,Fibroblast,DVT
-1.6407121,7.208904,Fibroblast,DVT
-2.03959,7.3364964,Endothelial,DVT
-1.991413,-4.8122773,Fibroblast,DVT
-2.3010585,-5.387171,Fibroblast,DVT
-7.380223,1.2611331,VSMC,DVT
-4.5729575,11.748991,Neutrophil,DVT
-7.0405955,-1.5749072,VSMC,DVT
-1.5144942,-5.6026125,Fibroblast,DVT
-5.099731,5.772667,Fibroblast,DVT
-1.0769709,-3.3817184,Fibroblast,DVT
0.7788915,-3.582998,Fibroblast,DVT
3.2719502,-0.7905952,Fibroblast,DVT
-6.8327236,-0.42121175,VSMC,DVT
-7.2969117,-0.8765611,VSMC,DVT
-3.1542356,-2.6354253,Fibroblast,DVT
-5.5718884,8.456417,Macrophage,DVT
-6.588653,0.9839635,VSMC,DVT
-1.2977887,-4.8887973,Fibroblast,DVT
0.62873876,-3.5806513,Fibroblast,DVT
14.018423,7.45244,Fibroblast,DVT
-3.4153497,-4.9192615,Fibroblast,DVT
3.665415,4.840624,Endothelial,DVT
1.4405948,14.394969,Fibroblast,DVT
0.6022776,15.056265,Fibroblast,DVT
-0.606727,-5.6533856,Fibroblast,DVT
-3.210699,8.364408,Monocyte,DVT
3.4236672,0.27503166,Fibroblast,DVT
-4.6636004,11.774871,Neutrophil,DVT
-7.994737,-0.56882185,VSMC,DVT
0.6663772,-3.6165283,Fibroblast,DVT
-0.2863075,-4.111601,Fibroblast,DVT
-0.9197067,-2.4993944,Fibroblast,DVT
-4.904117,7.539703,Macrophage,DVT
-1.2842871,9.872869,Monocyte,DVT
-0.59710324,-4.679485,Fibroblast,DVT
-8.16934,-0.88894665,VSMC,DVT
1.443034,13.101332,Fibroblast,DVT
-1.9002627,8.581307,Monocyte,DVT
-4.8330445,4.4000263,Fibroblast,DVT
5.9529195,5.9483986,Endothelial,DVT
-1.9056383,-4.1426167,Fibroblast,DVT
-8.33109,-1.8106817,VSMC,DVT
-0.3381124,7.163521,Fibroblast,DVT
-0.6224444,14.722403,Fibroblast,DVT
-3.4726095,9.874223,Monocyte,DVT
-2.709361,-3.6567063,Fibroblast,DVT
-3.5517569,-3.063986,Fibroblast,DVT
7.5306926,5.538863,Endothelial,DVT
0.8205767,14.998383,Fibroblast,DVT
7.838041,5.7454896,Endothelial,DVT
-0.6130354,12.984219,Fibroblast,DVT
-1.0154555,-2.8935266,Fibroblast,DVT
2.6573787,-4.3094525,Fibroblast,DVT
-0.38445127,-6.295229,Fibroblast,DVT
3.8485813,-4.256173,Fibroblast,DVT
3.6338801,-4.0905,Fibroblast,DVT
-8.455183,-1.4597614,VSMC,DVT
-3.0489233,7.718662,Fibroblast,DVT
-1.2296437,8.781657,Monocyte,DVT
3.017139,4.420041,Endothelial,DVT
-2.5987508,-1.5510705,Fibroblast,DVT
-8.062155,-1.0559547,VSMC,DVT
5.5727854,10.893353,B_cell,DVT
-4.7185416,6.432051,Fibroblast,DVT
6.2554584,12.207618,B_cell,DVT
5.984387,11.626499,B_cell,DVT
3.9367604,3.4662938,Endothelial,DVT
0.49082455,-3.2244198,Fibroblast,DVT
-1.3610307,-1.9205663,Fibroblast,DVT
0.35117036,2.4435298,Endothelial,DVT
-6.4840617,-0.976316,VSMC,DVT
2.0440083,2.569154,Fibroblast,DVT
5.6533966,12.288474,B_cell,DVT
-1.3222562,8.930682,Monocyte,DVT
-4.171655,-3.841702,Fibroblast,DVT
0.7484844,-2.7645705,Fibroblast,DVT
2.3903873,16.126926,Fibroblast,DVT
-1.3800013,-2.440125,Fibroblast,DVT
-10.550458,5.483099,Fibroblast,DVT
3.8565073,4.6820993,Endothelial,DVT
-3.5545716,-2.0705438,Fibroblast,DVT
-11.698972,5.763598,Fibroblast,DVT
-2.932561,7.909414,Fibroblast,DVT
3.0871956,-0.8033134,Fibroblast,DVT
7.3849673,6.018488,Endothelial,DVT
-4.454446,12.03748,Neutrophil,DVT
-10.316778,5.5656843,Fibroblast,DVT
7.5786805,5.881593,Endothelial,DVT
-2.8619764,4.7423143,Fibroblast,DVT
-10.224648,5.479941,Fibroblast,DVT
-3.103254,-5.4500537,Fibroblast,DVT
-3.442629,9.738124,Monocyte,DVT
-3.1859643,9.543163,Monocyte,DVT
-3.390674,-4.0828276,Fibroblast,DVT
-0.92750263,9.041443,Monocyte,DVT
-3.0928593,6.140987,Fibroblast,DVT
0.32289907,-2.8428133,Fibroblast,DVT
-0.47216138,-4.6208024,Fibroblast,DVT
1.160823,-2.2134516,Fibroblast,DVT
-6.046105,5.955934,Fibroblast,DVT
-6.068934,5.183815,Fibroblast,DVT
-2.181016,15.297334,Fibroblast,DVT
2.7705293,4.6319213,Endothelial,DVT
6.391166,12.101455,B_cell,DVT
2.0560577,4.8323073,Endothelial,DVT
-0.37455308,-4.3964844,Fibroblast,DVT
-3.0323527,-4.323892,Fibroblast,DVT
0.02875938,-2.280452,Fibroblast,DVT
0.6303719,14.360966,Fibroblast,DVT
1.6388221,13.022302,Fibroblast,DVT
-3.3102732,-5.341688,Fibroblast,DVT
2.5182183,-0.78416276,Fibroblast,DVT
-3.2807727,-4.845344,Fibroblast,DVT
-5.8028345,12.258943,Neutrophil,DVT
3.8013673,0.29604295,Fibroblast,DVT
-3.5023181,-1.6052557,Fibroblast,DVT
-3.5426702,-2.015434,Fibroblast,DVT
-8.891678,-1.0644083,VSMC,DVT
2.7693412,-0.53261864,Fibroblast,DVT
-5.5902743,11.8052635,Neutrophil,DVT
-2.2844596,6.29507,Fibroblast,DVT
7.7195153,5.411248,Endothelial,DVT
2.5390613,0.13227734,Fibroblast,DVT
-1.5321565,-6.1485767,Fibroblast,DVT
4.647932,4.899054,Endothelial,DVT
-3.9068851,-2.8359785,Fibroblast,DVT
-1.316378,-4.3772445,Fibroblast,DVT
-2.1119902,-3.6903176,Fibroblast,DVT
5.888593,11.8810005,B_cell,DVT
5.505214,10.958258,B_cell,DVT
-1.9034613,-3.0244005,Fibroblast,DVT
-1.9772551,16.14915,Fibroblast,DVT
-5.79468,-0.9209316,VSMC,DVT
-2.6056376,-2.7765868,Fibroblast,DVT
-7.373196,12.789403,Neutrophil,DVT
2.620868,0.3082541,Fibroblast,DVT
-1.7564075,-5.3986444,Fibroblast,DVT
-0.99988186,-1.9381196,Fibroblast,DVT
2.346465,-1.2313961,Fibroblast,DVT
-7.5488915,-1.3926091,VSMC,DVT
-1.4710712,-5.1329155,Fibroblast,DVT
1.9541168,-0.34172437,Fibroblast,DVT
1.5020957,1.6541963,Fibroblast,DVT
-0.16506936,14.683947,Fibroblast,DVT
1.620992,-4.7221885,Fibroblast,DVT
-3.6268964,-4.18432,Fibroblast,DVT
-3.1469448,9.20129,Monocyte,DVT
-0.60469234,-2.7290332,Fibroblast,DVT
1.3590018,11.940543,Fibroblast,DVT
-5.6812043,-1.2733965,VSMC,DVT
-3.3756356,-3.4765103,Fibroblast,DVT
-0.7384856,-4.3641033,Fibroblast,DVT
4.6432114,5.5051637,Endothelial,DVT
-2.2070432,14.967341,Fibroblast,DVT
-3.0100777,-4.217925,Fibroblast,DVT
-1.7891225,14.750869,Fibroblast,DVT
2.7403493,-5.8839874,Fibroblast,DVT
-0.6107366,-6.21731,Fibroblast,DVT
2.7747889,0.1586621,Fibroblast,DVT
-7.4219656,0.7238859,VSMC,DVT
2.5459564,-3.5709398,Fibroblast,DVT
-5.8921695,13.200388,Neutrophil,DVT
5.483291,11.934654,B_cell,DVT
-7.5836096,-0.9396876,VSMC,DVT
-0.7438923,9.192608,Monocyte,DVT
0.6727283,-4.3940563,Fibroblast,DVT
-1.2392344,8.842318,Monocyte,DVT
-0.84125125,-3.0536735,Fibroblast,DVT
-4.841093,7.021166,Fibroblast,DVT
-3.246581,-2.6398191,Fibroblast,DVT
-5.7704864,8.426903,Macrophage,DVT
5.720545,2.094396,Endothelial,DVT
-1.4760534,-3.5058599,Fibroblast,DVT
-3.6752412,8.789164,Monocyte,DVT
-3.6509457,-4.560019,Fibroblast,DVT
-3.2561607,9.439416,Monocyte,DVT
-5.938237,12.078315,Neutrophil,DVT
-1.8863496,-4.902344,Fibroblast,DVT
-5.6665163,8.3249,Macrophage,DVT
-5.390719,11.642706,Neutrophil,DVT
3.4478369,0.054441333,Fibroblast,DVT
-5.0580497,8.394298,Macrophage,DVT
14.43565,7.6757936,Fibroblast,DVT
3.4641106,0.09737665,Fibroblast,DVT
-0.51060206,-5.5427046,Fibroblast,DVT
-5.346434,12.1824255,Neutrophil,DVT
-3.3974435,-3.5473855,Fibroblast,DVT
1.0626984,14.02984,Fibroblast,DVT
-7.910415,-0.7916902,VSMC,DVT
3.5263226,-0.09320949,Fibroblast,DVT
5.698383,11.771505,B_cell,DVT
-0.54800093,3.0670905,Endothelial,DVT
-9.058426,-1.2183679,VSMC,DVT
-6.227784,1.6132225,VSMC,DVT
-8.886055,-1.1525793,VSMC,DVT
3.9827425,-4.3611565,Fibroblast,DVT
-0.60088515,15.92793,Fibroblast,DVT
2.5731266,-0.32571992,Fibroblast,DVT
-6.086828,8.053316,Macrophage,DVT
2.2873068,8.785487,Fibroblast,DVT
2.5773337,0.38257593,Fibroblast,DVT
-2.0106063,-3.163237,Fibroblast,DVT
5.540855,10.886253,B_cell,DVT
-2.1471586,8.379578,Monocyte,DVT
5.232904,5.8297033,Endothelial,DVT
-5.529757,5.722001,Fibroblast,DVT
-1.8910474,-2.9755998,Fibroblast,DVT
-2.9219024,-3.991292,Fibroblast,DVT
-2.3485596,6.9086437,Fibroblast,DVT
-7.441526,-1.8437753,VSMC,DVT
-3.7891088,5.917575,Fibroblast,DVT
-2.9051044,5.0026426,Fibroblast,DVT
1.4888285,13.310596,Fibroblast,DVT
-1.6214429,14.921381,Fibroblast,DVT
-8.94208,-1.4370856,VSMC,DVT
-1.1781873,-4.192743,Fibroblast,DVT
-3.8735769,8.599185,Monocyte,DVT
-8.819647,-1.4642731,VSMC,DVT
-3.3099096,9.782565,Monocyte,DVT
-2.1425052,-1.1796902,Fibroblast,DVT
5.722312,6.2343135,Endothelial,DVT
-1.8849297,16.108072,Fibroblast,DVT
7.3185334,6.081622,Endothelial,DVT
-1.5705713,6.5735464,Fibroblast,DVT
7.4563174,6.29907,Endothelial,DVT
-3.8101816,8.869174,Monocyte,DVT
-0.38680845,-1.380892,Fibroblast,DVT
-3.65415,-1.6285819,Fibroblast,DVT
-3.8294003,7.4114842,Fibroblast,DVT
-4.1034746,8.818491,Monocyte,DVT
-5.497638,7.5849366,Macrophage,DVT
1.8205354,-4.358246,Fibroblast,DVT
-4.1672254,-4.507819,Fibroblast,DVT
4.4210734,-4.52699,Fibroblast,DVT
2.9284408,16.455845,Fibroblast,DVT
-2.0414057,14.709568,Fibroblast,DVT
1.192974,14.656642,Fibroblast,DVT
-1.8324572,15.071714,Fibroblast,DVT
6.055393,11.088291,B_cell,DVT
-0.63694936,-2.3723795,Fibroblast,DVT
6.280589,12.291945,B_cell,DVT
14.374518,7.640605,Fibroblast,DVT
1.0780706,-2.380149,Fibroblast,DVT
-6.3144855,1.4955931,VSMC,DVT
-8.681735,-1.3848644,VSMC,DVT
-2.6849198,-3.0827088,Fibroblast,DVT
4.7743735,5.5609283,Endothelial,DVT
2.2443354,8.82457,Fibroblast,DVT
-3.2595785,-5.0146794,Fibroblast,DVT
3.7731133,0.12364232,Fibroblast,DVT
-1.5702566,-3.094281,Fibroblast,DVT
-8.1149235,-0.9416169,VSMC,DVT
3.519435,4.856979,Endothelial,DVT
-2.8235314,-5.9336004,Fibroblast,DVT
-2.072056,-2.4402485,Fibroblast,DVT
-4.5940514,8.425174,Macrophage,DVT
-0.17967813,15.475443,Fibroblast,DVT
3.2429297,6.2753134,Fibroblast,DVT
-6.046892,5.563204,Fibroblast,DVT
-4.9839563,10.938786,Neutrophil,DVT
2.8202064,0.40354007,Fibroblast,DVT
-5.8134108,12.712703,Neutrophil,DVT
1.7051651,16.037819,Fibroblast,DVT
-1.9090284,7.5240736,Endothelial,DVT
7.660949,6.3995028,Endothelial,DVT
-0.5499301,-2.2258377,Fibroblast,DVT
-3.5911677,-4.8972225,Fibroblast,DVT
-1.9186835,8.472601,Monocyte,DVT
-10.947207,5.4511666,Fibroblast,DVT
-0.74433863,-2.942867,Fibroblast,DVT
-6.5505824,-1.4189981,VSMC,DVT
-1.0436121,-1.8239295,Fibroblast,DVT
-6.7329235,0.93492264,VSMC,DVT
7.0043387,6.599846,Endothelial,DVT
0.79809654,-2.5782704,Fibroblast,DVT
2.993894,-0.5692719,Fibroblast,DVT
2.2700875,-4.266057,Fibroblast,DVT
-1.8504411,-6.317443,Fibroblast,DVT
-1.4954993,-3.8952568,Fibroblast,DVT
-1.2380276,-1.9928825,Fibroblast,DVT
-3.134626,-1.6765565,Fibroblast,DVT
3.4126775,0.24692596,Fibroblast,DVT
-0.27004895,-3.7635233,Fibroblast,DVT
-2.1655788,-3.4270911,Fibroblast,DVT
-2.7743294,-2.1160932,Fibroblast,DVT
3.5624368,-4.128354,Fibroblast,DVT
-4.577543,6.22192,Fibroblast,DVT
-2.217423,-4.173061,Fibroblast,DVT
2.14308,-4.085111,Fibroblast,DVT
-8.113619,-1.2383837,VSMC,DVT
0.103077225,2.8611798,Endothelial,DVT
1.1381799,-2.4728067,Fibroblast,DVT
-0.48065454,-3.0488312,Fibroblast,DVT
14.405064,7.6677303,Fibroblast,DVT
-2.5982454,-5.115883,Fibroblast,DVT
-2.7463863,-3.364799,Fibroblast,DVT
2.3484437,4.806653,Endothelial,DVT
5.374179,5.658553,Endothelial,DVT
1.415849,1.0957569,Fibroblast,DVT
-0.70576304,-3.9442096,Fibroblast,DVT
-1.4773734,-3.4631217,Fibroblast,DVT
3.4119105,-0.12166066,Fibroblast,DVT
-2.6481025,-4.5736375,Fibroblast,DVT
-1.7089301,-4.5675454,Fibroblast,DVT
-2.0073028,-2.0229592,Fibroblast,DVT
-3.0984669,-3.497171,Fibroblast,DVT
-3.0997245,9.320929,Monocyte,DVT
2.6778655,0.14212005,Fibroblast,DVT
-3.1898003,-4.3636756,Fibroblast,DVT
3.0001543,-4.0636487,Fibroblast,DVT
-2.748253,-2.375525,Fibroblast,DVT
0.97564876,-5.127884,Fibroblast,DVT
-1.4601847,8.78902,Monocyte,DVT
-0.73068565,13.840936,Fibroblast,DVT
0.6940568,-4.219933,Fibroblast,DVT
1.1225888,13.811101,Fibroblast,DVT
5.6035075,6.292354,Endothelial,DVT
1.3175191,15.892135,Fibroblast,DVT
-0.2764152,-5.8379393,Fibroblast,DVT
-5.9668417,11.918728,Neutrophil,DVT
-4.8132606,12.520959,Neutrophil,DVT
0.84413314,-4.529243,Fibroblast,DVT
5.2494245,6.222802,Endothelial,DVT
-3.281225,-4.793025,Fibroblast,DVT
2.5808487,-1.0036832,Fibroblast,DVT
-7.433203,-1.1436064,VSMC,DVT
-6.312783,1.5216019,VSMC,DVT
-2.4634566,-6.047305,Fibroblast,DVT
7.0093474,6.160479,Endothelial,DVT
-6.0346913,6.3571997,Macrophage,DVT
-7.6871324,12.358135,Neutrophil,DVT
-2.8444836,8.615018,Monocyte,DVT
-6.7784505,-0.66533047,VSMC,DVT
-1.0242494,8.539863,Monocyte,DVT
3.8901005,0.12918246,Fibroblast,DVT
1.2389637,13.2567425,Fibroblast,DVT
2.7049706,4.187175,Endothelial,DVT
3.6713355,-4.296291,Fibroblast,DVT
-5.999147,7.23232,Macrophage,DVT
-0.8518193,-5.422557,Fibroblast,DVT
-4.9298935,12.738564,Neutrophil,DVT
-7.986089,-0.9181719,VSMC,DVT
-0.7728665,-3.281274,Fibroblast,DVT
2.8618915,0.0004814322,Fibroblast,DVT
2.7825296,-0.14771758,Fibroblast,DVT
-1.6728466,-5.015941,Fibroblast,DVT
-6.133376,7.55564,Macrophage,DVT
5.62471,6.004488,Endothelial,DVT
6.289815,6.100765,Endothelial,DVT
-3.1158118,9.894468,Monocyte,DVT
0.6155568,-4.6452765,Fibroblast,DVT
1.9021691,0.015681067,Fibroblast,DVT
-2.672311,-3.1882293,Fibroblast,DVT
1.7503163,13.290483,Fibroblast,DVT
-0.7111575,13.900783,Fibroblast,DVT
-2.1573577,-2.475166,Fibroblast,DVT
-1.3140317,-4.919867,Fibroblast,DVT
7.597626,5.8533816,Endothelial,DVT
14.543544,7.7446065,Fibroblast,DVT
-4.039224,5.529057,Fibroblast,DVT
0.5933337,15.076242,Fibroblast,DVT
-2.5536397,-4.6466513,Fibroblast,DVT
2.9151812,-4.217986,Fibroblast,DVT
2.4138267,4.319625,Endothelial,DVT
-0.90294135,-3.6264493,Fibroblast,DVT
0.8636063,15.35251,Fibroblast,DVT
0.1262242,15.076679,Fibroblast,DVT
7.3365417,6.787912,Endothelial,DVT
-3.793986,10.419302,Monocyte,DVT
-4.893104,9.464984,Macrophage,DVT
3.8198378,20.53264,Fibroblast,DVT
-5.9909773,6.7031565,Macrophage,DVT
-1.2792338,15.067343,Fibroblast,DVT
-2.9044518,-4.363543,Fibroblast,DVT
-1.7951959,14.750183,Fibroblast,DVT
-0.36319554,15.450931,Fibroblast,DVT
2.4254577,-0.07915838,Fibroblast,DVT
-1.5453107,13.966235,Fibroblast,DVT
-4.410933,10.190956,Macrophage,DVT
6.1134295,11.123365,B_cell,DVT
-6.0164814,8.10249,Macrophage,DVT
2.9455268,-4.3016043,Fibroblast,DVT
-4.1411915,-3.7923687,Fibroblast,DVT
-2.0147648,-5.1779127,Fibroblast,DVT
-11.10017,5.352968,Fibroblast,DVT
2.0091407,7.8245587,Fibroblast,DVT
-3.7199686,-2.04627,Fibroblast,DVT
-1.2807091,-6.1102777,Fibroblast,DVT
-7.71651,-1.2511942,VSMC,DVT
-0.57741034,-5.944827,Fibroblast,DVT
-2.5365267,-4.6671624,Fibroblast,DVT
-1.9639008,14.498917,Fibroblast,DVT
-4.830584,4.4177265,Fibroblast,DVT
3.749683,4.5980005,Endothelial,DVT
-2.4682202,5.911232,Fibroblast,DVT
2.540969,-0.10769767,Fibroblast,DVT
5.645006,11.015012,B_cell,DVT
-0.849664,-3.3269033,Fibroblast,DVT
7.7592854,5.740374,Endothelial,DVT
0.854771,-3.2029836,Fibroblast,DVT
0.9848096,-3.6898534,Fibroblast,DVT
-1.1387688,-4.3498597,Fibroblast,DVT
-5.339967,8.129959,Macrophage,DVT
-4.051833,8.958698,Monocyte,DVT
-4.9003515,9.713759,Macrophage,DVT
-1.873304,8.257029,Monocyte,DVT
-8.117522,-1.1178665,VSMC,DVT
0.933306,-6.3414235,Fibroblast,DVT
0.029047063,-4.8728495,Fibroblast,DVT
-5.9538937,6.493505,Macrophage,DVT
2.9341667,6.5052786,Fibroblast,DVT
1.0049776,-4.478372,Fibroblast,DVT
4.640571,4.688601,Endothelial,DVT
6.0631437,12.275542,B_cell,DVT
-8.032599,-2.0007782,VSMC,DVT
1.3013561,-3.0912817,Fibroblast,DVT
3.1233695,4.197009,Endothelial,DVT
-4.3097625,6.654358,Fibroblast,DVT
-3.6890445,9.421056,Monocyte,DVT
0.32260135,13.395892,Fibroblast,DVT
-2.144896,6.497414,Fibroblast,DVT
-1.8991317,8.535017,Monocyte,DVT
-5.509582,12.409278,Neutrophil,DVT
7.00447,6.064477,Endothelial,DVT
-1.3965245,-5.6513596,Fibroblast,DVT
-3.141377,9.65444,Monocyte,DVT
-1.1464734,-5.7311263,Fibroblast,DVT
-3.9858472,10.067365,Monocyte,DVT
1.2853585,15.995588,Fibroblast,DVT
-4.345913,7.2941785,Monocyte,DVT
-1.6910983,-5.1563234,Fibroblast,DVT
6.190045,11.642176,B_cell,DVT
1.81563,4.7434616,Endothelial,DVT
-11.193825,4.522598,Fibroblast,DVT
2.213088,8.850498,Fibroblast,DVT
-5.5220866,11.137005,Neutrophil,DVT
-0.5401485,8.654722,Monocyte,DVT
-1.1327477,-5.2332225,Fibroblast,DVT
-6.9670377,-0.06316099,VSMC,DVT
1.5211077,11.894925,Fibroblast,DVT
-3.5530617,5.0597334,Fibroblast,DVT
-1.5824462,-4.5906386,Fibroblast,DVT
-1.2116549,9.132894,Monocyte,DVT
-3.3798537,7.0461473,Fibroblast,DVT
-0.8369444,8.912029,Monocyte,DVT
-3.888652,8.965032,Monocyte,DVT
0.55176437,-5.1235013,Fibroblast,DVT
1.6623622,12.7530155,Fibroblast,DVT
-6.0663915,8.201771,Macrophage,DVT
1.0217456,0.30066794,Fibroblast,DVT
-5.8360634,12.650976,Neutrophil,DVT
-5.6325617,6.9861608,Macrophage,DVT
7.727974,5.9648438,Endothelial,DVT
0.61504287,-4.7829423,Fibroblast,DVT
-4.2637177,6.6166472,Fibroblast,DVT
-2.0932307,6.8737636,Fibroblast,DVT
2.7193804,-0.26755735,Fibroblast,DVT
-1.5613312,-5.333392,Fibroblast,DVT
4.1634536,-4.4104943,Fibroblast,DVT
-5.684373,7.2684336,Macrophage,DVT
0.736623,14.118165,Fibroblast,DVT
1.9113659,13.097461,Fibroblast,DVT
1.8858321,4.725036,Endothelial,DVT
7.0879545,4.796707,Endothelial,DVT
-2.6789043,-5.3094635,Fibroblast,DVT
-4.1875367,-4.592867,Fibroblast,DVT
-3.8928041,-3.3202431,Fibroblast,DVT
6.128891,10.953482,B_cell,DVT
-0.10189609,-4.1449113,Fibroblast,DVT
0.7240893,12.124069,Fibroblast,DVT
0.17046787,-5.88514,Fibroblast,DVT
-2.0939796,-5.5990796,Fibroblast,DVT
-1.7385318,-4.7541943,Fibroblast,DVT
-11.375784,4.979161,Fibroblast,DVT
14.246885,7.54254,Fibroblast,DVT
3.4721348,0.26248237,Fibroblast,DVT
-1.0850688,14.614989,Fibroblast,DVT
-0.6275424,-5.8249335,Fibroblast,DVT
-2.4655054,-5.923742,Fibroblast,DVT
-3.0036688,-3.9272285,Fibroblast,DVT
-6.295316,13.315305,Neutrophil,DVT
-5.643155,7.752453,Macrophage,DVT
-3.0546927,9.967946,Monocyte,DVT
2.753248,0.27860212,Fibroblast,DVT
-6.805665,11.81381,Neutrophil,DVT
-8.356275,-1.54623,VSMC,DVT
-8.263502,-0.7114366,VSMC,DVT
2.8487232,-3.52282,Fibroblast,DVT
0.870492,-3.3144712,Fibroblast,DVT
-1.7029178,15.772817,Fibroblast,DVT
-1.327427,-4.1857944,Fibroblast,DVT
2.9573402,-3.4901776,Fibroblast,DVT
0.8958899,13.500715,Fibroblast,DVT
2.760417,-0.16876875,Fibroblast,DVT
-0.69448024,3.1061664,Endothelial,DVT
6.184704,11.527653,B_cell,DVT
5.445518,4.2648907,Endothelial,DVT
-0.51012826,15.544108,Fibroblast,DVT
0.39148238,-3.5064461,Fibroblast,DVT
-0.8351364,-4.808668,Fibroblast,DVT
2.0250387,9.113335,Fibroblast,DVT
-5.5387383,12.355669,Neutrophil,DVT
-5.722055,8.0560465,Macrophage,DVT
2.0861514,-4.0988674,Fibroblast,DVT
-4.270324,-4.594309,Fibroblast,DVT
2.196538,4.85772,Endothelial,DVT
-5.882195,12.922665,Neutrophil,DVT
1.8546127,4.631542,Endothelial,DVT
-4.9348764,6.840654,Fibroblast,DVT
-2.9124126,-3.554364,Fibroblast,DVT
-10.29844,5.3744407,Fibroblast,DVT
0.22575234,-3.2289553,Fibroblast,DVT
-1.789396,8.513424,Monocyte,DVT
-2.694587,-6.0910296,Fibroblast,DVT
-4.7766395,12.599953,Neutrophil,DVT
1.4134473,-3.7631533,Fibroblast,DVT
-5.635327,7.917491,Macrophage,DVT
-2.6147113,-4.178737,Fibroblast,DVT
-2.5630875,-4.489859,Fibroblast,DVT
-1.4605296,9.735655,Monocyte,DVT
-1.5145758,-2.272271,Fibroblast,DVT
-6.049158,7.114909,Macrophage,DVT
1.8277806,12.764817,Fibroblast,DVT
-8.420095,-1.0442189,VSMC,DVT
-4.12767,8.458111,Monocyte,DVT
-2.1590233,15.486082,Fibroblast,DVT
4.8190446,6.2137113,Endothelial,DVT
-4.268995,8.74466,Monocyte,DVT
-0.299603,-4.444604,Fibroblast,DVT
6.0894003,5.839443,Endothelial,DVT
0.91972244,1.1837406,Endothelial,DVT
-0.7982929,-2.9962337,Fibroblast,DVT
-2.8685703,-3.729827,Fibroblast,DVT
-1.7127736,15.668682,Fibroblast,DVT
-1.3585715,-4.652737,Fibroblast,DVT
-2.9787388,8.646403,Monocyte,DVT
-0.11689381,2.724261,Endothelial,DVT
7.357138,6.54579,Endothelial,DVT
-0.43711334,-3.343389,Fibroblast,DVT
2.819253,16.428356,Fibroblast,DVT
-1.7299457,-4.476451,Fibroblast,DVT
1.7499125,1.2605436,Fibroblast,DVT
-6.4238386,11.704741,Neutrophil,DVT
-2.4012268,-4.707305,Fibroblast,DVT
4.004833,0.17386214,Fibroblast,DVT
0.9267122,-2.3966322,Fibroblast,DVT
2.2353249,12.627474,Fibroblast,DVT
-11.565345,5.1696873,Fibroblast,DVT
-1.5108258,14.703482,Fibroblast,DVT
-0.72674555,-1.4201634,Fibroblast,DVT
0.33232492,-1.0493307,Fibroblast,DVT
-2.4731472,-4.2887096,Fibroblast,DVT
-3.5559773,-1.8873179,Fibroblast,DVT
6.1964765,10.987471,B_cell,DVT
-3.8101835,7.209441,Macrophage,DVT
2.664506,-0.0652792,Fibroblast,DVT
1.6602373,-3.5904503,Fibroblast,DVT
-1.3881314,-6.015165,Fibroblast,DVT
3.172756,4.5322704,Endothelial,DVT
-0.835422,3.3062215,Endothelial,DVT
3.4322298,0.0382646,Fibroblast,DVT
5.4823856,10.329845,B_cell,DVT
7.447424,6.1709957,Endothelial,DVT
-4.735674,9.292093,Macrophage,DVT
-1.693371,9.058066,Monocyte,DVT
-2.0631006,-4.3164296,Fibroblast,DVT
3.0171733,6.3122554,Fibroblast,DVT
2.7210982,-4.120918,Fibroblast,DVT
-1.1130383,-5.8779993,Fibroblast,DVT
-3.3038983,-5.397144,Fibroblast,DVT
4.5625405,4.742589,Endothelial,DVT
-2.7834806,-2.388768,Fibroblast,DVT
-3.1884553,-4.0348372,Fibroblast,DVT
5.5976734,11.404093,B_cell,DVT
-5.178471,5.608912,Fibroblast,DVT
-0.9680078,9.0371685,Monocyte,DVT
2.0687683,4.754043,Endothelial,DVT
4.772945,5.981815,Endothelial,DVT
4.8250237,9.05323,B_cell,DVT
-7.805329,-1.3399507,VSMC,DVT
-0.0725875,-3.5195825,Fibroblast,DVT
-2.7141185,6.402443,Fibroblast,DVT
0.942264,15.210799,Fibroblast,DVT
-11.772146,5.59699,Fibroblast,DVT
-1.6784208,-2.703793,Fibroblast,DVT
-4.5160546,11.95946,Neutrophil,DVT
1.5177672,13.25501,Fibroblast,DVT
2.7732434,0.522331,Fibroblast,DVT
-2.731669,-5.5071845,Fibroblast,DVT
-3.179476,6.1914725,Fibroblast,DVT
5.8332305,12.145776,B_cell,DVT
-3.3323867,9.74566,Monocyte,DVT
-0.3122616,7.2698517,Fibroblast,DVT
-2.259564,-5.6262093,Fibroblast,DVT
5.8796296,6.1019626,Endothelial,DVT
2.1317894,-4.2785745,Fibroblast,DVT
6.705454,5.931108,Endothelial,DVT
-5.2808385,6.98916,Macrophage,DVT
-1.5740166,-3.9892795,Fibroblast,DVT
-3.177092,-1.5163592,Fibroblast,DVT
-5.9767933,1.2231834,VSMC,DVT
-0.5210538,-4.7263303,Fibroblast,DVT
2.2057972,-0.042074364,Fibroblast,DVT
7.927823,6.067751,Endothelial,DVT
0.21968399,-3.6333563,Fibroblast,DVT
4.55358,0.44337833,Fibroblast,DVT
-3.134417,5.9434943,Fibroblast,DVT
-1.9775851,-5.385857,Fibroblast,DVT
0.72448146,16.144918,Fibroblast,DVT
3.3200743,0.058350332,Fibroblast,DVT
0.93884784,-3.95569,Fibroblast,DVT
-3.4703634,9.696074,Monocyte,DVT
-2.610821,5.0830626,Fibroblast,DVT
2.5932014,4.6375027,Endothelial,DVT
-1.6158116,14.391924,Fibroblast,DVT
2.1277466,2.7417693,Fibroblast,DVT
0.13862748,2.7155979,Endothelial,DVT
-1.0182922,-5.291306,Fibroblast,DVT
0.7747051,-4.3313103,Fibroblast,DVT
-3.4424524,-4.801703,Fibroblast,DVT
1.868694,-3.8925893,Fibroblast,DVT
-2.3874495,-3.5343487,Fibroblast,DVT
-1.9296554,7.1849427,Fibroblast,DVT
-2.4692645,8.472178,Monocyte,DVT
-3.7844582,10.461156,Monocyte,DVT
7.288022,5.383092,Endothelial,DVT
0.8604663,-2.6058707,Fibroblast,DVT
-4.044939,-4.5893865,Fibroblast,DVT
-7.3266234,-0.6662047,VSMC,DVT
-0.58471185,-5.2974987,Fibroblast,DVT
1.1139884,12.629407,Fibroblast,DVT
-0.9172799,14.539861,Fibroblast,DVT
7.3326607,6.037331,Endothelial,DVT
-0.945408,-4.7467613,Fibroblast,DVT
0.18351826,-5.4316263,Fibroblast,DVT
2.403763,16.189672,Fibroblast,DVT
1.4735156,-4.410243,Fibroblast,DVT
-1.893459,-3.5540817,Fibroblast,DVT
1.8560206,6.7819867,B_cell,DVT
-2.897667,-5.496062,Fibroblast,DVT
6.418498,12.316717,B_cell,DVT
-0.63750356,-5.50574,Fibroblast,DVT
0.050784174,-5.1958523,Fibroblast,DVT
-0.8828698,-5.4185076,Fibroblast,DVT
2.9477162,-0.051457796,Fibroblast,DVT
-3.7722852,-1.5234301,Fibroblast,DVT
2.517545,0.2161953,Fibroblast,DVT
-2.8959875,-4.744741,Fibroblast,DVT
5.912958,12.359536,B_cell,DVT
-10.70892,4.0113153,Fibroblast,DVT
-1.8057369,-5.5153055,Fibroblast,DVT
5.249098,4.5635724,Endothelial,DVT
0.852828,15.467809,Fibroblast,DVT
-1.6410512,14.360545,Fibroblast,DVT
-4.138704,-4.297766,Fibroblast,DVT
-1.7190962,-2.78003,Fibroblast,DVT
-1.3989593,-4.650758,Fibroblast,DVT
3.8558056,5.1894546,Endothelial,DVT
3.4839916,0.0935796,Fibroblast,DVT
4.625718,5.1632957,Endothelial,DVT
5.948924,12.393426,B_cell,DVT
5.7219434,10.877735,B_cell,DVT
-2.276942,-3.3336897,Fibroblast,DVT
-5.728035,7.1118217,Macrophage,DVT
1.2156296,-4.1402597,Fibroblast,DVT
-2.171976,-4.580513,Fibroblast,DVT
-7.1791244,-0.6821889,VSMC,DVT
-5.6991415,7.068148,Macrophage,DVT
-7.1651917,-0.8784194,VSMC,DVT
-5.6174374,12.683393,Neutrophil,DVT
-0.62330145,-4.19454,Fibroblast,DVT
-0.46892715,-5.584044,Fibroblast,DVT
-3.6153038,8.691868,Monocyte,DVT
1.1247169,13.697796,Fibroblast,DVT
-0.85525286,9.114068,Monocyte,DVT
2.9063306,7.7663865,Fibroblast,DVT
-1.604326,6.4993725,Fibroblast,DVT
5.666562,10.689834,B_cell,DVT
-6.296501,7.411691,Macrophage,DVT
6.500511,5.8443937,Endothelial,DVT
-5.699273,13.153806,Neutrophil,DVT
-3.6399014,8.449632,Monocyte,DVT
1.8925104,-3.8024518,Fibroblast,DVT
-3.374574,-3.3317838,Fibroblast,DVT
5.9598703,12.303339,B_cell,DVT
0.14455895,-3.413022,Fibroblast,DVT
-6.004337,-1.1765985,VSMC,DVT
3.9956033,-4.299157,Fibroblast,DVT
0.39135024,-3.4584384,Fibroblast,DVT
-6.3074327,6.8098054,Macrophage,DVT
3.4874701,0.33910868,Fibroblast,DVT
3.056806,-3.966481,Fibroblast,DVT
-2.863375,6.2958317,Fibroblast,DVT
2.290796,-4.150623,Fibroblast,DVT
-0.061084095,-3.829071,Fibroblast,DVT
-7.562292,0.8766318,VSMC,DVT
-1.7605827,8.615084,Monocyte,DVT
0.7159118,-5.129199,Fibroblast,DVT
-1.8039484,15.013571,Fibroblast,DVT
-0.4254365,15.553883,Fibroblast,DVT
-0.956207,-4.8608804,Fibroblast,DVT
5.3185377,11.897125,B_cell,DVT
-3.5624812,9.291752,Monocyte,DVT
-5.5965476,11.5191145,Neutrophil,DVT
-0.38573927,-3.070762,Fibroblast,DVT
-0.18394946,-2.9331563,Fibroblast,DVT
5.8381476,6.4403863,Endothelial,DVT
-10.20225,5.304131,Fibroblast,DVT
-0.40341705,-5.913661,Fibroblast,DVT
1.475979,1.6609098,Fibroblast,DVT
1.4161264,12.960915,Fibroblast,DVT
0.30502158,-3.133044,Fibroblast,DVT
-2.1147833,-4.014932,Fibroblast,DVT
-4.583045,7.880833,Macrophage,DVT
3.8560655,5.049965,Endothelial,DVT
-3.5889692,10.019594,Monocyte,DVT
2.7903445,0.52858347,Fibroblast,DVT
-3.559511,-2.6488276,Fibroblast,DVT
6.0282764,12.2444105,B_cell,DVT
-0.23855945,-3.8792799,Fibroblast,DVT
-2.7689157,-5.8004622,Fibroblast,DVT
-1.2426286,-3.9490917,Fibroblast,DVT
3.2912054,0.04058405,Fibroblast,DVT
6.510655,6.036815,Endothelial,DVT
-0.051796682,14.639109,Fibroblast,DVT
-3.3776472,9.193079,Monocyte,DVT
-7.11911,1.3172855,VSMC,DVT
-0.21030451,14.268355,Fibroblast,DVT
-5.8600707,8.116638,Macrophage,DVT
0.78837854,-4.2897773,Fibroblast,DVT
-3.3317533,6.0560327,Fibroblast,DVT
-5.9777136,8.254426,Macrophage,DVT
8.718157,0.29390755,Endothelial,DVT
-2.4576685,5.7821383,Fibroblast,DVT
5.6047835,10.745455,B_cell,DVT
-3.1480799,-5.0538177,Fibroblast,DVT
-2.2991192,-4.5006332,Fibroblast,DVT
14.369253,7.6355567,Fibroblast,DVT
1.9329625,-6.1993694,Fibroblast,DVT
-11.411132,5.1165085,Fibroblast,DVT
5.508097,10.337388,B_cell,DVT
-2.399131,-4.603553,Fibroblast,DVT
0.9691431,13.879893,Fibroblast,DVT
3.9996605,-4.035542,Fibroblast,DVT
-0.77410746,-4.3506117,Fibroblast,DVT
0.6905415,16.08385,Fibroblast,DVT
-2.4656878,-6.0672464,Fibroblast,DVT
6.7095337,5.770374,Endothelial,DVT
0.8179773,14.06926,Fibroblast,DVT
1.2351182,-4.47795,Fibroblast,DVT
-7.412608,-0.9769889,VSMC,DVT
-2.058803,8.322702,Monocyte,DVT
-7.2077746,0.5032998,VSMC,DVT
1.7691776,4.783229,Endothelial,DVT
-1.3406193,7.8298755,Fibroblast,DVT
2.6139882,4.5903306,Endothelial,DVT
-4.9675665,8.317646,Macrophage,DVT
-3.4856246,-2.766289,Fibroblast,DVT
1.5308033,-3.948854,Fibroblast,DVT
1.4596002,12.624758,Fibroblast,DVT
-3.0876002,6.045361,Fibroblast,DVT
-6.073061,13.330472,Neutrophil,DVT
-7.680093,12.233074,Neutrophil,DVT
1.2228887,11.995407,Fibroblast,DVT
1.1741107,-2.8607144,Fibroblast,DVT
0.97249657,13.989764,Fibroblast,DVT
0.8940646,15.415244,Fibroblast,DVT
-2.4384754,-5.708973,Fibroblast,DVT
-3.3879254,8.613432,Monocyte,DVT
1.18107,16.102226,Fibroblast,DVT
-2.7635891,-3.3186939,Fibroblast,DVT
-2.3700662,6.5149107,Fibroblast,DVT
3.1088448,0.023063008,Fibroblast,DVT
-2.464641,-2.7700205,Fibroblast,DVT
2.2130322,-4.299744,Fibroblast,DVT
-1.30547,-0.08522492,Fibroblast,DVT
6.2431273,11.546788,B_cell,DVT
1.0818028,-5.424714,Fibroblast,DVT
-1.1124971,-0.12504749,Fibroblast,DVT
2.9410264,0.19491813,Fibroblast,DVT
1.1802567,-2.500356,Fibroblast,DVT
5.613727,10.659045,B_cell,DVT
-3.7448385,-3.6180778,Fibroblast,DVT
-1.8544916,-3.0817125,Fibroblast,DVT
3.7966435,0.3409521,Fibroblast,DVT
-0.123589,-2.3148227,Fibroblast,DVT
-1.6466728,9.133799,Monocyte,DVT
4.8028708,4.8307695,Endothelial,DVT
0.87127537,-4.288383,Fibroblast,DVT
-4.4667315,6.683942,Fibroblast,DVT
-3.3697565,-4.0659127,Fibroblast,DVT
5.6281705,12.049834,B_cell,DVT
1.536216,1.77583,Fibroblast,DVT
-3.6318395,-1.2525966,Fibroblast,DVT
-4.4685116,5.6096344,Fibroblast,DVT
-7.4639072,1.1315253,VSMC,DVT
2.5284111,-0.28742614,Fibroblast,DVT
-9.00772,-1.2206537,VSMC,DVT
3.325032,0.08498024,Fibroblast,DVT
-10.214582,5.251816,Fibroblast,DVT
0.13361135,-6.7200966,Fibroblast,DVT
-11.453059,5.6587806,Fibroblast,DVT
1.5092765,-4.8208156,Fibroblast,DVT
0.7786633,-3.5957444,Fibroblast,DVT
-6.0013127,11.00934,Neutrophil,DVT
6.7207966,6.3264203,Endothelial,DVT
-1.8071539,-2.0408146,Fibroblast,DVT
-1.4063987,-3.1474638,Fibroblast,DVT
-7.76283,-1.0123136,VSMC,DVT
0.25448003,-1.0632566,Fibroblast,DVT
5.8492303,5.5433745,Endothelial,DVT
-2.9410715,6.620049,Fibroblast,DVT
0.44341823,15.355614,Fibroblast,DVT
-0.10904858,8.126174,Monocyte,DVT
5.695774,11.274654,B_cell,DVT
-2.7092085,-5.242482,Fibroblast,DVT
-4.872932,7.773467,Macrophage,DVT
-0.6116786,8.960451,Monocyte,DVT
-1.9748446,8.64115,Monocyte,DVT
-2.285147,5.0539494,Fibroblast,DVT
-3.995012,-3.037289,Fibroblast,DVT
-6.274424,7.144342,Macrophage,DVT
-1.4710487,13.098954,Fibroblast,DVT
-1.1602685,-2.276273,Fibroblast,DVT
1.605564,13.058687,Fibroblast,DVT
6.187019,12.157059,B_cell,DVT
-5.364132,5.5269136,Fibroblast,DVT
7.154704,5.5956197,Endothelial,DVT
0.85987335,12.064855,Fibroblast,DVT
1.8969204,-4.18573,Fibroblast,DVT
-0.64412504,-3.9701777,Fibroblast,DVT
1.0953631,13.015864,Fibroblast,DVT
-1.5681981,8.789085,Monocyte,DVT
7.02272,6.0212593,Endothelial,DVT
-2.8481452,7.657002,Fibroblast,DVT
-1.392636,-5.0720696,Fibroblast,DVT
-3.790888,8.651019,Monocyte,DVT
-7.078666,12.5014925,Neutrophil,DVT
-4.709069,8.136605,Macrophage,DVT
-0.7595174,-2.6177013,Fibroblast,DVT
0.41202968,-3.9746656,Fibroblast,DVT
2.8794067,-0.13149746,Fibroblast,DVT
3.9354708,20.652456,Fibroblast,DVT
2.8691065,-0.3683064,Fibroblast,DVT
-1.9352089,-6.062265,Fibroblast,DVT
1.3818601,-5.804552,Fibroblast,DVT
-5.1966596,5.571012,Fibroblast,DVT
-3.4331944,-2.883062,Fibroblast,DVT
-2.841867,-3.354045,Fibroblast,DVT
-8.978941,-0.9738839,VSMC,DVT
-4.2771363,12.489038,Neutrophil,DVT
-8.541411,-1.4899758,VSMC,DVT
2.3298156,8.752255,Fibroblast,DVT
4.6739273,5.1823716,Endothelial,DVT
0.57513666,13.952472,Fibroblast,DVT
0.49808747,-6.517637,Fibroblast,DVT
-1.8854487,8.034517,Monocyte,DVT
-1.8083773,6.3406053,Fibroblast,DVT
-1.2679648,-1.9035673,Fibroblast,DVT
-8.438329,-1.3581314,VSMC,DVT
-11.595318,5.7929006,Fibroblast,DVT
-4.931184,7.418477,Macrophage,DVT
0.51242167,-4.381203,Fibroblast,DVT
-4.915489,7.4155397,Macrophage,DVT
-5.2121816,7.641507,Macrophage,DVT
-7.0156975,-1.0481938,VSMC,DVT
-1.5238314,8.928999,Monocyte,DVT
3.092348,-4.133345,Fibroblast,DVT
2.2366674,-3.1914802,Fibroblast,DVT
-3.9802608,-4.6537747,Fibroblast,DVT
-1.3674849,-1.9839671,Fibroblast,DVT
-1.6127406,8.617337,Monocyte,DVT
-2.6543052,-5.8985825,Fibroblast,DVT
-4.9135876,9.199755,Macrophage,DVT
-5.455005,-1.0913213,VSMC,DVT
-2.6576931,9.0737705,Monocyte,DVT
-3.7089605,-3.5055692,Fibroblast,DVT
-2.3937442,5.0705457,Fibroblast,DVT
-8.4486685,-1.0606365,VSMC,DVT
-5.1545997,12.468572,Neutrophil,DVT
-2.8232203,7.4855056,Fibroblast,DVT
1.187514,-3.4529226,Fibroblast,DVT
-5.4264154,7.180544,Macrophage,DVT
-5.983201,10.976202,Neutrophil,DVT
-1.035126,-5.5837617,Fibroblast,DVT
-1.6470443,-2.62168,Fibroblast,DVT
0.36194137,2.5165002,Endothelial,DVT
-8.614315,-1.6734232,VSMC,DVT
2.6057055,4.546894,Endothelial,DVT
-0.07489913,8.166775,Monocyte,DVT
0.6774301,14.385479,Fibroblast,DVT
-6.7748184,-0.5277469,VSMC,DVT
-2.8423645,7.3974237,Fibroblast,DVT
1.883367,-4.025205,Fibroblast,DVT
-0.32060185,2.7111328,Endothelial,DVT
6.3256927,12.337497,B_cell,DVT
1.2199411,-3.3638372,Fibroblast,DVT
1.4180208,13.304974,Fibroblast,DVT
-10.27863,5.530151,Fibroblast,DVT
0.054900263,2.6604848,Endothelial,DVT
-5.8645387,12.186924,Neutrophil,DVT
4.144105,-4.3174424,Fibroblast,DVT
-3.3527427,-3.8000343,Fibroblast,DVT
-5.590094,5.9389486,Fibroblast,DVT
-3.4936018,10.0080385,Monocyte,DVT
0.5228672,3.0892181,Endothelial,DVT
0.57762897,2.501419,Endothelial,DVT
-3.8084514,-2.8827178,Fibroblast,DVT
2.2909763,-3.8542428,Fibroblast,DVT
2.8269234,-3.3148804,Fibroblast,DVT
1.5422525,13.471895,Fibroblast,DVT
0.17941713,-4.629785,Fibroblast,DVT
-3.5013604,9.213796,Monocyte,DVT
0.64410377,1.7159972,Endothelial,DVT
-0.9280139,-5.227356,Fibroblast,DVT
7.911212,5.5440545,Endothelial,DVT
0.2506405,-4.5954432,Fibroblast,DVT
2.1649742,2.752524,Fibroblast,DVT
-2.6255808,-3.474373,Fibroblast,DVT
-2.5731947,-4.015798,Fibroblast,DVT
-2.0887425,16.007324,Fibroblast,DVT
0.33867395,13.093164,Fibroblast,DVT
-3.5290186,9.037739,Monocyte,DVT
-5.4921346,11.941988,Neutrophil,DVT
0.72175974,15.590804,Fibroblast,DVT
5.353707,10.913882,B_cell,DVT
-2.1061287,15.050265,Fibroblast,DVT
-1.5297614,-3.0141664,Fibroblast,DVT
-1.9436766,8.227821,Monocyte,DVT
0.8088392,-3.367656,Fibroblast,DVT
7.0622263,6.26603,Endothelial,DVT
-1.7185428,-4.9870496,Fibroblast,DVT
-2.3154588,-4.0126705,Fibroblast,DVT
2.7194269,-0.31612083,Fibroblast,DVT
-0.5057857,-2.7237816,Fibroblast,DVT
2.0453372,-4.451479,Fibroblast,DVT
3.3759184,-4.1045547,Fibroblast,DVT
0.10296534,-4.920038,Fibroblast,DVT
2.138991,4.67236,Endothelial,DVT
4.7159386,5.590757,Endothelial,DVT
-2.7935085,-2.5121143,Fibroblast,DVT
-1.5751376,-3.3933346,Fibroblast,DVT
-0.2552272,-4.2679853,Fibroblast,DVT
1.5622369,13.234743,Fibroblast,DVT
-5.767739,8.482233,Macrophage,DVT
0.6168477,2.4742432,Endothelial,DVT
2.7142005,8.242901,Fibroblast,DVT
0.90110135,-3.3405745,Fibroblast,DVT
1.005209,15.321123,Fibroblast,DVT
-3.7037926,5.9631233,Fibroblast,DVT
-2.4837387,-3.5668333,Fibroblast,DVT
-1.1806018,-3.4270015,Fibroblast,DVT
-1.384232,-0.063174084,Fibroblast,DVT
-2.8018847,4.832142,Fibroblast,DVT
-3.9636123,8.407741,Monocyte,DVT
-3.910241,-2.228546,Fibroblast,DVT
-0.49169272,-2.836515,Fibroblast,DVT
-2.1577115,-4.1207914,Fibroblast,DVT
-2.3013358,-5.038176,Fibroblast,DVT
-2.2081876,15.492924,Fibroblast,DVT
4.01837,3.5991797,Endothelial,DVT
-0.18778493,-6.6109343,Fibroblast,DVT
-2.7621024,9.130426,Monocyte,DVT
-1.3236023,-6.210996,Fibroblast,DVT
1.6288354,-0.23363586,Fibroblast,DVT
-3.1661007,-1.6150855,Fibroblast,DVT
-0.53079826,-7.486154,Fibroblast,DVT
-3.483542,9.865433,Monocyte,DVT
2.6620321,8.332142,Fibroblast,DVT
-6.006019,5.799052,Fibroblast,DVT
-1.3519088,-1.8879032,Fibroblast,DVT
-3.9097168,5.1860795,Fibroblast,DVT
-7.882448,-1.3584387,VSMC,DVT
2.854127,-0.020120699,Fibroblast,DVT
-1.9386777,15.459658,Fibroblast,DVT
-0.8243462,-4.5951,Fibroblast,DVT
-3.6472936,-4.936087,Fibroblast,DVT
-5.3696184,5.687299,Fibroblast,DVT
0.62752175,15.851172,Fibroblast,DVT
4.738692,5.5268908,Endothelial,DVT
-1.2084758,-4.0189214,Fibroblast,DVT
-6.6951823,-0.84033054,VSMC,DVT
-2.9611094,-3.9802332,Fibroblast,DVT
-2.8027525,-1.4806787,Fibroblast,DVT
-6.38555,12.668674,Neutrophil,DVT
5.19893,5.8749223,Endothelial,DVT
-6.673968,-1.2187729,VSMC,DVT
-0.4003399,-3.8635721,Fibroblast,DVT
-0.3142363,-1.4949712,Fibroblast,DVT
-0.6581003,8.885982,Monocyte,DVT
2.6647902,16.298607,Fibroblast,DVT
-3.1235776,8.097865,Fibroblast,DVT
-3.5082154,8.46956,Monocyte,DVT
-2.5928478,6.9506617,Fibroblast,DVT
-5.5643544,6.9043684,Macrophage,DVT
-8.609199,-1.4033129,VSMC,DVT
-3.5497875,-3.5931737,Fibroblast,DVT
-4.1006956,6.043966,Fibroblast,DVT
-6.6266108,-0.3295637,VSMC,DVT
0.66088533,-2.6598012,Fibroblast,DVT
7.7589474,5.5999804,Endothelial,DVT
-3.6559026,9.594961,Monocyte,DVT
-1.2068098,-6.147859,Fibroblast,DVT
6.1629515,11.352914,B_cell,DVT
6.9526772,5.6413937,Endothelial,DVT
-1.7445135,7.240968,Fibroblast,DVT
-11.025108,5.11687,Fibroblast,DVT
0.4475467,15.9606495,Fibroblast,DVT
-6.318874,0.11342794,VSMC,DVT
3.2346668,-0.20326164,Fibroblast,DVT
-3.0449858,6.1437755,Fibroblast,DVT
0.14954723,13.758772,Fibroblast,DVT
-1.5983744,8.9132595,Monocyte,DVT
0.17220506,-1.8759772,Fibroblast,DVT
3.5540993,4.850389,Endothelial,DVT
-1.2666305,8.935276,Monocyte,DVT
-0.38998723,14.46038,Fibroblast,DVT
2.0998073,4.5952764,Endothelial,DVT
1.3300406,1.2750156,Fibroblast,DVT
-7.702289,-1.5488851,VSMC,DVT
-2.7497826,-5.2559237,Fibroblast,DVT
-1.6261234,12.734894,Fibroblast,DVT
3.3635185,0.051599916,Fibroblast,DVT
-6.055425,-0.8971661,VSMC,DVT
4.7404428,4.1464763,Endothelial,DVT
-1.5973873,14.023801,Fibroblast,DVT
-1.3674254,0.18835598,Fibroblast,DVT
2.0831306,9.153496,Fibroblast,DVT
-7.1079283,0.4105695,VSMC,DVT
-1.8815289,8.576409,Monocyte,DVT
2.1806662,16.094028,Fibroblast,DVT
-5.758593,7.5408897,Macrophage,DVT
-1.1075321,-6.1243916,Fibroblast,DVT
-2.1717844,-4.2747335,Fibroblast,DVT
-8.116421,-1.3247492,VSMC,DVT
5.610202,10.936376,B_cell,DVT
-3.604878,9.469502,Monocyte,DVT
1.1684214,13.31119,Fibroblast,DVT
-2.1828763,-3.9151282,Fibroblast,DVT
-2.6324239,-2.8191507,Fibroblast,DVT
-5.7495327,6.8249273,Macrophage,DVT
1.9190265,4.655267,Endothelial,DVT
-1.4969809,-5.8924584,Fibroblast,DVT
-5.5629845,8.164635,Macrophage,DVT
-1.9103572,-4.4874,Fibroblast,DVT
-11.227035,4.6776648,Fibroblast,DVT
7.926095,3.7917309,Endothelial,DVT
-1.6924485,15.091046,Fibroblast,DVT
-2.5278563,-3.1416595,Fibroblast,DVT
4.2225895,-4.24094,Fibroblast,DVT
-8.160309,-0.62925404,VSMC,DVT
-1.8989351,-3.1120698,Fibroblast,DVT
-2.9337778,-5.910127,Fibroblast,DVT
-3.1516972,-1.2622384,Fibroblast,DVT
-0.5559013,-4.253982,Fibroblast,DVT
5.5471106,11.828134,B_cell,DVT
-1.2966256,-5.315789,Fibroblast,DVT
-3.4681747,-3.1955667,Fibroblast,DVT
7.7731657,5.6172843,Endothelial,DVT
0.054090496,-5.113427,Fibroblast,DVT
-3.8200698,9.665841,Monocyte,DVT
3.04715,0.008785815,Fibroblast,DVT
-1.8139018,-1.6721232,Fibroblast,DVT
-2.723228,-2.9348354,Fibroblast,DVT
-5.1452494,7.70491,Macrophage,DVT
-1.7788951,15.581053,Fibroblast,DVT
-6.0757046,5.7345376,Fibroblast,DVT
-4.4668937,7.062791,Macrophage,DVT
5.388779,11.109195,B_cell,DVT
1.9046342,13.294105,Fibroblast,DVT
1.125777,-1.9206859,Fibroblast,DVT
-2.6803539,-5.2881794,Fibroblast,DVT
-8.393253,-1.1785963,VSMC,DVT
1.456091,-2.7270324,Fibroblast,DVT
-2.8801308,6.2504306,Fibroblast,DVT
-6.024987,7.20219,Macrophage,DVT
-8.552824,-1.8586425,VSMC,DVT
1.2497934,2.4872725,Endothelial,DVT
2.103245,0.7756203,Fibroblast,DVT
-2.3585584,-2.0823817,Fibroblast,DVT
-4.436489,10.2129965,Macrophage,DVT
-1.1687849,-3.7332911,Fibroblast,DVT
-2.5771337,-1.8576174,Fibroblast,DVT
-4.648758,12.688802,Neutrophil,DVT
-2.8485763,-4.678247,Fibroblast,DVT
4.7362638,5.5635095,Endothelial,DVT
1.3208985,11.903304,Fibroblast,DVT
2.502201,0.17306004,Fibroblast,DVT
3.3485148,-0.18639976,Fibroblast,DVT
-4.571862,5.9563804,Fibroblast,DVT
-8.503752,-1.0301228,VSMC,DVT
1.3362025,11.916732,Fibroblast,DVT
-7.544511,-1.7903565,VSMC,DVT
2.2393389,0.9210217,Fibroblast,DVT
-1.0114439,9.11896,Monocyte,DVT
5.5668206,6.274026,Endothelial,DVT
0.017080175,-3.912396,Fibroblast,DVT
5.368845,10.085042,B_cell,DVT
-6.182804,8.188714,Macrophage,DVT
-2.6993217,8.784192,Monocyte,DVT
-1.0403969,-5.4514146,Fibroblast,DVT
-1.7785693,15.190455,Fibroblast,DVT
-0.40857583,-1.7756848,Fibroblast,DVT
3.6857722,0.050738283,Fibroblast,DVT
4.314544,5.5096474,Endothelial,DVT
1.3884916,-2.1150482,Fibroblast,DVT
-1.5964841,15.473733,Fibroblast,DVT
0.7892657,15.490077,Fibroblast,DVT
-3.6004672,-3.1295805,Fibroblast,DVT
-2.1507008,-3.5513108,Fibroblast,DVT
-2.4962788,-3.1738353,Fibroblast,DVT
-1.0501165,-3.6947787,Fibroblast,DVT
0.32072398,-5.9518547,Fibroblast,DVT
-4.087892,-4.642906,Fibroblast,DVT
1.885218,-4.727095,Fibroblast,DVT
-0.81111854,9.230008,Monocyte,DVT
-0.7000585,15.236173,Fibroblast,DVT
-6.0646563,7.27165,Macrophage,DVT
5.0905457,10.219385,B_cell,DVT
2.0585725,16.270569,Fibroblast,DVT
7.86001,6.20983,Endothelial,DVT
-1.6883328,6.291756,Fibroblast,DVT
-1.6660563,15.667362,Fibroblast,DVT
-2.3703744,-5.88903,Fibroblast,DVT
0.49598518,13.526895,Fibroblast,DVT
-0.79563284,-4.369186,Fibroblast,DVT
-2.09726,-3.5384793,Fibroblast,DVT
-5.343357,7.3228016,Macrophage,DVT
3.0448177,-0.22122121,Fibroblast,DVT
-4.495945,6.5743957,Fibroblast,DVT
0.7601322,-2.3458064,Fibroblast,DVT
-8.241686,-1.0314986,VSMC,DVT
-8.484147,-1.1181829,VSMC,DVT
-3.5506701,5.133414,Fibroblast,DVT
-3.0629992,-3.6859813,Fibroblast,DVT
-8.352732,-1.2884375,VSMC,DVT
2.5142584,8.786581,Fibroblast,DVT
2.3401191,-4.019521,Fibroblast,DVT
5.542953,10.736739,B_cell,DVT
2.1730697,4.5599675,Endothelial,DVT
7.168618,5.239399,Endothelial,DVT
-0.04766687,-1.9562354,Fibroblast,DVT
-6.266181,13.310126,Neutrophil,DVT
-6.6417685,0.89394414,VSMC,DVT
-1.2835281,-5.932286,Fibroblast,DVT
-1.3586727,-5.806975,Fibroblast,DVT
7.112905,5.831666,Endothelial,DVT
3.290729,6.4442644,Fibroblast,DVT
-4.1143146,9.682158,Monocyte,DVT
-8.581604,-0.9900375,VSMC,DVT
-0.07957857,16.012531,Fibroblast,DVT
-5.4207954,8.171006,Macrophage,DVT
0.23152128,14.262839,Fibroblast,DVT
0.08281728,-3.8492737,Fibroblast,DVT
0.25080356,-5.615692,Fibroblast,DVT
-5.467836,6.2693896,Fibroblast,DVT
-5.9465575,12.76056,Neutrophil,DVT
-2.2540412,-5.605337,Fibroblast,DVT
1.0863554,-2.1590652,Fibroblast,DVT
-1.8039011,-2.3148882,Fibroblast,DVT
-1.0952331,3.3949893,Endothelial,DVT
-2.9730303,8.634877,Monocyte,DVT
-5.649644,11.63141,Neutrophil,DVT
-2.93565,-3.6100225,Fibroblast,DVT
-4.6654296,5.9760475,Fibroblast,DVT
-1.9637365,8.232219,Monocyte,DVT
6.2760234,12.162406,B_cell,DVT
1.9913182,-3.528463,Fibroblast,DVT
-1.3919848,9.889103,Monocyte,DVT
7.122806,5.96322,Endothelial,DVT
-5.293414,11.953208,Neutrophil,DVT
-2.8468719,4.93758,Fibroblast,DVT
-0.8999972,6.9563966,Fibroblast,DVT
0.45971355,-4.9107466,Fibroblast,DVT
-5.8138633,8.291927,Macrophage,DVT
-2.9380236,-3.0114625,Fibroblast,DVT
-2.7918503,9.107235,Monocyte,DVT
-5.1481314,10.409766,Macrophage,DVT
-1.8977317,15.701689,Fibroblast,DVT
-8.176713,-1.1720896,VSMC,DVT
-1.3234888,-4.501851,Fibroblast,DVT
2.4409983,-0.2514938,Fibroblast,DVT
-2.9310255,4.6617446,Fibroblast,DVT
-0.91025394,9.115965,Monocyte,DVT
4.7586937,5.82332,Endothelial,DVT
-1.3192784,14.538302,Fibroblast,DVT
-0.97602475,8.778254,Monocyte,DVT
-0.77936214,-2.2370906,Fibroblast,DVT
-1.3374225,0.12233688,Fibroblast,DVT
-0.89922917,-3.923121,Fibroblast,DVT
-6.2706647,-1.3605175,VSMC,DVT
-0.71694505,8.784564,Monocyte,DVT
-2.8385968,8.608702,Monocyte,DVT
-5.0225973,5.7546835,Fibroblast,DVT
-3.9893048,-4.0598283,Fibroblast,DVT
2.70681,-3.7483943,Fibroblast,DVT
-5.126644,8.216843,Macrophage,DVT
-2.4999704,5.8440194,Fibroblast,DVT
7.3100843,0.956434,Endothelial,DVT
-10.223656,5.453217,Fibroblast,DVT
-1.2092848,-5.510532,Fibroblast,DVT
-2.5816028,-6.0041137,Fibroblast,DVT
1.987082,13.151574,Fibroblast,DVT
-8.561463,-1.5093459,VSMC,DVT
-0.60858583,-4.858162,Fibroblast,DVT
6.80732,5.996919,Endothelial,DVT
7.3082647,6.265635,Endothelial,DVT
1.2743534,0.48838434,Fibroblast,DVT
-3.1806946,-1.9298977,Fibroblast,DVT
-6.206465,12.960795,Neutrophil,DVT
7.6542807,5.6530533,Endothelial,DVT
-0.5979814,-4.2326307,Fibroblast,DVT
2.2155352,8.871625,Fibroblast,DVT
-11.233654,4.9437647,Fibroblast,DVT
-1.6698643,15.423239,Fibroblast,DVT
4.775085,5.9722056,Endothelial,DVT
-3.151952,-5.388043,Fibroblast,DVT
-2.128996,-2.2309444,Fibroblast,DVT
-3.5755699,-3.8098862,Fibroblast,DVT
-4.6975865,10.121449,Macrophage,DVT
-2.1545503,7.4229283,Endothelial,DVT
6.946129,5.7138944,Endothelial,DVT
-5.905291,12.633989,Neutrophil,DVT
6.7912416,5.3610024,Endothelial,DVT
14.59554,7.7830834,Fibroblast,DVT
-1.1837859,-5.3262863,Fibroblast,DVT
-3.9434075,9.749262,Monocyte,DVT
-1.2804669,-4.9423313,Fibroblast,DVT
-0.68046254,-4.177966,Fibroblast,DVT
-3.3486114,7.61417,Fibroblast,DVT
-2.413148,-1.3902801,Fibroblast,DVT
-0.6094152,-5.712746,Fibroblast,DVT
-2.3599875,-2.2153258,Fibroblast,DVT
-3.2001078,5.1476264,Fibroblast,DVT
0.7247714,14.177231,Fibroblast,DVT
2.6376736,8.407748,Fibroblast,DVT
-4.6428666,8.52937,Macrophage,DVT
-1.6003896,-1.9000578,Fibroblast,DVT
0.49627784,-3.3437228,Fibroblast,DVT
-2.8160474,-2.1283803,Fibroblast,DVT
-0.7494769,-4.705349,Fibroblast,DVT
-1.4097569,-4.1573477,Fibroblast,DVT
-4.2241554,-1.8858846,Fibroblast,DVT
-5.644864,13.105663,Neutrophil,DVT
-0.39845777,-6.399906,Fibroblast,DVT
-1.5197713,-5.936437,Fibroblast,DVT
4.380242,-4.3363895,Fibroblast,DVT
-10.24437,5.262357,Fibroblast,DVT
-0.8211491,14.749066,Fibroblast,DVT
-1.8974323,-2.3977766,Fibroblast,DVT
-4.5183935,12.598197,Neutrophil,DVT
-5.9135337,8.306336,Macrophage,DVT
2.1454859,4.875307,Endothelial,DVT
-1.5464507,-3.8541496,Fibroblast,DVT
-1.6004834,15.534338,Fibroblast,DVT
-2.159676,15.033213,Fibroblast,DVT
-1.1979481,0.08944924,Fibroblast,DVT
2.8401008,0.24058904,Fibroblast,DVT
9.429619,12.410316,Fibroblast,DVT
0.20429805,14.092657,Fibroblast,DVT
4.1773005,0.23869222,Fibroblast,DVT
6.0189586,11.54083,B_cell,DVT
0.26961476,14.897763,Fibroblast,DVT
-1.626328,8.7533455,Monocyte,DVT
-3.080093,9.58732,Monocyte,DVT
3.1290686,-4.3780265,Fibroblast,DVT
-3.5672116,9.676479,Monocyte,DVT
-2.8056808,-5.3032436,Fibroblast,DVT
-8.233812,-1.3529094,VSMC,DVT
-0.6825666,3.127034,Endothelial,DVT
2.7918584,7.9891996,Fibroblast,DVT
1.1719863,15.454524,Fibroblast,DVT
-6.2602696,7.976241,Macrophage,DVT
-5.8818507,6.6956406,Macrophage,DVT
-2.831376,4.8178735,Fibroblast,DVT
-1.7519964,14.106746,Fibroblast,DVT
-0.45850194,-3.252958,Fibroblast,DVT
1.8690014,4.678115,Endothelial,DVT
14.503642,7.7231236,Fibroblast,DVT
-1.9896408,-5.7444715,Fibroblast,DVT
-4.3897853,-4.396951,Fibroblast,DVT
-2.4513214,6.108982,Fibroblast,DVT
0.8580419,1.7147496,Endothelial,DVT
-3.3327727,9.473263,Monocyte,DVT
5.0286093,9.516283,B_cell,DVT
-3.2182162,6.1337724,Fibroblast,DVT
-5.1661177,7.518714,Macrophage,DVT
-6.7846565,-0.99176073,VSMC,DVT
1.0458035,13.195701,Fibroblast,DVT
0.49406758,-2.913548,Fibroblast,DVT
2.5167143,-0.2693654,Fibroblast,DVT
3.0518084,-0.12406106,Fibroblast,DVT
-3.08333,4.856075,Fibroblast,DVT
-1.5587877,-5.2789106,Fibroblast,DVT
5.977229,10.898027,B_cell,DVT
5.513025,11.908522,B_cell,DVT
-2.156375,15.771047,Fibroblast,DVT
2.7595255,8.0813,Fibroblast,DVT
6.4663243,5.8624654,Endothelial,DVT
0.9934243,-3.0235772,Fibroblast,DVT
-2.3517418,-5.4363084,Fibroblast,DVT
-5.237035,11.600644,Neutrophil,DVT
-5.573892,5.621595,Fibroblast,DVT
-1.7831955,0.007562142,Fibroblast,DVT
-5.4907837,12.09151,Neutrophil,DVT
-2.7613313,5.8008966,Fibroblast,DVT
-3.244917,8.18605,Fibroblast,DVT
-2.699413,-3.1273856,Fibroblast,DVT
-2.2708144,-4.6200814,Fibroblast,DVT
-2.746831,-3.2180676,Fibroblast,DVT
-1.5361717,-3.1105332,Fibroblast,DVT
2.6617894,-0.027241183,Fibroblast,DVT
-1.102354,-0.06206142,Fibroblast,DVT
-0.85701233,-3.2985618,Fibroblast,DVT
-0.3519563,-5.864375,Fibroblast,DVT
5.409856,6.0622005,Endothelial,DVT
-1.0870521,-4.49303,Fibroblast,DVT
2.452933,8.725795,Fibroblast,DVT
-7.800375,12.20437,Neutrophil,DVT
0.8974133,-3.3065145,Fibroblast,DVT
-2.2709606,4.685929,Fibroblast,DVT
-1.062646,-5.5213943,Fibroblast,DVT
-4.201065,6.3246384,Fibroblast,DVT
-0.73850673,-5.9225354,Fibroblast,DVT
-1.4003551,-4.3750644,Fibroblast,DVT
-1.1019387,-6.2679048,Fibroblast,DVT
-4.1735196,5.8925805,Fibroblast,DVT
-2.3914118,-5.5204225,Fibroblast,DVT
-6.633598,-1.7095426,VSMC,DVT
0.544474,-2.5453427,Fibroblast,DVT
-0.458003,3.061442,Endothelial,DVT
1.1115346,0.39582598,Fibroblast,DVT
-3.4793816,-4.578889,Fibroblast,DVT
-3.0631843,-3.7410347,Fibroblast,DVT
-8.746609,-1.316628,VSMC,DVT
-3.865156,-2.234555,Fibroblast,DVT
-4.9642987,7.810267,Macrophage,DVT
2.3869772,3.6737998,VSMC,DVT
-2.7654161,-4.891948,Fibroblast,DVT
-0.92117304,15.735701,Fibroblast,DVT
-8.569826,-0.86776793,VSMC,DVT
-2.6238286,-4.771224,Fibroblast,DVT
-0.44259584,-4.1427264,Fibroblast,DVT
2.6941133,8.279872,Fibroblast,DVT
-2.3664234,-5.4209733,Fibroblast,DVT
14.123329,7.5294805,Fibroblast,DVT
-3.2307775,-1.5841079,Fibroblast,DVT
1.7898642,-4.189404,Fibroblast,DVT
-2.6661289,-4.971815,Fibroblast,DVT
6.586253,5.6202927,Endothelial,DVT
-6.244452,12.935614,Neutrophil,DVT
0.89862907,13.297243,Fibroblast,DVT
6.339106,5.653897,Endothelial,DVT
1.5369484,13.193761,Fibroblast,DVT
-6.3587365,0.06231192,VSMC,DVT
-0.46539134,-5.6161337,Fibroblast,DVT
-6.858403,1.3789916,VSMC,DVT
1.3503853,11.926899,Fibroblast,DVT
-4.910969,7.369482,Macrophage,DVT
-1.5453558,15.437875,Fibroblast,DVT
-3.5904148,9.817738,Monocyte,DVT
-6.514407,-1.0154562,VSMC,DVT
0.0010582202,15.989102,Fibroblast,DVT
-7.0860248,-0.9937636,VSMC,DVT
5.8088846,6.0952315,Endothelial,DVT
7.168489,6.197338,Endothelial,DVT
-4.7536283,5.526405,Fibroblast,DVT
0.27953115,-7.0919237,Fibroblast,DVT
-3.1689517,-3.5150125,Fibroblast,DVT
2.5903435,-6.029115,Fibroblast,DVT
-5.9078026,8.209207,Macrophage,DVT
7.3278003,6.32693,Endothelial,DVT
-4.1037188,-3.951351,Fibroblast,DVT
-0.8529067,-5.831995,Fibroblast,DVT
1.9960976,4.565326,Endothelial,DVT
2.8561335,16.507708,Fibroblast,DVT
-5.517052,7.322061,Macrophage,DVT
-2.2913115,8.407451,Monocyte,DVT
-2.9861186,-1.7761333,Fibroblast,DVT
2.3620603,-1.1769441,Fibroblast,DVT
-2.567088,6.1283727,Fibroblast,DVT
-3.2521496,-2.5678144,Fibroblast,DVT
-3.1136553,-5.8099055,Fibroblast,DVT
-1.9265163,15.986193,Fibroblast,DVT
2.2549217,9.065143,Fibroblast,DVT
14.741817,7.920756,Fibroblast,DVT
-4.7318077,11.210857,Neutrophil,DVT
-1.130637,8.972362,Monocyte,DVT
5.3088923,6.079584,Endothelial,DVT
3.0921004,-0.15477408,Fibroblast,DVT
-0.8524568,-5.839628,Fibroblast,DVT
-5.9393744,5.3929157,Fibroblast,DVT
-4.147491,-4.4768634,Fibroblast,DVT
-1.6415772,-4.830349,Fibroblast,DVT
2.942116,7.523512,Fibroblast,DVT
1.9128532,-3.9815845,Fibroblast,DVT
-3.628304,-1.7810456,Fibroblast,DVT
-2.8294997,-4.6608176,Fibroblast,DVT
-5.7011623,7.399164,Macrophage,DVT
0.1459325,3.2925298,Endothelial,DVT
-8.622033,-1.1574148,VSMC,DVT
3.578824,0.24336104,Fibroblast,DVT
-2.3228729,5.034303,Fibroblast,DVT
0.30990922,-3.4506557,Fibroblast,DVT
8.791036,2.0041044,Endothelial,DVT
0.47812,2.5349278,Endothelial,DVT
-1.4556226,-3.0783463,Fibroblast,DVT
-1.8765506,-6.168839,Fibroblast,DVT
-5.8820686,6.7388716,Macrophage,DVT
6.478887,6.3030214,Endothelial,DVT
1.04663,0.45804307,Fibroblast,DVT
7.4115577,2.3843703,Endothelial,DVT
-9.711796,4.094741,Fibroblast,DVT
1.4986961,12.939286,Fibroblast,DVT
-0.33068222,-5.6624975,Fibroblast,DVT
-1.7627704,-6.267468,Fibroblast,DVT
2.5142438,3.5008755,VSMC,DVT
0.26442847,13.31365,Fibroblast,DVT
-2.4836955,7.276769,Fibroblast,DVT
-5.7993865,12.444215,Neutrophil,DVT
-1.9927807,8.15145,Monocyte,DVT
7.6970625,5.5522203,Endothelial,DVT
-1.8807446,8.327794,Monocyte,DVT
-1.1981496,-5.7767005,Fibroblast,DVT
-7.428368,-0.5732044,VSMC,DVT
-1.2143291,-5.203254,Fibroblast,DVT
-7.6953044,-0.77336353,VSMC,DVT
1.7144554,-3.804849,Fibroblast,DVT
-1.3896705,0.1548917,Fibroblast,DVT
-0.22803563,2.8378115,Endothelial,DVT
-8.176552,-0.84227914,VSMC,DVT
1.0975684,13.438611,Fibroblast,DVT
2.6038048,4.5526643,Endothelial,DVT
-0.17645234,8.272751,Monocyte,DVT
-0.6637863,-5.7389894,Fibroblast,DVT
2.4480398,0.19953635,Fibroblast,DVT
5.87809,12.833228,B_cell,DVT
-0.22834788,2.7395616,Endothelial,DVT
-3.060114,-3.7973034,Fibroblast,DVT
-7.281626,0.1108509,VSMC,DVT
-5.9717093,7.2998304,Macrophage,DVT
0.043795593,3.0765276,Endothelial,DVT
-0.9686152,-4.9891667,Fibroblast,DVT
-0.6668171,8.877571,Monocyte,DVT
2.8598561,7.833861,Fibroblast,DVT
6.260329,11.8615265,B_cell,DVT
-0.0073576765,-7.6749682,Fibroblast,DVT
-1.3715949,-4.558743,Fibroblast,DVT
0.75839,-3.140076,Fibroblast,DVT
0.6896161,-4.2816257,Fibroblast,DVT
-5.4973874,8.259156,Macrophage,DVT
-3.1406198,-4.5975595,Fibroblast,DVT
-3.730582,6.095754,Fibroblast,DVT
-2.5526104,-2.7729595,Fibroblast,DVT
-2.9993837,4.9482017,Fibroblast,DVT
3.820872,-4.883072,Fibroblast,DVT
-8.559103,-1.5434637,VSMC,DVT
7.0709696,5.915086,Endothelial,DVT
0.7088051,2.1946938,Endothelial,DVT
3.5404048,-0.045681242,Fibroblast,DVT
-1.6504561,14.959561,Fibroblast,DVT
-5.7514834,12.300532,Neutrophil,DVT
-7.8436885,-0.26000178,VSMC,DVT
-0.8451631,-5.5294166,Fibroblast,DVT
0.8951513,15.093636,Fibroblast,DVT
5.400189,11.334314,B_cell,DVT
-3.2953212,-3.1036744,Fibroblast,DVT
-1.9390432,14.855833,Fibroblast,DVT
-7.3111615,0.9487835,VSMC,DVT
-1.4608963,9.9131155,Monocyte,DVT
1.5142207,-3.7529874,Fibroblast,DVT
-11.346053,4.784995,Fibroblast,DVT
-0.5738084,7.056858,Fibroblast,DVT
-4.9310784,7.650223,Macrophage,DVT
-3.5880117,8.477291,Monocyte,DVT
-5.3316636,7.701737,Macrophage,DVT
-6.058635,5.4660654,Fibroblast,DVT
-0.8557024,-4.640188,Fibroblast,DVT
3.9400616,20.656487,Fibroblast,DVT
-3.6075826,-4.9727416,Fibroblast,DVT
-1.2826238,15.090639,Fibroblast,DVT
-5.6808033,6.1865907,Fibroblast,DVT
-5.0140524,9.0194025,Macrophage,DVT
1.3862594,12.895303,Fibroblast,DVT
1.201608,12.952147,Fibroblast,DVT
-1.919021,-4.8360043,Fibroblast,DVT
-2.0551732,-4.473388,Fibroblast,DVT
0.9351619,14.400478,Fibroblast,DVT
-3.3638015,-4.5694203,Fibroblast,DVT
-5.4664288,-0.64966786,VSMC,DVT
2.282377,0.950621,Fibroblast,DVT
-0.6356624,-3.7025044,Fibroblast,DVT
-2.525981,8.086554,Monocyte,DVT
-1.8219788,6.595304,Fibroblast,DVT
6.0490556,11.931598,B_cell,DVT
-0.22216332,-4.605343,Fibroblast,DVT
-6.022654,7.8827634,Macrophage,DVT
-5.3636518,6.101981,Fibroblast,DVT
-3.0570703,-2.5400496,Fibroblast,DVT
-8.408641,-1.373572,VSMC,DVT
-1.2159505,-4.1248775,Fibroblast,DVT
-2.268401,-2.1927304,Fibroblast,DVT
1.2941757,-4.6215982,Fibroblast,DVT
-6.5497503,-0.8334487,VSMC,DVT
1.1915771,-1.9295692,Fibroblast,DVT
-3.1215096,5.4981976,Fibroblast,DVT
0.9932154,-6.4297485,Fibroblast,DVT
1.0554113,14.799095,Fibroblast,DVT
-5.8785863,12.120959,Neutrophil,DVT
-2.2757185,-2.8351908,Fibroblast,DVT
3.751872,20.456968,Fibroblast,DVT
5.7087207,11.729256,B_cell,DVT
7.4365177,5.9698725,Endothelial,DVT
0.74700415,-3.764419,Fibroblast,DVT
4.595204,4.721197,Endothelial,DVT
2.4336374,8.714188,Fibroblast,DVT
-2.1309354,15.121516,Fibroblast,DVT
1.9953483,9.147492,Fibroblast,DVT
-4.2602305,6.9936795,Fibroblast,DVT
0.7344956,-4.3375235,Fibroblast,DVT
-6.0815253,-0.5932758,VSMC,DVT
3.6497018,-4.0590496,Fibroblast,DVT
-0.84862,-5.164339,Fibroblast,DVT
-3.9249167,8.811778,Monocyte,DVT
-0.74514484,-3.5132415,Fibroblast,DVT
-7.6839,12.121104,Neutrophil,DVT
-5.405324,5.6515846,Fibroblast,DVT
-1.3470503,-0.07191883,Fibroblast,DVT
-2.6179087,-3.3597345,Fibroblast,DVT
-1.6145974,-4.9885345,Fibroblast,DVT
0.20172605,2.6826813,Endothelial,DVT
-2.0693073,14.936614,Fibroblast,DVT
-4.852982,7.2087884,Macrophage,DVT
1.3704766,1.5362147,Fibroblast,DVT
2.8171818,7.9146495,Fibroblast,DVT
-3.0855339,6.3111863,Fibroblast,DVT
5.7252007,11.689533,B_cell,DVT
-3.3915045,-4.2839403,Fibroblast,DVT
-0.9236867,3.216601,Endothelial,DVT
-1.3351265,13.700539,Fibroblast,DVT
-7.3472314,12.357247,Neutrophil,DVT
-1.5073025,-3.709986,Fibroblast,DVT
4.07113,0.6754546,Fibroblast,DVT
-1.2203783,-6.0287747,Fibroblast,DVT
2.2520711,0.8864446,Fibroblast,DVT
-6.9855533,-1.2419335,VSMC,DVT
-3.7218347,-4.6291757,Fibroblast,DVT
-2.1577363,6.994316,Fibroblast,DVT
-1.41359,-5.4610286,Fibroblast,DVT
-3.1658795,10.05419,Monocyte,DVT
-10.980826,5.194246,Fibroblast,DVT
-5.687645,12.95305,Neutrophil,DVT
-5.432275,11.946475,Neutrophil,DVT
-3.0479453,-5.0793786,Fibroblast,DVT
1.8580192,-4.388284,Fibroblast,DVT
-0.2334508,-3.087191,Fibroblast,DVT
5.518598,11.258162,B_cell,DVT
-2.6825457,-2.303052,Fibroblast,DVT
-2.7991986,4.78413,Fibroblast,DVT
5.259528,11.8677435,B_cell,DVT
-2.6772501,4.7561955,Fibroblast,DVT
4.817845,0.97664374,Fibroblast,DVT
3.0619042,0.37343562,Fibroblast,DVT
0.22206274,15.206976,Fibroblast,DVT
-2.2401757,-5.0116086,Fibroblast,DVT
-2.3201573,15.4341955,Fibroblast,DVT
1.3616912,11.98147,Fibroblast,DVT
4.6416364,4.945823,Endothelial,DVT
1.2329726,12.573956,Fibroblast,DVT
-0.44573423,-5.3955064,Fibroblast,DVT
-0.4184083,-3.2440777,Fibroblast,DVT
-11.581455,5.7446766,Fibroblast,DVT
-2.3810935,5.032759,Fibroblast,DVT
-3.1319778,5.695931,Fibroblast,DVT
0.830466,1.8410559,Endothelial,DVT
6.6286974,6.139386,Endothelial,DVT
-0.539282,-5.662751,Fibroblast,DVT
0.41142896,-4.269821,Fibroblast,DVT
-2.7237735,-1.5175407,Fibroblast,DVT
-0.49737737,-4.12924,Fibroblast,DVT
-2.5983336,-5.2383404,Fibroblast,DVT
-0.28100553,-4.7403183,Fibroblast,DVT
4.4840226,-4.207162,Fibroblast,DVT
-5.416204,6.316845,Fibroblast,DVT
-1.6118003,-1.833039,Fibroblast,DVT
-11.331101,4.6300116,Fibroblast,DVT
2.3172789,8.822607,Fibroblast,DVT
2.697723,-0.13776088,Fibroblast,DVT
-6.0445457,5.2336993,Fibroblast,DVT
-10.993723,5.631432,Fibroblast,DVT
0.8139419,2.1461983,Endothelial,DVT
-3.0300622,-2.0974553,Fibroblast,DVT
-1.316635,15.855535,Fibroblast,DVT
-1.8603493,-2.4468548,Fibroblast,DVT
-2.0940213,-4.052256,Fibroblast,DVT
0.7292313,-4.060731,Fibroblast,DVT
-0.8384317,-5.923194,Fibroblast,DVT
-2.7644362,-3.1993358,Fibroblast,DVT
-5.178942,8.043595,Macrophage,DVT
2.3843787,3.0194619,Fibroblast,DVT
-5.926997,6.338067,Fibroblast,DVT
-0.758748,-4.2882314,Fibroblast,DVT
-1.2809846,-4.482194,Fibroblast,DVT
-0.46246347,-3.2993102,Fibroblast,DVT
0.32272822,-4.3573346,Fibroblast,DVT
5.744844,5.3941,Endothelial,DVT
-0.030963888,-4.1162705,Fibroblast,DVT
-3.6221871,10.246618,Monocyte,DVT
-2.9506562,5.3275337,Fibroblast,DVT
2.0735924,4.7642465,Endothelial,DVT
5.915975,5.9611444,Endothelial,DVT
-7.723081,12.209787,Neutrophil,DVT
-11.024179,5.446573,Fibroblast,DVT
-1.7673904,-3.0024893,Fibroblast,DVT
6.0908256,11.152849,B_cell,DVT
0.17831156,15.952074,Fibroblast,DVT
-2.3449073,-3.1220407,Fibroblast,DVT
6.128489,6.576456,Endothelial,DVT
-2.1168923,-3.2547503,Fibroblast,DVT
-4.8023095,6.6543045,Fibroblast,DVT
-7.0892186,12.48094,Neutrophil,DVT
-6.5167427,-0.24612941,VSMC,DVT
4.4024463,5.1015763,Endothelial,DVT
3.8154542,-4.0852365,Fibroblast,DVT
-0.79451764,-3.40104,Fibroblast,DVT
0.22864136,-2.9497535,Fibroblast,DVT
1.021928,0.39976564,Fibroblast,DVT
1.1885784,-3.8411272,Fibroblast,DVT
-8.5891075,-1.4890496,VSMC,DVT
8.100065,5.4001884,Endothelial,DVT
-2.8358688,-1.1077262,Fibroblast,DVT
7.879302,6.211834,Endothelial,DVT
1.8165215,6.754375,B_cell,DVT
-2.7654684,-1.4568045,Fibroblast,DVT
-1.6001778,-4.3493867,Fibroblast,DVT
5.450511,10.996425,B_cell,DVT
3.4997263,4.0786896,Endothelial,DVT
1.1579552,12.17079,Fibroblast,DVT
-2.4239209,-4.9613748,Fibroblast,DVT
-2.460381,-4.3759184,Fibroblast,DVT
-8.832473,-1.2149509,VSMC,DVT
1.9105527,6.897791,B_cell,DVT
1.9002197,4.7318244,Endothelial,DVT
-3.4197912,6.826441,Fibroblast,DVT
2.5509598,-0.114285864,Fibroblast,DVT
-1.826699,-6.199564,Fibroblast,DVT
-4.88144,6.0486393,Fibroblast,DVT
5.447375,10.343687,B_cell,DVT
-5.947686,-1.3116094,VSMC,DVT
1.7145845,-3.8327723,Fibroblast,DVT
-7.6313024,-1.2344128,VSMC,DVT
-1.6243902,-4.605777,Fibroblast,DVT
-1.4523699,9.905806,Monocyte,DVT
7.5851574,4.371919,Endothelial,DVT
3.0192347,-6.0816174,Fibroblast,DVT
-5.56024,12.2098255,Neutrophil,DVT
9.391023,12.390446,Fibroblast,DVT
-7.246193,12.762442,Neutrophil,DVT
1.1567329,-3.3709595,Fibroblast,DVT
-0.8755647,-5.0245633,Fibroblast,DVT
-0.059495155,-1.5546695,Fibroblast,DVT
-0.9521147,14.351598,Fibroblast,DVT
2.30791,-3.5554924,Fibroblast,DVT
-2.7122793,-2.565947,Fibroblast,DVT
-0.25581494,2.8535585,Endothelial,DVT
-8.291703,-1.7485858,VSMC,DVT
-3.1657572,-1.8138535,Fibroblast,DVT
6.3153853,5.5402474,Endothelial,DVT
-8.576496,-1.7525432,VSMC,DVT
-2.05842,-4.120814,Fibroblast,DVT
2.5090842,4.665499,Endothelial,DVT
-0.096873194,-4.000063,Fibroblast,DVT
-0.8637766,-2.9470656,Fibroblast,DVT
-1.4761624,-3.2363002,Fibroblast,DVT
-0.13293315,2.9593194,Endothelial,DVT
-0.56302744,-2.4911385,Fibroblast,DVT
2.8199484,-0.9910584,Fibroblast,DVT
3.3905122,-3.7608113,Fibroblast,DVT
-6.896242,-0.45699343,VSMC,DVT
-2.8735979,-5.66948,Fibroblast,DVT
14.532286,7.7222333,Fibroblast,DVT
-0.85961515,3.3030357,Endothelial,DVT
0.3905503,16.029308,Fibroblast,DVT
3.001624,0.40074322,Fibroblast,DVT
-1.4730148,-2.5101998,Fibroblast,DVT
-1.6022915,-4.0253534,Fibroblast,DVT
-0.35919103,7.1195726,Fibroblast,DVT
2.8049808,4.6413765,Endothelial,DVT
2.144363,4.599753,Endothelial,DVT
-2.4985974,-4.720797,Fibroblast,DVT
2.7901103,4.517187,Endothelial,DVT
4.120143,0.13311,Fibroblast,DVT
0.3364427,-4.6336136,Fibroblast,DVT
0.974627,-3.2739532,Fibroblast,DVT
-5.5026,6.5572205,Fibroblast,DVT
5.9430037,12.825768,B_cell,DVT
-8.218362,-0.84994036,VSMC,DVT
-0.69276834,-5.9090753,Fibroblast,DVT
6.449239,5.4055357,Endothelial,DVT
7.5297956,6.6462026,Endothelial,DVT
14.712711,7.8914747,Fibroblast,DVT
-7.345731,-1.6884345,VSMC,DVT
2.225216,8.84067,Fibroblast,DVT
-3.6839237,-2.9559495,Fibroblast,DVT
-3.2364297,-1.862909,Fibroblast,DVT
2.6185777,-3.7405744,Fibroblast,DVT
1.9886811,4.5557795,Endothelial,DVT
1.2006252,-2.181393,Fibroblast,DVT
-1.5763254,13.827864,Fibroblast,DVT
-0.62543905,-4.1275015,Fibroblast,DVT
-1.3070481,-2.6513405,Fibroblast,DVT
-3.6435223,-2.0815887,Fibroblast,DVT
-2.1757967,-5.548247,Fibroblast,DVT
0.115640044,8.079267,Monocyte,DVT
-0.72866553,8.884474,Monocyte,DVT
-1.1461333,-3.1856034,Fibroblast,DVT
2.0125859,9.123674,Fibroblast,DVT
0.4517306,-3.7390447,Fibroblast,DVT
-0.9535904,-3.6983721,Fibroblast,DVT
2.0721273,4.7780447,Endothelial,DVT
2.703681,-0.9789299,Fibroblast,DVT
-0.78301054,2.7858572,Endothelial,DVT
0.67528254,-7.109349,Fibroblast,DVT
-8.263187,-0.60475856,VSMC,DVT
-6.5453525,-1.3927469,VSMC,DVT
-4.067201,8.4023485,Monocyte,DVT
-0.22813074,-5.279226,Fibroblast,DVT
-11.161535,4.8533463,Fibroblast,DVT
-1.3844093,0.02332522,Fibroblast,DVT
-6.0055966,6.8090005,Macrophage,DVT
-4.760387,8.347872,Macrophage,DVT
-4.6529746,12.682469,Neutrophil,DVT
1.1087273,14.625352,Fibroblast,DVT
-2.18336,-2.4130845,Fibroblast,DVT
-2.1055317,-3.906048,Fibroblast,DVT
-2.1025224,-3.714712,Fibroblast,DVT
-1.5198578,-1.9577357,Fibroblast,DVT
-6.917635,-0.8430091,VSMC,DVT
5.7997313,5.7595005,Endothelial,DVT
1.8975507,-4.4203677,Fibroblast,DVT
-1.5664598,-5.777851,Fibroblast,DVT
-8.739579,-1.8654292,VSMC,DVT
1.2380421,12.000637,Fibroblast,DVT
-3.6750412,10.305453,Monocyte,DVT
2.298885,-4.5076222,Fibroblast,DVT
-8.432731,-1.8684151,VSMC,DVT
-6.2613564,12.748963,Neutrophil,DVT
-1.4069262,-3.6240273,Fibroblast,DVT
3.3100657,-0.5241253,Fibroblast,DVT
0.0314623,-2.5419946,Fibroblast,DVT
-3.9950774,9.089609,Monocyte,DVT
-2.1827006,-6.230786,Fibroblast,DVT
-0.13734742,-7.059179,Fibroblast,DVT
0.13257211,-4.5304966,Fibroblast,DVT
2.2147734,8.861526,Fibroblast,DVT
2.1995993,0.036656883,Fibroblast,DVT
1.9638155,2.480593,Endothelial,DVT
4.0067334,20.72498,Fibroblast,DVT
0.09348563,-0.82767826,Fibroblast,DVT
14.637539,7.83027,Fibroblast,DVT
2.6433854,0.28332785,Fibroblast,DVT
-3.2334268,9.734802,Monocyte,DVT
-1.9963071,-2.5954201,Fibroblast,DVT
-1.7992358,-4.943754,Fibroblast,DVT
-1.8963382,-4.2822638,Fibroblast,DVT
-7.7779336,-1.5176502,VSMC,DVT
-3.3088212,-4.026042,Fibroblast,DVT
-3.64452,-1.460318,Fibroblast,DVT
7.881746,5.0645876,Endothelial,DVT
-0.6426702,-4.2890863,Fibroblast,DVT
-4.814813,11.529292,Neutrophil,DVT
-0.32166216,14.210545,Fibroblast,DVT
-1.4213158,-4.996732,Fibroblast,DVT
0.9693487,-2.5119991,Fibroblast,DVT
2.917224,6.548683,Fibroblast,DVT
-5.879537,10.868906,Neutrophil,DVT
-5.9789715,-0.810872,VSMC,DVT
-2.2911909,-3.2939484,Fibroblast,DVT
6.4113555,6.257569,Endothelial,DVT
3.2935972,-3.858821,Fibroblast,DVT
-0.5732866,9.163039,Monocyte,DVT
-0.618215,-5.5684743,Fibroblast,DVT
1.9004486,4.892802,Endothelial,DVT
-7.7885404,12.350716,Neutrophil,DVT
2.3644624,16.356058,Fibroblast,DVT
-3.0052938,-3.2050326,Fibroblast,DVT
-1.0594223,-4.526268,Fibroblast,DVT
7.545051,6.1397495,Endothelial,DVT
-1.5893981,-5.083381,Fibroblast,DVT
-2.8436024,-4.168576,Fibroblast,DVT
-0.19448505,-2.472211,Fibroblast,DVT
14.192538,7.5286803,Fibroblast,DVT
-0.94509655,8.410551,Monocyte,DVT
-3.7616024,-4.866357,Fibroblast,DVT
1.3508389,16.064316,Fibroblast,DVT
-1.2263976,-4.8177085,Fibroblast,DVT
-7.7158117,12.151888,Neutrophil,DVT
4.553134,-4.3074417,Fibroblast,DVT
1.7244784,2.7798567,Endothelial,DVT
-7.3598156,12.028943,Neutrophil,DVT
-7.5101194,1.088347,VSMC,DVT
0.15406004,-1.9740003,Fibroblast,DVT
2.9535005,7.515944,Fibroblast,DVT
6.933837,5.975776,Endothelial,DVT
-11.526003,5.2212224,Fibroblast,DVT
-0.04816706,14.7477455,Fibroblast,DVT
1.0097454,14.062794,Fibroblast,DVT
5.9345636,11.7815695,B_cell,DVT
1.3161527,13.279369,Fibroblast,DVT
1.2429172,-2.9461982,Fibroblast,DVT
6.29322,11.2463455,B_cell,DVT
-0.70562404,2.8867128,Endothelial,DVT
-4.9153104,9.685949,Macrophage,DVT
1.265698,-1.9895394,Fibroblast,DVT
-2.8455904,-2.6518946,Fibroblast,DVT
0.040966492,-4.0624204,Fibroblast,DVT
0.97023374,-6.4370146,Fibroblast,DVT
0.073561355,16.022886,Fibroblast,DVT
5.7483177,11.286393,B_cell,DVT
-0.65934813,8.108131,Monocyte,DVT
0.46308902,-2.4727082,Fibroblast,DVT
-2.9421759,-3.1794736,Fibroblast,DVT
-2.247993,-2.28589,Fibroblast,DVT
1.0965285,-1.9053369,Fibroblast,DVT
-2.6358867,8.338719,Monocyte,DVT
-2.8423266,-5.7515717,Fibroblast,DVT
-3.5460837,9.816914,Monocyte,DVT
-1.3151369,8.757036,Monocyte,DVT
-7.4670076,0.11016707,VSMC,DVT
-2.0906138,-2.3166425,Fibroblast,DVT
1.8091369,-2.9727175,Fibroblast,DVT
6.146899,12.610054,B_cell,DVT
-5.585685,8.225639,Macrophage,DVT
2.062002,9.084752,Fibroblast,DVT
-5.8745866,6.6589785,Macrophage,DVT
1.88899,-3.7966187,Fibroblast,DVT
3.6704836,3.7775018,Endothelial,DVT
-1.8707676,-5.909358,Fibroblast,DVT
2.4932203,-1.098906,Fibroblast,DVT
-3.5803308,-3.5674932,Fibroblast,DVT
-2.0140433,-1.5283946,Fibroblast,DVT
0.48352218,14.887194,Fibroblast,DVT
-2.515416,-4.8681226,Fibroblast,DVT
-3.7198632,9.07644,Monocyte,DVT
4.6626534,2.381064,Endothelial,DVT
-6.074287,7.220771,Macrophage,DVT
1.0314547,15.273788,Fibroblast,DVT
-1.9212158,-6.197165,Fibroblast,DVT
7.802553,5.402555,Endothelial,DVT
5.909026,12.0112705,B_cell,DVT
2.1510444,8.827305,Fibroblast,DVT
-0.17113729,-5.6204023,Fibroblast,DVT
-11.756132,5.7312484,Fibroblast,DVT
4.715972,5.5000634,Endothelial,DVT
13.807607,7.3662133,Fibroblast,DVT
-1.5095775,-1.7967455,Fibroblast,DVT
1.3748183,-4.637013,Fibroblast,DVT
-3.1555176,5.15404,Fibroblast,DVT
-4.947005,6.182221,Fibroblast,DVT
-2.5421314,-5.514852,Fibroblast,DVT
-6.473329,12.244487,Neutrophil,DVT
-3.2251306,8.604133,Monocyte,DVT
2.2712457,-4.1642227,Fibroblast,DVT
-1.8249533,-3.8573394,Fibroblast,DVT
6.2599435,12.368781,B_cell,DVT
0.9820421,14.127429,Fibroblast,DVT
0.2566385,-3.3066137,Fibroblast,DVT
-2.7619076,-4.3945065,Fibroblast,DVT
-2.7597148,-2.8227923,Fibroblast,DVT
-5.341682,6.0958543,Fibroblast,DVT
-4.1093407,6.752804,Fibroblast,DVT
-1.9929134,14.657533,Fibroblast,DVT
0.37793532,-3.4544375,Fibroblast,DVT
-2.6016877,-4.18403,Fibroblast,DVT
2.715422,8.265325,Fibroblast,DVT
-3.6343355,-1.499864,Fibroblast,DVT
0.40067026,2.4679625,Endothelial,DVT
6.0348105,5.7884574,Endothelial,DVT
7.6607733,6.6381693,Endothelial,DVT
1.2120734,1.2422742,Fibroblast,DVT
-2.3859847,-2.784102,Fibroblast,DVT
0.9486052,13.934969,Fibroblast,DVT
-3.464958,9.922176,Monocyte,DVT
-2.7121687,8.70647,Monocyte,DVT
-2.4769607,4.774385,Fibroblast,DVT
-2.0012598,7.8352485,Monocyte,DVT
-11.538266,5.6952376,Fibroblast,DVT
-4.84648,9.198702,Macrophage,DVT
-3.4137003,8.875853,Monocyte,DVT
-0.5666321,3.1484604,Endothelial,DVT
-1.6992233,15.716973,Fibroblast,DVT
-2.2913055,-3.0542936,Fibroblast,DVT
6.9992476,5.9609747,Endothelial,DVT
-3.3907382,-1.7889581,Fibroblast,DVT
-4.590912,7.4610324,Macrophage,DVT
6.202529,11.388669,B_cell,DVT
-2.0980086,-3.4858286,Fibroblast,DVT
-4.8033943,9.953185,Macrophage,DVT
-3.6289833,9.734936,Monocyte,DVT
5.19442,10.389423,B_cell,DVT
2.6046965,0.17608216,Fibroblast,DVT
2.3324623,15.90394,Fibroblast,DVT
-4.9832582,-1.7083323,Fibroblast,DVT
-2.9398031,-5.6513,Fibroblast,DVT
-6.1074815,1.5269401,VSMC,DVT
-0.76479083,-4.026247,Fibroblast,DVT
0.3071836,16.02556,Fibroblast,DVT
-3.0397255,-6.0042715,Fibroblast,DVT
-8.843227,-1.8253853,VSMC,DVT
-1.5891312,-3.2628436,Fibroblast,DVT
-5.038262,-1.408318,VSMC,DVT
6.903903,5.1027246,Endothelial,DVT
-2.8151028,-5.0741086,Fibroblast,DVT
-3.1144738,-3.3452199,Fibroblast,DVT
-6.255072,12.759105,Neutrophil,DVT
7.052606,5.9696803,Endothelial,DVT
-4.1895814,6.234407,Fibroblast,DVT
-0.38478515,-2.2966347,Fibroblast,DVT
1.856934,4.741437,Endothelial,DVT
-6.966274,13.064379,Neutrophil,DVT
-3.1196709,-3.5984724,Fibroblast,DVT
2.9635806,7.645013,Fibroblast,DVT
-2.3698676,4.978857,Fibroblast,DVT
4.8002234,5.583464,Endothelial,DVT
0.34962037,-3.7502255,Fibroblast,DVT
-3.3099327,6.262903,Fibroblast,DVT
-1.9588963,-4.864075,Fibroblast,DVT
-3.567008,-3.163363,Fibroblast,DVT
0.76159847,16.035532,Fibroblast,DVT
-0.22261259,2.9361012,Endothelial,DVT
5.7279396,10.805885,B_cell,DVT
-3.2723825,-3.055544,Fibroblast,DVT
1.0556419,-3.0030196,Fibroblast,DVT
-5.517427,11.682373,Neutrophil,DVT
-3.9791372,9.769018,Monocyte,DVT
-4.991855,6.7817287,Fibroblast,DVT
0.13621065,-5.0346847,Fibroblast,DVT
3.6198616,-0.2824937,Fibroblast,DVT
-2.31693,-3.9035482,Fibroblast,DVT
-5.236872,6.538208,Fibroblast,DVT
-0.71486443,-4.1125846,Fibroblast,DVT
-0.5163474,2.9891965,Endothelial,DVT
1.0561705,-3.2963436,Fibroblast,DVT
2.6625934,-0.7093732,Fibroblast,DVT
-1.9891495,14.736013,Fibroblast,DVT
4.5339146,4.781998,Endothelial,DVT
7.1487656,6.637984,Endothelial,DVT
-2.3690948,5.029205,Fibroblast,DVT
2.7227876,8.162976,Fibroblast,DVT
0.82348037,-4.509559,Fibroblast,DVT
0.8116317,2.0143745,Endothelial,DVT
-2.6332462,-4.230543,Fibroblast,DVT
4.340075,10.50428,B_cell,DVT
-1.366253,-1.5968786,Fibroblast,DVT
-4.0105777,8.781231,Monocyte,DVT
1.4980736,-1.9451796,Fibroblast,DVT
-4.002295,-3.4614692,Fibroblast,DVT
-2.313857,5.031457,Fibroblast,DVT
-7.647066,-1.4543833,VSMC,DVT
5.51983,6.277081,Endothelial,DVT
-0.8944561,-4.42291,Fibroblast,DVT
6.2122865,12.160116,B_cell,DVT
-2.101503,7.8569736,Fibroblast,DVT
1.3633167,11.976792,Fibroblast,DVT
-10.3316145,5.4844394,Fibroblast,DVT
-2.1908317,-3.1940172,Fibroblast,DVT
-1.6228702,8.668008,Monocyte,DVT
-6.212749,6.5704494,Macrophage,DVT
1.2270303,-3.9809115,Fibroblast,DVT
4.446744,-4.4066753,Fibroblast,DVT
0.4451577,15.356231,Fibroblast,DVT
2.6040392,4.4398737,Endothelial,DVT
5.999337,11.043841,B_cell,DVT
0.26875216,-1.0219512,Fibroblast,DVT
-0.13840488,8.136255,Monocyte,DVT
-5.7269897,6.301817,Fibroblast,DVT
0.7178193,-5.2009544,Fibroblast,DVT
3.1244519,0.224957,Fibroblast,DVT
2.4112482,0.21586105,Fibroblast,DVT
6.533381,5.8602905,Endothelial,DVT
0.3210678,14.064706,Fibroblast,DVT
-1.9568781,-2.2560194,Fibroblast,DVT
-2.6421697,6.6889114,Fibroblast,DVT
-5.380367,8.473977,Macrophage,DVT
-5.8192134,7.548167,Macrophage,DVT
-1.5481879,9.808018,Monocyte,DVT
-2.2173307,-2.1380007,Fibroblast,DVT
4.8940606,6.12678,Endothelial,DVT
0.042925727,-4.215479,Fibroblast,DVT
1.5202783,12.59368,Fibroblast,DVT
-2.4734535,-2.8496473,Fibroblast,DVT
-5.6057873,-0.7552653,VSMC,DVT
-1.261215,13.601585,Fibroblast,DVT
-2.1406393,-4.2846684,Fibroblast,DVT
-2.578371,-2.9350119,Fibroblast,DVT
-2.305524,5.957283,Fibroblast,DVT
-2.5774977,-2.2291567,Fibroblast,DVT
-0.61687225,-2.2229278,Fibroblast,DVT
1.9744146,13.187659,Fibroblast,DVT
-4.471882,12.601289,Neutrophil,DVT
-1.895559,16.210995,Fibroblast,DVT
2.012303,4.6493816,Endothelial,DVT
0.48289835,15.195636,Fibroblast,DVT
3.6988134,-4.1590776,Fibroblast,DVT
4.844663,4.736526,Endothelial,DVT
3.3435588,0.15110828,Fibroblast,DVT
-1.7009951,8.322079,Monocyte,DVT
-5.428394,5.5915275,Fibroblast,DVT
2.3126152,8.769189,Fibroblast,DVT
0.32741523,-3.8518727,Fibroblast,DVT
7.835836,6.6429095,Endothelial,DVT
-2.127461,5.337356,Fibroblast,DVT
-3.2367053,-5.4392567,Fibroblast,DVT
-1.7186952,-4.416033,Fibroblast,DVT
-5.283825,7.6384654,Macrophage,DVT
-4.896938,12.819928,Neutrophil,DVT
-3.310148,10.08087,Monocyte,DVT
0.41552895,2.53323,Endothelial,DVT
5.8769946,0.63774073,Endothelial,DVT
6.108566,12.304068,B_cell,DVT
0.12627101,-3.4934154,Fibroblast,DVT
3.3608286,0.036071166,Fibroblast,DVT
-6.466127,12.771077,Neutrophil,DVT
-1.932674,-3.107548,Fibroblast,DVT
2.325504,3.4760692,VSMC,DVT
-6.6989865,0.9140294,VSMC,DVT
-1.9110336,-5.937281,Fibroblast,DVT
1.0407606,15.699046,Fibroblast,DVT
-2.6357183,-4.885841,Fibroblast,DVT
-5.6309667,12.247438,Neutrophil,DVT
2.494679,0.038541045,Fibroblast,DVT
-4.0846944,8.405548,Monocyte,DVT
-1.5413163,12.97601,Fibroblast,DVT
0.77745026,-2.2623167,Fibroblast,DVT
2.8610504,0.48259643,Fibroblast,DVT
-6.238879,-1.0279232,VSMC,DVT
-7.28844,-0.46726122,VSMC,DVT
-2.1297033,-4.747146,Fibroblast,DVT
-3.6632671,6.421041,Fibroblast,DVT
-1.2339739,-5.94315,Fibroblast,DVT
-7.286525,0.80535275,VSMC,DVT
-8.8323145,-1.6593713,VSMC,DVT
0.13786735,-4.2207837,Fibroblast,DVT
2.5648386,0.6901072,Fibroblast,DVT
0.9811558,-2.5136218,Fibroblast,DVT
0.99560505,14.352091,Fibroblast,DVT
-2.777242,-3.2247493,Fibroblast,DVT
-0.632448,9.046179,Monocyte,DVT
2.2934396,-0.9863452,Fibroblast,DVT
-5.2346554,8.048764,Macrophage,DVT
-2.4190035,-1.9385971,Fibroblast,DVT
-0.15357535,-3.6256862,Fibroblast,DVT
2.5702949,4.3195753,Endothelial,DVT
0.672821,-2.5096338,Fibroblast,DVT
3.514939,4.285306,Endothelial,DVT
6.113609,11.219422,B_cell,DVT
-1.926473,-3.273681,Fibroblast,DVT
0.8280457,15.4601965,Fibroblast,DVT
0.82044196,13.60807,Fibroblast,DVT
2.6485868,-0.72508967,Fibroblast,DVT
-8.662153,-1.7253094,VSMC,DVT
2.691027,0.003998137,Fibroblast,DVT
-4.7743444,10.220318,Macrophage,DVT
-11.786678,5.712336,Fibroblast,DVT
-5.3880286,-0.6943894,Fibroblast,DVT
-0.9518172,-5.6238666,Fibroblast,DVT
1.8853736,-3.7870522,Fibroblast,DVT
-2.279477,-5.0147276,Fibroblast,DVT
-1.7097813,6.2193336,Fibroblast,DVT
-3.6394145,-4.425907,Fibroblast,DVT
-5.0699368,6.404902,Fibroblast,DVT
-2.1693592,-5.866491,Fibroblast,DVT
-1.9586717,-5.0806403,Fibroblast,DVT
1.2127993,12.023133,Fibroblast,DVT
-2.1479466,-5.542267,Fibroblast,DVT
-2.2861068,-5.0649877,Fibroblast,DVT
-2.6023216,6.872192,Fibroblast,DVT
-1.5048516,0.41759443,Fibroblast,DVT
-5.4830823,-0.6358992,VSMC,DVT
-1.9633148,8.206232,Monocyte,DVT
-5.835947,6.7865877,Macrophage,DVT
3.0481846,-4.0500383,Fibroblast,DVT
-7.953059,-1.4743079,VSMC,DVT
-1.8195018,14.602542,Fibroblast,DVT
2.9737914,-0.033307716,Fibroblast,DVT
-6.0005817,7.159426,Macrophage,DVT
-0.2409689,8.241338,Monocyte,DVT
-1.9546647,-3.0797758,Fibroblast,DVT
-0.9113052,-4.895841,Fibroblast,DVT
-3.2556984,-2.743027,Fibroblast,DVT
0.75445706,15.24783,Fibroblast,DVT
-2.0061567,-2.7541454,Fibroblast,DVT
0.7067124,14.4623165,Fibroblast,DVT
-0.5481306,-6.400061,Fibroblast,DVT
-6.2258663,6.1175914,Macrophage,DVT
-2.951549,-4.6968384,Fibroblast,DVT
6.0641212,12.319748,B_cell,DVT
-2.4260342,-2.2127275,Fibroblast,DVT
-1.812875,-2.9339278,Fibroblast,DVT
-2.0824802,15.507347,Fibroblast,DVT
-3.3421636,5.7737317,Fibroblast,DVT
-7.7442408,12.250756,Neutrophil,DVT
-2.6472127,-0.9219189,Fibroblast,DVT
7.272389,5.9921193,Endothelial,DVT
-7.2116714,0.07006832,VSMC,DVT
-2.19193,-3.2551794,Fibroblast,DVT
6.0603023,1.6783255,Fibroblast,DVT
-0.8041267,9.54836,Monocyte,DVT
5.584474,10.722217,B_cell,DVT
-1.5518162,-5.149231,Fibroblast,DVT
0.21839066,14.157253,Fibroblast,DVT
2.8154502,0.066333935,Fibroblast,DVT
-4.2777863,-4.547067,Fibroblast,DVT
0.07957956,-2.772506,Fibroblast,DVT
-3.8607943,6.3151298,Fibroblast,DVT
-3.8693721,5.833739,Fibroblast,DVT
4.4568515,-4.2662997,Fibroblast,DVT
-5.2180643,6.922895,Macrophage,DVT
0.23775052,-3.3129969,Fibroblast,DVT
0.9963717,-4.7432656,Fibroblast,DVT
-2.4316113,-3.8551643,Fibroblast,DVT
-0.16259216,8.129263,Monocyte,DVT
-1.9619472,-3.0593364,Fibroblast,DVT
-3.8984149,9.119001,Monocyte,DVT
-8.287287,-1.0451825,VSMC,DVT
-7.484279,-1.4940175,VSMC,DVT
-1.3277475,14.981311,Fibroblast,DVT
5.9225793,11.214663,B_cell,DVT
1.114388,14.340224,Fibroblast,DVT
6.758042,6.0296597,Endothelial,DVT
14.032446,7.441673,Fibroblast,DVT
1.3479999,-2.403596,Fibroblast,DVT
-5.4814844,12.286503,Neutrophil,DVT
3.6277142,-0.15449466,Fibroblast,DVT
-1.0627425,-2.6876435,Fibroblast,DVT
2.0114648,-3.1885543,Fibroblast,DVT
-6.1632247,7.7720127,Macrophage,DVT
-4.9227247,10.229737,Macrophage,DVT
-2.2936606,-2.1291738,Fibroblast,DVT
-4.61488,4.8888183,Fibroblast,DVT
1.2559919,-2.7628837,Fibroblast,DVT
-6.9247756,-0.85296696,VSMC,DVT
-11.281531,5.684293,Fibroblast,DVT
-1.0292515,14.283518,Fibroblast,DVT
6.2094617,12.475611,B_cell,DVT
-3.212867,-4.2265997,Fibroblast,DVT
4.007293,-4.2282147,Fibroblast,DVT
0.5888603,-2.657174,Fibroblast,DVT
-6.23581,7.8681602,Macrophage,DVT
-2.4786482,-2.2886631,Fibroblast,DVT
-3.048771,6.06808,Fibroblast,DVT
-1.3172085,-3.1445084,Fibroblast,DVT
0.19185357,-6.0760064,Fibroblast,DVT
-2.5590022,-3.4876945,Fibroblast,DVT
2.2139196,15.950669,Fibroblast,DVT
-4.8396873,6.450687,Fibroblast,DVT
-2.9190378,-1.7144126,Fibroblast,DVT
1.220675,-3.8997595,Fibroblast,DVT
-8.348579,-1.0818125,VSMC,DVT
-3.3311543,-3.912778,Fibroblast,DVT
0.7690731,15.319017,Fibroblast,DVT
-2.8419404,-4.515455,Fibroblast,DVT
-1.9725107,15.953981,Fibroblast,DVT
2.8617175,7.8352165,Fibroblast,DVT
-3.7158933,8.533586,Monocyte,DVT
-2.111575,-1.0963782,Fibroblast,DVT
-0.8979777,-3.7489398,Fibroblast,DVT
5.7523746,6.106598,Endothelial,DVT
-3.6410518,-3.3853314,Fibroblast,DVT
-2.9332476,-5.0237656,Fibroblast,DVT
-2.7271914,-3.7520056,Fibroblast,DVT
1.095316,13.149926,Fibroblast,DVT
5.869441,11.428758,B_cell,DVT
1.0417215,12.947646,Fibroblast,DVT
2.4710915,4.7923346,Endothelial,DVT
-1.2346674,-5.9224977,Fibroblast,DVT
-0.16326033,-2.9784677,Fibroblast,DVT
-2.967977,-4.4781003,Fibroblast,DVT
-1.3851099,15.01995,Fibroblast,DVT
-3.7407522,10.43348,Monocyte,DVT
-1.8147992,-2.4664495,Fibroblast,DVT
-3.1954257,-4.9646297,Fibroblast,DVT
-3.2015717,6.0428014,Fibroblast,DVT
-3.9336793,-1.5875326,Fibroblast,DVT
-2.0959935,15.300342,Fibroblast,DVT
-3.5530386,-5.219671,Fibroblast,DVT
-1.3520733,-3.9833739,Fibroblast,DVT
2.5075345,0.18162324,Fibroblast,DVT
-4.108674,-3.8803375,Fibroblast,DVT
-2.4037745,-3.917721,Fibroblast,DVT
-0.72286415,-4.575581,Fibroblast,DVT
2.9768963,-0.20261295,Fibroblast,DVT
1.3210046,-3.7787175,Fibroblast,DVT
2.9652717,-0.4384182,Fibroblast,DVT
-3.3806431,9.660948,Monocyte,DVT
-0.6139625,14.51438,Fibroblast,DVT
-0.7290257,3.3589866,Endothelial,DVT
-2.5707345,-0.91936237,Fibroblast,DVT
3.1669471,0.023582617,Fibroblast,DVT
-10.885462,4.2388954,Fibroblast,DVT
-5.5881033,8.367546,Macrophage,DVT
-4.6581607,10.139113,Macrophage,DVT
-7.4351053,1.1589881,VSMC,DVT
0.26291275,-5.0771003,Fibroblast,DVT
-1.7388344,6.3774405,Fibroblast,DVT
0.7792804,-4.5190053,Fibroblast,DVT
-0.48706615,-2.4341245,Fibroblast,DVT
-0.3077112,-3.3765414,Fibroblast,DVT
-0.4954552,-6.266451,Fibroblast,DVT
-4.916138,9.330637,Macrophage,DVT
-1.8044109,-3.8137047,Fibroblast,DVT
-1.938523,16.088373,Fibroblast,DVT
1.894997,-4.608117,Fibroblast,DVT
-3.2674954,9.280592,Monocyte,DVT
-1.3358171,13.826606,Fibroblast,DVT
-5.2426295,0.19867896,VSMC,DVT
-0.81528205,-2.105563,Fibroblast,DVT
-2.8361294,-2.585811,Fibroblast,DVT
2.0134993,-3.1805189,Fibroblast,DVT
-3.2762325,-2.771668,Fibroblast,DVT
-4.027297,8.867778,Monocyte,DVT
-2.8790393,4.7926493,Fibroblast,DVT
-3.9239833,8.261128,Monocyte,DVT
-1.1668872,-4.947242,Fibroblast,DVT
-0.9454249,-3.8207328,Fibroblast,DVT
-5.7602053,5.4017253,Fibroblast,DVT
-11.69143,0.31855518,Erythrocyte,DVT
3.9836469,1.0866096,Fibroblast,DVT
-2.1906474,-2.896089,Fibroblast,DVT
-1.2927295,-5.465603,Fibroblast,DVT
-3.1479127,9.9177265,Monocyte,DVT
-0.37977657,7.104133,Fibroblast,DVT
0.79366726,14.052885,Fibroblast,DVT
-10.305012,5.393185,Fibroblast,DVT
-0.24805494,-4.226015,Fibroblast,DVT
-2.9931908,6.9092913,Fibroblast,DVT
-8.293372,-1.2563846,VSMC,DVT
3.697249,-4.54848,Fibroblast,DVT
-11.059237,5.5989876,Fibroblast,DVT
6.028474,12.015119,B_cell,DVT
-1.8765981,14.925565,Fibroblast,DVT
-2.5345275,-5.8516903,Fibroblast,DVT
-11.642991,5.2458315,Fibroblast,DVT
7.7061086,6.06582,Endothelial,DVT
6.365467,0.40249658,Endothelial,DVT
-1.9036604,-2.2220538,Fibroblast,DVT
1.244304,-3.2295108,Fibroblast,DVT
2.1319199,-3.6134415,Fibroblast,DVT
6.13785,4.980487,Endothelial,DVT
-3.7968104,7.1854844,Fibroblast,DVT
-0.042317715,-1.7475997,Fibroblast,DVT
0.64498836,14.512922,Fibroblast,DVT
-2.166735,8.807282,Monocyte,DVT
-2.4092774,5.106218,Fibroblast,DVT
-0.0404182,8.153672,Monocyte,DVT
-2.6688557,-1.3636258,Fibroblast,DVT
1.5852474,-3.8491583,Fibroblast,DVT
-2.3061757,-5.475262,Fibroblast,DVT
-1.556206,15.933453,Fibroblast,DVT
-1.1410407,8.152744,Fibroblast,DVT
0.31978285,-1.2226843,Fibroblast,DVT
-6.814829,-0.8750826,VSMC,DVT
-2.5622573,-3.8749797,Fibroblast,DVT
0.7478299,-4.6000385,Fibroblast,DVT
-2.86588,-6.059624,Fibroblast,DVT
1.3337103,15.885339,Fibroblast,DVT
2.2583303,8.730274,Fibroblast,DVT
-3.9419875,6.357842,Fibroblast,DVT
-0.94347525,-1.7746391,Fibroblast,DVT
-2.790386,4.57441,Fibroblast,DVT
1.000594,13.383733,Fibroblast,DVT
3.3511984,-0.0048728627,Fibroblast,DVT
1.644903,1.9345217,Fibroblast,DVT
-2.6373544,-0.8044489,Fibroblast,DVT
0.5256103,15.794763,Fibroblast,DVT
1.3226321,14.023511,Fibroblast,DVT
1.7969307,4.6586127,Endothelial,DVT
1.2827823,-2.038612,Fibroblast,DVT
-3.5320451,5.65813,Fibroblast,DVT
6.0700727,5.8516607,Endothelial,DVT
-7.8345203,-1.5913769,VSMC,DVT
1.8650458,-3.4972796,Fibroblast,DVT
-3.0630143,7.1468334,Fibroblast,DVT
-2.6366878,-3.0068917,Fibroblast,DVT
14.644807,7.829722,Fibroblast,DVT
-2.9548047,-4.797108,Fibroblast,DVT
2.8444695,-0.24582519,Fibroblast,DVT
0.6415565,-4.60101,Fibroblast,DVT
0.6769312,15.341887,Fibroblast,DVT
-0.19341582,14.879018,Fibroblast,DVT
-1.6713053,-4.2592716,Fibroblast,DVT
6.0784397,12.219972,B_cell,DVT
-5.67643,8.078291,Macrophage,DVT
-3.3932698,10.121062,Monocyte,DVT
-0.8971852,3.3898683,Endothelial,DVT
1.4311208,-5.9771504,Fibroblast,DVT
-1.2608576,-3.2459261,Fibroblast,DVT
-1.0370759,-1.952868,Fibroblast,DVT
-2.2549262,6.75205,Fibroblast,DVT
-6.0484023,5.9746227,Fibroblast,DVT
2.6709797,0.04105851,Fibroblast,DVT
3.1848779,-4.1735744,Fibroblast,DVT
-0.5840187,-4.4318323,Fibroblast,DVT
-2.7010643,-1.9915615,Fibroblast,DVT
-4.093203,6.311874,Fibroblast,DVT
6.3017836,1.532663,Fibroblast,DVT
6.4824133,6.288375,Endothelial,DVT
-2.916639,-4.294035,Fibroblast,DVT
-0.36674264,-3.025875,Fibroblast,DVT
-5.8551636,0.6257699,VSMC,DVT
6.8216653,5.809109,Endothelial,DVT
-2.5097218,6.2768455,Fibroblast,DVT
-4.0811205,8.964175,Monocyte,DVT
-1.3388026,-5.19473,Fibroblast,DVT
-2.801545,4.855029,Fibroblast,DVT
-10.240941,5.571712,Fibroblast,DVT
5.8744583,11.796179,B_cell,DVT
7.130766,5.2095876,Endothelial,DVT
-8.722241,-1.5071408,VSMC,DVT
1.8531356,6.818013,B_cell,DVT
1.1068403,-2.1975417,Fibroblast,DVT
-2.5169075,-2.363474,Fibroblast,DVT
-8.931688,-1.4838843,VSMC,DVT
-5.359446,7.6733003,Macrophage,DVT
-2.5360012,-1.3721806,Fibroblast,DVT
2.861308,16.410872,Fibroblast,DVT
-1.3686383,-4.1701875,Fibroblast,DVT
4.5009127,3.063594,Endothelial,DVT
0.20435387,-3.316851,Fibroblast,DVT
-1.5597668,8.91378,Monocyte,DVT
-1.957347,-5.969593,Fibroblast,DVT
0.31678507,2.6727588,Endothelial,DVT
-1.778519,14.642348,Fibroblast,DVT
5.382756,0.71429163,Fibroblast,DVT
-2.0384772,14.7627945,Fibroblast,DVT
0.9434602,-5.920641,Fibroblast,DVT
-2.5997062,-2.7683017,Fibroblast,DVT
-2.7396526,5.8652453,Fibroblast,DVT
5.6520386,11.269039,B_cell,DVT
0.730651,2.3338392,Endothelial,DVT
1.5076684,-2.2966855,Fibroblast,DVT
14.158947,7.529176,Fibroblast,DVT
-2.462328,-4.2410493,Fibroblast,DVT
-5.2790256,8.057107,Macrophage,DVT
-1.3382659,14.511725,Fibroblast,DVT
2.88896,0.08308147,Fibroblast,DVT
-2.7044387,-3.0299942,Fibroblast,DVT
-3.4143844,-3.774394,Fibroblast,DVT
-3.5186803,8.532512,Monocyte,DVT
2.011322,-4.7290397,Fibroblast,DVT
-11.734863,5.6238194,Fibroblast,DVT
-0.34361935,-4.5186205,Fibroblast,DVT
-8.183155,-1.7244647,VSMC,DVT
-5.4814005,8.350906,Macrophage,DVT
2.0273366,-0.50174695,Fibroblast,DVT
-5.1108212,7.7256,Macrophage,DVT
2.7411456,4.360528,Endothelial,DVT
-1.6904216,8.796181,Monocyte,DVT
-3.4326873,9.718404,Monocyte,DVT
4.005071,-4.4134235,Fibroblast,DVT
-0.70914805,-3.5527773,Fibroblast,DVT
0.45263475,14.178098,Fibroblast,DVT
-3.7135315,-2.3754241,Fibroblast,DVT
-2.6902432,-2.784077,Fibroblast,DVT
-3.6399128,10.319071,Monocyte,DVT
5.7923913,12.062578,B_cell,DVT
-7.5756645,-1.3903935,VSMC,DVT
-4.7249002,11.037063,Neutrophil,DVT
0.24001488,-4.9524436,Fibroblast,DVT
-4.5805736,8.661993,Macrophage,DVT
-3.723805,7.3285446,Macrophage,DVT
-3.5460331,-2.093496,Fibroblast,DVT
-7.5995297,12.561002,Neutrophil,DVT
3.8967373,5.004856,Endothelial,DVT
-0.8850193,-1.7353828,Fibroblast,DVT
-2.9700322,-1.9274987,Fibroblast,DVT
-0.76037085,-4.823133,Fibroblast,DVT
-7.734793,-0.60841113,VSMC,DVT
-1.623822,-5.1693983,Fibroblast,DVT
0.8462831,-4.988301,Fibroblast,DVT
0.21158025,-4.772973,Fibroblast,DVT
-4.0815206,-3.8506267,Fibroblast,DVT
-1.7727596,-4.322331,Fibroblast,DVT
3.908771,0.70328647,Fibroblast,DVT
-1.155656,-5.384458,Fibroblast,DVT
2.9728007,16.443363,Fibroblast,DVT
2.0404983,-4.3838825,Fibroblast,DVT
3.2256682,-4.165777,Fibroblast,DVT
-5.9375763,-0.8527588,VSMC,DVT
-1.6849363,14.525214,Fibroblast,DVT
1.1282977,15.002974,Fibroblast,DVT
-7.5800924,1.0140926,VSMC,DVT
-0.08959891,-1.6257704,Fibroblast,DVT
-3.6351442,-4.305471,Fibroblast,DVT
-2.7451072,-3.838548,Fibroblast,DVT
-2.3861825,6.8010592,Fibroblast,DVT
-1.1857141,-3.8388977,Fibroblast,DVT
3.488379,0.38723603,Fibroblast,DVT
3.4141722,-0.14979218,Fibroblast,DVT
-5.3874965,8.045091,Macrophage,DVT
0.58082306,-3.010699,Fibroblast,DVT
-3.1427288,-5.290416,Fibroblast,DVT
1.1690726,-4.025972,Fibroblast,DVT
-5.1785855,7.4606996,Macrophage,DVT
7.695055,6.6913285,Endothelial,DVT
-1.6036323,15.820888,Fibroblast,DVT
-2.8910134,-1.2908373,Fibroblast,DVT
-5.581112,13.086244,Neutrophil,DVT
3.5117836,-3.9358487,Fibroblast,DVT
-3.2952256,-2.4039454,Fibroblast,DVT
1.0774435,13.412675,Fibroblast,DVT
-5.664655,11.660862,Neutrophil,DVT
-0.6014016,2.974335,Endothelial,DVT
1.1687574,-2.8425066,Fibroblast,DVT
-3.188545,9.546375,Monocyte,DVT
0.56404144,15.662145,Fibroblast,DVT
-8.739059,-1.5965263,VSMC,DVT
-2.5268772,-0.878531,Fibroblast,DVT
-0.07531342,-4.0511527,Fibroblast,DVT
3.0893662,-0.30658406,Fibroblast,DVT
0.23729174,-2.9651823,Fibroblast,DVT
2.6744127,0.24173458,Fibroblast,DVT
-1.9190292,15.015063,Fibroblast,DVT
-3.0559196,-2.2353969,Fibroblast,DVT
1.5834144,12.671265,Fibroblast,DVT
-4.876008,7.029394,Fibroblast,DVT
5.999271,11.431082,B_cell,DVT
4.329836,-4.2475185,Fibroblast,DVT
5.5151577,4.266172,Endothelial,DVT
-5.998395,-0.7759121,VSMC,DVT
1.2190403,13.731841,Fibroblast,DVT
-0.45768827,-2.2884815,Fibroblast,DVT
4.6993837,4.9306602,Endothelial,DVT
0.69139105,1.9355321,Endothelial,DVT
-10.966725,4.987406,Fibroblast,DVT
-6.6438704,-1.0963596,VSMC,DVT
2.405374,8.636335,Fibroblast,DVT
-3.3523533,-3.3217902,Fibroblast,DVT
7.6763554,6.6750956,Endothelial,DVT
-1.850663,6.316079,Fibroblast,DVT
6.9576554,4.902244,Endothelial,DVT
-2.6968534,-5.4415097,Fibroblast,DVT
14.700861,7.883734,Fibroblast,DVT
-5.65511,11.688672,Neutrophil,DVT
-1.8264326,-2.1124918,Fibroblast,DVT
-0.1452855,-3.5593238,Fibroblast,DVT
-4.154437,10.411754,Monocyte,DVT
1.9835732,16.118166,Fibroblast,DVT
6.0382485,0.41042948,Endothelial,DVT
-2.5637112,-4.6885643,Fibroblast,DVT
1.1918795,-3.5614653,Fibroblast,DVT
-7.5730968,12.677918,Neutrophil,DVT
-1.8301201,-6.240451,Fibroblast,DVT
-5.825432,6.7272596,Macrophage,DVT
5.0501304,10.674518,B_cell,DVT
-0.60692614,9.110254,Monocyte,DVT
2.5512896,8.501339,Fibroblast,DVT
-3.0724058,-1.9764029,Fibroblast,DVT
-3.271601,6.1120267,Fibroblast,DVT
0.4874759,14.897118,Fibroblast,DVT
0.525749,-2.2965593,Fibroblast,DVT
0.24306922,13.169951,Fibroblast,DVT
-5.302708,7.9258275,Macrophage,DVT
2.2811422,-3.318586,Fibroblast,DVT
-5.0240693,4.363686,Fibroblast,DVT
-2.9724474,-3.0344086,Fibroblast,DVT
-0.6569847,-2.4129863,Fibroblast,DVT
1.6307888,16.002935,Fibroblast,DVT
-3.6416478,9.894385,Monocyte,DVT
-1.7966954,-4.0706177,Fibroblast,DVT
6.118026,11.40106,B_cell,DVT
-8.7260065,-1.1242938,VSMC,DVT
-1.9175193,7.8436537,Monocyte,DVT
-0.6694194,-5.89553,Fibroblast,DVT
2.2127635,8.848162,Fibroblast,DVT
-7.8315663,-0.56787115,VSMC,DVT
-5.159694,6.023746,Fibroblast,DVT
-2.6810992,-3.9986417,Fibroblast,DVT
-0.9228606,14.465367,Fibroblast,DVT
6.2675962,12.543937,B_cell,DVT
-0.35059884,-5.1325536,Fibroblast,DVT
-4.028193,7.1127605,Macrophage,DVT
-6.3227205,13.252775,Neutrophil,DVT
1.9221998,-3.9395401,Fibroblast,DVT
-2.9858994,-2.9569614,Fibroblast,DVT
-1.2337232,-1.9949527,Fibroblast,DVT
-5.1850796,7.617805,Macrophage,DVT
-2.0259783,-5.9655643,Fibroblast,DVT
-7.0719786,0.24800374,VSMC,DVT
1.2247039,-6.244768,Fibroblast,DVT
-2.9575517,9.672294,Monocyte,DVT
-1.4859327,-5.8584857,Fibroblast,DVT
-1.1040854,14.533931,Fibroblast,DVT
-8.012009,-0.62462664,VSMC,DVT
2.8532565,-0.04271763,Fibroblast,DVT
-0.41627443,-3.3103821,Fibroblast,DVT
-0.6581845,-2.0030377,Fibroblast,DVT
-6.3049283,8.289169,Macrophage,DVT
2.5074396,8.617661,Fibroblast,DVT
6.5338745,5.9961753,Endothelial,DVT
5.688416,12.064187,B_cell,DVT
-3.002831,7.7858405,Fibroblast,DVT
1.293831,-6.9563503,Fibroblast,DVT
-4.897891,7.070904,Fibroblast,DVT
-6.1230464,7.0462937,Macrophage,DVT
0.63428843,15.882486,Fibroblast,DVT
6.195251,0.57937616,Endothelial,DVT
-1.0418653,-5.6676087,Fibroblast,DVT
-2.7247374,-2.105263,Fibroblast,DVT
-0.96310884,-3.007243,Fibroblast,DVT
-0.504141,12.653098,Fibroblast,DVT
5.219926,1.5447954,Fibroblast,DVT
2.034687,-0.7370544,Fibroblast,DVT
-2.5500162,-2.4203866,Fibroblast,DVT
-7.6848197,12.130056,Neutrophil,DVT
-2.0327308,-3.4648798,Fibroblast,DVT
2.2479427,-3.9741118,Fibroblast,DVT
2.8017654,-0.62853307,Fibroblast,DVT
2.490977,-0.6682909,Fibroblast,DVT
-0.83437854,-3.4751933,Fibroblast,DVT
3.225068,-0.38173884,Fibroblast,DVT
-5.207602,8.531993,Macrophage,DVT
-0.8049879,-3.583712,Fibroblast,DVT
3.7513795,-4.0951724,Fibroblast,DVT
-3.6399643,6.3512588,Fibroblast,DVT
-3.5120602,10.208698,Monocyte,DVT
0.8789086,2.0045521,Endothelial,DVT
-0.8862583,3.4082062,Endothelial,DVT
-6.0887785,0.9077149,VSMC,DVT
2.7741008,0.5884965,Fibroblast,DVT
-7.587934,-0.83800536,VSMC,DVT
-1.4396714,8.774375,Monocyte,DVT
-0.8598101,-5.828072,Fibroblast,DVT
3.026067,4.308578,Endothelial,DVT
-0.44371003,13.114958,Fibroblast,DVT
-3.4614353,9.91908,Monocyte,DVT
1.4305912,-3.945757,Fibroblast,DVT
-4.524353,6.2834654,Fibroblast,DVT
-3.4573362,5.521809,Fibroblast,DVT
-5.082127,7.3581862,Macrophage,DVT
-6.1123033,7.752225,Macrophage,DVT
-1.6715683,-6.0290146,Fibroblast,DVT
-0.14021547,-3.332015,Fibroblast,DVT
-0.75009406,-4.4902706,Fibroblast,DVT
4.672595,5.1556087,Endothelial,DVT
-7.1507792,-0.89576286,VSMC,DVT
2.9960897,0.2854777,Fibroblast,DVT
0.14494869,2.6189513,Endothelial,DVT
-1.526523,-5.997876,Fibroblast,DVT
0.9358652,-5.0052214,Fibroblast,DVT
-2.04719,6.306674,Fibroblast,DVT
-2.0896087,-4.0408225,Fibroblast,DVT
-4.8975506,11.47502,Neutrophil,DVT
7.185496,6.0592895,Endothelial,DVT
0.86887157,14.669216,Fibroblast,DVT
-1.9341259,-2.406472,Fibroblast,DVT
-6.2157845,7.327559,Macrophage,DVT
-3.1105158,8.633147,Monocyte,DVT
-3.322951,-4.3850565,Fibroblast,DVT
-0.42815554,-5.02929,Fibroblast,DVT
-0.30687997,15.408395,Fibroblast,DVT
-6.093849,5.761664,Fibroblast,DVT
-0.6740549,-5.256402,Fibroblast,DVT
1.6012015,1.8647237,Fibroblast,DVT
0.32043576,-3.859668,Fibroblast,DVT
-5.518346,5.758628,Fibroblast,DVT
-3.8211277,7.184021,Macrophage,DVT
-2.1382968,-2.608903,Fibroblast,DVT
-5.7113724,-1.2137725,VSMC,DVT
0.45329386,-3.5368679,Fibroblast,DVT
-0.68395656,-5.372125,Fibroblast,DVT
-0.7318212,14.239629,Fibroblast,DVT
5.8352103,11.878198,B_cell,DVT
-8.475993,-1.0655081,VSMC,DVT
4.6650276,5.30014,Endothelial,DVT
2.062471,7.8718243,Fibroblast,DVT
14.5974655,7.808126,Fibroblast,DVT
1.2825884,13.070884,Fibroblast,DVT
1.053908,-2.4315722,Fibroblast,DVT
4.6405845,2.6315393,Endothelial,DVT
-1.2378445,-4.829393,Fibroblast,DVT
-2.3420951,5.025261,Fibroblast,DVT
-2.058613,-2.986828,Fibroblast,DVT
-3.5578141,7.430472,Fibroblast,DVT
2.8688314,16.516376,Fibroblast,DVT
-2.920546,-3.031205,Fibroblast,DVT
3.565601,-3.9171298,Fibroblast,DVT
2.360777,16.140724,Fibroblast,DVT
6.8865085,5.7625213,Endothelial,DVT
-8.272068,-1.8542068,VSMC,DVT
5.817926,6.0626945,Endothelial,DVT
-1.7188144,-5.5793853,Fibroblast,DVT
-0.66615534,-3.109248,Fibroblast,DVT
3.2193553,-4.0718703,Fibroblast,DVT
4.3420963,4.527315,Endothelial,DVT
-2.8210037,6.6557217,Fibroblast,DVT
-1.5905925,7.16182,Endothelial,DVT
3.2341228,0.21964912,Fibroblast,DVT
8.034789,5.730177,Endothelial,DVT
-6.384756,-0.08537124,VSMC,DVT
-0.15846175,-6.783033,Fibroblast,DVT
-5.4026217,6.6796355,Fibroblast,DVT
-2.817357,-1.5870222,Fibroblast,DVT
-5.8905783,7.3081427,Macrophage,DVT
-2.4997761,-4.9265776,Fibroblast,DVT
-0.80264264,-4.3192425,Fibroblast,DVT
3.4621942,4.067235,Endothelial,DVT
-2.011996,-2.6183655,Fibroblast,DVT
5.4722304,10.327742,B_cell,DVT
6.3107104,12.058848,B_cell,DVT
-5.488923,6.873669,Macrophage,DVT
-0.039334856,2.8428137,Endothelial,DVT
2.1245756,8.79121,Fibroblast,DVT
0.7302004,15.64965,Fibroblast,DVT
2.928287,16.459368,Fibroblast,DVT
5.8832483,6.5564895,Endothelial,DVT
7.099396,4.96298,Endothelial,DVT
-0.98776025,-5.7484565,Fibroblast,DVT
0.038347106,-3.4001076,Fibroblast,DVT
-4.1036725,8.421505,Monocyte,DVT
1.2955097,-2.7667854,Fibroblast,DVT
0.13764714,-2.850126,Fibroblast,DVT
-6.600096,-1.239821,VSMC,DVT
2.241343,16.159327,Fibroblast,DVT
-0.7501163,-4.196049,Fibroblast,DVT
-1.2161111,-1.852258,Fibroblast,DVT
-11.267133,4.6236377,Fibroblast,DVT
-2.1410732,15.335337,Fibroblast,DVT
0.2921111,-4.7234807,Fibroblast,DVT
-3.174556,-1.7915283,Fibroblast,DVT
-2.0735972,-5.7907987,Fibroblast,DVT
-2.6055896,-5.131803,Fibroblast,DVT
3.2589116,4.272089,Endothelial,DVT
-1.943183,-4.674104,Fibroblast,DVT
1.8618244,-3.738443,Fibroblast,DVT
-1.470814,-2.5731566,Fibroblast,DVT
-2.1599534,15.278625,Fibroblast,DVT
-0.9411407,14.083984,Fibroblast,DVT
-2.992396,6.196017,Fibroblast,DVT
14.63033,7.824122,Fibroblast,DVT
-1.7735614,-3.7109244,Fibroblast,DVT
2.3518407,0.7929669,Fibroblast,DVT
-2.3772569,5.8024983,Fibroblast,DVT
-3.2690046,-4.386936,Fibroblast,DVT
-10.223948,5.3187118,Fibroblast,DVT
-0.43501878,15.531371,Fibroblast,DVT
-0.733261,3.1476634,Endothelial,DVT
2.4817743,-0.19620173,Fibroblast,DVT
-2.3119369,-2.2498193,Fibroblast,DVT
-4.5172644,11.822759,Neutrophil,DVT
-1.324902,-4.636664,Fibroblast,DVT
0.5528794,-2.6058564,Fibroblast,DVT
-0.27138105,-5.0999537,Fibroblast,DVT
-7.2920904,-1.734108,VSMC,DVT
6.028505,11.255189,B_cell,DVT
-3.3855093,5.9050703,Fibroblast,DVT
-2.4565403,-2.1157584,Fibroblast,DVT
-1.3551048,8.623379,Monocyte,DVT
-1.3984323,-0.22558108,Fibroblast,DVT
5.8417196,5.794213,Endothelial,DVT
-3.3721173,10.296064,Monocyte,DVT
-1.9326196,-6.3585763,Fibroblast,DVT
-4.4727187,6.730881,Fibroblast,DVT
0.595201,-2.5113692,Fibroblast,DVT
0.3439093,-3.4763424,Fibroblast,DVT
-3.6661572,9.633831,Monocyte,DVT
1.3077141,-4.28214,Fibroblast,DVT
-8.675992,-1.1927825,VSMC,DVT
-2.9205492,-4.1639295,Fibroblast,DVT
-2.16894,7.253769,Fibroblast,DVT
1.3300682,1.539801,Fibroblast,DVT
6.0948253,12.706406,B_cell,DVT
-5.7664075,12.5978565,Neutrophil,DVT
2.5368404,-0.5536461,Fibroblast,DVT
1.9215639,-3.0868,Fibroblast,DVT
-1.2681391,-4.0209146,Fibroblast,DVT
-5.643764,8.413707,Macrophage,DVT
5.752344,11.861319,B_cell,DVT
-1.271062,9.1114435,Monocyte,DVT
-0.43143803,-1.2868756,Fibroblast,DVT
5.8316913,5.965679,Endothelial,DVT
-5.241106,6.2672005,Fibroblast,DVT
-0.72795427,-4.5905375,Fibroblast,DVT
-1.1818532,14.642546,Fibroblast,DVT
2.824633,-0.22189108,Fibroblast,DVT
7.540303,6.740689,Endothelial,DVT
-5.2690554,6.309125,Fibroblast,DVT
0.2666914,13.172026,Fibroblast,DVT
-5.7527046,12.594795,Neutrophil,DVT
-0.8925151,-2.5148273,Fibroblast,DVT
-10.2470045,5.2277727,Fibroblast,DVT
-2.3609324,8.494084,Monocyte,DVT
-1.9915534,14.573657,Fibroblast,DVT
-7.2551527,0.67392355,VSMC,DVT
5.455617,10.689137,B_cell,DVT
-1.7565836,6.629987,Fibroblast,DVT
-7.5889726,-0.9116204,VSMC,DVT
0.5729688,-3.4702911,Fibroblast,DVT
-5.3686037,6.2440453,Fibroblast,DVT
-11.721984,5.4669766,Fibroblast,DVT
2.8904667,0.7058188,Fibroblast,DVT
-3.3736782,-4.6240053,Fibroblast,DVT
-3.2504013,-3.486706,Fibroblast,DVT
3.5490968,-4.0128365,Fibroblast,DVT
-5.2228465,0.4056444,VSMC,DVT
-2.4629598,-4.8658805,Fibroblast,DVT
-2.133069,-4.019695,Fibroblast,DVT
-2.1908438,-4.3794723,Fibroblast,DVT
-4.4712653,7.0367956,Macrophage,DVT
6.025776,12.847888,B_cell,DVT
-1.5643829,8.225069,Monocyte,DVT
-3.7368011,-4.564982,Fibroblast,DVT
0.78985405,-4.6844068,Fibroblast,DVT
-4.543016,6.695713,Fibroblast,DVT
5.856369,10.885605,B_cell,DVT
-2.8128035,-4.2227936,Fibroblast,DVT
-6.1920433,-1.3348941,VSMC,DVT
4.5109544,-4.2826185,Fibroblast,DVT
-0.2555166,-1.3852605,Fibroblast,DVT
4.789863,5.409954,Endothelial,DVT
1.1586154,-2.2444057,Fibroblast,DVT
7.0333443,5.894467,Endothelial,DVT
-1.0868629,-4.9945407,Fibroblast,DVT
-8.439105,-1.5580636,VSMC,DVT
-10.189196,5.339636,Fibroblast,DVT
1.5779791,12.778377,Fibroblast,DVT
-1.6894549,-5.140964,Fibroblast,DVT
-0.38477337,-6.397105,Fibroblast,DVT
-3.8327672,8.504132,Monocyte,DVT
-4.960326,5.7155986,Fibroblast,DVT
-3.3654943,9.042068,Monocyte,DVT
-0.37288398,-3.1445432,Fibroblast,DVT
5.888117,6.065437,Endothelial,DVT
-3.5313816,5.9551744,Fibroblast,DVT
-3.117412,-3.615964,Fibroblast,DVT
-2.3599691,-4.862687,Fibroblast,DVT
3.6415606,-4.087981,Fibroblast,DVT
2.652281,6.746625,Fibroblast,DVT
1.8641646,4.6835756,Endothelial,DVT
-8.1654,-1.7579864,VSMC,DVT
0.58587104,-3.9295974,Fibroblast,DVT
0.40841505,-0.98833203,Fibroblast,DVT
-3.1678212,-5.097675,Fibroblast,DVT
0.752111,16.06018,Fibroblast,DVT
7.5239244,3.3648705,Endothelial,DVT
-11.103193,5.033429,Fibroblast,DVT
-0.6237318,8.871264,Monocyte,DVT
1.0183357,-2.447528,Fibroblast,DVT
2.5500166,-3.9177256,Fibroblast,DVT
-5.4785094,-0.6234783,VSMC,DVT
0.8332437,-4.690189,Fibroblast,DVT
-3.0186348,-1.6485538,Fibroblast,DVT
-6.590055,-0.9674548,VSMC,DVT
-0.20098427,-2.779931,Fibroblast,DVT
1.9389207,-3.6529272,Fibroblast,DVT
1.7058688,1.3029395,Fibroblast,DVT
0.7977644,-4.390778,Fibroblast,DVT
-5.640869,12.426469,Neutrophil,DVT
-3.3007252,5.864737,Fibroblast,DVT
-7.7769895,-1.239562,VSMC,DVT
-5.608424,5.493224,Fibroblast,DVT
-2.6325932,-3.3497066,Fibroblast,DVT
-2.38053,-5.74894,Fibroblast,DVT
-7.9577856,-0.92741585,VSMC,DVT
-0.3551999,-2.9411411,Fibroblast,DVT
-3.394868,5.684246,Fibroblast,DVT
-0.7576613,-3.603795,Fibroblast,DVT
1.8068948,13.317157,Fibroblast,DVT
1.5531015,-4.507272,Fibroblast,DVT
-6.082377,7.0129747,Macrophage,DVT
-5.013407,7.8238406,Macrophage,DVT
3.0002341,-3.410556,Fibroblast,DVT
0.18859234,-4.7942367,Fibroblast,DVT
-1.096836,-6.0850863,Fibroblast,DVT
2.935131,-4.2148595,Fibroblast,DVT
-0.20254678,8.145089,Monocyte,DVT
7.098588,0.9249836,Endothelial,DVT
-4.8349113,7.796313,Macrophage,DVT
5.8170757,5.968176,Endothelial,DVT
0.49510238,-2.8851695,Fibroblast,DVT
3.4452877,0.2528441,Fibroblast,DVT
-10.538343,5.4961615,Fibroblast,DVT
-3.62849,-5.0733514,Fibroblast,DVT
-2.576261,-2.9511566,Fibroblast,DVT
-5.7417006,12.335427,Neutrophil,DVT
-5.567041,12.882023,Neutrophil,DVT
-1.0022528,-2.3004725,Fibroblast,DVT
-1.3798534,-5.7946424,Fibroblast,DVT
-1.9037168,-5.7706313,Fibroblast,DVT
-1.2762047,8.808928,Monocyte,DVT
-0.8701291,-3.0129266,Fibroblast,DVT
0.9982621,12.068494,Fibroblast,DVT
-4.4974113,10.739091,Neutrophil,DVT
2.7870333,4.9521527,Endothelial,DVT
-2.7465863,-4.44876,Fibroblast,DVT
-7.0922155,0.590761,VSMC,DVT
-0.9924569,-5.738029,Fibroblast,DVT
2.183622,-3.8306456,Fibroblast,DVT
-0.9115086,-3.1120477,Fibroblast,DVT
-2.2776406,-5.7427397,Fibroblast,DVT
0.5316573,-3.3951118,Fibroblast,DVT
-2.9676225,6.0085726,Fibroblast,DVT
2.121845,8.780812,Fibroblast,DVT
-0.26715422,15.458354,Fibroblast,DVT
2.4674556,-0.9061743,Fibroblast,DVT
-3.147928,-1.8446237,Fibroblast,DVT
-1.7131453,15.17291,Fibroblast,DVT
-1.9791808,15.934277,Fibroblast,DVT
-8.351448,-1.8334883,VSMC,DVT
-3.7427714,-2.365553,Fibroblast,DVT
-6.2572494,1.5108491,VSMC,DVT
5.8116736,11.310681,B_cell,DVT
-2.698444,-4.7672772,Fibroblast,DVT
6.2120886,12.526376,B_cell,DVT
-2.685656,-4.4401097,Fibroblast,DVT
-5.61809,11.234689,Neutrophil,DVT
-2.1281447,-3.0493605,Fibroblast,DVT
1.2000947,12.876331,Fibroblast,DVT
-0.5691206,13.828757,Fibroblast,DVT
0.144755,-6.1416454,Fibroblast,DVT
-2.7747214,-3.0200484,Fibroblast,DVT
-1.9649135,-5.813173,Fibroblast,DVT
-0.9693759,-4.40662,Fibroblast,DVT
-0.7309822,-4.4962053,Fibroblast,DVT
-3.5091536,-1.9433788,Fibroblast,DVT
14.692671,7.877448,Fibroblast,DVT
-6.1879926,1.6887791,VSMC,DVT
-1.9702476,-4.8887877,Fibroblast,DVT
1.3516066,-2.473736,Fibroblast,DVT
-3.3566186,-5.475845,Fibroblast,DVT
-0.41772577,15.79064,Fibroblast,DVT
2.447781,8.596919,Fibroblast,DVT
-1.4071155,-5.786542,Fibroblast,DVT
0.7200545,-3.6197321,Fibroblast,DVT
0.06795237,2.6659539,Endothelial,DVT
-1.0970689,-5.4546294,Fibroblast,DVT
-0.10772211,2.7821112,Endothelial,DVT
-5.7546134,12.458133,Neutrophil,DVT
-4.3555536,5.5690503,Fibroblast,DVT
-7.313302,0.5328933,VSMC,DVT
-3.2782764,9.655097,Monocyte,DVT
-3.8888714,5.809283,Fibroblast,DVT
1.7620457,12.670641,Fibroblast,DVT
-5.941413,6.7156096,Macrophage,DVT
-2.5406723,-4.0514565,Fibroblast,DVT
-2.185107,15.104869,Fibroblast,DVT
-3.2804892,-4.670314,Fibroblast,DVT
5.4050007,5.319354,Endothelial,DVT
-2.6351407,-1.2992058,Fibroblast,DVT
0.49664712,14.939571,Fibroblast,DVT
0.2774522,16.006315,Fibroblast,DVT
7.4231515,6.3522687,Endothelial,DVT
0.85648584,12.114303,Fibroblast,DVT
-2.5818357,-5.818847,Fibroblast,DVT
-2.5035214,-2.569358,Fibroblast,DVT
-3.9713492,-4.6643753,Fibroblast,DVT
0.6614488,12.526624,Fibroblast,DVT
0.6036319,-3.4229,Fibroblast,DVT
-5.513899,8.03132,Macrophage,DVT
-4.862092,10.354286,Macrophage,DVT
6.8388743,5.848312,Endothelial,DVT
6.0410686,11.750696,B_cell,DVT
7.0860457,6.605051,Endothelial,DVT
6.6776876,5.9557123,Endothelial,DVT
-2.6257145,-1.0104507,Fibroblast,DVT
-2.2081337,-4.966625,Fibroblast,DVT
2.867012,-4.0588584,Fibroblast,DVT
5.4195085,11.2426815,B_cell,DVT
1.3574666,-2.6390173,Fibroblast,DVT
-2.0618184,-2.0637507,Fibroblast,DVT
-3.4481568,-4.229607,Fibroblast,DVT
5.4300494,9.253803,B_cell,DVT
-2.6000123,-3.77442,Fibroblast,DVT
-2.5308168,-2.0800285,Fibroblast,DVT
-3.4435627,6.4913974,Macrophage,DVT
-5.621785,5.829727,Fibroblast,DVT
-3.8770254,7.197044,Macrophage,DVT
-6.1763344,7.404699,Macrophage,DVT
-0.5283907,-4.311699,Fibroblast,DVT
-5.809577,5.664286,Fibroblast,DVT
-6.636716,-1.6997647,VSMC,DVT
-2.9265916,8.471349,Monocyte,DVT
-1.3730828,0.15337539,Fibroblast,DVT
4.7094917,2.5236313,Endothelial,DVT
2.3551493,-1.156884,Fibroblast,DVT
-3.2692454,-5.2834396,Fibroblast,DVT
-1.4985461,7.065002,Fibroblast,DVT
-0.89251477,3.3942704,Endothelial,DVT
-3.6056263,6.1454678,Fibroblast,DVT
5.528472,6.0752287,Endothelial,DVT
2.7270577,-4.5337496,Fibroblast,DVT
0.19373107,-4.8355646,Fibroblast,DVT
2.9521418,0.00057266507,Fibroblast,DVT
-3.0824249,-5.6232734,Fibroblast,DVT
7.047314,6.2534313,Endothelial,DVT
3.0649242,0.009967499,Fibroblast,DVT
-2.0463004,-4.459795,Fibroblast,DVT
-1.6609426,8.777917,Monocyte,DVT
-8.39621,-0.716223,VSMC,DVT
-0.64682674,-5.030153,Fibroblast,DVT
1.3600888,14.326888,Fibroblast,DVT
14.127171,7.519331,Fibroblast,DVT
14.067577,7.4547067,Fibroblast,DVT
-1.545428,-3.5063088,Fibroblast,DVT
-4.402773,6.606376,Fibroblast,DVT
-8.242806,-1.135917,VSMC,DVT
0.4814252,-2.5182385,Fibroblast,DVT
-0.7499847,-5.299175,Fibroblast,DVT
0.4503992,-3.418562,Fibroblast,DVT
1.8028027,-4.5646763,Fibroblast,DVT
1.8979824,13.113996,Fibroblast,DVT
-3.0026076,6.7543244,Fibroblast,DVT
1.8031927,4.706771,Endothelial,DVT
-3.4190192,-4.1911154,Fibroblast,DVT
-2.2510874,-2.9498796,Fibroblast,DVT
0.9712005,13.175471,Fibroblast,DVT
0.18982883,2.6624544,Endothelial,DVT
-5.6119423,11.2537,Neutrophil,DVT
4.517226,5.1312346,Endothelial,DVT
1.3394575,-3.8151379,Fibroblast,DVT
-2.385158,7.4318123,Fibroblast,DVT
-4.482894,6.751836,Fibroblast,DVT
-2.0911074,-5.7569585,Fibroblast,DVT
-0.3905596,-4.7578645,Fibroblast,DVT
-5.845495,13.115523,Neutrophil,DVT
3.841558,-4.2246366,Fibroblast,DVT
0.77234256,15.267626,Fibroblast,DVT
-2.5233805,-3.4667807,Fibroblast,DVT
1.0222738,-8.105969,Fibroblast,DVT
0.22390899,-5.275744,Fibroblast,DVT
-2.0484262,-5.8284707,Fibroblast,DVT
3.1293135,-4.0167036,Fibroblast,DVT
-2.5572793,-3.2609012,Fibroblast,DVT
-4.8306656,10.217177,Macrophage,DVT
1.8350179,13.226151,Fibroblast,DVT
4.735709,4.0524564,Endothelial,DVT
-0.89665246,-5.3308697,Fibroblast,DVT
-3.6015427,5.995814,Fibroblast,DVT
-5.369492,12.766708,Neutrophil,DVT
0.27884513,-3.5763667,Fibroblast,DVT
6.1740174,11.795826,B_cell,DVT
-10.956046,4.2158713,Fibroblast,DVT
-4.168102,-4.698622,Fibroblast,DVT
6.8728647,6.0957103,Endothelial,DVT
4.5082974,-4.285779,Fibroblast,DVT
-6.508496,13.293912,Neutrophil,DVT
-1.342247,13.47175,Fibroblast,DVT
4.867206,4.0854354,Endothelial,DVT
-2.702888,-2.581385,Fibroblast,DVT
5.471949,10.927863,B_cell,DVT
-2.9862764,-3.14241,Fibroblast,DVT
-6.155484,-1.3166848,VSMC,DVT
0.8283947,2.0653646,Endothelial,DVT
2.2035992,8.899289,Fibroblast,DVT
1.8083367,-3.082517,Fibroblast,DVT
-1.6937068,-2.5458746,Fibroblast,DVT
-2.058697,7.275796,Fibroblast,DVT
-6.9213676,0.57109755,VSMC,DVT
0.57316905,-4.482894,Fibroblast,DVT
2.9659495,-4.2870035,Fibroblast,DVT
4.4254036,-4.2325444,Fibroblast,DVT
-5.3723245,5.5328455,Fibroblast,DVT
1.794848,6.87281,B_cell,DVT
6.8381553,5.232661,Endothelial,DVT
-3.1160016,9.633237,Monocyte,DVT
4.6178975,5.744726,Endothelial,DVT
-1.7174466,-3.0180354,Fibroblast,DVT
-5.561707,6.6467905,Fibroblast,DVT
-0.8333683,8.606115,Monocyte,DVT
-1.3528934,-6.1226873,Fibroblast,DVT
2.8386385,4.2977195,Endothelial,DVT
-2.8699667,8.714501,Monocyte,DVT
-2.8136892,-2.3678393,Fibroblast,DVT
2.1708515,-4.03609,Fibroblast,DVT
-1.7007611,-1.7436777,Fibroblast,DVT
2.6326983,0.11163952,Fibroblast,DVT
6.3126974,11.373398,B_cell,DVT
-3.8442893,9.001941,Monocyte,DVT
-2.3195179,-4.2108903,Fibroblast,DVT
8.00151,6.068497,Endothelial,DVT
3.2930825,-3.865611,Fibroblast,DVT
-1.8661971,-2.1272364,Fibroblast,DVT
0.7225729,-0.76363677,Fibroblast,DVT
3.8970232,-4.1063914,Fibroblast,DVT
-0.23989996,-4.4833164,Fibroblast,DVT
-1.4321803,-3.2287862,Fibroblast,DVT
-3.4132073,-2.6002262,Fibroblast,DVT
-3.257716,-2.6616354,Fibroblast,DVT
2.932832,-0.39797145,Fibroblast,DVT
0.50441754,12.150356,Fibroblast,DVT
-3.0388315,6.110758,Fibroblast,DVT
7.722008,6.6409774,Endothelial,DVT
2.88993,-0.49477997,Fibroblast,DVT
-7.8236017,-0.8828635,VSMC,DVT
-0.7093516,14.391132,Fibroblast,DVT
-0.5896523,-2.385948,Fibroblast,DVT
-1.6259923,-6.17483,Fibroblast,DVT
-11.424285,0.14992148,Erythrocyte,DVT
-0.5646134,-4.730919,Fibroblast,DVT
-7.753924,-1.7631458,VSMC,DVT
-3.3446486,6.001672,Fibroblast,DVT
-2.1916208,-5.72977,Fibroblast,DVT
-1.1204659,-5.9140086,Fibroblast,DVT
0.11701302,-2.9308217,Fibroblast,DVT
5.913023,0.61839056,Endothelial,DVT
-6.035869,-0.9457621,VSMC,DVT
-1.650987,-5.4930015,Fibroblast,DVT
-2.35457,-5.978065,Fibroblast,DVT
-6.1880317,1.5085379,VSMC,DVT
-1.57868,-1.4340636,Fibroblast,DVT
-0.15940537,3.08083,Endothelial,DVT
-5.6388345,8.188174,Macrophage,DVT
0.32276696,-4.7708526,Fibroblast,DVT
1.3113099,-2.0891492,Fibroblast,DVT
0.66171116,15.815346,Fibroblast,DVT
4.843718,10.594572,B_cell,DVT
-2.1668875,15.195156,Fibroblast,DVT
5.36192,10.103859,B_cell,DVT
-1.5567896,-2.083199,Fibroblast,DVT
1.783142,6.6955113,B_cell,DVT
6.5080767,5.685076,Endothelial,DVT
-6.350697,-0.99978703,VSMC,DVT
-1.5710127,12.836982,Fibroblast,DVT
-0.8012849,-5.1368575,Fibroblast,DVT
-2.542675,-3.7911184,Fibroblast,DVT
-4.1120157,8.768595,Monocyte,DVT
9.120419,0.88434184,Endothelial,DVT
-3.2969294,6.5272026,Fibroblast,DVT
-1.7504877,-4.873988,Fibroblast,DVT
-0.18168889,-6.964779,Fibroblast,DVT
-0.64346737,-2.0795321,Fibroblast,DVT
-2.9518538,-2.4935908,Fibroblast,DVT
-2.1751423,-2.8712726,Fibroblast,DVT
1.8740236,13.111562,Fibroblast,DVT
-2.2347178,6.720465,Fibroblast,DVT
-2.2321382,8.630002,Monocyte,DVT
0.607647,12.830999,Fibroblast,DVT
-5.5491576,7.0626597,Macrophage,DVT
0.39608064,14.98038,Fibroblast,DVT
-2.872797,-3.362643,Fibroblast,DVT
-0.8544573,14.532348,Fibroblast,DVT
7.448517,6.5745344,Endothelial,DVT
2.0637918,-3.7775564,Fibroblast,DVT
-5.4285474,5.9358926,Fibroblast,DVT
-1.2938392,-2.0160866,Fibroblast,DVT
0.92184263,12.026089,Fibroblast,DVT
-3.5055792,-4.9002175,Fibroblast,DVT
3.1835463,-0.89728016,Fibroblast,DVT
-2.45047,-4.754916,Fibroblast,DVT
-0.5992883,-3.3409128,Fibroblast,DVT
-2.5305789,-3.4862096,Fibroblast,DVT
1.1143384,-5.0201254,Fibroblast,DVT
0.30283776,16.058403,Fibroblast,DVT
-3.1133232,-4.85618,Fibroblast,DVT
1.0734786,-2.2902465,Fibroblast,DVT
-2.3903735,5.0390415,Fibroblast,DVT
-3.9257793,-4.2561073,Fibroblast,DVT
0.8432195,13.542146,Fibroblast,DVT
0.7912504,15.483736,Fibroblast,DVT
1.9436301,9.161272,Fibroblast,DVT
-6.5591702,12.594289,Neutrophil,DVT
-3.314617,5.8212943,Fibroblast,DVT
-5.637131,8.325847,Macrophage,DVT
-0.465657,-4.6865582,Fibroblast,DVT
1.9165581,-1.679203,Fibroblast,DVT
2.1895876,-3.3895297,Fibroblast,DVT
2.4716203,7.0077863,Fibroblast,DVT
6.9133754,0.7610945,Endothelial,DVT
-6.548011,0.46838593,VSMC,DVT
1.9206843,12.736287,Fibroblast,DVT
-2.8995895,-1.6786251,Fibroblast,DVT
-2.0843651,-3.2933328,Fibroblast,DVT
0.15517789,-3.6649477,Fibroblast,DVT
-2.0106761,-3.1687417,Fibroblast,DVT
1.7723379,12.710896,Fibroblast,DVT
-3.9832726,-3.086209,Fibroblast,DVT
-3.156674,6.3030863,Fibroblast,DVT
0.28937057,14.053284,Fibroblast,DVT
-4.106142,5.13313,Fibroblast,DVT
8.285232,3.865151,Endothelial,DVT
-6.5176888,12.559395,Neutrophil,DVT
-7.258597,-1.2162515,VSMC,DVT
-2.6448438,-2.3185618,Fibroblast,DVT
-3.4305055,9.819778,Monocyte,DVT
-0.48860502,-5.947636,Fibroblast,DVT
-2.3535051,-5.0026655,Fibroblast,DVT
0.9359839,-3.4080367,Fibroblast,DVT
5.725393,10.690606,B_cell,DVT
0.28528026,-2.949095,Fibroblast,DVT
-5.946161,7.382805,Macrophage,DVT
5.688059,0.40094724,Endothelial,DVT
0.3152726,-2.8958454,Fibroblast,DVT
-6.055931,5.2459464,Fibroblast,DVT
4.4028387,10.501567,B_cell,DVT
-2.618206,4.7910657,Fibroblast,DVT
-3.8516443,-3.0792625,Fibroblast,DVT
2.9101503,6.489979,Fibroblast,DVT
3.4780838,-3.9158306,Fibroblast,DVT
-5.0191374,6.3205442,Fibroblast,DVT
-5.79715,7.303207,Macrophage,DVT
2.8091197,-0.724173,Fibroblast,DVT
-0.18869157,8.30258,Monocyte,DVT
-1.5950756,14.991175,Fibroblast,DVT
-6.1340456,6.4794345,Macrophage,DVT
-2.9051583,6.3311963,Fibroblast,DVT
1.1886736,-4.6600356,Fibroblast,DVT
0.37361458,-4.052337,Fibroblast,DVT
0.17791824,-5.944539,Fibroblast,DVT
3.3987603,4.3938518,Endothelial,DVT
-3.2279003,-3.1381383,Fibroblast,DVT
0.04466225,-4.9439206,Fibroblast,DVT
-3.4302788,-1.4637804,Fibroblast,DVT
-3.0697613,8.666047,Monocyte,DVT
-1.4256592,8.654706,Monocyte,DVT
-1.6573535,-2.6592743,Fibroblast,DVT
-0.266157,8.288864,Monocyte,DVT
-4.7465262,11.405099,Neutrophil,DVT
-2.787802,5.1653767,Fibroblast,DVT
-1.8557072,14.4906,Fibroblast,DVT
1.194082,-3.562714,Fibroblast,DVT
-0.5640335,-4.0681396,Fibroblast,DVT
-2.230861,-4.4463053,Fibroblast,DVT
-2.0755622,-3.1263902,Fibroblast,DVT
2.2609384,8.956372,Fibroblast,DVT
-4.5807776,11.754289,Neutrophil,DVT
-2.8891,-2.2553582,Fibroblast,DVT
-6.0869884,11.198018,Neutrophil,DVT
2.6075008,16.178192,Fibroblast,DVT
-1.7737693,14.368126,Fibroblast,DVT
6.1173553,12.660923,B_cell,DVT
-3.0123746,-1.5705452,Fibroblast,DVT
-5.236528,7.8112006,Macrophage,DVT
-2.3782532,-4.948886,Fibroblast,DVT
-1.8635218,7.40066,Endothelial,DVT
3.877826,0.7341601,Fibroblast,DVT
0.9958467,13.672858,Fibroblast,DVT
-5.739784,12.409823,Neutrophil,DVT
-2.2032454,-1.3218466,Fibroblast,DVT
-3.3459857,-2.0309708,Fibroblast,DVT
-4.3252554,12.363855,Neutrophil,DVT
-3.776581,10.5292845,Monocyte,DVT
-6.1221137,1.5228231,VSMC,DVT
-0.84205985,-4.577843,Fibroblast,DVT
3.4065933,0.0024807472,Fibroblast,DVT
-1.9375848,-4.522156,Fibroblast,DVT
-10.656295,5.628407,Fibroblast,DVT
0.5355321,-2.6104631,Fibroblast,DVT
1.1989042,13.622269,Fibroblast,DVT
1.8149503,-4.5484805,Fibroblast,DVT
-1.042089,-4.3221006,Fibroblast,DVT
2.2491815,-4.177349,Fibroblast,DVT
1.2636743,16.053318,Fibroblast,DVT
-1.8394713,-5.005674,Fibroblast,DVT
0.8913596,-3.0201535,Fibroblast,DVT
-10.905966,4.5631227,Fibroblast,DVT
0.07539713,-3.8234384,Fibroblast,DVT
1.2468283,-3.7318017,Fibroblast,DVT
-2.051128,-1.2586257,Fibroblast,DVT
-7.543849,-1.649984,VSMC,DVT
-7.544541,-1.482821,VSMC,DVT
-1.8501966,15.901576,Fibroblast,DVT
2.1094005,-0.5507248,Fibroblast,DVT
3.0117438,0.21202283,Fibroblast,DVT
5.722001,5.711566,Endothelial,DVT
-6.0412793,7.435174,Macrophage,DVT
4.8122535,4.0976453,Endothelial,DVT
-3.4151328,-1.3799042,Fibroblast,DVT
-0.45677096,-1.6285213,Fibroblast,DVT
-10.180725,5.359977,Fibroblast,DVT
2.383422,4.426135,Endothelial,DVT
-3.340379,8.667808,Monocyte,DVT
2.4851596,-0.38986015,Fibroblast,DVT
-0.9942371,0.060115036,Fibroblast,DVT
-1.8499099,16.135193,Fibroblast,DVT
-2.4265609,-4.539562,Fibroblast,DVT
0.3265199,-5.0452614,Fibroblast,DVT
-11.7430725,5.4815583,Fibroblast,DVT
6.2907486,5.418249,Endothelial,DVT
-2.3946574,-3.6729836,Fibroblast,DVT
-5.7448525,6.971623,Macrophage,DVT
2.8455565,-0.087702215,Fibroblast,DVT
-2.522381,-5.655876,Fibroblast,DVT
2.857388,-0.1891867,Fibroblast,DVT
-7.114871,-1.3657955,VSMC,DVT
-2.7210286,-5.8451934,Fibroblast,DVT
3.5571883,4.6374,Endothelial,DVT
-8.048775,-1.07197,VSMC,DVT
2.3244114,4.3788476,Endothelial,DVT
-1.524563,-4.4197683,Fibroblast,DVT
1.1267164,-2.3431048,Fibroblast,DVT
-1.9674773,7.8251953,Fibroblast,DVT
-0.33840507,-4.7272377,Fibroblast,DVT
0.7186448,13.426418,Fibroblast,DVT
2.7632565,-5.041693,Fibroblast,DVT
-2.1927798,-4.473889,Fibroblast,DVT
-2.6489403,-1.030269,Fibroblast,DVT
-1.2241056,-6.4317718,Fibroblast,DVT
-0.95905465,3.4367895,Endothelial,DVT
-3.0692396,4.74351,Fibroblast,DVT
-0.13197163,-1.6191345,Fibroblast,DVT
1.6726756,-4.84196,Fibroblast,DVT
-0.77979803,13.883431,Fibroblast,DVT
5.8927526,12.247055,B_cell,DVT
-1.7368648,-5.5671544,Fibroblast,DVT
2.1654232,-0.050381083,Fibroblast,DVT
-2.7734866,-1.3799007,Fibroblast,DVT
-2.0388799,-3.0565329,Fibroblast,DVT
-3.8587294,5.972838,Fibroblast,DVT
-10.8545885,5.217402,Fibroblast,DVT
-3.0288596,-4.342043,Fibroblast,DVT
4.492702,-4.3070235,Fibroblast,DVT
-1.4976516,13.781483,Fibroblast,DVT
-2.7019258,-4.9752245,Fibroblast,DVT
-0.72722185,9.069571,Monocyte,DVT
-3.7286274,5.9752827,Fibroblast,DVT
-2.175962,-3.0837696,Fibroblast,DVT
-2.040028,-5.4253616,Fibroblast,DVT
-7.871723,-0.2328456,VSMC,DVT
-3.8627734,8.873293,Monocyte,DVT
-0.09198334,-1.4907224,Fibroblast,DVT
-5.9171643,5.374532,Fibroblast,DVT
-0.3973784,-5.0579486,Fibroblast,DVT
3.9396954,20.656174,Fibroblast,DVT
0.84035367,14.078272,Fibroblast,DVT
7.255342,6.0648084,Endothelial,DVT
14.26137,7.553398,Fibroblast,DVT
-7.6031823,12.31703,Neutrophil,DVT
-2.6281962,5.4387627,Fibroblast,DVT
2.7782998,0.40440658,Fibroblast,DVT
3.7672594,0.36262557,Fibroblast,DVT
-2.1354227,15.120355,Fibroblast,DVT
-11.780655,0.34922475,Erythrocyte,DVT
-6.4865503,-1.4456421,VSMC,DVT
-7.0592065,-1.0222033,VSMC,DVT
-4.2820706,5.124244,Fibroblast,DVT
-3.504149,10.249622,Monocyte,DVT
1.606912,-3.8766255,Fibroblast,DVT
0.44781357,-5.3356857,Fibroblast,DVT
-5.5899286,10.625411,Neutrophil,DVT
0.2742808,14.032935,Fibroblast,DVT
0.79281807,-2.4949381,Fibroblast,DVT
-1.8097814,15.46889,Fibroblast,DVT
1.971646,12.786377,Fibroblast,DVT
-3.5812514,-1.525415,Fibroblast,DVT
5.958294,6.056024,Endothelial,DVT
1.8872602,4.703869,Endothelial,DVT
-0.3977959,-3.3386638,Fibroblast,DVT
2.5419447,-4.428298,Fibroblast,DVT
0.39147738,-3.4267745,Fibroblast,DVT
-3.620047,6.9706097,Fibroblast,DVT
14.007536,7.4538026,Fibroblast,DVT
0.6139134,15.0689945,Fibroblast,DVT
1.1455435,0.38596526,Fibroblast,DVT
6.052287,11.040461,B_cell,DVT
-7.5648665,-1.1442161,VSMC,DVT
-1.2607435,9.812469,Monocyte,DVT
-2.1130667,8.267221,Monocyte,DVT
0.255466,2.6456008,Endothelial,DVT
-1.3146365,-1.834916,Fibroblast,DVT
-11.651478,5.4637237,Fibroblast,DVT
3.3485212,4.4352555,Endothelial,DVT
-2.1560895,-3.802329,Fibroblast,DVT
-0.08872886,-4.5080986,Fibroblast,DVT
-6.432369,13.243296,Neutrophil,DVT
2.2328174,8.869071,Fibroblast,DVT
13.751384,7.330156,Fibroblast,DVT
-4.7515845,11.553296,Neutrophil,DVT
-1.0040067,14.631632,Fibroblast,DVT
3.362501,-4.1916704,Fibroblast,DVT
-0.20466727,-3.9584675,Fibroblast,DVT
2.9646647,16.519144,Fibroblast,DVT
-6.5770106,12.554944,Neutrophil,DVT
1.1408911,-1.864024,Fibroblast,DVT
-3.1332722,-4.0405865,Fibroblast,DVT
0.6186764,14.258498,Fibroblast,DVT
-5.637964,10.810916,Neutrophil,DVT
-0.12422539,-4.324934,Fibroblast,DVT
-5.571883,7.264078,Macrophage,DVT
-6.2016554,7.608491,Macrophage,DVT
3.1819756,0.05756964,Fibroblast,DVT
7.407425,6.068232,Endothelial,DVT
-11.718506,5.6460958,Fibroblast,DVT
-3.559925,-2.259239,Fibroblast,DVT
1.511935,12.577238,Fibroblast,DVT
2.2100432,12.641396,Fibroblast,DVT
-0.32726896,12.333942,Fibroblast,DVT
-7.388773,1.0827073,VSMC,DVT
1.1920155,-2.044234,Fibroblast,DVT
-3.5524414,-2.6721494,Fibroblast,DVT
-8.117087,-1.1034886,VSMC,DVT
-4.3347282,-1.5675249,Fibroblast,DVT
-8.128421,-1.0501969,VSMC,DVT
-2.2191162,-5.9842415,Fibroblast,DVT
-2.5393803,6.086517,Fibroblast,DVT
3.5975215,0.1797904,Fibroblast,DVT
5.5670705,11.212198,B_cell,DVT
2.4046302,3.7778392,VSMC,DVT
-7.2382503,1.1573906,VSMC,DVT
6.0017653,12.321214,B_cell,DVT
1.5028664,13.433406,Fibroblast,DVT
3.0359764,0.2300071,Fibroblast,DVT
-4.846736,9.503413,Macrophage,DVT
-3.2666144,-5.2095957,Fibroblast,DVT
3.6168082,-0.093178265,Fibroblast,DVT
-1.5705311,-2.563073,Fibroblast,DVT
0.7777336,13.425631,Fibroblast,DVT
0.35302156,-3.8980992,Fibroblast,DVT
0.58107454,-3.7783585,Fibroblast,DVT
-4.943344,7.4958305,Macrophage,DVT
0.8681605,-3.9300768,Fibroblast,DVT
5.0259213,3.0225403,Endothelial,DVT
3.2382166,-3.8086455,Fibroblast,DVT
-2.755565,-2.4418826,Fibroblast,DVT
5.5829587,10.961677,B_cell,DVT
-3.408746,6.187548,Fibroblast,DVT
-2.9707775,5.2626367,Fibroblast,DVT
-0.67693406,9.009026,Monocyte,DVT
3.1887624,0.11610693,Fibroblast,DVT
-6.291048,7.7448363,Macrophage,DVT
-10.20634,5.5309916,Fibroblast,DVT
-2.0173993,8.168652,Monocyte,DVT
7.574359,6.792093,Endothelial,DVT
-6.963712,1.2228931,VSMC,DVT
5.975667,6.0015044,Endothelial,DVT
0.3810834,15.861588,Fibroblast,DVT
-1.5878206,-4.472468,Fibroblast,DVT
-5.57528,11.860714,Neutrophil,DVT
-5.77982,12.676927,Neutrophil,DVT
3.9629683,20.681759,Fibroblast,DVT
7.599089,6.5653257,Endothelial,DVT
0.67396265,14.511723,Fibroblast,DVT
2.9507203,7.439432,Fibroblast,DVT
-1.4928916,-5.206031,Fibroblast,DVT
0.7559018,13.889836,Fibroblast,DVT
0.44682425,-6.3614745,Fibroblast,DVT
-6.1397095,-0.82324064,VSMC,DVT
-1.616511,12.776073,Fibroblast,DVT
1.1514603,-3.352543,Fibroblast,DVT
0.74866974,-5.4630423,Fibroblast,DVT
-7.4962773,0.8049766,VSMC,DVT
-8.695758,-0.99382395,VSMC,DVT
-2.485281,-2.4822724,Fibroblast,DVT
-5.531042,11.813582,Neutrophil,DVT
-1.8309568,15.162852,Fibroblast,DVT
2.2222905,-3.4748018,Fibroblast,DVT
5.720936,5.9097004,Endothelial,DVT
7.0871396,5.994276,Endothelial,DVT
2.9365783,16.428675,Fibroblast,DVT
-1.8591688,9.297735,Monocyte,DVT
-3.1245072,-3.6135395,Fibroblast,DVT
-1.4419762,0.2762959,Fibroblast,DVT
-10.2352705,5.4354157,Fibroblast,DVT
-5.139915,7.585306,Macrophage,DVT
1.2061138,15.3803005,Fibroblast,DVT
0.68136364,15.477983,Fibroblast,DVT
6.889647,5.201526,Endothelial,DVT
1.1318514,-2.366618,Fibroblast,DVT
-5.7219167,0.81296825,VSMC,DVT
3.1859796,-4.1693263,Fibroblast,DVT
-6.5684996,1.0024537,VSMC,DVT
-6.9052844,-1.0367794,VSMC,DVT
0.71370137,-4.825695,Fibroblast,DVT
-3.8068416,8.942241,Monocyte,DVT
-0.36562,8.016812,Monocyte,DVT
5.986479,6.0103984,Endothelial,DVT
2.733803,8.172411,Fibroblast,DVT
-4.2006845,8.504213,Monocyte,DVT
-3.370883,-5.48455,Fibroblast,DVT
-3.9131932,-3.621977,Fibroblast,DVT
-8.249391,-0.9115798,VSMC,DVT
-2.4785414,-2.8299186,Fibroblast,DVT
4.6078362,4.1906657,Endothelial,DVT
-3.040988,9.875306,Monocyte,DVT
-3.7376351,6.2310853,Fibroblast,DVT
-0.84878576,-2.1036267,Fibroblast,DVT
-8.339253,-0.9296656,VSMC,DVT
-3.0399795,-4.6995955,Fibroblast,DVT
0.30823424,-3.9360535,Fibroblast,DVT
13.909475,7.388128,Fibroblast,DVT
-2.100642,-5.267126,Fibroblast,DVT
-1.5243932,-5.077604,Fibroblast,DVT
0.9373818,-0.70452,Fibroblast,DVT
1.1833578,14.752108,Fibroblast,DVT
-2.2289543,-2.3451412,Fibroblast,DVT
1.513122,12.734147,Fibroblast,DVT
-4.82242,11.707796,Neutrophil,DVT
-6.134967,13.4316435,Neutrophil,DVT
0.38470024,13.082628,Fibroblast,DVT
0.12267065,-4.156418,Fibroblast,DVT
-11.074428,5.5013704,Fibroblast,DVT
0.57738143,-6.814916,Fibroblast,DVT
2.3457713,-3.9838872,Fibroblast,DVT
14.527433,7.7378063,Fibroblast,DVT
-3.0934672,-2.5654233,Fibroblast,DVT
-11.44271,0.12621479,Erythrocyte,DVT
3.0069065,6.4156084,Fibroblast,DVT
-0.9086676,-1.8917656,Fibroblast,DVT
-6.2429266,1.5844212,VSMC,DVT
-2.0931895,-6.1251564,Fibroblast,DVT
-0.3606922,-4.1706967,Fibroblast,DVT
7.937321,5.870585,Endothelial,DVT
2.9964287,-0.032200124,Fibroblast,DVT
4.8049784,5.3343635,Endothelial,DVT
1.6144058,13.36629,Fibroblast,DVT
1.834,13.299124,Fibroblast,DVT
7.7803855,5.5719614,Endothelial,DVT
-5.8625407,6.8629494,Macrophage,DVT
-3.465883,-4.8325806,Fibroblast,DVT
-5.8529963,5.578113,Fibroblast,DVT
-1.0624868,9.065958,Monocyte,DVT
6.059596,11.130787,B_cell,DVT
0.13931759,-4.9025908,Fibroblast,DVT
-1.5939466,9.4375515,Monocyte,DVT
5.833127,11.114265,B_cell,DVT
4.928646,5.8451777,Endothelial,DVT
-2.4153805,-5.863698,Fibroblast,DVT
0.89312667,-2.2913601,Fibroblast,DVT
-0.08040468,2.708105,Endothelial,DVT
-0.2703486,-4.7193356,Fibroblast,DVT
5.8556423,1.6410939,Endothelial,DVT
0.25677204,-3.6594563,Fibroblast,DVT
0.79619503,-5.7009306,Fibroblast,DVT
-5.3824472,6.5586524,Macrophage,DVT
0.88836,-2.6258533,Fibroblast,DVT
-3.7562194,-2.395205,Fibroblast,DVT
-11.632611,0.25020596,Erythrocyte,DVT
1.7515188,-3.1518002,Fibroblast,DVT
2.2250338,8.97321,Fibroblast,DVT
4.514107,3.3126333,Endothelial,DVT
-0.29924127,-6.7199984,Fibroblast,DVT
9.019974,2.9742947,Endothelial,DVT
-8.818825,-1.1902391,VSMC,DVT
0.04957139,-6.2773247,Fibroblast,DVT
-2.8996024,-2.7379901,Fibroblast,DVT
-5.25623,6.320498,Fibroblast,DVT
-2.6377437,-0.7769761,Fibroblast,DVT
-0.07091537,-4.6171637,Fibroblast,DVT
-1.9966657,-2.850249,Fibroblast,DVT
2.730101,0.11457134,Fibroblast,DVT
-0.8984985,-2.5035665,Fibroblast,DVT
-2.3197153,5.08593,Fibroblast,DVT
-0.8697514,8.656896,Monocyte,DVT
1.3976344,-4.6352634,Fibroblast,DVT
1.1947199,-2.050985,Fibroblast,DVT
-1.3862975,-5.6671925,Fibroblast,DVT
0.4054999,-6.604267,Fibroblast,DVT
-11.608233,5.4647827,Fibroblast,DVT
-2.884844,7.7043886,Fibroblast,DVT
-1.2126796,-2.6412787,Fibroblast,DVT
-1.6875794,15.190403,Fibroblast,DVT
0.77676046,2.464653,Endothelial,DVT
4.182414,-4.43678,Fibroblast,DVT
0.6532184,-2.5589674,Fibroblast,DVT
3.9397495,4.698634,Endothelial,DVT
-1.8648293,15.865961,Fibroblast,DVT
2.540831,0.2860032,Fibroblast,DVT
2.6169808,0.1677363,Fibroblast,DVT
0.06988767,-3.201126,Fibroblast,DVT
0.33333665,15.087022,Fibroblast,DVT
-1.9666069,-3.2261279,Fibroblast,DVT
-3.4332428,-4.4957137,Fibroblast,DVT
7.8376784,6.082301,Endothelial,DVT
-8.458137,-1.5258527,VSMC,DVT
3.3293855,-0.14352112,Fibroblast,DVT
-3.26372,-3.2732165,Fibroblast,DVT
2.5619671,0.37185007,Fibroblast,DVT
3.6298838,0.100926474,Fibroblast,DVT
2.4007688,7.1427326,Fibroblast,DVT
-0.45622352,15.453292,Fibroblast,DVT
0.3930778,14.750102,Fibroblast,DVT
-1.9302387,7.903638,Monocyte,DVT
-9.10057,-1.2180749,VSMC,DVT
-1.7484262,15.955903,Fibroblast,DVT
5.916607,11.391956,B_cell,DVT
4.2151155,1.4746708,Endothelial,DVT
2.321336,8.959697,Fibroblast,DVT
-2.3551793,8.197595,Monocyte,DVT
-3.5820115,-3.394086,Fibroblast,DVT
-7.277491,-0.9857722,VSMC,DVT
-2.0121765,6.1333184,Fibroblast,DVT
5.4448323,11.053035,B_cell,DVT
-3.3508666,-3.411523,Fibroblast,DVT
2.424694,-3.5062685,Fibroblast,DVT
-2.8383427,-1.3625338,Fibroblast,DVT
2.8732975,6.145556,Fibroblast,DVT
3.8372755,20.545853,Fibroblast,DVT
-1.4694344,0.13593313,Fibroblast,DVT
0.8616569,-3.4351676,Fibroblast,DVT
0.16093543,2.7436101,Endothelial,DVT
0.86963254,14.013263,Fibroblast,DVT
6.0822783,11.965374,B_cell,DVT
2.021233,9.185252,Fibroblast,DVT
7.3537583,5.7898536,Endothelial,DVT
6.012509,11.146712,B_cell,DVT
-0.21290866,-3.1446378,Fibroblast,DVT
2.3232753,4.3106856,Endothelial,DVT
6.23809,6.044402,Endothelial,DVT
4.837857,0.78220105,Fibroblast,DVT
5.1734514,9.699405,B_cell,DVT
-3.2002892,-2.198654,Fibroblast,DVT
-1.2402052,-0.087198764,Fibroblast,DVT
1.1436615,-4.0070357,Fibroblast,DVT
1.5566738,11.966875,Fibroblast,DVT
3.652454,0.2012606,Fibroblast,DVT
4.7062764,5.0595756,Endothelial,DVT
-5.421877,6.2529035,Fibroblast,DVT
14.755639,7.933665,Fibroblast,DVT
1.5461211,-2.7623546,Fibroblast,DVT
-1.8827004,15.572257,Fibroblast,DVT
-0.5676258,-5.532894,Fibroblast,DVT
-0.7949018,-5.393254,Fibroblast,DVT
-1.8277314,-3.571961,Fibroblast,DVT
0.38622886,2.5084736,Endothelial,DVT
0.42240518,2.4401104,Endothelial,DVT
0.07412457,3.0472724,Endothelial,DVT
-11.565411,0.21865581,Erythrocyte,DVT
5.929842,12.036885,B_cell,DVT
-3.8029804,7.9528203,Macrophage,DVT
-0.61225325,-3.9748957,Fibroblast,DVT
-0.85243976,-6.215666,Fibroblast,DVT
5.764719,5.129901,Endothelial,DVT
4.5437565,-4.282324,Fibroblast,DVT
-0.66432774,-7.0906796,Fibroblast,DVT
-3.0846486,-4.1400847,Fibroblast,DVT
-2.8534093,4.5457525,Fibroblast,DVT
7.8622847,5.98426,Endothelial,DVT
-8.408157,-1.5262319,VSMC,DVT
-5.056778,11.054865,Neutrophil,DVT
-1.3423487,-5.349549,Fibroblast,DVT
-2.8825366,7.026442,Fibroblast,DVT
-2.6917508,-2.3825808,Fibroblast,DVT
-0.88816845,-4.1402693,Fibroblast,DVT
-3.3857965,-1.9723071,Fibroblast,DVT
-1.8761975,16.154549,Fibroblast,DVT
-2.6379716,-4.2348185,Fibroblast,DVT
-0.3093525,-4.25165,Fibroblast,DVT
-7.896014,-0.9233044,VSMC,DVT
-6.30761,6.5236654,Macrophage,DVT
-5.3017673,7.7421846,Macrophage,DVT
-2.9686801,-1.3832484,Fibroblast,DVT
-5.229778,7.1686983,Macrophage,DVT
4.400909,5.5167665,Endothelial,DVT
-3.93652,10.423299,Monocyte,DVT
-0.016766889,8.121934,Monocyte,DVT
1.6500721,1.9283233,Fibroblast,DVT
6.9599566,5.4920454,Endothelial,DVT
-0.8207108,-4.1801147,Fibroblast,DVT
-1.348234,14.926981,Fibroblast,DVT
-1.4446964,-1.5847021,Fibroblast,DVT
5.781613,0.72720647,Endothelial,DVT
-1.4297249,9.858739,Monocyte,DVT
-9.036891,-1.1892669,VSMC,DVT
-8.42751,-1.1428702,VSMC,DVT
-8.711175,-1.3123459,VSMC,DVT
-1.5394068,0.06872071,Fibroblast,DVT
-1.4009205,-3.9405851,Fibroblast,DVT
-3.7573342,5.647096,Fibroblast,DVT
-1.671481,15.406347,Fibroblast,DVT
2.106047,12.691263,Fibroblast,DVT
2.0868597,4.795763,Endothelial,DVT
-4.521515,9.883051,Macrophage,DVT
-2.511581,5.97671,Fibroblast,DVT
-2.872219,6.8140163,Fibroblast,DVT
1.9977882,13.145196,Fibroblast,DVT
-0.29516435,-3.4924033,Fibroblast,DVT
6.5441246,12.212062,B_cell,DVT
3.7947714,20.504122,Fibroblast,DVT
-0.14408533,-1.8154546,Fibroblast,DVT
-6.5201254,-0.19229431,VSMC,DVT
5.357608,5.9575486,Endothelial,DVT
-5.1017733,8.44479,Macrophage,DVT
-2.4089744,-5.1173034,Fibroblast,DVT
-1.5091347,-4.2713585,Fibroblast,DVT
-4.9275284,6.369451,Fibroblast,DVT
2.0140488,6.9151645,B_cell,DVT
5.417482,9.481604,B_cell,DVT
-2.6701274,-1.4561633,Fibroblast,DVT
-2.4702363,-4.994073,Fibroblast,DVT
-0.63604665,7.0858665,Fibroblast,DVT
-2.0495765,7.906813,Monocyte,DVT
-1.2906296,-1.7251745,Fibroblast,DVT
-0.70998204,-1.9623507,Fibroblast,DVT
-8.2745075,-1.4062961,VSMC,DVT
-1.0049484,3.2741468,Endothelial,DVT
-0.4633606,7.0519958,Fibroblast,DVT
-2.919135,-1.8639848,Fibroblast,DVT
2.0779982,9.053057,Fibroblast,DVT
3.0497622,-0.028487217,Fibroblast,DVT
-7.3664217,-1.7924975,VSMC,DVT
-0.95486695,-4.06437,Fibroblast,DVT
0.40581152,2.5089958,Endothelial,DVT
-0.19042487,-2.8787549,Fibroblast,DVT
-1.4402122,-4.754437,Fibroblast,DVT
2.8133087,4.415567,Endothelial,DVT
-3.069863,9.308544,Monocyte,DVT
-3.3668823,-1.618094,Fibroblast,DVT
1.5887238,-4.5680485,Fibroblast,DVT
6.2330813,12.62606,B_cell,DVT
2.139053,4.8039427,Endothelial,DVT
-4.8430624,5.9855165,Fibroblast,DVT
3.1537695,-0.06495193,Fibroblast,DVT
0.4182561,13.958211,Fibroblast,DVT
-1.8464016,9.570001,Monocyte,DVT
2.851576,7.8160524,Fibroblast,DVT
-6.228224,7.636677,Macrophage,DVT
0.111564726,-3.2539105,Fibroblast,DVT
-0.21938318,15.922898,Fibroblast,DVT
1.2504468,-2.0382705,Fibroblast,DVT
14.42831,7.6556416,Fibroblast,DVT
0.20854329,-5.6035695,Fibroblast,DVT
-0.084613845,-4.8957233,Fibroblast,DVT
-3.5664115,10.232718,Monocyte,DVT
0.26043606,-4.2655063,Fibroblast,DVT
-4.5994177,8.826476,Macrophage,DVT
6.0454392,11.559638,B_cell,DVT
-5.941942,5.6313763,Fibroblast,DVT
-0.43763748,-5.0273743,Fibroblast,DVT
-3.4085793,-3.9831924,Fibroblast,DVT
0.31919318,14.983352,Fibroblast,DVT
1.3720514,16.178938,Fibroblast,DVT
1.2092212,-0.6053633,Fibroblast,DVT
-3.73845,-3.8071356,Fibroblast,DVT
-2.095837,8.152068,Monocyte,DVT
-0.6904404,9.156406,Monocyte,DVT
1.1160175,15.495048,Fibroblast,DVT
-6.0362782,6.72819,Macrophage,DVT
2.8438938,7.8609033,Fibroblast,DVT
-2.9240263,-5.7420187,Fibroblast,DVT
-7.2588725,12.756751,Neutrophil,DVT
-1.5644869,14.254863,Fibroblast,DVT
-2.1756146,-4.021219,Fibroblast,DVT
7.8944073,5.956917,Endothelial,DVT
-2.071027,15.364088,Fibroblast,DVT
3.7203496,20.429287,Fibroblast,DVT
-0.44809586,-3.6377504,Fibroblast,DVT
-6.123582,-1.2800796,VSMC,DVT
-1.3604112,-5.6525426,Fibroblast,DVT
0.9826891,-4.8322115,Fibroblast,DVT
-0.3253598,2.9450629,Endothelial,DVT
-3.3490727,-4.4189644,Fibroblast,DVT
-11.667012,5.5391293,Fibroblast,DVT
-1.824995,9.658311,Monocyte,DVT
-1.967162,-6.225697,Fibroblast,DVT
-0.7973149,-4.591055,Fibroblast,DVT
5.493488,3.0495884,Endothelial,DVT
-6.5102963,13.212806,Neutrophil,DVT
-1.7563461,14.130496,Fibroblast,DVT
-0.71085966,-3.6425824,Fibroblast,DVT
1.1247176,0.5195954,Fibroblast,DVT
2.1848485,12.703941,Fibroblast,DVT
-8.866504,-1.3330235,VSMC,DVT
-1.0910145,-3.5134482,Fibroblast,DVT
-7.9864135,-0.6476623,VSMC,DVT
-3.0045142,-3.3104405,Fibroblast,DVT
0.8003344,-2.3199863,Fibroblast,DVT
-5.794671,5.6927695,Fibroblast,DVT
-10.826003,5.3045397,Fibroblast,DVT
4.021603,0.2370334,Fibroblast,DVT
5.392776,5.430662,Endothelial,DVT
2.0135784,7.800379,Fibroblast,DVT
5.941588,10.939611,B_cell,DVT
-0.83788794,-4.509393,Fibroblast,DVT
2.1149383,9.017321,Fibroblast,DVT
-0.7045333,-6.1853704,Fibroblast,DVT
-6.8320704,-1.1709319,VSMC,DVT
-2.806406,7.174726,Fibroblast,DVT
6.9086423,5.5504684,Endothelial,DVT
-1.0070257,-5.5879216,Fibroblast,DVT
-10.960278,4.987337,Fibroblast,DVT
-8.530875,-1.2392267,VSMC,DVT
-1.5545865,-3.951672,Fibroblast,DVT
-1.3551364,-4.1313715,Fibroblast,DVT
-2.599085,-2.1516905,Fibroblast,DVT
-3.6315908,8.706439,Monocyte,DVT
3.9340441,20.651533,Fibroblast,DVT
-1.8397404,8.34344,Monocyte,DVT
2.7004602,4.6125026,Endothelial,DVT
-2.3762884,-4.2848225,Fibroblast,DVT
-8.930772,-1.5303097,VSMC,DVT
1.0394305,14.573242,Fibroblast,DVT
1.9891418,-4.5797753,Fibroblast,DVT
-3.648676,-5.1174855,Fibroblast,DVT
-0.8946029,-5.648457,Fibroblast,DVT
-2.468739,-3.4647126,Fibroblast,DVT
-2.1821291,-5.6141605,Fibroblast,DVT
-11.114791,5.3432374,Fibroblast,DVT
-2.3045735,-3.43893,Fibroblast,DVT
8.064254,6.373163,Endothelial,DVT
-3.969533,7.9981275,Monocyte,DVT
-1.9360341,14.564811,Fibroblast,DVT
-4.320525,-1.4521515,Fibroblast,DVT
5.853723,10.956107,B_cell,DVT
-3.6425068,9.735141,Monocyte,DVT
-0.22661567,2.6924508,Endothelial,DVT
-1.7016139,14.9275055,Fibroblast,DVT
-2.2687242,15.274797,Fibroblast,DVT
6.290507,5.1490016,Endothelial,DVT
-1.6907431,-4.329135,Fibroblast,DVT
-2.7534976,-3.9450102,Fibroblast,DVT
-3.4308681,-3.743246,Fibroblast,DVT
3.5166407,-0.04559942,Fibroblast,DVT
-0.7541827,-4.795713,Fibroblast,DVT
1.1064831,-3.1644127,Fibroblast,DVT
-5.185747,11.557117,Neutrophil,DVT
-1.5556856,-1.8058149,Fibroblast,DVT
-8.484944,-1.3985289,VSMC,DVT
-5.5158367,7.814303,Macrophage,DVT
-0.75506914,2.8893316,Endothelial,DVT
-3.5202053,5.8132286,Fibroblast,DVT
-2.7766933,4.6311026,Fibroblast,DVT
3.460056,-4.046083,Fibroblast,DVT
-8.205783,-0.7942776,VSMC,DVT
1.2228831,-1.919794,Fibroblast,DVT
7.1115313,6.144283,Endothelial,DVT
-0.8178753,-3.1235077,Fibroblast,DVT
0.91986173,14.609125,Fibroblast,DVT
-11.382933,5.6174526,Fibroblast,DVT
-0.43439382,3.0504155,Endothelial,DVT
-2.108508,8.036824,Monocyte,DVT
-8.061124,-1.6501776,VSMC,DVT
-5.0676746,7.279179,Macrophage,DVT
-1.5901476,-5.1403646,Fibroblast,DVT
3.5548277,-4.3159533,Fibroblast,DVT
5.9756575,11.0774355,B_cell,DVT
-2.627461,-3.1561995,Fibroblast,DVT
-3.309458,5.7197433,Fibroblast,DVT
-5.311799,-0.19652802,VSMC,DVT
-7.337722,0.7474632,VSMC,DVT
-7.1482697,-1.6074324,VSMC,DVT
3.101935,-4.1678486,Fibroblast,DVT
0.123329185,14.101668,Fibroblast,DVT
-0.65922004,-2.992998,Fibroblast,DVT
-3.112846,8.752671,Monocyte,DVT
-6.3211284,-1.3819621,VSMC,DVT
-4.646794,8.471655,Macrophage,DVT
8.035784,5.8769474,Endothelial,DVT
3.299624,4.182971,Endothelial,DVT
1.177718,2.510528,Endothelial,DVT
-4.636913,9.979027,Macrophage,DVT
-0.3198366,2.8625631,Endothelial,DVT
-6.647249,-0.86209834,VSMC,DVT
-3.1858983,10.10849,Monocyte,DVT
4.285596,5.4253955,Endothelial,DVT
0.5784243,-2.3797112,Fibroblast,DVT
0.454118,2.4672823,Endothelial,DVT
-3.0633423,-4.308366,Fibroblast,DVT
0.34776178,-4.240594,Fibroblast,DVT
-7.7231655,-1.5093654,VSMC,DVT
0.088047475,-4.180336,Fibroblast,DVT
3.2108796,0.2729684,Fibroblast,DVT
2.7598584,0.19536191,Fibroblast,DVT
-3.090926,-2.9200542,Fibroblast,DVT
-3.4204152,8.892003,Monocyte,DVT
-2.4926133,-0.94199544,Fibroblast,DVT
5.083786,6.025501,Endothelial,DVT
-1.159241,-5.7513547,Fibroblast,DVT
3.176662,-4.1532984,Fibroblast,DVT
3.643204,-4.104285,Fibroblast,DVT
-6.4451585,-0.9141689,VSMC,DVT
1.4234649,-2.2580078,Fibroblast,DVT
-3.324261,-3.2209563,Fibroblast,DVT
-8.572197,-1.9745922,VSMC,DVT
1.693059,-3.8763335,Fibroblast,DVT
-3.1664329,-4.5698285,Fibroblast,DVT
-4.8573895,7.521455,Macrophage,DVT
0.5635508,14.310508,Fibroblast,DVT
-0.34405026,-7.405961,Fibroblast,DVT
-2.513367,8.2350445,Monocyte,DVT
1.8302948,6.8181043,B_cell,DVT
3.9844832,-4.2624116,Fibroblast,DVT
-2.0660746,15.465121,Fibroblast,DVT
3.237132,0.027162336,Fibroblast,DVT
-1.4607912,-3.9550219,Fibroblast,DVT
-7.026605,0.9612011,VSMC,DVT
0.5054973,14.710016,Fibroblast,DVT
-6.098223,12.811432,Neutrophil,DVT
5.091147,6.0435386,Endothelial,DVT
3.1794002,-4.2256966,Fibroblast,DVT
7.431295,5.668084,Endothelial,DVT
1.2334476,-4.744215,Fibroblast,DVT
-3.5115118,-3.6233473,Fibroblast,DVT
-2.7213275,-2.8833826,Fibroblast,DVT
2.653167,0.53542626,Fibroblast,DVT
-10.510238,4.8437634,Fibroblast,DVT
1.2432725,-1.9461182,Fibroblast,DVT
0.94441646,13.576591,Fibroblast,DVT
-5.6798005,12.972224,Neutrophil,DVT
-1.8813282,-2.8721044,Fibroblast,DVT
2.8994544,0.20099916,Fibroblast,DVT
-2.4493694,-4.6497993,Fibroblast,DVT
-7.7700367,12.198258,Neutrophil,DVT
-1.2896658,-5.771007,Fibroblast,DVT
-3.7248845,-2.6921287,Fibroblast,DVT
-1.4293537,0.1145911,Fibroblast,DVT
-0.47264624,-5.3150125,Fibroblast,DVT
-0.78323174,-5.3563867,Fibroblast,DVT
-5.57205,12.124421,Neutrophil,DVT
14.636233,7.8403645,Fibroblast,DVT
3.2278647,0.728851,Fibroblast,DVT
-1.7256703,-3.2848165,Fibroblast,DVT
-10.212072,5.26048,Fibroblast,DVT
-4.8856096,10.977142,Neutrophil,DVT
-5.833186,6.9565988,Macrophage,DVT
-1.8885397,-4.307539,Fibroblast,DVT
-1.3350455,0.029145896,Fibroblast,DVT
2.1916988,-3.6069975,Fibroblast,DVT
6.1741276,6.1953254,Endothelial,DVT
-2.9011285,4.4359236,Fibroblast,DVT
-2.258825,-5.715138,Fibroblast,DVT
-1.550826,9.813412,Monocyte,DVT
-1.0392374,-4.654555,Fibroblast,DVT
-8.958278,-1.197291,VSMC,DVT
7.0250783,5.298982,Endothelial,DVT
1.545986,12.527304,Fibroblast,DVT
-10.936638,4.488445,Fibroblast,DVT
3.292703,-4.6496425,Fibroblast,DVT
-3.4587548,9.736747,Monocyte,DVT
0.7488552,-2.3905044,Fibroblast,DVT
3.020016,4.4143834,Endothelial,DVT
-5.5391364,8.346527,Macrophage,DVT
7.3697753,5.7331724,Endothelial,DVT
-2.9470918,5.9424057,Fibroblast,DVT
-7.614276,-0.9196229,VSMC,DVT
-1.5176226,-5.9378943,Fibroblast,DVT
-1.1927768,-5.7360544,Fibroblast,DVT
-6.5556335,-1.7673353,VSMC,DVT
-8.266632,-1.3452559,VSMC,DVT
1.5322675,1.7173854,Fibroblast,DVT
-1.4831735,-4.048094,Fibroblast,DVT
5.614335,10.75602,B_cell,DVT
6.3328457,11.679451,B_cell,DVT
-1.2826561,-5.6300397,Fibroblast,DVT
-4.433349,-1.6882828,Fibroblast,DVT
-0.6973945,8.986883,Monocyte,DVT
-0.41533276,-3.4766839,Fibroblast,DVT
2.3609653,-3.673855,Fibroblast,DVT
0.068383224,-3.1366901,Fibroblast,DVT
-11.622766,5.283926,Fibroblast,DVT
-7.18814,11.942385,Neutrophil,DVT
-2.841186,9.19118,Monocyte,DVT
-1.0439656,-2.918281,Fibroblast,DVT
-6.268692,-0.6685133,VSMC,DVT
-2.2415771,-1.1106881,Fibroblast,DVT
-5.9158945,7.587416,Macrophage,DVT
3.498808,0.11071371,Fibroblast,DVT
6.087829,12.296189,B_cell,DVT
-1.5745134,-5.6240396,Fibroblast,DVT
-3.4845588,6.137502,Fibroblast,DVT
-0.2963014,-3.917963,Fibroblast,DVT
-2.210493,-2.2568302,Fibroblast,DVT
0.42182875,2.5031998,Endothelial,DVT
-8.913119,-1.541172,VSMC,DVT
5.4817414,5.916224,Endothelial,DVT
6.405987,5.840409,Endothelial,DVT
-0.15825798,14.607082,Fibroblast,DVT
-4.3594236,12.316779,Neutrophil,DVT
-1.3345469,8.464956,Monocyte,DVT
7.891479,6.2586613,Endothelial,DVT
2.101318,9.07892,Fibroblast,DVT
-10.236571,5.5567646,Fibroblast,DVT
-0.27911586,-6.181007,Fibroblast,DVT
5.4649773,11.292277,B_cell,DVT
-1.3731686,0.16646798,Fibroblast,DVT
-3.2371488,4.9499927,Fibroblast,DVT
-7.3106003,-0.44516048,VSMC,DVT
-4.588021,12.435475,Neutrophil,DVT
-1.7886182,6.612638,Fibroblast,DVT
0.7801461,-4.9854484,Fibroblast,DVT
-1.2867371,-5.7435513,Fibroblast,DVT
2.8753622,0.25587094,Fibroblast,DVT
-1.3424929,-1.9924784,Fibroblast,DVT
-6.2324886,12.09814,Neutrophil,DVT
-3.011027,-5.715434,Fibroblast,DVT
-3.603988,5.8900685,Fibroblast,DVT
-7.218415,12.698941,Neutrophil,DVT
7.8316007,5.5073752,Endothelial,DVT
-2.178432,-5.960717,Fibroblast,DVT
2.0166545,-3.590566,Fibroblast,DVT
2.0316553,9.115259,Fibroblast,DVT
-0.86296505,-5.9554424,Fibroblast,DVT
1.9313374,0.47581482,Fibroblast,DVT
-6.7421665,-1.1819835,VSMC,DVT
-7.976935,-1.2419218,VSMC,DVT
-11.038319,5.3314257,Fibroblast,DVT
2.330085,16.074902,Fibroblast,DVT
-7.674374,-1.6511029,VSMC,DVT
-5.296936,7.9557805,Macrophage,DVT
-3.0810404,9.751026,Monocyte,DVT
6.0258484,5.9958405,Endothelial,DVT
-3.6087437,-4.6991615,Fibroblast,DVT
-2.7057514,-3.0842867,Fibroblast,DVT
-10.2436905,5.180964,Fibroblast,DVT
-2.0466752,-3.2644122,Fibroblast,DVT
-0.5511455,3.0915756,Endothelial,DVT
-1.0022122,-5.821394,Fibroblast,DVT
3.508344,0.20496687,Fibroblast,DVT
2.4450512,-1.4373567,Fibroblast,DVT
-6.1281595,5.755445,Fibroblast,DVT
-0.3391437,-4.211195,Fibroblast,DVT
-2.7892263,-2.9583375,Fibroblast,DVT
3.2618623,-4.2032495,Fibroblast,DVT
3.3048666,4.33523,Endothelial,DVT
3.7673547,5.026005,Endothelial,DVT
3.0499086,0.18895578,Fibroblast,DVT
-6.4867215,1.1369714,VSMC,DVT
-9.678362,3.9022272,Fibroblast,DVT
-5.7796946,7.9062967,Macrophage,DVT
1.1192187,0.4224189,Fibroblast,DVT
-0.8093381,8.721984,Monocyte,DVT
5.4161158,10.982456,B_cell,DVT
-10.946675,4.5396543,Fibroblast,DVT
0.05149361,-6.715089,Fibroblast,DVT
-0.011479167,2.8871171,Endothelial,DVT
-2.9540772,-2.3394036,Fibroblast,DVT
-0.29162487,-2.3565125,Fibroblast,DVT
-3.0535278,-5.674791,Fibroblast,DVT
-5.4460645,6.3836856,Fibroblast,DVT
-7.730191,12.354666,Neutrophil,DVT
-1.6249601,-4.097572,Fibroblast,DVT
-6.2587314,7.024238,Macrophage,DVT
-11.139734,4.810676,Fibroblast,DVT
-5.8974586,-0.9359779,VSMC,DVT
-8.559913,-1.0880312,VSMC,DVT
-9.730614,4.030783,Fibroblast,DVT
-0.014637398,2.9314113,Endothelial,DVT
-1.9486009,15.704029,Fibroblast,DVT
0.059894927,-4.2897477,Fibroblast,DVT
-3.2123225,9.2904005,Monocyte,DVT
-1.6597767,-4.679148,Fibroblast,DVT
-0.62589556,3.379075,Endothelial,DVT
0.4904471,15.742686,Fibroblast,DVT
6.2453847,12.357794,B_cell,DVT
0.36345088,-3.6330094,Fibroblast,DVT
-5.4588656,12.0127125,Neutrophil,DVT
6.3767257,12.352997,B_cell,DVT
-1.200543,8.690576,Monocyte,DVT
3.1879823,4.603997,Endothelial,DVT
-1.5364321,-4.25005,Fibroblast,DVT
-0.8358702,3.1558251,Endothelial,DVT
-4.299977,-1.588821,Fibroblast,DVT
3.1728802,4.6955585,Endothelial,DVT
-2.0474868,-2.8537345,Fibroblast,DVT
-7.7612467,-1.6993061,VSMC,DVT
7.6941557,6.036083,Endothelial,DVT
-1.43751,14.824049,Fibroblast,DVT
-7.5113134,-0.7044432,VSMC,DVT
-2.9336495,-2.5718827,Fibroblast,DVT
0.7779699,14.224887,Fibroblast,DVT
6.417601,12.301019,B_cell,DVT
0.034403004,-1.6376911,Fibroblast,DVT
-0.56393397,15.8774605,Fibroblast,DVT
2.4729912,3.1382043,Fibroblast,DVT
6.280861,12.248424,B_cell,DVT
6.003681,11.931249,B_cell,DVT
6.668941,6.0203333,Endothelial,DVT
-4.9867244,9.120923,Macrophage,DVT
-3.0853791,-2.9997947,Fibroblast,DVT
-2.199035,-1.2010307,Fibroblast,DVT
4.562238,5.185136,Endothelial,DVT
2.2465496,0.92895216,Fibroblast,DVT
-7.8928494,-1.864533,VSMC,DVT
3.2199068,-0.15402253,Fibroblast,DVT
-3.4111588,5.009092,Fibroblast,DVT
-2.407492,-1.8951238,Fibroblast,DVT
0.34484038,-3.5614688,Fibroblast,DVT
-0.46337533,15.532156,Fibroblast,DVT
-0.013500137,-7.6762643,Fibroblast,DVT
-10.611722,5.5025573,Fibroblast,DVT
-1.7153518,-3.2868567,Fibroblast,DVT
-3.2379026,-4.1559453,Fibroblast,DVT
-4.2186685,7.4240956,Fibroblast,DVT
0.48449773,-2.4612975,Fibroblast,DVT
8.170512,5.5050254,Endothelial,DVT
14.504926,7.7009788,Fibroblast,DVT
-2.169975,15.37927,Fibroblast,DVT
-1.2568558,-5.671555,Fibroblast,DVT
-4.0230713,-3.3007884,Fibroblast,DVT
-0.12692258,-4.2474957,Fibroblast,DVT
0.94256586,13.605358,Fibroblast,DVT
-5.947787,8.185978,Macrophage,DVT
0.14111726,-3.9647083,Fibroblast,DVT
-2.505974,-4.7471743,Fibroblast,DVT
-2.793117,-1.7560759,Fibroblast,DVT
-3.344748,9.304971,Monocyte,DVT
-0.6372972,14.550716,Fibroblast,DVT
4.2143855,0.374413,Fibroblast,DVT
1.0389398,-2.635412,Fibroblast,DVT
-1.6824,-5.110147,Fibroblast,DVT
3.109719,-0.025702888,Fibroblast,DVT
-0.2969797,-4.735268,Fibroblast,DVT
-3.324293,10.202371,Monocyte,DVT
-1.5348322,-5.4363914,Fibroblast,DVT
0.56049186,-3.3023603,Fibroblast,DVT
-2.6170568,-2.3350918,Fibroblast,DVT
-0.7899134,9.668103,Monocyte,DVT
6.8616467,5.8239093,Endothelial,DVT
-2.5375226,-4.6018953,Fibroblast,DVT
-0.44952807,-1.2372758,Fibroblast,DVT
-6.7756014,1.3959174,VSMC,DVT
-2.5086336,-4.73468,Fibroblast,DVT
6.121663,11.135533,B_cell,DVT
-7.673759,12.405406,Neutrophil,DVT
3.9621177,-4.132957,Fibroblast,DVT
-3.1751122,-3.107785,Fibroblast,DVT
-5.983388,12.1067295,Neutrophil,DVT
-3.9187877,7.1411405,Macrophage,DVT
3.7874444,-4.0355415,Fibroblast,DVT
2.195884,12.678922,Fibroblast,DVT
4.5213284,5.0073624,Endothelial,DVT
3.4272637,-0.46279448,Fibroblast,DVT
-2.4853115,-2.0834277,Fibroblast,DVT
13.830503,7.3424497,Fibroblast,DVT
-4.6200604,5.573914,Fibroblast,DVT
-0.25628176,15.655952,Fibroblast,DVT
0.08931778,16.096981,Fibroblast,DVT
-1.1880064,-4.519892,Fibroblast,DVT
-1.7013956,-2.5979147,Fibroblast,DVT
-1.2419388,-6.043345,Fibroblast,DVT
-4.7682977,7.0182476,Fibroblast,DVT
5.4631433,5.2776794,Endothelial,DVT
-2.6427789,8.5236225,Monocyte,DVT
0.19813536,-4.1416326,Fibroblast,DVT
2.6765227,0.4038595,Fibroblast,DVT
-2.313862,5.7670946,Fibroblast,DVT
0.3918589,-4.8919516,Fibroblast,DVT
-2.7549698,-4.501079,Fibroblast,DVT
-7.568125,-1.8302273,VSMC,DVT
-2.4506552,5.1319437,Fibroblast,DVT
0.5878425,15.760554,Fibroblast,DVT
-4.1341324,6.2430515,Fibroblast,DVT
-1.4136146,-3.0221715,Fibroblast,DVT
-1.7097211,14.193048,Fibroblast,DVT
4.886441,3.1882265,Fibroblast,DVT
-3.849104,-4.043996,Fibroblast,DVT
-5.3990545,-1.4749267,VSMC,DVT
5.2672386,6.043069,Endothelial,DVT
-1.767634,-3.7907646,Fibroblast,DVT
1.1812611,-3.7168665,Fibroblast,DVT
3.3654733,0.0014311558,Fibroblast,DVT
4.0329027,4.9555182,Endothelial,DVT
-4.8576374,7.39243,Macrophage,DVT
1.7630005,-0.2469115,Fibroblast,DVT
0.31956214,2.6705213,Endothelial,DVT
6.142583,5.9279623,Endothelial,DVT
-0.6744787,-6.6460586,Fibroblast,DVT
-1.2767024,-3.2896855,Fibroblast,DVT
-0.47810742,-4.127823,Fibroblast,DVT
5.788312,4.703488,Endothelial,DVT
4.730195,10.583678,B_cell,DVT
6.4213195,5.5196233,Endothelial,DVT
-3.0572505,7.9809704,Fibroblast,DVT
-2.0620625,-1.8612195,Fibroblast,DVT
5.4879446,10.667645,B_cell,DVT
-3.7026384,10.442627,Monocyte,DVT
1.8302749,6.785214,B_cell,DVT
0.4233786,-3.600451,Fibroblast,DVT
6.940531,6.173804,Endothelial,DVT
2.0313704,7.8163767,Fibroblast,DVT
-3.721941,-2.9889567,Fibroblast,DVT
1.5563182,12.021263,Fibroblast,DVT
-10.148906,5.474516,Fibroblast,DVT
3.1733928,0.1431102,Fibroblast,DVT
-2.496201,5.0345206,Fibroblast,DVT
2.565464,-0.95702255,Fibroblast,DVT
-3.5662405,6.396438,Fibroblast,DVT
-2.820441,4.945467,Fibroblast,DVT
-2.1571174,-5.414826,Fibroblast,DVT
-3.0890465,-3.2256644,Fibroblast,DVT
7.9308414,6.008451,Endothelial,DVT
-0.3761142,-4.4088287,Fibroblast,DVT
-4.0131636,-4.794313,Fibroblast,DVT
0.8632136,-4.5243435,Fibroblast,DVT
3.3978007,0.12899707,Fibroblast,DVT
-0.57850367,-3.1967993,Fibroblast,DVT
7.6517434,6.089165,Endothelial,DVT
-1.5151906,7.9979067,Fibroblast,DVT
-2.1453903,-4.968364,Fibroblast,DVT
-3.434447,-4.0600114,Fibroblast,DVT
-0.42655244,-4.365287,Fibroblast,DVT
-2.027798,6.8191967,Fibroblast,DVT
2.801404,-0.12838776,Fibroblast,DVT
-8.647699,-1.5955749,VSMC,DVT
-0.35031947,-5.255705,Fibroblast,DVT
3.8000722,-4.1302013,Fibroblast,DVT
-1.7124435,-4.235286,Fibroblast,DVT
-0.6806291,3.2868993,Endothelial,DVT
-1.8554206,-4.2111235,Fibroblast,DVT
-8.010384,-1.4447433,VSMC,DVT
2.6811512,-0.8334991,Fibroblast,DVT
-6.761607,13.214028,Neutrophil,DVT
3.1696024,-0.1266615,Fibroblast,DVT
-3.287408,-2.0549357,Fibroblast,DVT
-3.8783915,9.101233,Monocyte,DVT
